rank,k_mode,group_pruebas,context_mode,team_update_mode,k_factor,field_size_reference,field_size_alpha,field_size_min_multiplier,field_size_max_multiplier,primary_lambda,modifier_lambda,length_transfer_index,pruebas_evaluated,pairwise_comparisons,brier_score,log_loss,decisive_accuracy,grouped_units_evaluated,grouped_pairwise_comparisons,grouped_pairwise_decisive,grouped_brier_score,grouped_log_loss,grouped_decisive_accuracy,elapsed_seconds
1,field_size_scaled,False,modifiers,inverse_sqrt,500.0,30.0,0.2,0.5,2.0,20.0,5.0,1,27719,2811844,0.1423566737691136,0.44073430589502033,0.7834041971893516,27719,2811844,2811024,0.1423566737691136,0.44073430589502033,0.7834041971893516,72.71098355902359
2,field_size_scaled,False,modifiers,inverse_sqrt,400.0,10.0,0.2,0.5,2.0,20.0,5.0,1,27719,2811844,0.1423652964044881,0.44073900830675317,0.7833913904683845,27719,2811844,2811024,0.1423652964044881,0.44073900830675317,0.7833913904683845,72.84915293799713
3,field_size_scaled,False,modifiers,inverse_sqrt,500.0,20.0,0.2,0.5,2.0,20.0,5.0,1,27719,2811844,0.14222765052773406,0.440915935462714,0.7837791495198903,27719,2811844,2811024,0.14222765052773406,0.440915935462714,0.7837791495198903,38.10474527394399
4,field_size_scaled,False,modifiers,inverse_sqrt,500.0,30.0,0.2,0.5,2.0,20.0,5.0,2,27719,2811844,0.14250547488402193,0.441112171717645,0.7831889731286534,27719,2811844,2811024,0.14250547488402193,0.441112171717645,0.7831889731286534,71.52106608031318
5,field_size_scaled,False,modifiers,inverse_sqrt,400.0,10.0,0.2,0.5,2.0,20.0,5.0,2,27719,2811844,0.1425139752128276,0.4411165606886962,0.7831733204696936,27719,2811844,2811024,0.1425139752128276,0.4411165606886962,0.7831733204696936,40.49492438836023
6,field_size_scaled,False,modifiers,inverse_sqrt,500.0,20.0,0.2,0.5,2.0,20.0,5.0,2,27719,2811844,0.1423795340002326,0.44130208227119805,0.7835400907285032,27719,2811844,2811024,0.1423795340002326,0.44130208227119805,0.7835400907285032,72.6658781003207
7,field_size_scaled,False,modifiers,inverse_sqrt,400.0,20.0,0.2,0.5,2.0,20.0,5.0,1,27719,2811844,0.14291944107479856,0.4416926190489662,0.7823985138511802,27719,2811844,2811024,0.14291944107479856,0.4416926190489662,0.7823985138511802,38.94284090679139
8,field_size_scaled,False,ignore,inverse_sqrt,500.0,30.0,0.2,0.5,2.0,20.0,5.0,1,27719,2811844,0.14271053800895991,0.44172974006884136,0.7828122420868694,27719,2811844,2811024,0.14271053800895991,0.44172974006884136,0.7828122420868694,38.53039163397625
9,field_size_scaled,False,ignore,inverse_sqrt,400.0,10.0,0.2,0.5,2.0,20.0,5.0,1,27719,2811844,0.1427182126899174,0.4417312439561494,0.7828044157573895,27719,2811844,2811024,0.1427182126899174,0.4417312439561494,0.7828044157573895,68.1093459953554
10,field_size_scaled,False,modifiers,inverse_sqrt,400.0,20.0,0.5,0.5,2.0,20.0,5.0,1,27719,2811844,0.14271323410066145,0.44179353337429744,0.7834063316428461,27719,2811844,2811024,0.14271323410066145,0.44179353337429744,0.7834063316428461,70.85316885495558
11,field_size_scaled,False,modifiers,inverse_sqrt,500.0,30.0,0.5,0.5,2.0,20.0,5.0,1,27719,2811844,0.14269949894670436,0.441949045242464,0.7833864100768972,27719,2811844,2811024,0.14269949894670436,0.441949045242464,0.7833864100768972,74.13506986619905
12,field_size_scaled,False,ignore,inverse_sqrt,500.0,20.0,0.2,0.5,2.0,20.0,5.0,1,27719,2811844,0.14260426626275258,0.4419895170034594,0.7831064409268651,27719,2811844,2811024,0.14260426626275258,0.4419895170034594,0.7831064409268651,41.81854248698801
13,field_size_scaled,False,modifiers,inverse_sqrt,600.0,30.0,0.2,0.5,2.0,20.0,5.0,1,27719,2811844,0.14227923141536067,0.44200331713346586,0.7841839841993523,27719,2811844,2811024,0.14227923141536067,0.44200331713346586,0.7841839841993523,72.69619777938351
14,field_size_scaled,False,modifiers,inverse_sqrt,400.0,20.0,0.2,0.5,2.0,20.0,5.0,2,27719,2811844,0.14306367045218485,0.44205966347303344,0.7822035670986801,27719,2811844,2811024,0.14306367045218485,0.44205966347303344,0.7822035670986801,70.35737658292055
15,field_size_scaled,False,modifiers,inverse_sqrt,400.0,10.0,0.5,0.5,2.0,20.0,5.0,1,27719,2811844,0.14210981852068977,0.44207393333638256,0.7848979588932716,27719,2811844,2811024,0.14210981852068977,0.44207393333638256,0.7848979588932716,74.12960140220821
16,field_size_scaled,False,ignore,inverse_sqrt,500.0,30.0,0.2,0.5,2.0,20.0,5.0,2,27719,2811844,0.14286123756460695,0.4421103632935802,0.7826229872103546,27719,2811844,2811024,0.14286123756460695,0.4421103632935802,0.7826229872103546,57.35444007162005
17,field_size_scaled,False,ignore,inverse_sqrt,400.0,10.0,0.2,0.5,2.0,20.0,5.0,2,27719,2811844,0.14286879725770105,0.44211157957339575,0.7826098247471384,27719,2811844,2811024,0.14286879725770105,0.44211157957339575,0.7826098247471384,35.784661126788706
18,field_size_scaled,False,modifiers,inverse_sqrt,500.0,30.0,0.1,0.5,2.0,20.0,5.0,1,27719,2811844,0.14280910639657202,0.44216740072810423,0.7826823961659524,27719,2811844,2811024,0.14280910639657202,0.44216740072810423,0.7826823961659524,65.723782395944
19,field_size_scaled,False,modifiers,inverse_sqrt,400.0,20.0,0.5,0.5,2.0,20.0,5.0,2,27719,2811844,0.1428808763638685,0.4422068566031099,0.7831398806982793,27719,2811844,2811024,0.1428808763638685,0.4422068566031099,0.7831398806982793,37.791006048209965
20,field_size_scaled,False,modifiers,inverse_sqrt,500.0,20.0,0.1,0.5,2.0,20.0,5.0,1,27719,2811844,0.14275368317792939,0.44230169220951965,0.7828342981063129,27719,2811844,2811024,0.14275368317792939,0.44230169220951965,0.7828342981063129,58.66603284794837
21,field_size_scaled,False,modifiers,inverse_sqrt,500.0,30.0,0.5,0.5,2.0,20.0,5.0,2,27719,2811844,0.1428686839865075,0.44236539981402007,0.7831256510083159,27719,2811844,2811024,0.1428686839865075,0.44236539981402007,0.7831256510083159,72.90172342490405
22,field_size_scaled,False,ignore,inverse_sqrt,500.0,20.0,0.2,0.5,2.0,20.0,5.0,2,27719,2811844,0.14275786196016443,0.44237776911748145,0.7828787658874489,27719,2811844,2811024,0.14275786196016443,0.44237776911748145,0.7828787658874489,68.77920057810843
23,field_size_scaled,False,modifiers,inverse_sqrt,600.0,30.0,0.2,0.5,2.0,20.0,5.0,2,27719,2811844,0.14243547285967176,0.44240231259518725,0.7839008133690784,27719,2811844,2811024,0.14243547285967176,0.44240231259518725,0.7839008133690784,72.82365062087774
24,field_size_scaled,False,ignore,inverse_sqrt,400.0,20.0,0.5,0.5,2.0,20.0,5.0,1,27719,2811844,0.14295387434908086,0.44243922652826556,0.7829499143372665,27719,2811844,2811024,0.14295387434908086,0.44243922652826556,0.7829499143372665,65.98334364779294
25,field_size_scaled,False,modifiers,inverse_sqrt,400.0,10.0,0.5,0.5,2.0,20.0,5.0,2,27719,2811844,0.1422784537157844,0.4425008666192473,0.7846535639681482,27719,2811844,2811024,0.1422784537157844,0.4425008666192473,0.7846535639681482,70.93324489099905
26,field_size_scaled,False,modifiers,inverse_sqrt,400.0,10.0,0.1,0.5,2.0,20.0,5.0,1,27719,2811844,0.1431509569929457,0.4425144481018297,0.7819730461212712,27719,2811844,2811024,0.1431509569929457,0.4425144481018297,0.7819730461212712,77.36907991673797
27,field_size_scaled,False,modifiers,inverse_sqrt,500.0,30.0,0.1,0.5,2.0,20.0,5.0,2,27719,2811844,0.1429530074646407,0.4425377032004244,0.7823782365429822,27719,2811844,2811024,0.1429530074646407,0.4425377032004244,0.7823782365429822,64.99166719987988
28,field_size_scaled,False,ignore,inverse_sqrt,400.0,20.0,0.2,0.5,2.0,20.0,5.0,1,27719,2811844,0.14323481864400062,0.44256132232579687,0.7818887352082373,27719,2811844,2811024,0.14323481864400062,0.44256132232579687,0.7818887352082373,35.6695823809132
29,field_size_scaled,False,ignore,inverse_sqrt,500.0,30.0,0.5,0.5,2.0,20.0,5.0,1,27719,2811844,0.1429601401974578,0.44265406465886536,0.7828865922169288,27719,2811844,2811024,0.1429601401974578,0.44265406465886536,0.7828865922169288,70.81522249197587
30,field_size_scaled,False,modifiers,inverse_sqrt,500.0,10.0,0.2,0.5,2.0,20.0,5.0,1,27719,2811844,0.14236132337383087,0.4426730837065079,0.7842512194844299,27719,2811844,2811024,0.14236132337383087,0.4426730837065079,0.7842512194844299,72.88368289684877
31,field_size_scaled,False,modifiers,inverse_sqrt,500.0,20.0,0.1,0.5,2.0,20.0,5.0,2,27719,2811844,0.14289904327764427,0.4426759882641673,0.782579942398215,27719,2811844,2811024,0.14289904327764427,0.4426759882641673,0.782579942398215,74.17425969988108
32,field_size_scaled,False,ignore,inverse_sqrt,400.0,20.0,0.5,0.5,2.0,20.0,5.0,2,27719,2811844,0.1431243563279495,0.4428596584915233,0.7826905782376814,27719,2811844,2811024,0.1431243563279495,0.4428596584915233,0.7826905782376814,63.770363034680486
33,field_size_scaled,False,modifiers,inverse_sqrt,400.0,10.0,0.1,0.5,2.0,20.0,5.0,2,27719,2811844,0.14329127115243434,0.4428757507415147,0.7816656848180592,27719,2811844,2811024,0.14329127115243434,0.4428757507415147,0.7816656848180592,72.76194658363238
34,field_size_scaled,False,modifiers,inverse_sqrt,400.0,30.0,0.2,0.5,2.0,20.0,5.0,1,27719,2811844,0.1434187580547207,0.4428783147694743,0.7817695615547928,27719,2811844,2811024,0.1434187580547207,0.4428783147694743,0.7817695615547928,47.075670786201954
35,field_size_scaled,False,modifiers,inverse_sqrt,500.0,10.0,0.1,0.5,2.0,20.0,5.0,1,27719,2811844,0.1427453036137059,0.44288029779815535,0.7831003933086306,27719,2811844,2811024,0.1427453036137059,0.44288029779815535,0.7831003933086306,72.66679989080876
36,field_size_scaled,False,ignore,inverse_sqrt,400.0,20.0,0.2,0.5,2.0,20.0,5.0,2,27719,2811844,0.1433812176227997,0.4429320854121711,0.7816724439207918,27719,2811844,2811024,0.1433812176227997,0.4429320854121711,0.7816724439207918,68.90043960791081
37,field_size_scaled,False,ignore,inverse_sqrt,400.0,10.0,0.5,0.5,2.0,20.0,5.0,1,27719,2811844,0.14242526780534195,0.44295464694010867,0.784413793692263,27719,2811844,2811024,0.14242526780534195,0.44295464694010867,0.784413793692263,68.11961514595896
38,field_size_scaled,False,ignore,inverse_sqrt,500.0,30.0,0.5,0.5,2.0,20.0,5.0,2,27719,2811844,0.14313204660908158,0.4430768830539223,0.7826272561173437,27719,2811844,2811024,0.14313204660908158,0.4430768830539223,0.7826272561173437,68.25115346396342
39,field_size_scaled,False,modifiers,inverse_sqrt,500.0,10.0,0.2,0.5,2.0,20.0,5.0,2,27719,2811844,0.14251932450217336,0.44307761081309366,0.7839634240049178,27719,2811844,2811024,0.14251932450217336,0.44307761081309366,0.7839634240049178,59.569852833170444
40,field_size_scaled,False,ignore,inverse_sqrt,600.0,30.0,0.2,0.5,2.0,20.0,5.0,1,27719,2811844,0.1426849422168031,0.44318131444182185,0.7834845949376456,27719,2811844,2811024,0.1426849422168031,0.44318131444182185,0.7834845949376456,67.76930959010497
41,field_size_scaled,False,independent,inverse_sqrt,500.0,30.0,0.2,0.5,2.0,20.0,5.0,1,27719,2811844,0.1433156192688959,0.4431926237443926,0.7804380183164569,27719,2811844,2811024,0.1433156192688959,0.4431926237443926,0.7804380183164569,74.84516632510349
42,field_size_scaled,False,independent,inverse_sqrt,400.0,10.0,0.2,0.5,2.0,20.0,5.0,1,27719,2811844,0.1433247937889865,0.4431994175311385,0.7804255673377388,27719,2811844,2811024,0.1433247937889865,0.4431994175311385,0.7804255673377388,40.07983193686232
43,field_size_scaled,False,modifiers,inverse_sqrt,400.0,20.0,0.1,0.5,2.0,20.0,5.0,1,27719,2811844,0.14348859639667694,0.4432026183659491,0.7815016876412296,27719,2811844,2811024,0.14348859639667694,0.4432026183659491,0.7815016876412296,72.61744381813332
44,field_size_scaled,False,modifiers,inverse_sqrt,400.0,30.0,0.2,0.5,2.0,20.0,5.0,2,27719,2811844,0.1435608255194725,0.4432409878926183,0.7815141386199478,27719,2811844,2811024,0.1435608255194725,0.4432409878926183,0.7815141386199478,64.25440684100613
45,field_size_scaled,False,modifiers,inverse_sqrt,500.0,10.0,0.1,0.5,2.0,20.0,5.0,2,27719,2811844,0.14289337738280827,0.44326247148573955,0.7828495950230236,27719,2811844,2811024,0.14289337738280827,0.44326247148573955,0.7828495950230236,37.69526187190786
46,field_size_scaled,False,modifiers,none,400.0,20.0,0.5,0.5,2.0,20.0,5.0,1,27719,2811844,0.14311056845803716,0.44327469853362245,0.782559309347768,27719,2811844,2811024,0.14311056845803716,0.44327469853362245,0.782559309347768,75.05907232500613
47,field_size_scaled,False,independent,inverse_sqrt,500.0,20.0,0.2,0.5,2.0,20.0,5.0,1,27719,2811844,0.14317405798062377,0.4433252053219845,0.7808396513156771,27719,2811844,2811024,0.14317405798062377,0.4433252053219845,0.7808396513156771,76.72030927333981
48,field_size_scaled,False,ignore,inverse_sqrt,500.0,30.0,0.1,0.5,2.0,20.0,5.0,1,27719,2811844,0.14322252783970263,0.44335732198050043,0.7819424522878495,27719,2811844,2811024,0.14322252783970263,0.44335732198050043,0.7819424522878495,66.01354952668771
49,field_size_scaled,False,ignore,inverse_sqrt,400.0,10.0,0.5,0.5,2.0,20.0,5.0,2,27719,2811844,0.14259595198513983,0.4433861814767425,0.7841509001701871,27719,2811844,2811024,0.14259595198513983,0.4433861814767425,0.7841509001701871,58.20042852917686
50,field_size_scaled,False,modifiers,inverse_sqrt,500.0,20.0,0.5,0.5,2.0,20.0,5.0,1,27719,2811844,0.14258119993452212,0.44342016130191775,0.7842473063196899,27719,2811844,2811024,0.14258119993452212,0.44342016130191775,0.7842473063196899,49.64816569164395
51,field_size_scaled,False,ignore,inverse_sqrt,500.0,20.0,0.1,0.5,2.0,20.0,5.0,1,27719,2811844,0.14318064318822984,0.44354012941805243,0.7821036035266864,27719,2811844,2811024,0.14318064318822984,0.44354012941805243,0.7821036035266864,67.81586699886248
52,field_size_scaled,False,modifiers,inverse_sqrt,600.0,30.0,0.5,0.5,2.0,20.0,5.0,1,27719,2811844,0.1426571821264315,0.4435489542183444,0.7840359954237317,27719,2811844,2811024,0.1426571821264315,0.4435489542183444,0.7840359954237317,72.83030292764306
53,field_size_scaled,False,modifiers,inverse_sqrt,400.0,20.0,0.1,0.5,2.0,20.0,5.0,2,27719,2811844,0.1436270603373718,0.4435598157902574,0.7812483991598791,27719,2811844,2811024,0.1436270603373718,0.4435598157902574,0.7812483991598791,54.705769698135555
54,field_size_scaled,False,ignore,inverse_sqrt,400.0,10.0,0.1,0.5,2.0,20.0,5.0,1,27719,2811844,0.14352760586049243,0.4435768916218018,0.7813590349993454,27719,2811844,2811024,0.14352760586049243,0.4435768916218018,0.7813590349993454,38.19405797822401
55,field_size_scaled,False,ignore,inverse_sqrt,600.0,30.0,0.2,0.5,2.0,20.0,5.0,2,27719,2811844,0.14284262632034617,0.4435814925586934,0.7832199227043242,27719,2811844,2811024,0.14284262632034617,0.4435814925586934,0.7832199227043242,48.829993256833404
56,field_size_scaled,False,independent,inverse_sqrt,500.0,30.0,0.2,0.5,2.0,20.0,5.0,2,27719,2811844,0.1434709817590937,0.4435833709731077,0.780211766246037,27719,2811844,2811024,0.1434709817590937,0.4435833709731077,0.780211766246037,75.03264638595283
57,field_size_scaled,False,independent,inverse_sqrt,400.0,10.0,0.2,0.5,2.0,20.0,5.0,2,27719,2811844,0.14348003153767236,0.44358986172723563,0.780199315267319,27719,2811844,2811024,0.14348003153767236,0.44358986172723563,0.780199315267319,56.20863170316443
58,field_size_scaled,False,modifiers,inverse_sqrt,600.0,20.0,0.2,0.5,2.0,20.0,5.0,1,27719,2811844,0.1425022035004098,0.44365537695292656,0.7842579785871625,27719,2811844,2811024,0.1425022035004098,0.44365537695292656,0.7842579785871625,72.77678279811516
59,field_size_scaled,False,modifiers,none,400.0,20.0,0.5,0.5,2.0,20.0,5.0,2,27719,2811844,0.14326530630182518,0.44365689136136915,0.78232060629863,27719,2811844,2811024,0.14326530630182518,0.44365689136136915,0.78232060629863,73.45593692874536
60,field_size_scaled,False,ignore,inverse_sqrt,400.0,30.0,0.2,0.5,2.0,20.0,5.0,1,27719,2811844,0.14371301566481573,0.44367979771225535,0.7812594271696008,27719,2811844,2811024,0.14371301566481573,0.44367979771225535,0.7812594271696008,60.14863539626822
61,field_size_scaled,False,independent,inverse_sqrt,500.0,20.0,0.2,0.5,2.0,20.0,5.0,2,27719,2811844,0.14333256543897466,0.4437239946536391,0.7806055729157773,27719,2811844,2811024,0.14333256543897466,0.4437239946536391,0.7806055729157773,75.63625106913969
62,field_size_scaled,False,ignore,inverse_sqrt,500.0,30.0,0.1,0.5,2.0,20.0,5.0,2,27719,2811844,0.14336804267661538,0.44372881810687315,0.7816824047037663,27719,2811844,2811024,0.14336804267661538,0.44372881810687315,0.7816824047037663,58.132582711055875
63,field_size_scaled,False,modifiers,none,500.0,30.0,0.5,0.5,2.0,20.0,5.0,1,27719,2811844,0.14319040022948834,0.4437470019405872,0.7825265810608518,27719,2811844,2811024,0.14319040022948834,0.4437470019405872,0.7825265810608518,72.67547608586028
64,field_size_scaled,False,modifiers,inverse_sqrt,400.0,30.0,0.1,0.5,2.0,20.0,5.0,1,27719,2811844,0.14372886067699747,0.44375737629675366,0.7811637325045961,27719,2811844,2811024,0.14372886067699747,0.44375737629675366,0.7811637325045961,72.92533812811598
65,field_size_scaled,False,modifiers,inverse_sqrt,500.0,20.0,0.5,0.5,2.0,20.0,5.0,2,27719,2811844,0.14275934118996225,0.4438635714051059,0.7840118049507937,27719,2811844,2811024,0.14275934118996225,0.4438635714051059,0.7840118049507937,72.63239303277805
66,field_size_scaled,False,ignore,inverse_sqrt,500.0,10.0,0.2,0.5,2.0,20.0,5.0,1,27719,2811844,0.14277795512329933,0.4438918112613411,0.783510564121829,27719,2811844,2811024,0.14277795512329933,0.4438918112613411,0.783510564121829,64.26051471522078
67,field_size_scaled,False,ignore,inverse_sqrt,500.0,20.0,0.1,0.5,2.0,20.0,5.0,2,27719,2811844,0.14332750515061532,0.4439152215845536,0.7818851777857464,27719,2811844,2811024,0.14332750515061532,0.4439152215845536,0.7818851777857464,62.80428916262463
68,field_size_scaled,False,modifiers,inverse_sqrt,400.0,30.0,0.5,0.5,2.0,20.0,5.0,1,27719,2811844,0.14375205331087856,0.4439314178528003,0.7817624467098111,27719,2811844,2811024,0.14375205331087856,0.4439314178528003,0.7817624467098111,71.35107492934912
69,field_size_scaled,False,ignore,inverse_sqrt,400.0,10.0,0.1,0.5,2.0,20.0,5.0,2,27719,2811844,0.14366980516416072,0.4439403753737119,0.7811135728474748,27719,2811844,2811024,0.14366980516416072,0.4439403753737119,0.7811135728474748,67.89571000309661
70,field_size_scaled,False,modifiers,inverse_sqrt,600.0,30.0,0.5,0.5,2.0,20.0,5.0,2,27719,2811844,0.14283518303783838,0.44399048794906054,0.7837506901399632,27719,2811844,2811024,0.14283518303783838,0.44399048794906054,0.7837506901399632,74.55208985507488
71,field_size_scaled,False,modifiers,inverse_sqrt,600.0,30.0,0.1,0.5,2.0,20.0,5.0,1,27719,2811844,0.14285838218805702,0.44399808347894004,0.7832530067334893,27719,2811844,2811024,0.14285838218805702,0.44399808347894004,0.7832530067334893,70.78465855307877
72,field_size_scaled,False,ignore,inverse_sqrt,400.0,30.0,0.2,0.5,2.0,20.0,5.0,2,27719,2811844,0.14385738074425228,0.4440466394054238,0.7810104075952393,27719,2811844,2811024,0.14385738074425228,0.4440466394054238,0.7810104075952393,69.10262786224484
73,field_size_scaled,False,modifiers,inverse_sqrt,600.0,20.0,0.2,0.5,2.0,20.0,5.0,2,27719,2811844,0.14266236650672157,0.4440669516455495,0.7839915276425957,27719,2811844,2811024,0.14266236650672157,0.4440669516455495,0.7839915276425957,65.53731041913852
74,field_size_scaled,False,modifiers,inverse_sqrt,400.0,30.0,0.1,0.5,2.0,20.0,5.0,2,27719,2811844,0.14386635904994824,0.44411261102085764,0.7808937241375384,27719,2811844,2811024,0.14386635904994824,0.44411261102085764,0.7808937241375384,74.9614419019781
75,field_size_scaled,False,modifiers,none,400.0,20.0,0.2,0.5,2.0,20.0,5.0,1,27719,2811844,0.14362599968834489,0.44411430514695094,0.7810918725702805,27719,2811844,2811024,0.14362599968834489,0.44411430514695094,0.7810918725702805,72.92899628076702
76,field_size_scaled,False,modifiers,none,500.0,30.0,0.5,0.5,2.0,20.0,5.0,2,27719,2811844,0.14334689539804085,0.4441330973635635,0.7822345166743507,27719,2811844,2811024,0.14334689539804085,0.4441330973635635,0.7822345166743507,46.61004651291296
77,field_size_scaled,False,ignore,inverse_sqrt,500.0,20.0,0.5,0.5,2.0,20.0,5.0,1,27719,2811844,0.14285866252869,0.4441799780400545,0.783774169128403,27719,2811844,2811024,0.14285866252869,0.4441799780400545,0.783774169128403,68.60666928812861
78,field_size_scaled,False,ignore,inverse_sqrt,400.0,20.0,0.1,0.5,2.0,20.0,5.0,1,27719,2811844,0.14384354256833456,0.44419236314483823,0.7808585056548788,27719,2811844,2811024,0.14384354256833456,0.44419236314483823,0.7808585056548788,67.96623522881418
79,field_size_scaled,False,ignore,inverse_sqrt,500.0,10.0,0.1,0.5,2.0,20.0,5.0,1,27719,2811844,0.14319583961756074,0.4442055944879497,0.782349065678557,27719,2811844,2811024,0.14319583961756074,0.4442055944879497,0.782349065678557,52.40748445363715
80,field_size_scaled,False,ignore,none,400.0,20.0,0.5,0.5,2.0,20.0,5.0,1,27719,2811844,0.143453875168995,0.4442137108549597,0.7820107547996744,27719,2811844,2811024,0.143453875168995,0.4442137108549597,0.7820107547996744,59.84248181106523
81,field_size_scaled,False,independent,inverse_sqrt,400.0,20.0,0.2,0.5,2.0,20.0,5.0,1,27719,2811844,0.14390274940985423,0.44423884461289115,0.7794195282573183,27719,2811844,2811024,0.14390274940985423,0.44423884461289115,0.7794195282573183,75.04015998076648
82,field_size_scaled,False,modifiers,none,400.0,10.0,0.2,0.5,2.0,20.0,5.0,1,27719,2811844,0.14334600466894656,0.44426623921726094,0.7818972730222153,27719,2811844,2811024,0.14334600466894656,0.44426623921726094,0.7818972730222153,51.72859540209174
83,field_size_scaled,False,modifiers,none,500.0,30.0,0.2,0.5,2.0,20.0,5.0,1,27719,2811844,0.14334439955510903,0.4442909768210559,0.7819104354854316,27719,2811844,2811024,0.14334439955510903,0.4442909768210559,0.7819104354854316,71.84856959385797
84,field_size_scaled,False,ignore,inverse_sqrt,500.0,10.0,0.2,0.5,2.0,20.0,5.0,2,27719,2811844,0.14293728807606845,0.44429714916541013,0.7832750627529328,27719,2811844,2811024,0.14293728807606845,0.44429714916541013,0.7832750627529328,47.80946167791262
85,field_size_scaled,False,independent,inverse_sqrt,400.0,20.0,0.5,0.5,2.0,20.0,5.0,1,27719,2811844,0.14367257371311817,0.4443192841033349,0.780511301219769,27719,2811844,2811024,0.14367257371311817,0.4443192841033349,0.780511301219769,76.59638942033052
86,field_size_scaled,False,modifiers,inverse_sqrt,400.0,30.0,0.5,0.5,2.0,20.0,5.0,2,27719,2811844,0.1439127074481118,0.4443280325903351,0.7815144943621969,27719,2811844,2811024,0.1439127074481118,0.4443280325903351,0.7815144943621969,72.84557546628639
87,field_size_scaled,False,independent,inverse_sqrt,600.0,30.0,0.2,0.5,2.0,20.0,5.0,1,27719,2811844,0.1432115293623165,0.44435310411534285,0.7812757913130589,27719,2811844,2811024,0.1432115293623165,0.44435310411534285,0.7812757913130589,75.79822319792584
88,field_size_scaled,False,ignore,inverse_sqrt,600.0,30.0,0.5,0.5,2.0,20.0,5.0,1,27719,2811844,0.1429491851375014,0.4443543359651776,0.7835009590811035,27719,2811844,2811024,0.1429491851375014,0.4443543359651776,0.7835009590811035,45.74695709394291
89,field_size_scaled,False,modifiers,inverse_sqrt,600.0,30.0,0.1,0.5,2.0,20.0,5.0,2,27719,2811844,0.14300959423772383,0.44439003858917664,0.7829876230156697,27719,2811844,2811024,0.14300959423772383,0.44439003858917664,0.7829876230156697,66.12864741589874
90,field_size_scaled,False,independent,inverse_sqrt,400.0,10.0,0.5,0.5,2.0,20.0,5.0,1,27719,2811844,0.14302918592301364,0.4444340494700514,0.782005062923689,27719,2811844,2811024,0.14302918592301364,0.4444340494700514,0.782005062923689,75.17670367984101
91,field_size_scaled,False,independent,inverse_sqrt,500.0,30.0,0.5,0.5,2.0,20.0,5.0,1,27719,2811844,0.14364782833916412,0.4444347530903962,0.7805016961790436,27719,2811844,2811024,0.14364782833916412,0.4444347530903962,0.7805016961790436,63.98743866290897
92,field_size_scaled,False,modifiers,none,400.0,20.0,0.2,0.5,2.0,20.0,5.0,2,27719,2811844,0.14375849175070635,0.44445377267000785,0.7809300098469455,27719,2811844,2811024,0.14375849175070635,0.44445377267000785,0.7809300098469455,45.03097973810509
93,field_size_scaled,False,modifiers,none,400.0,30.0,0.5,0.5,2.0,20.0,5.0,1,27719,2811844,0.14391791792192687,0.4445140185354196,0.7810630574481043,27719,2811844,2811024,0.14391791792192687,0.4445140185354196,0.7810630574481043,72.63667997019365
94,field_size_scaled,False,ignore,inverse_sqrt,400.0,30.0,0.5,0.5,2.0,20.0,5.0,1,27719,2811844,0.14397441222230337,0.44452073356783955,0.7813999453579905,27719,2811844,2811024,0.14397441222230337,0.44452073356783955,0.7813999453579905,68.62231892719865
95,field_size_scaled,False,ignore,inverse_sqrt,400.0,20.0,0.1,0.5,2.0,20.0,5.0,2,27719,2811844,0.1439840321376339,0.44455226260805214,0.7807034020342765,27719,2811844,2811024,0.1439840321376339,0.44455226260805214,0.7807034020342765,65.98543273191899
96,field_size_scaled,False,ignore,inverse_sqrt,500.0,10.0,0.1,0.5,2.0,20.0,5.0,2,27719,2811844,0.1433452032659873,0.44458782740280794,0.7821491385345696,27719,2811844,2811024,0.1433452032659873,0.44458782740280794,0.7821491385345696,69.25609158119187
97,field_size_scaled,False,independent,inverse_sqrt,500.0,30.0,0.1,0.5,2.0,20.0,5.0,1,27719,2811844,0.14376500267398795,0.444588225880006,0.7797155058085594,27719,2811844,2811024,0.14376500267398795,0.444588225880006,0.7797155058085594,75.70140016172081
98,field_size_scaled,False,ignore,none,400.0,20.0,0.5,0.5,2.0,20.0,5.0,2,27719,2811844,0.14360835832329855,0.44459765739178747,0.7817933962854817,27719,2811844,2811024,0.14360835832329855,0.44459765739178747,0.7817933962854817,67.80588652798906
99,field_size_scaled,False,modifiers,none,400.0,10.0,0.2,0.5,2.0,20.0,5.0,2,27719,2811844,0.14348205402708852,0.4446153117416252,0.7816827604460154,27719,2811844,2811024,0.14348205402708852,0.4446153117416252,0.7816827604460154,54.01838337862864
100,field_size_scaled,False,independent,inverse_sqrt,400.0,20.0,0.2,0.5,2.0,20.0,5.0,2,27719,2811844,0.1440534523504108,0.44461920991738185,0.779235965256789,27719,2811844,2811024,0.1440534523504108,0.44461920991738185,0.779235965256789,38.923133918084204
101,field_size_scaled,False,ignore,inverse_sqrt,500.0,20.0,0.5,0.5,2.0,20.0,5.0,2,27719,2811844,0.14303928934547772,0.4446297491742009,0.7835560991297121,27719,2811844,2811024,0.14303928934547772,0.4446297491742009,0.7835560991297121,67.70960133709013
102,field_size_scaled,False,modifiers,none,500.0,30.0,0.2,0.5,2.0,20.0,5.0,2,27719,2811844,0.14348054741814062,0.4446403434306207,0.781697345878228,27719,2811844,2811024,0.14348054741814062,0.4446403434306207,0.781697345878228,59.626373399980366
103,field_size_scaled,False,independent,inverse_sqrt,500.0,20.0,0.1,0.5,2.0,20.0,5.0,1,27719,2811844,0.14370372266691075,0.4446980482937303,0.7798965786133452,27719,2811844,2811024,0.14370372266691075,0.4446980482937303,0.7798965786133452,76.57218694966286
104,field_size_scaled,False,ignore,inverse_sqrt,400.0,30.0,0.1,0.5,2.0,20.0,5.0,1,27719,2811844,0.14407140023617473,0.44470629138992707,0.7805667970106267,27719,2811844,2811024,0.14407140023617473,0.44470629138992707,0.7805667970106267,49.486772577278316
105,field_size_scaled,False,modifiers,none,400.0,30.0,0.2,0.5,2.0,20.0,5.0,1,27719,2811844,0.143973919677469,0.4447239563730272,0.7805981023285464,27719,2811844,2811024,0.143973919677469,0.4447239563730272,0.7805981023285464,72.70811058906838
106,field_size_scaled,False,independent,inverse_sqrt,400.0,20.0,0.5,0.5,2.0,20.0,5.0,2,27719,2811844,0.14384608021257234,0.44474426593818167,0.7802708194593856,27719,2811844,2811024,0.14384608021257234,0.44474426593818167,0.7802708194593856,76.2831923738122
107,field_size_scaled,False,independent,inverse_sqrt,600.0,30.0,0.2,0.5,2.0,20.0,5.0,2,27719,2811844,0.14337448672835013,0.44476447874682734,0.7809769678238251,27719,2811844,2811024,0.14337448672835013,0.44476447874682734,0.7809769678238251,76.28537662094459
108,field_size_scaled,False,ignore,inverse_sqrt,600.0,30.0,0.5,0.5,2.0,20.0,5.0,2,27719,2811844,0.14312960431626248,0.4448015237131089,0.7832373540745294,27719,2811844,2811024,0.14312960431626248,0.4448015237131089,0.7832373540745294,64.04577520862222
109,field_size_scaled,False,ignore,none,500.0,30.0,0.5,0.5,2.0,20.0,5.0,1,27719,2811844,0.1435739463702001,0.44481423769666867,0.7818787744252628,27719,2811844,2811024,0.1435739463702001,0.44481423769666867,0.7818787744252628,67.48997851833701
110,field_size_scaled,False,modifiers,inverse_sqrt,500.0,10.0,0.0,0.5,2.0,20.0,5.0,1,27719,2811844,0.1436154849812584,0.4448356191601992,0.7814646904473246,27719,2811844,2811024,0.1436154849812584,0.4448356191601992,0.7814646904473246,74.16378199821338
111,field_size_scaled,False,modifiers,inverse_sqrt,500.0,20.0,0.0,0.5,2.0,20.0,5.0,1,27719,2811844,0.1436154849812584,0.4448356191601992,0.7814646904473246,27719,2811844,2811024,0.1436154849812584,0.4448356191601992,0.7814646904473246,73.06790542602539
112,field_size_scaled,False,modifiers,inverse_sqrt,500.0,30.0,0.0,0.5,2.0,20.0,5.0,1,27719,2811844,0.1436154849812584,0.4448356191601992,0.7814646904473246,27719,2811844,2811024,0.1436154849812584,0.4448356191601992,0.7814646904473246,72.97680407576263
113,field_size_scaled,False,independent,inverse_sqrt,500.0,30.0,0.5,0.5,2.0,20.0,5.0,2,27719,2811844,0.14382313601114477,0.4448630846581531,0.7802711752016347,27719,2811844,2811024,0.14382313601114477,0.4448630846581531,0.7802711752016347,74.92519746767357
114,field_size_scaled,False,independent,inverse_sqrt,400.0,10.0,0.5,0.5,2.0,20.0,5.0,2,27719,2811844,0.1432045428830955,0.4448730269424671,0.7817830797602582,27719,2811844,2811024,0.1432045428830955,0.4448730269424671,0.7817830797602582,59.58856843132526
115,field_size_scaled,False,modifiers,inverse_sqrt,600.0,20.0,0.1,0.5,2.0,20.0,5.0,1,27719,2811844,0.14297842024064317,0.4448730699448781,0.7832853792781563,27719,2811844,2811024,0.14297842024064317,0.4448730699448781,0.7832853792781563,54.57406771974638
116,field_size_scaled,False,modifiers,none,400.0,30.0,0.5,0.5,2.0,20.0,5.0,2,27719,2811844,0.14406645402680024,0.4448809814717645,0.780843208738168,27719,2811844,2811024,0.14406645402680024,0.4448809814717645,0.780843208738168,68.23577016871423
117,field_size_scaled,False,ignore,inverse_sqrt,600.0,20.0,0.2,0.5,2.0,20.0,5.0,1,27719,2811844,0.1429316948161986,0.4449233024632803,0.783555743387463,27719,2811844,2811024,0.1429316948161986,0.4449233024632803,0.783555743387463,62.06464641774073
118,field_size_scaled,False,ignore,inverse_sqrt,400.0,30.0,0.5,0.5,2.0,20.0,5.0,2,27719,2811844,0.14413803811184606,0.4449243940203999,0.7811537717216217,27719,2811844,2811024,0.14413803811184606,0.4449243940203999,0.7811537717216217,51.584584964904934
119,field_size_scaled,False,independent,inverse_sqrt,500.0,30.0,0.1,0.5,2.0,20.0,5.0,2,27719,2811844,0.1439155800037514,0.4449721414430598,0.7794369596275237,27719,2811844,2811024,0.1439155800037514,0.4449721414430598,0.7794369596275237,81.05013685487211
120,field_size_scaled,False,independent,inverse_sqrt,500.0,10.0,0.2,0.5,2.0,20.0,5.0,1,27719,2811844,0.14328886489233214,0.44500148929053646,0.7813102983112203,27719,2811844,2811024,0.14328886489233214,0.44500148929053646,0.7813102983112203,41.15073578385636
121,field_size_scaled,False,independent,inverse_sqrt,400.0,10.0,0.1,0.5,2.0,20.0,5.0,1,27719,2811844,0.14412456888120395,0.4450047163487635,0.7789488812617751,27719,2811844,2811024,0.14412456888120395,0.4450047163487635,0.7789488812617751,74.93378267483786
122,field_size_scaled,False,modifiers,none,400.0,30.0,0.2,0.5,2.0,20.0,5.0,2,27719,2811844,0.1441047089456685,0.4450596586165274,0.7803522844344267,27719,2811844,2811024,0.1441047089456685,0.4450596586165274,0.7803522844344267,64.36562898708507
123,field_size_scaled,False,ignore,inverse_sqrt,400.0,30.0,0.1,0.5,2.0,20.0,5.0,2,27719,2811844,0.1442109988754022,0.4450645058205413,0.7803608222484049,27719,2811844,2811024,0.1442109988754022,0.4450645058205413,0.7803608222484049,59.764173712115735
124,field_size_scaled,False,modifiers,inverse_sqrt,500.0,30.0,0.2,0.5,2.0,20.0,5.0,0,27719,2811844,0.1439788971650654,0.44507707240465916,0.7811623095355998,27719,2811844,2811024,0.1439788971650654,0.44507707240465916,0.7811623095355998,74.23742047604173
125,field_size_scaled,False,modifiers,inverse_sqrt,400.0,10.0,0.2,0.5,2.0,20.0,5.0,0,27719,2811844,0.14398795916487217,0.4450832654518655,0.7811541274638708,27719,2811844,2811024,0.14398795916487217,0.4450832654518655,0.7811541274638708,74.12012733379379
126,field_size_scaled,False,independent,inverse_sqrt,500.0,20.0,0.1,0.5,2.0,20.0,5.0,2,27719,2811844,0.143855774967712,0.44508587940715816,0.7796091388760822,27719,2811844,2811024,0.143855774967712,0.44508587940715816,0.7796091388760822,76.75511403987184
127,field_size_scaled,False,ignore,none,500.0,30.0,0.5,0.5,2.0,20.0,5.0,2,27719,2811844,0.14372984651663845,0.4452012645472322,0.7816076988314579,27719,2811844,2811024,0.14372984651663845,0.4452012645472322,0.7816076988314579,68.16473084501922
128,field_size_scaled,False,modifiers,inverse_sqrt,500.0,30.0,0.0,0.5,2.0,20.0,5.0,2,27719,2811844,0.14375544236494353,0.4452017864551786,0.7811701358650798,27719,2811844,2811024,0.14375544236494353,0.4452017864551786,0.7811701358650798,49.95887730829418
129,field_size_scaled,False,modifiers,inverse_sqrt,500.0,10.0,0.0,0.5,2.0,20.0,5.0,2,27719,2811844,0.14375544236494353,0.4452017864551786,0.7811701358650798,27719,2811844,2811024,0.14375544236494353,0.4452017864551786,0.7811701358650798,72.5401641339995
130,field_size_scaled,False,modifiers,inverse_sqrt,500.0,20.0,0.0,0.5,2.0,20.0,5.0,2,27719,2811844,0.14375544236494353,0.4452017864551786,0.7811701358650798,27719,2811844,2811024,0.14375544236494353,0.4452017864551786,0.7811701358650798,76.5324144246988
131,field_size_scaled,False,modifiers,none,500.0,20.0,0.2,0.5,2.0,20.0,5.0,1,27719,2811844,0.14338534843645848,0.4452045955978965,0.7820520209005686,27719,2811844,2811024,0.14338534843645848,0.4452045955978965,0.7820520209005686,72.68486520415172
132,field_size_scaled,False,modifiers,inverse_sqrt,500.0,20.0,0.2,0.5,2.0,20.0,5.0,0,27719,2811844,0.14384048116293124,0.44522645477470835,0.7815162730734423,27719,2811844,2811024,0.14384048116293124,0.44522645477470835,0.7815162730734423,76.89187846705317
133,field_size_scaled,False,independent,inverse_sqrt,500.0,10.0,0.1,0.5,2.0,20.0,5.0,1,27719,2811844,0.14368595604683795,0.4452354475447703,0.7801089567360506,27719,2811844,2811024,0.14368595604683795,0.4452354475447703,0.7801089567360506,71.56440227711573
134,field_size_scaled,False,modifiers,inverse_sqrt,600.0,20.0,0.1,0.5,2.0,20.0,5.0,2,27719,2811844,0.14313152521181857,0.44527124974008847,0.7830466762290184,27719,2811844,2811024,0.14313152521181857,0.44527124974008847,0.7830466762290184,51.245930696837604
135,field_size_scaled,False,ignore,inverse_sqrt,600.0,20.0,0.2,0.5,2.0,20.0,5.0,2,27719,2811844,0.14309305213294463,0.4453352321694128,0.7833134829158342,27719,2811844,2811024,0.14309305213294463,0.4453352321694128,0.7833134829158342,69.19617642881349
136,field_size_scaled,False,independent,inverse_sqrt,400.0,10.0,0.1,0.5,2.0,20.0,5.0,2,27719,2811844,0.14427151710037903,0.44537988316572186,0.7787155143463734,27719,2811844,2811024,0.14427151710037903,0.44537988316572186,0.7787155143463734,75.71340796397999
137,field_size_scaled,False,ignore,none,400.0,30.0,0.5,0.5,2.0,20.0,5.0,1,27719,2811844,0.1442537905098883,0.44541803427172527,0.7805145029000108,27719,2811844,2811024,0.1442537905098883,0.44541803427172527,0.7805145029000108,67.69509244291112
138,field_size_scaled,False,independent,inverse_sqrt,500.0,10.0,0.2,0.5,2.0,20.0,5.0,2,27719,2811844,0.14345361998751283,0.4454183131268313,0.7810548753763753,27719,2811844,2811024,0.14345361998751283,0.4454183131268313,0.7810548753763753,47.064950372092426
139,field_size_scaled,False,ignore,inverse_sqrt,600.0,30.0,0.1,0.5,2.0,20.0,5.0,1,27719,2811844,0.14333410384594028,0.4454199753092547,0.7825027463301629,27719,2811844,2811024,0.14333410384594028,0.4454199753092547,0.7825027463301629,69.19463489111513
140,field_size_scaled,False,ignore,none,400.0,20.0,0.2,0.5,2.0,20.0,5.0,1,27719,2811844,0.14408456300649153,0.44543030706517034,0.7804156065547644,27719,2811844,2811024,0.14408456300649153,0.44543030706517034,0.7804156065547644,68.76245029969141
141,field_size_scaled,False,independent,inverse_sqrt,400.0,30.0,0.2,0.5,2.0,20.0,5.0,1,27719,2811844,0.14441718650478133,0.445475292290035,0.7787919989299273,27719,2811844,2811024,0.14441718650478133,0.445475292290035,0.7787919989299273,53.28291305433959
142,field_size_scaled,False,modifiers,inverse_sqrt,400.0,10.0,0.0,0.5,2.0,20.0,5.0,1,27719,2811844,0.1443189394471944,0.4455142217815941,0.780114292869787,27719,2811844,2811024,0.1443189394471944,0.4455142217815941,0.780114292869787,72.49493134580553
143,field_size_scaled,False,modifiers,inverse_sqrt,400.0,20.0,0.0,0.5,2.0,20.0,5.0,1,27719,2811844,0.1443189394471944,0.4455142217815941,0.780114292869787,27719,2811844,2811024,0.1443189394471944,0.4455142217815941,0.780114292869787,56.912564302328974
144,field_size_scaled,False,modifiers,inverse_sqrt,400.0,30.0,0.0,0.5,2.0,20.0,5.0,1,27719,2811844,0.1443189394471944,0.4455142217815941,0.780114292869787,27719,2811844,2811024,0.1443189394471944,0.4455142217815941,0.780114292869787,72.96331787900999
145,field_size_scaled,False,modifiers,none,500.0,20.0,0.2,0.5,2.0,20.0,5.0,2,27719,2811844,0.14352398847521894,0.44556183971866353,0.7818873122392409,27719,2811844,2811024,0.14352398847521894,0.44556183971866353,0.7818873122392409,48.07077669724822
146,field_size_scaled,False,independent,inverse_sqrt,500.0,10.0,0.1,0.5,2.0,20.0,5.0,2,27719,2811844,0.14384075096568336,0.4456310456969954,0.7798485534097183,27719,2811844,2811024,0.14384075096568336,0.4456310456969954,0.7798485534097183,45.05421379720792
147,field_size_scaled,False,independent,none,400.0,20.0,0.5,0.5,2.0,20.0,5.0,1,27719,2811844,0.1440296840133485,0.44567251287426973,0.77975428171371,27719,2811844,2811024,0.1440296840133485,0.44567251287426973,0.77975428171371,73.2908899136819
148,field_size_scaled,False,independent,inverse_sqrt,400.0,20.0,0.1,0.5,2.0,20.0,5.0,1,27719,2811844,0.1444739633368579,0.44573590431831156,0.7784664947720119,27719,2811844,2811024,0.1444739633368579,0.44573590431831156,0.7784664947720119,76.49518736079335
149,field_size_scaled,False,ignore,none,400.0,10.0,0.2,0.5,2.0,20.0,5.0,1,27719,2811844,0.14384838216823645,0.44575026620188046,0.7811697801228307,27719,2811844,2811024,0.14384838216823645,0.44575026620188046,0.7811697801228307,64.60867844708264
150,field_size_scaled,False,ignore,none,400.0,20.0,0.2,0.5,2.0,20.0,5.0,2,27719,2811844,0.144215297888238,0.4457664537725736,0.7802220827712606,27719,2811844,2811024,0.144215297888238,0.4457664537725736,0.7802220827712606,70.42780328309163
151,field_size_scaled,False,ignore,none,500.0,30.0,0.2,0.5,2.0,20.0,5.0,1,27719,2811844,0.1438478759896827,0.4457793816740641,0.7811672899270871,27719,2811844,2811024,0.1438478759896827,0.4457793816740641,0.7811672899270871,68.17834689980373
152,field_size_scaled,False,independent,inverse_sqrt,500.0,20.0,0.5,0.5,2.0,20.0,5.0,1,27719,2811844,0.14349314466060917,0.44578700414353034,0.7813718417203126,27719,2811844,2811024,0.14349314466060917,0.44578700414353034,0.7813718417203126,76.63463469780982
153,field_size_scaled,False,ignore,none,400.0,30.0,0.5,0.5,2.0,20.0,5.0,2,27719,2811844,0.14440250070298324,0.4457871839830868,0.7803074609110416,27719,2811844,2811024,0.14440250070298324,0.4457871839830868,0.7803074609110416,46.33315853308886
154,field_size_scaled,False,ignore,inverse_sqrt,600.0,30.0,0.1,0.5,2.0,20.0,5.0,2,27719,2811844,0.14348635368747692,0.4458111389586589,0.7822551497247978,27719,2811844,2811024,0.14348635368747692,0.4458111389586589,0.7822551497247978,67.91346484981477
155,field_size_scaled,False,independent,inverse_sqrt,400.0,30.0,0.2,0.5,2.0,20.0,5.0,2,27719,2811844,0.1445656887926942,0.4458515320390878,0.7785575647877784,27719,2811844,2811024,0.1445656887926942,0.4458515320390878,0.7785575647877784,74.85182331921533
156,field_size_scaled,False,modifiers,inverse_sqrt,400.0,10.0,0.0,0.5,2.0,20.0,5.0,2,27719,2811844,0.144452702683352,0.44586440709938474,0.7799179231482904,27719,2811844,2811024,0.144452702683352,0.44586440709938474,0.7799179231482904,73.79294242197648
157,field_size_scaled,False,modifiers,inverse_sqrt,400.0,20.0,0.0,0.5,2.0,20.0,5.0,2,27719,2811844,0.144452702683352,0.44586440709938474,0.7799179231482904,27719,2811844,2811024,0.144452702683352,0.44586440709938474,0.7799179231482904,57.55746514815837
158,field_size_scaled,False,modifiers,inverse_sqrt,400.0,30.0,0.0,0.5,2.0,20.0,5.0,2,27719,2811844,0.144452702683352,0.44586440709938474,0.7799179231482904,27719,2811844,2811024,0.144452702683352,0.44586440709938474,0.7799179231482904,72.90210383106023
159,field_size_scaled,False,independent,inverse_sqrt,600.0,30.0,0.5,0.5,2.0,20.0,5.0,1,27719,2811844,0.14356724295781975,0.4459039015258331,0.7811583963708598,27719,2811844,2811024,0.14356724295781975,0.4459039015258331,0.7811583963708598,76.71550286188722
160,field_size_scaled,False,ignore,none,400.0,30.0,0.2,0.5,2.0,20.0,5.0,1,27719,2811844,0.1444075847583601,0.44594933985203555,0.7798784357586417,27719,2811844,2811024,0.1444075847583601,0.44594933985203555,0.7798784357586417,35.043118838220835
161,field_size_scaled,False,independent,inverse_sqrt,600.0,20.0,0.2,0.5,2.0,20.0,5.0,1,27719,2811844,0.1434245126463358,0.44595926969426714,0.7813789565652943,27719,2811844,2811024,0.1434245126463358,0.44595926969426714,0.7813789565652943,76.33953061699867
162,field_size_scaled,False,modifiers,none,400.0,10.0,0.5,0.5,2.0,20.0,5.0,1,27719,2811844,0.14311680340263946,0.446020725253395,0.7834120235188315,27719,2811844,2811024,0.14311680340263946,0.446020725253395,0.7834120235188315,42.070989097934216
163,field_size_scaled,False,independent,none,400.0,20.0,0.5,0.5,2.0,20.0,5.0,2,27719,2811844,0.14419114064772048,0.44606609127122415,0.779486763542396,27719,2811844,2811024,0.14419114064772048,0.44606609127122415,0.779486763542396,75.18434068001807
164,field_size_scaled,False,independent,none,500.0,30.0,0.5,0.5,2.0,20.0,5.0,1,27719,2811844,0.14409475471890282,0.4460882488316756,0.7796425786474964,27719,2811844,2811024,0.14409475471890282,0.4460882488316756,0.7796425786474964,40.629062928725034
165,field_size_scaled,False,ignore,none,400.0,10.0,0.2,0.5,2.0,20.0,5.0,2,27719,2811844,0.1439819261539601,0.4460942781357113,0.7809435280524107,27719,2811844,2811024,0.1439819261539601,0.4460942781357113,0.7809435280524107,67.61304720304906
166,field_size_scaled,False,modifiers,inverse_sqrt,400.0,20.0,0.2,0.5,2.0,20.0,5.0,0,27719,2811844,0.14456263661779195,0.446104733123467,0.7801950463603299,27719,2811844,2811024,0.14456263661779195,0.446104733123467,0.7801950463603299,72.5140933780931
167,field_size_scaled,False,independent,inverse_sqrt,400.0,20.0,0.1,0.5,2.0,20.0,5.0,2,27719,2811844,0.14461903681937716,0.4461071314627628,0.7782708365350136,27719,2811844,2811024,0.14461903681937716,0.4461071314627628,0.7782708365350136,77.57357097696513
168,field_size_scaled,False,ignore,inverse_sqrt,500.0,30.0,0.2,0.5,2.0,20.0,5.0,0,27719,2811844,0.1443557905543815,0.4461226433436768,0.7805685757218722,27719,2811844,2811024,0.1443557905543815,0.4461226433436768,0.7805685757218722,54.307140613906085
169,field_size_scaled,False,ignore,none,500.0,30.0,0.2,0.5,2.0,20.0,5.0,2,27719,2811844,0.14398149823409387,0.4461236393009832,0.7809574020001252,27719,2811844,2811024,0.14398149823409387,0.4461236393009832,0.7809574020001252,70.74159683287144
170,field_size_scaled,False,ignore,inverse_sqrt,400.0,10.0,0.2,0.5,2.0,20.0,5.0,0,27719,2811844,0.14436394372355263,0.4461257446910987,0.780555413258656,27719,2811844,2811024,0.14436394372355263,0.4461257446910987,0.780555413258656,67.7545747673139
171,field_size_scaled,False,modifiers,none,400.0,10.0,0.1,0.5,2.0,20.0,5.0,1,27719,2811844,0.14418411206248327,0.4461345622703147,0.7803138642715253,27719,2811844,2811024,0.14418411206248327,0.4461345622703147,0.7803138642715253,59.96191742224619
172,field_size_scaled,False,modifiers,none,400.0,20.0,0.1,0.5,2.0,20.0,5.0,1,27719,2811844,0.14437207717492853,0.44622130399834903,0.779912231272305,27719,2811844,2811024,0.14437207717492853,0.44622130399834903,0.779912231272305,72.47349753510207
173,field_size_scaled,False,independent,inverse_sqrt,500.0,20.0,0.5,0.5,2.0,20.0,5.0,2,27719,2811844,0.143677350563969,0.44624124642425356,0.7810883151477895,27719,2811844,2811024,0.143677350563969,0.44624124642425356,0.7810883151477895,76.34428834030405
174,field_size_scaled,False,modifiers,inverse_sqrt,400.0,20.0,0.5,0.5,2.0,20.0,5.0,0,27719,2811844,0.1443940525784343,0.44626743706964356,0.7811398977739074,27719,2811844,2811024,0.1443940525784343,0.44626743706964356,0.7811398977739074,60.617956103757024
175,field_size_scaled,False,ignore,inverse_sqrt,500.0,10.0,0.0,0.5,2.0,20.0,5.0,1,27719,2811844,0.1441019048747743,0.44627779020638153,0.7806624916756314,27719,2811844,2811024,0.1441019048747743,0.44627779020638153,0.7806624916756314,62.359450058080256
176,field_size_scaled,False,ignore,inverse_sqrt,500.0,20.0,0.0,0.5,2.0,20.0,5.0,1,27719,2811844,0.1441019048747743,0.44627779020638153,0.7806624916756314,27719,2811844,2811024,0.1441019048747743,0.44627779020638153,0.7806624916756314,67.85031017102301
177,field_size_scaled,False,ignore,inverse_sqrt,500.0,30.0,0.0,0.5,2.0,20.0,5.0,1,27719,2811844,0.1441019048747743,0.44627779020638153,0.7806624916756314,27719,2811844,2811024,0.1441019048747743,0.44627779020638153,0.7806624916756314,67.92268070811406
178,field_size_scaled,False,ignore,none,400.0,30.0,0.2,0.5,2.0,20.0,5.0,2,27719,2811844,0.14453699456362257,0.44628255853760157,0.7797176402620539,27719,2811844,2811024,0.14453699456362257,0.44628255853760157,0.7797176402620539,67.69383034715429
179,field_size_scaled,False,modifiers,inverse_sqrt,600.0,30.0,0.2,0.5,2.0,20.0,5.0,0,27719,2811844,0.14388325962856535,0.4462830892623377,0.7818275475413942,27719,2811844,2811024,0.14388325962856535,0.4462830892623377,0.7818275475413942,45.766885145101696
180,field_size_scaled,False,independent,inverse_sqrt,600.0,30.0,0.1,0.5,2.0,20.0,5.0,1,27719,2811844,0.14379009681959157,0.44631116694188333,0.7802619259031585,27719,2811844,2811024,0.14379009681959157,0.44631116694188333,0.7802619259031585,50.661405368708074
181,field_size_scaled,False,independent,inverse_sqrt,400.0,30.0,0.1,0.5,2.0,20.0,5.0,1,27719,2811844,0.1447213991009162,0.4463159187735452,0.7781061278736859,27719,2811844,2811024,0.1447213991009162,0.4463159187735452,0.7781061278736859,75.21961606107652
182,field_size_scaled,False,modifiers,none,500.0,20.0,0.5,0.5,2.0,20.0,5.0,1,27719,2811844,0.14332459678530446,0.44633908294271835,0.7831726089851955,27719,2811844,2811024,0.14332459678530446,0.44633908294271835,0.7831726089851955,51.38682575523853
183,field_size_scaled,False,ignore,inverse_sqrt,500.0,20.0,0.2,0.5,2.0,20.0,5.0,0,27719,2811844,0.14423922157425226,0.4463477224454523,0.7808851863235604,27719,2811844,2811024,0.14423922157425226,0.4463477224454523,0.7808851863235604,52.668282948900014
184,field_size_scaled,False,ignore,inverse_sqrt,600.0,20.0,0.1,0.5,2.0,20.0,5.0,1,27719,2811844,0.1434684523487082,0.446351847187216,0.7825998639641639,27719,2811844,2811024,0.1434684523487082,0.446351847187216,0.7825998639641639,66.29540815996006
185,field_size_scaled,False,independent,inverse_sqrt,600.0,30.0,0.5,0.5,2.0,20.0,5.0,2,27719,2811844,0.14375160050792393,0.4463569028219341,0.7809104440232456,27719,2811844,2811024,0.14375160050792393,0.4463569028219341,0.7809104440232456,74.83730036299676
186,field_size_scaled,False,independent,inverse_sqrt,600.0,20.0,0.2,0.5,2.0,20.0,5.0,2,27719,2811844,0.14359147698066083,0.4463830582249796,0.7810915168280314,27719,2811844,2811024,0.14359147698066083,0.4463830582249796,0.7810915168280314,78.06355969095603
187,field_size_scaled,False,modifiers,inverse_sqrt,500.0,30.0,0.5,0.5,2.0,20.0,5.0,0,27719,2811844,0.14437449599909757,0.44640361598178796,0.7811463011343909,27719,2811844,2811024,0.14437449599909757,0.44640361598178796,0.7811463011343909,54.03458381118253
188,field_size_scaled,False,modifiers,inverse_sqrt,400.0,10.0,0.5,0.5,2.0,20.0,5.0,0,27719,2811844,0.14373923653461612,0.44640896651733064,0.7826212084991092,27719,2811844,2811024,0.14373923653461612,0.44640896651733064,0.7826212084991092,69.2919914117083
189,field_size_scaled,False,modifiers,none,400.0,10.0,0.5,0.5,2.0,20.0,5.0,2,27719,2811844,0.1432715502195467,0.44641701086163454,0.7831960879736353,27719,2811844,2811024,0.1432715502195467,0.44641701086163454,0.7831960879736353,72.6639432781376
190,field_size_scaled,False,modifiers,none,400.0,30.0,0.1,0.5,2.0,20.0,5.0,1,27719,2811844,0.14452732112347322,0.44644437455806807,0.7796600100177017,27719,2811844,2811024,0.14452732112347322,0.44644437455806807,0.7796600100177017,72.58823244692758
191,field_size_scaled,False,modifiers,none,400.0,10.0,0.1,0.5,2.0,20.0,5.0,2,27719,2811844,0.14431287753868213,0.44646943492496355,0.7800957942728344,27719,2811844,2811024,0.14431287753868213,0.44646943492496355,0.7800957942728344,73.70468005165458
192,field_size_scaled,False,modifiers,inverse_sqrt,500.0,30.0,0.1,0.5,2.0,20.0,5.0,0,27719,2811844,0.14441697233719136,0.4464805511916837,0.7804070687407862,27719,2811844,2811024,0.14441697233719136,0.4464805511916837,0.7804070687407862,38.097608600743115
193,field_size_scaled,False,independent,none,500.0,30.0,0.5,0.5,2.0,20.0,5.0,2,27719,2811844,0.1442585287180471,0.44648669252359346,0.7793554946524825,27719,2811844,2811024,0.1442585287180471,0.44648669252359346,0.7793554946524825,73.58694163803011
194,field_size_scaled,False,independent,none,400.0,20.0,0.2,0.5,2.0,20.0,5.0,1,27719,2811844,0.14456040776192697,0.4464963194335429,0.7781463267478328,27719,2811844,2811024,0.14456040776192697,0.4464963194335429,0.7781463267478328,76.46011401480064
195,field_size_scaled,False,modifiers,none,400.0,20.0,0.1,0.5,2.0,20.0,5.0,2,27719,2811844,0.1444994682049485,0.44655254417823476,0.7797194189732994,27719,2811844,2811024,0.1444994682049485,0.44655254417823476,0.7797194189732994,72.23125170497224
196,field_size_scaled,False,independent,none,400.0,10.0,0.2,0.5,2.0,20.0,5.0,1,27719,2811844,0.14425687761510464,0.44655426064894066,0.7789019232848955,27719,2811844,2811024,0.14425687761510464,0.44655426064894066,0.7789019232848955,46.66704432014376
197,field_size_scaled,False,modifiers,none,600.0,30.0,0.5,0.5,2.0,20.0,5.0,1,27719,2811844,0.14344152689451772,0.4465711730649856,0.78285493115676,27719,2811844,2811024,0.14344152689451772,0.4465711730649856,0.78285493115676,61.71286187320948
198,field_size_scaled,False,independent,inverse_sqrt,400.0,30.0,0.5,0.5,2.0,20.0,5.0,1,27719,2811844,0.1447513118057372,0.44657464779778044,0.7789143742636135,27719,2811844,2811024,0.1447513118057372,0.44657464779778044,0.7789143742636135,74.84295161021873
199,field_size_scaled,False,independent,none,500.0,30.0,0.2,0.5,2.0,20.0,5.0,1,27719,2811844,0.1442547269878355,0.4465766939379111,0.7789090381298772,27719,2811844,2811024,0.1442547269878355,0.4465766939379111,0.7789090381298772,45.991066803690046
200,field_size_scaled,False,modifiers,inverse_sqrt,500.0,20.0,0.1,0.5,2.0,20.0,5.0,0,27719,2811844,0.144356734496703,0.44659893703854814,0.7805952563905537,27719,2811844,2811024,0.144356734496703,0.44659893703854814,0.7805952563905537,51.970226935110986
201,field_size_scaled,False,ignore,inverse_sqrt,500.0,30.0,0.0,0.5,2.0,20.0,5.0,2,27719,2811844,0.1442432583434147,0.4466437123872863,0.7804351723784643,27719,2811844,2811024,0.1442432583434147,0.4466437123872863,0.7804351723784643,36.97135876910761
202,field_size_scaled,False,ignore,inverse_sqrt,500.0,10.0,0.0,0.5,2.0,20.0,5.0,2,27719,2811844,0.1442432583434147,0.4466437123872863,0.7804351723784643,27719,2811844,2811024,0.1442432583434147,0.4466437123872863,0.7804351723784643,69.08030476188287
203,field_size_scaled,False,ignore,inverse_sqrt,500.0,20.0,0.0,0.5,2.0,20.0,5.0,2,27719,2811844,0.1442432583434147,0.4466437123872863,0.7804351723784643,27719,2811844,2811024,0.1442432583434147,0.4466437123872863,0.7804351723784643,66.19303716300055
204,field_size_scaled,False,ignore,inverse_sqrt,400.0,20.0,0.0,0.5,2.0,20.0,5.0,1,27719,2811844,0.1447216156430927,0.4466550331184109,0.7794583041624689,27719,2811844,2811024,0.1447216156430927,0.4466550331184109,0.7794583041624689,56.29412995884195
205,field_size_scaled,False,ignore,inverse_sqrt,400.0,10.0,0.0,0.5,2.0,20.0,5.0,1,27719,2811844,0.1447216156430927,0.4466550331184109,0.7794583041624689,27719,2811844,2811024,0.1447216156430927,0.4466550331184109,0.7794583041624689,69.22438982175663
206,field_size_scaled,False,ignore,inverse_sqrt,400.0,30.0,0.0,0.5,2.0,20.0,5.0,1,27719,2811844,0.1447216156430927,0.4466550331184109,0.7794583041624689,27719,2811844,2811024,0.1447216156430927,0.4466550331184109,0.7794583041624689,61.631679783109576
207,field_size_scaled,False,independent,inverse_sqrt,400.0,30.0,0.1,0.5,2.0,20.0,5.0,2,27719,2811844,0.14486549310059457,0.44668528047820494,0.777928612491391,27719,2811844,2811024,0.14486549310059457,0.44668528047820494,0.777928612491391,70.6841515111737
208,field_size_scaled,False,independent,inverse_sqrt,600.0,30.0,0.1,0.5,2.0,20.0,5.0,2,27719,2811844,0.14394806416207462,0.44671647230414274,0.7800086374218078,27719,2811844,2811024,0.14394806416207462,0.44671647230414274,0.7800086374218078,44.79968660417944
209,field_size_scaled,False,ignore,inverse_sqrt,600.0,20.0,0.1,0.5,2.0,20.0,5.0,2,27719,2811844,0.14362243952217416,0.4467487226850768,0.7823245194633699,27719,2811844,2811024,0.14362243952217416,0.4467487226850768,0.7823245194633699,69.4739297311753
210,field_size_scaled,False,modifiers,none,500.0,20.0,0.5,0.5,2.0,20.0,5.0,2,27719,2811844,0.14348899910222385,0.44675108446055256,0.7829289255445703,27719,2811844,2811024,0.14348899910222385,0.44675108446055256,0.7829289255445703,44.75769747514278
211,field_size_scaled,False,modifiers,none,400.0,30.0,0.1,0.5,2.0,20.0,5.0,2,27719,2811844,0.14465400791399652,0.44677395211559334,0.7794693321721906,27719,2811844,2811024,0.14465400791399652,0.44677395211559334,0.7794693321721906,73.25737289199606
212,field_size_scaled,False,ignore,none,500.0,20.0,0.2,0.5,2.0,20.0,5.0,1,27719,2811844,0.14391508428923788,0.4468004026773476,0.7813049621774841,27719,2811844,2811024,0.14391508428923788,0.4468004026773476,0.7813049621774841,35.06781429797411
213,field_size_scaled,False,modifiers,inverse_sqrt,600.0,10.0,0.1,0.5,2.0,20.0,5.0,1,27719,2811844,0.14328201889688472,0.44682207691920517,0.7833366061620249,27719,2811844,2811024,0.14328201889688472,0.44682207691920517,0.7833366061620249,55.450541348196566
214,field_size_scaled,False,independent,none,400.0,20.0,0.2,0.5,2.0,20.0,5.0,2,27719,2811844,0.14470033778415026,0.44684973368366626,0.7779552931600726,27719,2811844,2811024,0.14470033778415026,0.44684973368366626,0.7779552931600726,57.02636583102867
215,field_size_scaled,False,modifiers,none,500.0,30.0,0.1,0.5,2.0,20.0,5.0,1,27719,2811844,0.14409899146331565,0.44687546254560684,0.7807411107126798,27719,2811844,2811024,0.14409899146331565,0.44687546254560684,0.7807411107126798,72.7578713176772
216,field_size_scaled,False,modifiers,inverse_sqrt,400.0,10.0,0.1,0.5,2.0,20.0,5.0,0,27719,2811844,0.14477484507684557,0.44687966763526704,0.7797155058085594,27719,2811844,2811024,0.14477484507684557,0.44687966763526704,0.7797155058085594,72.81729799322784
217,field_size_scaled,False,independent,none,400.0,10.0,0.2,0.5,2.0,20.0,5.0,2,27719,2811844,0.14440068371659678,0.44691740661382173,0.7787315227475824,27719,2811844,2811024,0.14440068371659678,0.44691740661382173,0.7787315227475824,76.08903741603717
218,field_size_scaled,False,independent,none,500.0,30.0,0.2,0.5,2.0,20.0,5.0,2,27719,2811844,0.14439863976980782,0.44694013808542915,0.778746463922044,27719,2811844,2811024,0.14439863976980782,0.44694013808542915,0.778746463922044,75.08696160884574
219,field_size_scaled,False,modifiers,inverse_sqrt,500.0,10.0,0.2,0.5,2.0,20.0,5.0,0,27719,2811844,0.14396298038823171,0.44694458853478986,0.7819004747024572,27719,2811844,2811024,0.14396298038823171,0.44694458853478986,0.7819004747024572,74.04932182375342
220,field_size_scaled,False,ignore,inverse_sqrt,400.0,20.0,0.5,0.5,2.0,20.0,5.0,0,27719,2811844,0.14466083782114758,0.4469767327469589,0.7806788558190895,27719,2811844,2811024,0.14466083782114758,0.4469767327469589,0.7806788558190895,67.83258704189211
221,field_size_scaled,False,modifiers,none,600.0,30.0,0.5,0.5,2.0,20.0,5.0,2,27719,2811844,0.14360619498722565,0.4469825024503971,0.7826368611580691,27719,2811844,2811024,0.14360619498722565,0.4469825024503971,0.7826368611580691,73.74373184284195
222,field_size_scaled,False,independent,inverse_sqrt,400.0,30.0,0.5,0.5,2.0,20.0,5.0,2,27719,2811844,0.14491792054682454,0.446984005131814,0.7786621530090102,27719,2811844,2811024,0.14491792054682454,0.446984005131814,0.7786621530090102,75.77456126222387
223,field_size_scaled,False,ignore,inverse_sqrt,400.0,20.0,0.0,0.5,2.0,20.0,5.0,2,27719,2811844,0.14485736248632158,0.4470071578342265,0.7792718952239469,27719,2811844,2811024,0.14485736248632158,0.4470071578342265,0.7792718952239469,64.81142450589687
224,field_size_scaled,False,ignore,inverse_sqrt,400.0,10.0,0.0,0.5,2.0,20.0,5.0,2,27719,2811844,0.14485736248632158,0.4470071578342265,0.7792718952239469,27719,2811844,2811024,0.14485736248632158,0.4470071578342265,0.7792718952239469,70.22363644093275
225,field_size_scaled,False,ignore,inverse_sqrt,400.0,30.0,0.0,0.5,2.0,20.0,5.0,2,27719,2811844,0.14485736248632158,0.4470071578342265,0.7792718952239469,27719,2811844,2811024,0.14485736248632158,0.4470071578342265,0.7792718952239469,67.79058618890122
226,field_size_scaled,False,independent,none,400.0,30.0,0.5,0.5,2.0,20.0,5.0,1,27719,2811844,0.14487233270511193,0.44702073649592433,0.7781082623271804,27719,2811844,2811024,0.14487233270511193,0.44702073649592433,0.7781082623271804,67.23506137914956
227,field_size_scaled,False,ignore,inverse_sqrt,400.0,20.0,0.2,0.5,2.0,20.0,5.0,0,27719,2811844,0.1449027272395704,0.4470281917712866,0.779612340556324,27719,2811844,2811024,0.1449027272395704,0.4470281917712866,0.779612340556324,67.95625731535256
228,field_size_scaled,False,ignore,none,500.0,20.0,0.2,0.5,2.0,20.0,5.0,2,27719,2811844,0.1440506920237159,0.4471513061157679,0.7811114383939802,27719,2811844,2811024,0.1440506920237159,0.4471513061157679,0.7811114383939802,67.715292298235
229,field_size_scaled,False,modifiers,inverse_sqrt,500.0,10.0,0.1,0.5,2.0,20.0,5.0,0,27719,2811844,0.1443413203824581,0.44715424749148397,0.780863486046366,27719,2811844,2811024,0.1443413203824581,0.44715424749148397,0.780863486046366,72.76563096279278
230,field_size_scaled,False,independent,none,400.0,30.0,0.2,0.5,2.0,20.0,5.0,1,27719,2811844,0.14492329061456455,0.44716119510037616,0.7776144920854464,27719,2811844,2811024,0.14492329061456455,0.44716119510037616,0.7776144920854464,74.77812246931717
231,field_size_scaled,False,independent,inverse_sqrt,600.0,20.0,0.1,0.5,2.0,20.0,5.0,1,27719,2811844,0.14390553659247743,0.4471631415295652,0.780389637370581,27719,2811844,2811024,0.14390553659247743,0.4471631415295652,0.780389637370581,49.655542713124305
232,field_size_scaled,False,ignore,inverse_sqrt,500.0,30.0,0.5,0.5,2.0,20.0,5.0,0,27719,2811844,0.14466053107080182,0.44716973534519117,0.7806393684294407,27719,2811844,2811024,0.14466053107080182,0.44716973534519117,0.7806393684294407,70.32799800019711
233,field_size_scaled,False,independent,inverse_sqrt,500.0,10.0,0.0,0.5,2.0,20.0,5.0,1,27719,2811844,0.14456540530406498,0.44720719687528737,0.7784576012157847,27719,2811844,2811024,0.14456540530406498,0.44720719687528737,0.7784576012157847,75.02361947717145
234,field_size_scaled,False,independent,inverse_sqrt,500.0,20.0,0.0,0.5,2.0,20.0,5.0,1,27719,2811844,0.14456540530406498,0.44720719687528737,0.7784576012157847,27719,2811844,2811024,0.14456540530406498,0.44720719687528737,0.7784576012157847,76.16526503115892
235,field_size_scaled,False,independent,inverse_sqrt,500.0,30.0,0.0,0.5,2.0,20.0,5.0,1,27719,2811844,0.14456540530406498,0.44720719687528737,0.7784576012157847,27719,2811844,2811024,0.14456540530406498,0.44720719687528737,0.7784576012157847,73.95889313379303
236,field_size_scaled,False,modifiers,none,500.0,30.0,0.1,0.5,2.0,20.0,5.0,2,27719,2811844,0.14423048959333234,0.4472187188031035,0.7805322900124652,27719,2811844,2811024,0.14423048959333234,0.4472187188031035,0.7805322900124652,72.59884234098718
237,field_size_scaled,False,ignore,none,400.0,10.0,0.5,0.5,2.0,20.0,5.0,1,27719,2811844,0.14353290850460973,0.44722134929806995,0.7827627939142462,27719,2811844,2811024,0.14353290850460973,0.44722134929806995,0.7827627939142462,63.99484401894733
238,field_size_scaled,False,modifiers,inverse_sqrt,600.0,10.0,0.1,0.5,2.0,20.0,5.0,2,27719,2811844,0.14343859145394125,0.44723225771814146,0.7830609059189818,27719,2811844,2811024,0.14343859145394125,0.44723225771814146,0.7830609059189818,68.37978516193107
239,field_size_scaled,False,modifiers,none,600.0,30.0,0.2,0.5,2.0,20.0,5.0,1,27719,2811844,0.14365894534282933,0.44730730612458336,0.7821783093989948,27719,2811844,2811024,0.14365894534282933,0.44730730612458336,0.7821783093989948,38.06677435897291
240,field_size_scaled,False,modifiers,inverse_sqrt,400.0,30.0,0.2,0.5,2.0,20.0,5.0,0,27719,2811844,0.14507625024460322,0.44733566879876835,0.7795116654998321,27719,2811844,2811024,0.14507625024460322,0.44733566879876835,0.7795116654998321,54.10399599280208
241,field_size_scaled,False,ignore,inverse_sqrt,400.0,10.0,0.5,0.5,2.0,20.0,5.0,0,27719,2811844,0.14407626333969653,0.44734022079504937,0.7820719424665176,27719,2811844,2811024,0.14407626333969653,0.44734022079504937,0.7820719424665176,39.04147273907438
242,field_size_scaled,False,independent,none,400.0,30.0,0.5,0.5,2.0,20.0,5.0,2,27719,2811844,0.14502753260738174,0.4474000848482459,0.7779108253789366,27719,2811844,2811024,0.14502753260738174,0.4474000848482459,0.7779108253789366,46.86771575920284
243,field_size_scaled,False,modifiers,none,500.0,20.0,0.1,0.5,2.0,20.0,5.0,1,27719,2811844,0.14413918875803558,0.4474347526288661,0.7808325364706954,27719,2811844,2811024,0.14413918875803558,0.4474347526288661,0.7808325364706954,72.61767425900325
244,field_size_scaled,False,independent,none,500.0,20.0,0.2,0.5,2.0,20.0,5.0,1,27719,2811844,0.14428327481439457,0.4474360193432855,0.7791207047680845,27719,2811844,2811024,0.14428327481439457,0.4474360193432855,0.7791207047680845,80.19828500924632
245,field_size_scaled,False,ignore,none,500.0,20.0,0.5,0.5,2.0,20.0,5.0,1,27719,2811844,0.14371219863034584,0.4474360511909201,0.7825525502450352,27719,2811844,2811024,0.14371219863034584,0.4474360511909201,0.7825525502450352,66.55774572491646
246,field_size_scaled,False,ignore,inverse_sqrt,600.0,30.0,0.2,0.5,2.0,20.0,5.0,0,27719,2811844,0.14431003106352494,0.44750597300335276,0.7811779621945597,27719,2811844,2811024,0.14431003106352494,0.44750597300335276,0.7811779621945597,71.41082689585164
247,field_size_scaled,False,independent,none,400.0,30.0,0.2,0.5,2.0,20.0,5.0,2,27719,2811844,0.14506134442834323,0.44751079750798567,0.7774166993949536,27719,2811844,2811024,0.14506134442834323,0.44751079750798567,0.7774166993949536,51.85758598893881
248,field_size_scaled,False,modifiers,none,400.0,20.0,0.5,0.5,2.0,20.0,5.0,0,27719,2811844,0.14472753197543511,0.4475734220661714,0.7803690043201339,27719,2811844,2811024,0.14472753197543511,0.4475734220661714,0.7803690043201339,46.641390486154705
249,field_size_scaled,False,independent,inverse_sqrt,600.0,20.0,0.1,0.5,2.0,20.0,5.0,2,27719,2811844,0.1440654187964728,0.44757465387593315,0.7801295897864977,27719,2811844,2811024,0.1440654187964728,0.44757465387593315,0.7801295897864977,79.7791180210188
250,field_size_scaled,False,independent,inverse_sqrt,500.0,10.0,0.0,0.5,2.0,20.0,5.0,2,27719,2811844,0.1447121537434727,0.44758826345789565,0.7782064471879286,27719,2811844,2811024,0.1447121537434727,0.44758826345789565,0.7782064471879286,40.14065312873572
251,field_size_scaled,False,independent,inverse_sqrt,500.0,20.0,0.0,0.5,2.0,20.0,5.0,2,27719,2811844,0.1447121537434727,0.44758826345789565,0.7782064471879286,27719,2811844,2811024,0.1447121537434727,0.44758826345789565,0.7782064471879286,76.10493496898562
252,field_size_scaled,False,independent,inverse_sqrt,500.0,30.0,0.0,0.5,2.0,20.0,5.0,2,27719,2811844,0.1447121537434727,0.44758826345789565,0.7782064471879286,27719,2811844,2811024,0.1447121537434727,0.44758826345789565,0.7782064471879286,75.27670992724597
253,field_size_scaled,False,independent,inverse_sqrt,500.0,30.0,0.2,0.5,2.0,20.0,5.0,0,27719,2811844,0.1449651532836248,0.4476030395372057,0.7781989766006978,27719,2811844,2811024,0.1449651532836248,0.4476030395372057,0.7781989766006978,72.28849442815408
254,field_size_scaled,False,modifiers,inverse_sqrt,400.0,20.0,0.1,0.5,2.0,20.0,5.0,0,27719,2811844,0.1451240340685869,0.4476043586564316,0.7792473490087598,27719,2811844,2811024,0.1451240340685869,0.4476043586564316,0.7792473490087598,75.52270986512303
255,field_size_scaled,False,independent,inverse_sqrt,400.0,10.0,0.2,0.5,2.0,20.0,5.0,0,27719,2811844,0.14497482489888952,0.4476114891167814,0.7781922174979652,27719,2811844,2811024,0.14497482489888952,0.4476114891167814,0.7781922174979652,79.73511914303526
256,field_size_scaled,False,ignore,none,400.0,10.0,0.5,0.5,2.0,20.0,5.0,2,27719,2811844,0.1436858867428223,0.447615398735086,0.7825415222353136,27719,2811844,2811024,0.1436858867428223,0.447615398735086,0.7825415222353136,61.93286527087912
257,field_size_scaled,False,modifiers,inverse_sqrt,600.0,30.0,0.0,0.5,2.0,20.0,5.0,1,27719,2811844,0.14386189933806673,0.447633446602312,0.7818567184058194,27719,2811844,2811024,0.14386189933806673,0.447633446602312,0.7818567184058194,41.246513216756284
258,field_size_scaled,False,modifiers,inverse_sqrt,600.0,10.0,0.0,0.5,2.0,20.0,5.0,1,27719,2811844,0.14386189933806673,0.447633446602312,0.7818567184058194,27719,2811844,2811024,0.14386189933806673,0.447633446602312,0.7818567184058194,56.399032860063016
259,field_size_scaled,False,modifiers,inverse_sqrt,600.0,20.0,0.0,0.5,2.0,20.0,5.0,1,27719,2811844,0.14386189933806673,0.447633446602312,0.7818567184058194,27719,2811844,2811024,0.14386189933806673,0.447633446602312,0.7818567184058194,66.38016250729561
260,field_size_scaled,False,modifiers,none,600.0,30.0,0.2,0.5,2.0,20.0,5.0,2,27719,2811844,0.1438011356970434,0.4476770818465644,0.7820153794489125,27719,2811844,2811024,0.1438011356970434,0.4476770818465644,0.7820153794489125,44.53635856509209
261,field_size_scaled,False,independent,inverse_sqrt,500.0,20.0,0.2,0.5,2.0,20.0,5.0,0,27719,2811844,0.14481286494181073,0.44769944260088546,0.7785461810358076,27719,2811844,2811024,0.14481286494181073,0.44769944260088546,0.7785461810358076,76.62399631505832
262,field_size_scaled,False,ignore,inverse_sqrt,500.0,30.0,0.1,0.5,2.0,20.0,5.0,0,27719,2811844,0.14485273860999537,0.4477167463138002,0.7796518279459728,27719,2811844,2811024,0.14485273860999537,0.4477167463138002,0.7796518279459728,67.69553453102708
263,field_size_scaled,False,ignore,none,400.0,20.0,0.1,0.5,2.0,20.0,5.0,1,27719,2811844,0.1448958330162425,0.44776203895660754,0.7791114554696082,27719,2811844,2811024,0.1448958330162425,0.44776203895660754,0.7791114554696082,67.67461568722501
264,field_size_scaled,False,ignore,none,400.0,10.0,0.1,0.5,2.0,20.0,5.0,1,27719,2811844,0.14473337283923093,0.44777616687559685,0.7794334022050328,27719,2811844,2811024,0.14473337283923093,0.44777616687559685,0.7794334022050328,35.906077201943845
265,field_size_scaled,False,modifiers,none,500.0,20.0,0.1,0.5,2.0,20.0,5.0,2,27719,2811844,0.1442718186190846,0.4477818463743218,0.7806781443345913,27719,2811844,2811024,0.1442718186190846,0.4477818463743218,0.7806781443345913,55.217064960394055
266,field_size_scaled,False,ignore,none,600.0,30.0,0.5,0.5,2.0,20.0,5.0,1,27719,2811844,0.14386397246939406,0.4477854532103188,0.7821480713078224,27719,2811844,2811024,0.14386397246939406,0.4477854532103188,0.7821480713078224,68.91375213628635
267,field_size_scaled,False,independent,none,500.0,20.0,0.2,0.5,2.0,20.0,5.0,2,27719,2811844,0.1444298774425061,0.4478074553119246,0.778952438684266,27719,2811844,2811024,0.1444298774425061,0.4478074553119246,0.778952438684266,75.44301919499412
268,field_size_scaled,False,modifiers,inverse_sqrt,500.0,20.0,0.5,0.5,2.0,20.0,5.0,0,27719,2811844,0.14423995729909075,0.44782121303267963,0.7819830069042456,27719,2811844,2811024,0.14423995729909075,0.44782121303267963,0.7819830069042456,74.13998509105295
269,field_size_scaled,False,ignore,none,500.0,20.0,0.5,0.5,2.0,20.0,5.0,2,27719,2811844,0.1438754287191385,0.44784816939704103,0.7823077995776628,27719,2811844,2811024,0.1438754287191385,0.44784816939704103,0.7823077995776628,67.75616413587704
270,field_size_scaled,False,ignore,inverse_sqrt,500.0,20.0,0.1,0.5,2.0,20.0,5.0,0,27719,2811844,0.14480560327688868,0.4478824540154678,0.7798464189562238,27719,2811844,2811024,0.14480560327688868,0.4478824540154678,0.7798464189562238,58.42324583278969
271,field_size_scaled,False,modifiers,inverse_sqrt,600.0,20.0,0.2,0.5,2.0,20.0,5.0,0,27719,2811844,0.14410172923575312,0.44791959598464887,0.7818784186830138,27719,2811844,2811024,0.14410172923575312,0.44791959598464887,0.7818784186830138,39.028177914209664
272,field_size_scaled,False,ignore,none,400.0,30.0,0.1,0.5,2.0,20.0,5.0,1,27719,2811844,0.14503642524645713,0.4479287210106338,0.7788862706259356,27719,2811844,2811024,0.14503642524645713,0.4479287210106338,0.7788862706259356,44.186329637188464
273,field_size_scaled,False,modifiers,inverse_sqrt,600.0,30.0,0.5,0.5,2.0,20.0,5.0,0,27719,2811844,0.14431475555733148,0.44794522240257245,0.7817969537079726,27719,2811844,2811024,0.14431475555733148,0.44794522240257245,0.7817969537079726,72.70950949378312
274,field_size_scaled,False,ignore,inverse_sqrt,400.0,10.0,0.1,0.5,2.0,20.0,5.0,0,27719,2811844,0.14517511130785865,0.44799195083732646,0.779037816824047,27719,2811844,2811024,0.14517511130785865,0.44799195083732646,0.779037816824047,69.7343876529485
275,field_size_scaled,False,modifiers,inverse_sqrt,600.0,10.0,0.0,0.5,2.0,20.0,5.0,2,27719,2811844,0.14400916285572823,0.4480232213254866,0.7816304663353995,27719,2811844,2811024,0.14400916285572823,0.4480232213254866,0.7816304663353995,74.13947605760768
276,field_size_scaled,False,modifiers,inverse_sqrt,600.0,20.0,0.0,0.5,2.0,20.0,5.0,2,27719,2811844,0.14400916285572823,0.4480232213254866,0.7816304663353995,27719,2811844,2811024,0.14400916285572823,0.4480232213254866,0.7816304663353995,74.01806647656485
277,field_size_scaled,False,modifiers,inverse_sqrt,600.0,30.0,0.0,0.5,2.0,20.0,5.0,2,27719,2811844,0.14400916285572823,0.4480232213254866,0.7816304663353995,27719,2811844,2811024,0.14400916285572823,0.4480232213254866,0.7816304663353995,69.13598084636033
278,field_size_scaled,False,independent,inverse_sqrt,400.0,30.0,0.0,0.5,2.0,20.0,5.0,1,27719,2811844,0.14530373629262408,0.44802638605066103,0.7770979543397708,27719,2811844,2811024,0.14530373629262408,0.44802638605066103,0.7770979543397708,61.57039741333574
279,field_size_scaled,False,independent,inverse_sqrt,400.0,10.0,0.0,0.5,2.0,20.0,5.0,1,27719,2811844,0.14530373629262408,0.44802638605066103,0.7770979543397708,27719,2811844,2811024,0.14530373629262408,0.44802638605066103,0.7770979543397708,69.76600887067616
280,field_size_scaled,False,independent,inverse_sqrt,400.0,20.0,0.0,0.5,2.0,20.0,5.0,1,27719,2811844,0.14530373629262408,0.44802638605066103,0.7770979543397708,27719,2811844,2811024,0.14530373629262408,0.44802638605066103,0.7770979543397708,75.9653336503543
281,field_size_scaled,False,modifiers,none,500.0,30.0,0.5,0.5,2.0,20.0,5.0,0,27719,2811844,0.1448036723447511,0.44803199975907865,0.7802270631627478,27719,2811844,2811024,0.1448036723447511,0.44803199975907865,0.7802270631627478,72.8827844010666
282,field_size_scaled,False,ignore,none,400.0,20.0,0.1,0.5,2.0,20.0,5.0,2,27719,2811844,0.1450207568575602,0.4480879143381814,0.7789712930234676,27719,2811844,2811024,0.1450207568575602,0.4480879143381814,0.7789712930234676,51.619786634109914
283,field_size_scaled,False,ignore,none,400.0,10.0,0.1,0.5,2.0,20.0,5.0,2,27719,2811844,0.1448592619358633,0.44810469024796934,0.7792708279971996,27719,2811844,2811024,0.1448592619358633,0.44810469024796934,0.7792708279971996,41.26418851315975
284,field_size_scaled,False,modifiers,inverse_sqrt,400.0,30.0,0.1,0.5,2.0,20.0,5.0,0,27719,2811844,0.14537162560840627,0.4481818245849486,0.7789300269225734,27719,2811844,2811024,0.14537162560840627,0.4481818245849486,0.7789300269225734,72.73251939192414
285,field_size_scaled,False,ignore,inverse_sqrt,400.0,30.0,0.2,0.5,2.0,20.0,5.0,0,27719,2811844,0.14539622909410838,0.4481946665326469,0.7789862341979293,27719,2811844,2811024,0.14539622909410838,0.4481946665326469,0.7789862341979293,68.97318197973073
286,field_size_scaled,False,ignore,none,600.0,30.0,0.5,0.5,2.0,20.0,5.0,2,27719,2811844,0.1440272308409411,0.4481961061906408,0.7819289340823842,27719,2811844,2811024,0.1440272308409411,0.4481961061906408,0.7819289340823842,45.658559347037226
287,field_size_scaled,False,ignore,inverse_sqrt,500.0,10.0,0.2,0.5,2.0,20.0,5.0,0,27719,2811844,0.1444002986333327,0.44820725413525997,0.7812270546249338,27719,2811844,2811024,0.1444002986333327,0.44820725413525997,0.7812270546249338,61.94147436320782
288,field_size_scaled,False,ignore,none,400.0,30.0,0.1,0.5,2.0,20.0,5.0,2,27719,2811844,0.14516086749323348,0.44825345710673214,0.7787489541177877,27719,2811844,2811024,0.14516086749323348,0.44825345710673214,0.7787489541177877,62.4018449569121
289,field_size_scaled,False,modifiers,inverse_sqrt,600.0,30.0,0.1,0.5,2.0,20.0,5.0,0,27719,2811844,0.14444874035470925,0.4482535963258109,0.7809634496183597,27719,2811844,2811024,0.14444874035470925,0.4482535963258109,0.7809634496183597,56.68783939164132
290,field_size_scaled,False,independent,none,400.0,10.0,0.5,0.5,2.0,20.0,5.0,1,27719,2811844,0.1439998339613338,0.4482537114821457,0.7805831611540848,27719,2811844,2811024,0.1439998339613338,0.4482537114821457,0.7805831611540848,76.64432160602883
291,field_size_scaled,False,modifiers,none,400.0,20.0,0.2,0.5,2.0,20.0,5.0,0,27719,2811844,0.14520634288510875,0.44835518135164054,0.7789552846222586,27719,2811844,2811024,0.14520634288510875,0.44835518135164054,0.7789552846222586,72.57078691013157
292,field_size_scaled,False,modifiers,inverse_sqrt,600.0,10.0,0.2,0.5,2.0,20.0,5.0,1,27719,2811844,0.14328640907246493,0.44836349604279396,0.7840445332377098,27719,2811844,2811024,0.14328640907246493,0.44836349604279396,0.7840445332377098,73.94256481388584
293,field_size_scaled,False,modifiers,none,500.0,10.0,0.2,0.5,2.0,20.0,5.0,1,27719,2811844,0.14382581833951405,0.44838426722598934,0.7821758192032512,27719,2811844,2811024,0.14382581833951405,0.44838426722598934,0.7821758192032512,63.2086875080131
294,field_size_scaled,False,independent,inverse_sqrt,400.0,10.0,0.0,0.5,2.0,20.0,5.0,2,27719,2811844,0.1454442793055522,0.44839163370226165,0.7768930468042963,27719,2811844,2811024,0.1454442793055522,0.44839163370226165,0.7768930468042963,56.695286822039634
295,field_size_scaled,False,independent,inverse_sqrt,400.0,20.0,0.0,0.5,2.0,20.0,5.0,2,27719,2811844,0.1454442793055522,0.44839163370226165,0.7768930468042963,27719,2811844,2811024,0.1454442793055522,0.44839163370226165,0.7768930468042963,76.91291932715103
296,field_size_scaled,False,independent,inverse_sqrt,400.0,30.0,0.0,0.5,2.0,20.0,5.0,2,27719,2811844,0.1454442793055522,0.44839163370226165,0.7768930468042963,27719,2811844,2811024,0.1454442793055522,0.44839163370226165,0.7768930468042963,70.98505613394082
297,field_size_scaled,False,ignore,inverse_sqrt,600.0,10.0,0.1,0.5,2.0,20.0,5.0,1,27719,2811844,0.14379682827868365,0.4484032724936417,0.7826535810437762,27719,2811844,2811024,0.14379682827868365,0.4484032724936417,0.7826535810437762,51.51435562921688
298,field_size_scaled,False,independent,none,400.0,10.0,0.1,0.5,2.0,20.0,5.0,1,27719,2811844,0.14510211773693518,0.4484295219201615,0.7773387918424033,27719,2811844,2811024,0.14510211773693518,0.4484295219201615,0.7773387918424033,78.61058861576021
299,field_size_scaled,False,modifiers,none,400.0,10.0,0.2,0.5,2.0,20.0,5.0,0,27719,2811844,0.14490877851980016,0.4484534525235774,0.7796603657599508,27719,2811844,2811024,0.14490877851980016,0.4484534525235774,0.7796603657599508,55.05380746489391
300,field_size_scaled,False,modifiers,none,500.0,30.0,0.2,0.5,2.0,20.0,5.0,0,27719,2811844,0.14490680688682844,0.44847709324139134,0.7796717495119216,27719,2811844,2811024,0.14490680688682844,0.44847709324139134,0.7796717495119216,58.01136089116335
301,field_size_scaled,False,modifiers,inverse_sqrt,400.0,30.0,0.5,0.5,2.0,20.0,5.0,0,27719,2811844,0.14546035330366783,0.44849327977234854,0.7795404806220082,27719,2811844,2811024,0.14546035330366783,0.44849327977234854,0.7795404806220082,41.559654001146555
302,field_size_scaled,False,ignore,inverse_sqrt,500.0,10.0,0.1,0.5,2.0,20.0,5.0,0,27719,2811844,0.1448130438771024,0.44852270364557484,0.780114648612036,27719,2811844,2811024,0.1448130438771024,0.44852270364557484,0.780114648612036,64.24211550084874
303,field_size_scaled,False,independent,none,400.0,20.0,0.1,0.5,2.0,20.0,5.0,1,27719,2811844,0.14530207016499017,0.4485651274889776,0.7769389375544286,27719,2811844,2811024,0.14530207016499017,0.4485651274889776,0.7769389375544286,76.83379598986357
304,field_size_scaled,False,ignore,none,400.0,20.0,0.5,0.5,2.0,20.0,5.0,0,27719,2811844,0.14509048209494538,0.4485689692028914,0.779798749494846,27719,2811844,2811024,0.14509048209494538,0.4485689692028914,0.779798749494846,34.9950689766556
305,field_size_scaled,False,independent,none,500.0,20.0,0.5,0.5,2.0,20.0,5.0,1,27719,2811844,0.14419785905889188,0.4485726184411135,0.7802444945329531,27719,2811844,2811024,0.14419785905889188,0.4485726184411135,0.7802444945329531,54.519363570958376
306,field_size_scaled,False,ignore,inverse_sqrt,500.0,20.0,0.5,0.5,2.0,20.0,5.0,0,27719,2811844,0.14454074624973642,0.44863839524879656,0.7814515279841083,27719,2811844,2811024,0.14454074624973642,0.44863839524879656,0.7814515279841083,64.79428964713588
307,field_size_scaled,False,ignore,inverse_sqrt,400.0,20.0,0.1,0.5,2.0,20.0,5.0,0,27719,2811844,0.1455034137758774,0.44864625956824067,0.7785856684254564,27719,2811844,2811024,0.1455034137758774,0.44864625956824067,0.7785856684254564,44.70230872230604
308,field_size_scaled,False,independent,none,400.0,10.0,0.5,0.5,2.0,20.0,5.0,2,27719,2811844,0.14416246681835726,0.4486625610622742,0.780381455298852,27719,2811844,2811024,0.14416246681835726,0.4486625610622742,0.780381455298852,65.51122160628438
309,field_size_scaled,False,independent,inverse_sqrt,600.0,30.0,0.2,0.5,2.0,20.0,5.0,0,27719,2811844,0.14483998371426404,0.44869171621444653,0.7789015675426464,27719,2811844,2811024,0.14483998371426404,0.44869171621444653,0.7789015675426464,74.94874135730788
310,field_size_scaled,False,ignore,none,500.0,30.0,0.1,0.5,2.0,20.0,5.0,1,27719,2811844,0.1446910942346009,0.4486954491665411,0.779851399347711,27719,2811844,2811024,0.1446910942346009,0.4486954491665411,0.779851399347711,67.49786762800068
311,field_size_scaled,False,independent,inverse_sqrt,400.0,20.0,0.2,0.5,2.0,20.0,5.0,0,27719,2811844,0.14557571882002687,0.44872532962758693,0.7771779963458156,27719,2811844,2811024,0.14557571882002687,0.44872532962758693,0.7771779963458156,77.23559932177886
312,field_size_scaled,False,modifiers,none,500.0,10.0,0.2,0.5,2.0,20.0,5.0,2,27719,2811844,0.1439694500129014,0.4487595236684096,0.7820036399546927,27719,2811844,2811024,0.1439694500129014,0.4487595236684096,0.7820036399546927,73.73320619389415
313,field_size_scaled,False,independent,none,600.0,30.0,0.5,0.5,2.0,20.0,5.0,1,27719,2811844,0.14430863898047297,0.44877514761092724,0.7799552760844447,27719,2811844,2811024,0.14430863898047297,0.44877514761092724,0.7799552760844447,37.51986874919385
314,field_size_scaled,False,independent,none,400.0,10.0,0.1,0.5,2.0,20.0,5.0,2,27719,2811844,0.14523883461398318,0.44877995456433584,0.7771061364114998,27719,2811844,2811024,0.14523883461398318,0.44877995456433584,0.7771061364114998,71.51040071202442
315,field_size_scaled,False,modifiers,none,500.0,10.0,0.1,0.5,2.0,20.0,5.0,1,27719,2811844,0.14429887157010304,0.44878881095513945,0.7809260966822055,27719,2811844,2811024,0.14429887157010304,0.44878881095513945,0.7809260966822055,73.7274160226807
316,field_size_scaled,False,modifiers,inverse_sqrt,600.0,10.0,0.2,0.5,2.0,20.0,5.0,2,27719,2811844,0.14345422809385325,0.4488020915145803,0.7837368161922488,27719,2811844,2811024,0.14345422809385325,0.4488020915145803,0.7837368161922488,72.89698525005952
317,field_size_scaled,False,ignore,inverse_sqrt,600.0,30.0,0.5,0.5,2.0,20.0,5.0,0,27719,2811844,0.1446298397387888,0.4488063837277064,0.7812064215744867,27719,2811844,2811024,0.1446298397387888,0.4488063837277064,0.7812064215744867,36.49935471313074
318,field_size_scaled,False,ignore,inverse_sqrt,600.0,10.0,0.1,0.5,2.0,20.0,5.0,2,27719,2811844,0.14395399197755612,0.4488112106558641,0.7823714774402495,27719,2811844,2811024,0.14395399197755612,0.4488112106558641,0.7823714774402495,42.68280867114663
319,field_size_scaled,False,independent,none,400.0,30.0,0.1,0.5,2.0,20.0,5.0,1,27719,2811844,0.1454646034262795,0.44881671123778266,0.7766813801660889,27719,2811844,2811024,0.1454646034262795,0.44881671123778266,0.7766813801660889,47.308059306349605
320,field_size_scaled,False,independent,inverse_sqrt,400.0,10.0,0.5,0.5,2.0,20.0,5.0,0,27719,2811844,0.14468874377305402,0.44884472733681485,0.7796674806049326,27719,2811844,2811024,0.14468874377305402,0.44884472733681485,0.7796674806049326,76.21701369294897
321,field_size_scaled,False,independent,inverse_sqrt,400.0,20.0,0.5,0.5,2.0,20.0,5.0,0,27719,2811844,0.14538898537706874,0.44888311254678065,0.7782587412985446,27719,2811844,2811024,0.14538898537706874,0.44888311254678065,0.7782587412985446,71.81156366597861
322,field_size_scaled,False,modifiers,none,400.0,30.0,0.5,0.5,2.0,20.0,5.0,0,27719,2811844,0.14555858003044148,0.44888761657066745,0.7787816824047038,27719,2811844,2811024,0.14555858003044148,0.44888761657066745,0.7787816824047038,73.65455979993567
323,field_size_scaled,False,independent,none,400.0,20.0,0.1,0.5,2.0,20.0,5.0,2,27719,2811844,0.14543727101178425,0.44891177489814127,0.7767464809976721,27719,2811844,2811024,0.14543727101178425,0.44891177489814127,0.7767464809976721,41.34048302099109
324,field_size_scaled,False,modifiers,inverse_sqrt,600.0,20.0,0.5,0.5,2.0,20.0,5.0,1,27719,2811844,0.1434098178641529,0.4489618027966957,0.7840221214760172,27719,2811844,2811024,0.1434098178641529,0.4489618027966957,0.7840221214760172,74.2037948560901
325,field_size_scaled,False,independent,inverse_sqrt,500.0,30.0,0.1,0.5,2.0,20.0,5.0,0,27719,2811844,0.14539731554647928,0.44896187866871434,0.7773914416952683,27719,2811844,2811024,0.14539731554647928,0.44896187866871434,0.7773914416952683,75.05469823395833
326,field_size_scaled,False,independent,inverse_sqrt,500.0,30.0,0.5,0.5,2.0,20.0,5.0,0,27719,2811844,0.14535757050351425,0.4489775358032988,0.778223878558134,27719,2811844,2811024,0.14535757050351425,0.4489775358032988,0.778223878558134,50.1714898571372
327,field_size_scaled,False,independent,none,500.0,20.0,0.5,0.5,2.0,20.0,5.0,2,27719,2811844,0.14436965941188856,0.4489958663021399,0.7800399427397275,27719,2811844,2811024,0.14436965941188856,0.4489958663021399,0.7800399427397275,77.9638129370287
328,field_size_scaled,False,modifiers,none,400.0,30.0,0.2,0.5,2.0,20.0,5.0,0,27719,2811844,0.14556684010840654,0.4490032628677268,0.7783985480024361,27719,2811844,2811024,0.14556684010840654,0.4490032628677268,0.7783985480024361,72.42197800474241
329,field_size_scaled,False,ignore,none,500.0,30.0,0.1,0.5,2.0,20.0,5.0,2,27719,2811844,0.1448189615122076,0.44903047028699683,0.7797240436225376,27719,2811844,2811024,0.1448189615122076,0.44903047028699683,0.7797240436225376,59.81361492490396
330,field_size_scaled,False,ignore,none,600.0,30.0,0.2,0.5,2.0,20.0,5.0,1,27719,2811844,0.14422192122667468,0.4490479269261218,0.7813864271525252,27719,2811844,2811024,0.14422192122667468,0.4490479269261218,0.7813864271525252,69.07707815570757
331,field_size_scaled,False,independent,inverse_sqrt,500.0,20.0,0.1,0.5,2.0,20.0,5.0,0,27719,2811844,0.14533046929217833,0.44905347125018374,0.7776176937656882,27719,2811844,2811024,0.14533046929217833,0.44905347125018374,0.7776176937656882,69.90249071177095
332,field_size_scaled,False,independent,inverse_sqrt,600.0,10.0,0.1,0.5,2.0,20.0,5.0,1,27719,2811844,0.14420196302975286,0.44907381715632383,0.7804728810568675,27719,2811844,2811024,0.14420196302975286,0.44907381715632383,0.7804728810568675,56.33754156390205
333,field_size_scaled,False,independent,none,500.0,30.0,0.1,0.5,2.0,20.0,5.0,1,27719,2811844,0.14499878576122896,0.4490905027982022,0.7777510971090962,27719,2811844,2811024,0.14499878576122896,0.4490905027982022,0.7777510971090962,78.02972816023976
334,field_size_scaled,False,modifiers,inverse_sqrt,600.0,20.0,0.1,0.5,2.0,20.0,5.0,0,27719,2811844,0.14456640533183596,0.449121215516085,0.7810047157192539,27719,2811844,2811024,0.14456640533183596,0.449121215516085,0.7810047157192539,70.07277469104156
335,field_size_scaled,False,modifiers,inverse_sqrt,500.0,10.0,0.0,0.5,2.0,20.0,5.0,0,27719,2811844,0.14521150348451387,0.4491281145696381,0.7792128420105983,27719,2811844,2811024,0.14521150348451387,0.4491281145696381,0.7792128420105983,73.99488785909489
336,field_size_scaled,False,modifiers,inverse_sqrt,500.0,20.0,0.0,0.5,2.0,20.0,5.0,0,27719,2811844,0.14521150348451387,0.4491281145696381,0.7792128420105983,27719,2811844,2811024,0.14521150348451387,0.4491281145696381,0.7792128420105983,74.1103075989522
337,field_size_scaled,False,modifiers,inverse_sqrt,500.0,30.0,0.0,0.5,2.0,20.0,5.0,0,27719,2811844,0.14521150348451387,0.4491281145696381,0.7792128420105983,27719,2811844,2811024,0.14521150348451387,0.4491281145696381,0.7792128420105983,72.90201383130625
338,field_size_scaled,False,modifiers,none,500.0,10.0,0.1,0.5,2.0,20.0,5.0,2,27719,2811844,0.14443363256575475,0.44914361988923807,0.7807870014628121,27719,2811844,2811024,0.14443363256575475,0.44914361988923807,0.7807870014628121,70.17884011613205
339,field_size_scaled,False,ignore,inverse_sqrt,400.0,30.0,0.5,0.5,2.0,20.0,5.0,0,27719,2811844,0.1457110072591634,0.44915047967759414,0.7791018504288828,27719,2811844,2811024,0.1457110072591634,0.44915047967759414,0.7791018504288828,61.884209722746164
340,field_size_scaled,False,ignore,none,500.0,30.0,0.5,0.5,2.0,20.0,5.0,0,27719,2811844,0.1452059654964816,0.4491547845697274,0.7795789007849097,27719,2811844,2811024,0.1452059654964816,0.4491547845697274,0.7795789007849097,53.94777132803574
341,field_size_scaled,False,independent,none,400.0,30.0,0.1,0.5,2.0,20.0,5.0,2,27719,2811844,0.14559901694977243,0.4491616166885838,0.7764921252895742,27719,2811844,2811024,0.14559901694977243,0.4491616166885838,0.7764921252895742,74.85616179881617
342,field_size_scaled,False,ignore,inverse_sqrt,400.0,30.0,0.1,0.5,2.0,20.0,5.0,0,27719,2811844,0.1457390882603144,0.44918428738917543,0.7783306012328604,27719,2811844,2811024,0.1457390882603144,0.44918428738917543,0.7783306012328604,67.9888709182851
343,field_size_scaled,False,independent,none,600.0,30.0,0.5,0.5,2.0,20.0,5.0,2,27719,2811844,0.14448125627016148,0.44919902222343716,0.7797325814365157,27719,2811844,2811024,0.14448125627016148,0.44919902222343716,0.7797325814365157,46.10911173885688
344,field_size_scaled,False,ignore,inverse_sqrt,600.0,20.0,0.2,0.5,2.0,20.0,5.0,0,27719,2811844,0.14455148309367838,0.44923041776100475,0.7812082002857321,27719,2811844,2811024,0.14455148309367838,0.44923041776100475,0.7812082002857321,67.83801279310137
345,field_size_scaled,False,modifiers,none,400.0,10.0,0.0,0.5,2.0,20.0,5.0,1,27719,2811844,0.1454217635332806,0.449318337951046,0.7782914695854607,27719,2811844,2811024,0.1454217635332806,0.449318337951046,0.7782914695854607,73.66045760177076
346,field_size_scaled,False,modifiers,none,400.0,30.0,0.0,0.5,2.0,20.0,5.0,1,27719,2811844,0.1454217635332806,0.449318337951046,0.7782914695854607,27719,2811844,2811024,0.1454217635332806,0.449318337951046,0.7782914695854607,66.45744146220386
347,field_size_scaled,False,modifiers,none,400.0,20.0,0.0,0.5,2.0,20.0,5.0,1,27719,2811844,0.1454217635332806,0.449318337951046,0.7782914695854607,27719,2811844,2811024,0.1454217635332806,0.449318337951046,0.7782914695854607,72.78806115826592
348,field_size_scaled,False,ignore,none,500.0,20.0,0.1,0.5,2.0,20.0,5.0,1,27719,2811844,0.14474694107398484,0.44932313779809013,0.7799193461172867,27719,2811844,2811024,0.14474694107398484,0.44932313779809013,0.7799193461172867,67.31069280998781
349,field_size_scaled,False,independent,inverse_sqrt,500.0,10.0,0.2,0.5,2.0,20.0,5.0,0,27719,2811844,0.14491441469132843,0.44933006542074866,0.7789435451280388,27719,2811844,2811024,0.14491441469132843,0.44933006542074866,0.7789435451280388,39.8431974099949
350,field_size_scaled,False,modifiers,none,500.0,20.0,0.2,0.5,2.0,20.0,5.0,0,27719,2811844,0.14494007535674475,0.449368455258822,0.7798962228710961,27719,2811844,2811024,0.14494007535674475,0.449368455258822,0.7798962228710961,73.81835964368656
351,field_size_scaled,False,ignore,inverse_sqrt,600.0,30.0,0.0,0.5,2.0,20.0,5.0,1,27719,2811844,0.14442212002093835,0.4493707642791856,0.7811110826517312,27719,2811844,2811024,0.14442212002093835,0.4493707642791856,0.7811110826517312,39.937209350056946
352,field_size_scaled,False,ignore,inverse_sqrt,600.0,10.0,0.0,0.5,2.0,20.0,5.0,1,27719,2811844,0.14442212002093835,0.4493707642791856,0.7811110826517312,27719,2811844,2811024,0.14442212002093835,0.4493707642791856,0.7811110826517312,67.9004782922566
353,field_size_scaled,False,ignore,inverse_sqrt,600.0,20.0,0.0,0.5,2.0,20.0,5.0,1,27719,2811844,0.14442212002093835,0.4493707642791856,0.7811110826517312,27719,2811844,2811024,0.14442212002093835,0.4493707642791856,0.7811110826517312,68.03239517472684
354,field_size_scaled,False,ignore,none,600.0,30.0,0.2,0.5,2.0,20.0,5.0,2,27719,2811844,0.1443603726607408,0.44940957922198604,0.7812501778711245,27719,2811844,2811024,0.1443603726607408,0.44940957922198604,0.7812501778711245,65.41012206114829
355,field_size_scaled,False,independent,inverse_sqrt,400.0,10.0,0.1,0.5,2.0,20.0,5.0,0,27719,2811844,0.145775072991391,0.44943682807988733,0.7766820916505871,27719,2811844,2811024,0.145775072991391,0.44943682807988733,0.7766820916505871,57.75036837812513
356,field_size_scaled,False,modifiers,inverse_sqrt,600.0,20.0,0.5,0.5,2.0,20.0,5.0,2,27719,2811844,0.1435988476139589,0.4494423948303685,0.7837474884597214,27719,2811844,2811024,0.1435988476139589,0.4494423948303685,0.7837474884597214,72.90700974361971
357,field_size_scaled,False,independent,none,500.0,30.0,0.1,0.5,2.0,20.0,5.0,2,27719,2811844,0.14513846280166529,0.44944962675404504,0.7775899458702594,27719,2811844,2811024,0.14513846280166529,0.44944962675404504,0.7775899458702594,60.54548692982644
358,field_size_scaled,False,independent,none,600.0,30.0,0.2,0.5,2.0,20.0,5.0,1,27719,2811844,0.14454287803827764,0.4494720693018,0.7792996431193757,27719,2811844,2811024,0.14454287803827764,0.4494720693018,0.7792996431193757,57.645109713077545
359,field_size_scaled,False,independent,inverse_sqrt,600.0,10.0,0.1,0.5,2.0,20.0,5.0,2,27719,2811844,0.1443653578094901,0.4494973502360754,0.7801566261974284,27719,2811844,2811024,0.1443653578094901,0.4494973502360754,0.7801566261974284,76.36210040189326
360,field_size_scaled,False,independent,inverse_sqrt,500.0,10.0,0.1,0.5,2.0,20.0,5.0,0,27719,2811844,0.14530442507802918,0.4495635950320467,0.777822957043412,27719,2811844,2811024,0.14530442507802918,0.4495635950320467,0.777822957043412,60.98919015470892
361,field_size_scaled,False,independent,none,500.0,20.0,0.1,0.5,2.0,20.0,5.0,1,27719,2811844,0.14503290331927635,0.44962124283944865,0.7778663575978007,27719,2811844,2811024,0.14503290331927635,0.44962124283944865,0.7778663575978007,49.14950309693813
362,field_size_scaled,False,modifiers,none,400.0,10.0,0.0,0.5,2.0,20.0,5.0,2,27719,2811844,0.14554538428063996,0.4496449306315786,0.7781121754919204,27719,2811844,2811024,0.14554538428063996,0.4496449306315786,0.7781121754919204,52.43220324488357
363,field_size_scaled,False,modifiers,none,400.0,30.0,0.0,0.5,2.0,20.0,5.0,2,27719,2811844,0.14554538428063996,0.4496449306315786,0.7781121754919204,27719,2811844,2811024,0.14554538428063996,0.4496449306315786,0.7781121754919204,48.39058024203405
364,field_size_scaled,False,modifiers,none,400.0,20.0,0.0,0.5,2.0,20.0,5.0,2,27719,2811844,0.14554538428063996,0.4496449306315786,0.7781121754919204,27719,2811844,2811024,0.14554538428063996,0.4496449306315786,0.7781121754919204,62.756949129048735
365,field_size_scaled,False,ignore,none,500.0,20.0,0.1,0.5,2.0,20.0,5.0,2,27719,2811844,0.14487564208134004,0.4496612279054797,0.7798257859057767,27719,2811844,2811024,0.14487564208134004,0.4496612279054797,0.7798257859057767,67.61765578342602
366,field_size_scaled,False,ignore,inverse_sqrt,600.0,30.0,0.1,0.5,2.0,20.0,5.0,0,27719,2811844,0.14494492826469949,0.44971682831969173,0.7801761920211282,27719,2811844,2811024,0.14494492826469949,0.44971682831969173,0.7801761920211282,59.15223870892078
367,field_size_scaled,False,ignore,none,400.0,20.0,0.2,0.5,2.0,20.0,5.0,0,27719,2811844,0.1456821319298071,0.4497197469261299,0.7782480690310719,27719,2811844,2811024,0.1456821319298071,0.4497197469261299,0.7782480690310719,66.3293771520257
368,field_size_scaled,False,modifiers,inverse_sqrt,500.0,10.0,0.5,0.5,2.0,20.0,5.0,1,27719,2811844,0.1433511003235942,0.4497240161140039,0.7846090961870122,27719,2811844,2811024,0.1433511003235942,0.4497240161140039,0.7846090961870122,74.12092666095123
369,field_size_scaled,False,ignore,inverse_sqrt,600.0,10.0,0.0,0.5,2.0,20.0,5.0,2,27719,2811844,0.1445700703498834,0.4497578530625366,0.7808734468293405,27719,2811844,2811024,0.1445700703498834,0.4497578530625366,0.7808734468293405,60.00553567195311
370,field_size_scaled,False,ignore,inverse_sqrt,600.0,20.0,0.0,0.5,2.0,20.0,5.0,2,27719,2811844,0.1445700703498834,0.4497578530625366,0.7808734468293405,27719,2811844,2811024,0.1445700703498834,0.4497578530625366,0.7808734468293405,52.11749103013426
371,field_size_scaled,False,ignore,inverse_sqrt,600.0,30.0,0.0,0.5,2.0,20.0,5.0,2,27719,2811844,0.1445700703498834,0.4497578530625366,0.7808734468293405,27719,2811844,2811024,0.1445700703498834,0.4497578530625366,0.7808734468293405,62.79485024791211
372,field_size_scaled,False,ignore,inverse_sqrt,600.0,10.0,0.2,0.5,2.0,20.0,5.0,1,27719,2811844,0.14375727664016447,0.44980051768769386,0.7834860179066419,27719,2811844,2811024,0.14375727664016447,0.44980051768769386,0.7834860179066419,68.04441862693056
373,field_size_scaled,False,ignore,inverse_sqrt,600.0,20.0,0.5,0.5,2.0,20.0,5.0,1,27719,2811844,0.1437166519263208,0.44982006528124086,0.7835536089339685,27719,2811844,2811024,0.1437166519263208,0.44982006528124086,0.7835536089339685,72.79590520402417
374,field_size_scaled,False,ignore,none,400.0,30.0,0.5,0.5,2.0,20.0,5.0,0,27719,2811844,0.14591672778275402,0.4498519000773961,0.7781722959320162,27719,2811844,2811024,0.14591672778275402,0.4498519000773961,0.7781722959320162,51.308077686000615
375,field_size_scaled,False,independent,none,600.0,30.0,0.2,0.5,2.0,20.0,5.0,2,27719,2811844,0.14469328800668516,0.44985623566507643,0.779122839221579,27719,2811844,2811024,0.14469328800668516,0.44985623566507643,0.779122839221579,52.47499035904184
376,field_size_scaled,False,modifiers,none,600.0,20.0,0.2,0.5,2.0,20.0,5.0,1,27719,2811844,0.1440675881054304,0.44986638708382565,0.78210218055769,27719,2811844,2811024,0.1440675881054304,0.44986638708382565,0.78210218055769,69.93515176791698
377,field_size_scaled,False,independent,inverse_sqrt,600.0,10.0,0.0,0.5,2.0,20.0,5.0,1,27719,2811844,0.14478870524435455,0.4498935860053057,0.7789556403645077,27719,2811844,2811024,0.14478870524435455,0.4498935860053057,0.7789556403645077,39.08429804770276
378,field_size_scaled,False,independent,inverse_sqrt,600.0,30.0,0.0,0.5,2.0,20.0,5.0,1,27719,2811844,0.14478870524435455,0.4498935860053057,0.7789556403645077,27719,2811844,2811024,0.14478870524435455,0.4498935860053057,0.7789556403645077,56.11150541109964
379,field_size_scaled,False,independent,inverse_sqrt,600.0,20.0,0.0,0.5,2.0,20.0,5.0,1,27719,2811844,0.14478870524435455,0.4498935860053057,0.7789556403645077,27719,2811844,2811024,0.14478870524435455,0.4498935860053057,0.7789556403645077,73.76555729378015
380,field_size_scaled,False,modifiers,inverse_sqrt,400.0,10.0,0.0,0.5,2.0,20.0,5.0,0,27719,2811844,0.14594916493711052,0.44991110222346914,0.7779492455418381,27719,2811844,2811024,0.14594916493711052,0.44991110222346914,0.7779492455418381,72.61711257928982
381,field_size_scaled,False,modifiers,inverse_sqrt,400.0,20.0,0.0,0.5,2.0,20.0,5.0,0,27719,2811844,0.14594916493711052,0.44991110222346914,0.7779492455418381,27719,2811844,2811024,0.14594916493711052,0.44991110222346914,0.7779492455418381,72.98395519610494
382,field_size_scaled,False,modifiers,inverse_sqrt,400.0,30.0,0.0,0.5,2.0,20.0,5.0,0,27719,2811844,0.14594916493711052,0.44991110222346914,0.7779492455418381,27719,2811844,2811024,0.14594916493711052,0.44991110222346914,0.7779492455418381,64.8325560502708
383,field_size_scaled,False,ignore,none,400.0,10.0,0.2,0.5,2.0,20.0,5.0,0,27719,2811844,0.1454261444834043,0.4499828142098056,0.778883780430192,27719,2811844,2811024,0.1454261444834043,0.4499828142098056,0.778883780430192,67.27786486083642
384,field_size_scaled,False,independent,none,500.0,20.0,0.1,0.5,2.0,20.0,5.0,2,27719,2811844,0.14517379218089713,0.449984335970624,0.7777379346458799,27719,2811844,2811024,0.14517379218089713,0.449984335970624,0.7777379346458799,76.12175581092015
385,field_size_scaled,False,independent,inverse_sqrt,400.0,30.0,0.2,0.5,2.0,20.0,5.0,0,27719,2811844,0.14610589099276175,0.4500106555945791,0.7765362373284611,27719,2811844,2811024,0.14610589099276175,0.4500106555945791,0.7765362373284611,63.87126751290634
386,field_size_scaled,False,ignore,none,500.0,30.0,0.2,0.5,2.0,20.0,5.0,0,27719,2811844,0.14542521645050208,0.4500107566337782,0.7789026347693937,27719,2811844,2811024,0.14542521645050208,0.4500107566337782,0.7789026347693937,60.656724356114864
387,field_size_scaled,False,independent,none,400.0,20.0,0.5,0.5,2.0,20.0,5.0,0,27719,2811844,0.14567811736121625,0.4500477375238246,0.7774689935055695,27719,2811844,2811024,0.14567811736121625,0.4500477375238246,0.7774689935055695,74.60272507090122
388,field_size_scaled,False,ignore,none,500.0,10.0,0.2,0.5,2.0,20.0,5.0,1,27719,2811844,0.14440116510258597,0.4501817674233943,0.781385359925778,27719,2811844,2811024,0.14440116510258597,0.4501817674233943,0.781385359925778,69.626037762966
389,field_size_scaled,False,modifiers,inverse_sqrt,500.0,10.0,0.5,0.5,2.0,20.0,5.0,2,27719,2811844,0.14353318081276825,0.45019797472059914,0.7842658049166424,27719,2811844,2811024,0.14353318081276825,0.45019797472059914,0.7842658049166424,68.73160363780335
390,field_size_scaled,False,independent,inverse_sqrt,400.0,20.0,0.1,0.5,2.0,20.0,5.0,0,27719,2811844,0.14613737373776078,0.4502083102484729,0.7762196267267729,27719,2811844,2811024,0.14613737373776078,0.4502083102484729,0.7762196267267729,73.46933027217165
391,field_size_scaled,False,modifiers,none,400.0,10.0,0.5,0.5,2.0,20.0,5.0,0,27719,2811844,0.1446885936988962,0.450212054213376,0.7811712030918271,27719,2811844,2811024,0.1446885936988962,0.450212054213376,0.7811712030918271,56.51455477718264
392,field_size_scaled,False,ignore,inverse_sqrt,600.0,10.0,0.2,0.5,2.0,20.0,5.0,2,27719,2811844,0.14392579420715823,0.4502378682889172,0.7831260067505649,27719,2811844,2811024,0.14392579420715823,0.4502378682889172,0.7831260067505649,68.72987197013572
393,field_size_scaled,False,modifiers,none,600.0,20.0,0.2,0.5,2.0,20.0,5.0,2,27719,2811844,0.14421299631054782,0.4502486854935887,0.7819065223206917,27719,2811844,2811024,0.14421299631054782,0.4502486854935887,0.7819065223206917,61.75540319085121
394,field_size_scaled,False,independent,inverse_sqrt,500.0,20.0,0.5,0.5,2.0,20.0,5.0,0,27719,2811844,0.14518465624800989,0.45027351560419315,0.7790737467912049,27719,2811844,2811024,0.14518465624800989,0.45027351560419315,0.7790737467912049,79.16367834899575
395,field_size_scaled,False,independent,inverse_sqrt,600.0,20.0,0.2,0.5,2.0,20.0,5.0,0,27719,2811844,0.14504733817617443,0.45027853165480763,0.778980898064193,27719,2811844,2811024,0.14504733817617443,0.45027853165480763,0.778980898064193,72.56133886100724
396,field_size_scaled,False,ignore,none,400.0,30.0,0.2,0.5,2.0,20.0,5.0,0,27719,2811844,0.1460190302981604,0.45027920716217257,0.7777190803066782,27719,2811844,2811024,0.1460190302981604,0.45027920716217257,0.7777190803066782,68.36520938761532
397,field_size_scaled,False,independent,inverse_sqrt,600.0,10.0,0.0,0.5,2.0,20.0,5.0,2,27719,2811844,0.14494275684811944,0.45029845782194194,0.7786963042649226,27719,2811844,2811024,0.14494275684811944,0.45029845782194194,0.7786963042649226,38.87835496896878
398,field_size_scaled,False,independent,inverse_sqrt,600.0,20.0,0.0,0.5,2.0,20.0,5.0,2,27719,2811844,0.14494275684811944,0.45029845782194194,0.7786963042649226,27719,2811844,2811024,0.14494275684811944,0.45029845782194194,0.7786963042649226,75.06867844378576
399,field_size_scaled,False,independent,inverse_sqrt,600.0,30.0,0.0,0.5,2.0,20.0,5.0,2,27719,2811844,0.14494275684811944,0.45029845782194194,0.7786963042649226,27719,2811844,2811024,0.14494275684811944,0.45029845782194194,0.7786963042649226,75.21872523799539
400,field_size_scaled,False,ignore,inverse_sqrt,600.0,20.0,0.5,0.5,2.0,20.0,5.0,2,27719,2811844,0.14390779575383794,0.4503060961672978,0.7833156173693288,27719,2811844,2811024,0.14390779575383794,0.4503060961672978,0.7833156173693288,69.15072912396863
401,field_size_scaled,False,modifiers,none,400.0,10.0,0.1,0.5,2.0,20.0,5.0,0,27719,2811844,0.14574850206599818,0.4503406629805735,0.7781004359977005,27719,2811844,2811024,0.14574850206599818,0.4503406629805735,0.7781004359977005,67.57346356520429
402,field_size_scaled,False,independent,inverse_sqrt,600.0,30.0,0.5,0.5,2.0,20.0,5.0,0,27719,2811844,0.1452573473104722,0.45038470354088944,0.7789058364496354,27719,2811844,2811024,0.1452573473104722,0.45038470354088944,0.7789058364496354,49.12486523203552
403,field_size_scaled,False,independent,none,500.0,30.0,0.5,0.5,2.0,20.0,5.0,0,27719,2811844,0.1457385574171028,0.4504470138336171,0.7773320327396707,27719,2811844,2811024,0.1457385574171028,0.4504470138336171,0.7773320327396707,74.67757104989141
404,field_size_scaled,False,modifiers,none,400.0,20.0,0.1,0.5,2.0,20.0,5.0,0,27719,2811844,0.1459465691166884,0.45045683768469574,0.7777450494908617,27719,2811844,2811024,0.1459465691166884,0.45045683768469574,0.7777450494908617,69.32520121801645
405,field_size_scaled,False,independent,none,500.0,10.0,0.2,0.5,2.0,20.0,5.0,1,27719,2811844,0.144705016329417,0.45052478645448557,0.7792957299546357,27719,2811844,2811024,0.144705016329417,0.45052478645448557,0.7792957299546357,74.90089857205749
406,field_size_scaled,False,ignore,none,500.0,10.0,0.2,0.5,2.0,20.0,5.0,2,27719,2811844,0.14454077570642776,0.45054816707959633,0.7812387941191538,27719,2811844,2811024,0.14454077570642776,0.45054816707959633,0.7812387941191538,66.06240653991699
407,field_size_scaled,False,modifiers,none,500.0,20.0,0.5,0.5,2.0,20.0,5.0,0,27719,2811844,0.14492539423325843,0.45058921631264937,0.7808503235831498,27719,2811844,2811024,0.14492539423325843,0.45058921631264937,0.7808503235831498,55.11084456881508
408,field_size_scaled,False,independent,inverse_sqrt,600.0,10.0,0.2,0.5,2.0,20.0,5.0,1,27719,2811844,0.14419452396202412,0.45059341205625053,0.7811758277410652,27719,2811844,2811024,0.14419452396202412,0.45059341205625053,0.7811758277410652,58.050891891121864
409,field_size_scaled,False,ignore,inverse_sqrt,500.0,30.0,0.0,0.5,2.0,20.0,5.0,0,27719,2811844,0.1457199041937639,0.45061358920972755,0.7783871642504653,27719,2811844,2811024,0.1457199041937639,0.45061358920972755,0.7783871642504653,35.75281105469912
410,field_size_scaled,False,ignore,inverse_sqrt,500.0,20.0,0.0,0.5,2.0,20.0,5.0,0,27719,2811844,0.1457199041937639,0.45061358920972755,0.7783871642504653,27719,2811844,2811024,0.1457199041937639,0.45061358920972755,0.7783871642504653,57.53449327824637
411,field_size_scaled,False,ignore,inverse_sqrt,500.0,10.0,0.0,0.5,2.0,20.0,5.0,0,27719,2811844,0.1457199041937639,0.45061358920972755,0.7783871642504653,27719,2811844,2811024,0.1457199041937639,0.45061358920972755,0.7783871642504653,67.69237018376589
412,field_size_scaled,False,independent,inverse_sqrt,600.0,30.0,0.1,0.5,2.0,20.0,5.0,0,27719,2811844,0.1454016753123609,0.4506167493516658,0.7779766376950179,27719,2811844,2811024,0.1454016753123609,0.4506167493516658,0.7779766376950179,40.511376346927136
413,field_size_scaled,False,ignore,inverse_sqrt,600.0,20.0,0.1,0.5,2.0,20.0,5.0,0,27719,2811844,0.1450765148199871,0.45064041083008727,0.7802658390678984,27719,2811844,2811024,0.1450765148199871,0.45064041083008727,0.7802658390678984,69.12918906612322
414,field_size_scaled,False,modifiers,none,400.0,30.0,0.1,0.5,2.0,20.0,5.0,0,27719,2811844,0.1461082913494881,0.4506988680612424,0.7774978086277456,27719,2811844,2811024,0.1461082913494881,0.4506988680612424,0.7774978086277456,68.51401532720774
415,field_size_scaled,False,ignore,inverse_sqrt,500.0,10.0,0.5,0.5,2.0,20.0,5.0,1,27719,2811844,0.1437117440811806,0.45076769522492666,0.784069790937395,27719,2811844,2811024,0.1437117440811806,0.45076769522492666,0.784069790937395,69.11968994373456
416,field_size_scaled,False,modifiers,none,600.0,30.0,0.1,0.5,2.0,20.0,5.0,1,27719,2811844,0.14459381303561572,0.4507900501109064,0.7809595364536197,27719,2811844,2811024,0.14459381303561572,0.4507900501109064,0.7809595364536197,72.20252224430442
417,field_size_scaled,False,independent,none,400.0,10.0,0.2,0.5,2.0,20.0,5.0,0,27719,2811844,0.14584284941585116,0.4507936521965604,0.7767162429064995,27719,2811844,2811024,0.14584284941585116,0.4507936521965604,0.7767162429064995,71.09948243107647
418,field_size_scaled,False,independent,none,400.0,20.0,0.2,0.5,2.0,20.0,5.0,0,27719,2811844,0.14616625085947071,0.45079731262615647,0.7759979993055911,27719,2811844,2811024,0.14616625085947071,0.45079731262615647,0.7759979993055911,76.14184140600264
419,field_size_scaled,False,ignore,none,500.0,10.0,0.1,0.5,2.0,20.0,5.0,1,27719,2811844,0.14493370672455713,0.45080033781623485,0.7800267802765113,27719,2811844,2811024,0.14493370672455713,0.45080033781623485,0.7800267802765113,67.72470619296655
420,field_size_scaled,False,independent,inverse_sqrt,400.0,30.0,0.1,0.5,2.0,20.0,5.0,0,27719,2811844,0.1463929333728036,0.4508131718596068,0.7759151113615537,27719,2811844,2811024,0.1463929333728036,0.4508131718596068,0.7759151113615537,65.37799561582506
421,field_size_scaled,False,independent,none,500.0,30.0,0.2,0.5,2.0,20.0,5.0,0,27719,2811844,0.14584027728326487,0.4508147867119355,0.7767439908019284,27719,2811844,2811024,0.14584027728326487,0.4508147867119355,0.7767439908019284,78.7136908788234
422,field_size_scaled,False,modifiers,none,600.0,30.0,0.5,0.5,2.0,20.0,5.0,0,27719,2811844,0.14504253734222206,0.45081904634994924,0.780563951072634,27719,2811844,2811024,0.14504253734222206,0.45081904634994924,0.780563951072634,72.5271385810338
423,field_size_scaled,False,independent,none,500.0,10.0,0.2,0.5,2.0,20.0,5.0,2,27719,2811844,0.1448569656411229,0.4509145267466292,0.7791160801188464,27719,2811844,2811024,0.1448569656411229,0.4509145267466292,0.7791160801188464,75.05004270700738
424,field_size_scaled,False,independent,none,500.0,10.0,0.1,0.5,2.0,20.0,5.0,1,27719,2811844,0.14518274916118004,0.4509266435039376,0.778029643290132,27719,2811844,2811024,0.14518274916118004,0.4509266435039376,0.778029643290132,75.56693173991516
425,field_size_scaled,False,ignore,none,500.0,20.0,0.2,0.5,2.0,20.0,5.0,0,27719,2811844,0.14548343247241594,0.4510077733048496,0.7791082537893664,27719,2811844,2811024,0.14548343247241594,0.4510077733048496,0.7791082537893664,58.01642383495346
426,field_size_scaled,False,modifiers,none,500.0,30.0,0.1,0.5,2.0,20.0,5.0,0,27719,2811844,0.1456496921315175,0.4510430762766863,0.7785444023245621,27719,2811844,2811024,0.1456496921315175,0.4510430762766863,0.7785444023245621,76.38091471418738
427,field_size_scaled,False,independent,inverse_sqrt,600.0,10.0,0.2,0.5,2.0,20.0,5.0,2,27719,2811844,0.14436931726460367,0.4510440872733735,0.7808158165849882,27719,2811844,2811024,0.14436931726460367,0.4510440872733735,0.7808158165849882,75.81665802933276
428,field_size_scaled,False,modifiers,inverse_sqrt,600.0,10.0,0.1,0.5,2.0,20.0,5.0,0,27719,2811844,0.1448673294211354,0.45106308353145647,0.7810171666979719,27719,2811844,2811024,0.1448673294211354,0.45106308353145647,0.7810171666979719,68.4282510932535
429,field_size_scaled,False,modifiers,none,500.0,10.0,0.0,0.5,2.0,20.0,5.0,1,27719,2811844,0.14527949282210728,0.4510757729130105,0.7791317327778062,27719,2811844,2811024,0.14527949282210728,0.4510757729130105,0.7791317327778062,57.86801352305338
430,field_size_scaled,False,modifiers,none,500.0,20.0,0.0,0.5,2.0,20.0,5.0,1,27719,2811844,0.14527949282210728,0.4510757729130105,0.7791317327778062,27719,2811844,2811024,0.14527949282210728,0.4510757729130105,0.7791317327778062,41.73262766189873
431,field_size_scaled,False,modifiers,none,500.0,30.0,0.0,0.5,2.0,20.0,5.0,1,27719,2811844,0.14527949282210728,0.4510757729130105,0.7791317327778062,27719,2811844,2811024,0.14527949282210728,0.4510757729130105,0.7791317327778062,73.78900145413354
432,field_size_scaled,False,ignore,inverse_sqrt,400.0,20.0,0.0,0.5,2.0,20.0,5.0,0,27719,2811844,0.14637622740347095,0.451101999360483,0.7771239235239542,27719,2811844,2811024,0.14637622740347095,0.451101999360483,0.7771239235239542,40.72547089867294
433,field_size_scaled,False,ignore,inverse_sqrt,400.0,10.0,0.0,0.5,2.0,20.0,5.0,0,27719,2811844,0.14637622740347095,0.451101999360483,0.7771239235239542,27719,2811844,2811024,0.14637622740347095,0.451101999360483,0.7771239235239542,61.066107492893934
434,field_size_scaled,False,ignore,inverse_sqrt,400.0,30.0,0.0,0.5,2.0,20.0,5.0,0,27719,2811844,0.14637622740347095,0.451101999360483,0.7771239235239542,27719,2811844,2811024,0.14637622740347095,0.451101999360483,0.7771239235239542,61.50629224209115
435,field_size_scaled,False,ignore,none,500.0,10.0,0.1,0.5,2.0,20.0,5.0,2,27719,2811844,0.14506399352744426,0.4511447033228579,0.7799029819738288,27719,2811844,2811024,0.14506399352744426,0.4511447033228579,0.7799029819738288,68.25750384479761
436,field_size_scaled,False,ignore,none,400.0,10.0,0.0,0.5,2.0,20.0,5.0,1,27719,2811844,0.14602454063976855,0.4511453252871994,0.7774099402922209,27719,2811844,2811024,0.14602454063976855,0.4511453252871994,0.7774099402922209,67.76691940007731
437,field_size_scaled,False,ignore,none,400.0,20.0,0.0,0.5,2.0,20.0,5.0,1,27719,2811844,0.14602454063976855,0.4511453252871994,0.7774099402922209,27719,2811844,2811024,0.14602454063976855,0.4511453252871994,0.7774099402922209,69.47049683472142
438,field_size_scaled,False,ignore,none,400.0,30.0,0.0,0.5,2.0,20.0,5.0,1,27719,2811844,0.14602454063976855,0.4511453252871994,0.7774099402922209,27719,2811844,2811024,0.14602454063976855,0.4511453252871994,0.7774099402922209,68.80835867999122
439,field_size_scaled,False,modifiers,none,600.0,30.0,0.1,0.5,2.0,20.0,5.0,2,27719,2811844,0.14473107701350713,0.4511546450945825,0.7808229314299701,27719,2811844,2811024,0.14473107701350713,0.4511546450945825,0.7808229314299701,62.23695248598233
440,field_size_scaled,False,independent,inverse_sqrt,600.0,20.0,0.5,0.5,2.0,20.0,5.0,1,27719,2811844,0.144287221767962,0.45119931944826924,0.7812323907586701,27719,2811844,2811024,0.144287221767962,0.45119931944826924,0.7812323907586701,77.14663853216916
441,field_size_scaled,False,independent,inverse_sqrt,400.0,30.0,0.5,0.5,2.0,20.0,5.0,0,27719,2811844,0.14649735684330317,0.4512298339807402,0.776632999220213,27719,2811844,2811024,0.14649735684330317,0.4512298339807402,0.776632999220213,80.44553996901959
442,field_size_scaled,False,ignore,inverse_sqrt,500.0,10.0,0.5,0.5,2.0,20.0,5.0,2,27719,2811844,0.14389538862077558,0.45124489102856397,0.7837727461594067,27719,2811844,2811024,0.14389538862077558,0.45124489102856397,0.7837727461594067,64.10992761189118
443,field_size_scaled,False,independent,none,500.0,10.0,0.1,0.5,2.0,20.0,5.0,2,27719,2811844,0.14532590546037866,0.4512977096121369,0.7779207861619111,27719,2811844,2811024,0.14532590546037866,0.4512977096121369,0.7779207861619111,60.54740737983957
444,field_size_scaled,False,modifiers,none,500.0,10.0,0.0,0.5,2.0,20.0,5.0,2,27719,2811844,0.14540758888893127,0.45141767981781966,0.7789061921918845,27719,2811844,2811024,0.14540758888893127,0.45141767981781966,0.7789061921918845,63.53572262264788
445,field_size_scaled,False,modifiers,none,500.0,30.0,0.0,0.5,2.0,20.0,5.0,2,27719,2811844,0.14540758888893127,0.45141767981781966,0.7789061921918845,27719,2811844,2811024,0.14540758888893127,0.45141767981781966,0.7789061921918845,44.756690377835184
446,field_size_scaled,False,modifiers,none,500.0,20.0,0.0,0.5,2.0,20.0,5.0,2,27719,2811844,0.14540758888893127,0.45141767981781966,0.7789061921918845,27719,2811844,2811024,0.14540758888893127,0.45141767981781966,0.7789061921918845,66.35790327424183
447,field_size_scaled,False,modifiers,none,600.0,30.0,0.2,0.5,2.0,20.0,5.0,0,27719,2811844,0.14520694316212113,0.45145477022795366,0.7799887158558589,27719,2811844,2811024,0.14520694316212113,0.45145477022795366,0.7799887158558589,72.26337460801005
448,field_size_scaled,False,ignore,none,400.0,10.0,0.5,0.5,2.0,20.0,5.0,0,27719,2811844,0.14511901041741598,0.4514585731071625,0.7805258866519816,27719,2811844,2811024,0.14511901041741598,0.4514585731071625,0.7805258866519816,69.02144651021808
449,field_size_scaled,False,independent,inverse_sqrt,600.0,20.0,0.1,0.5,2.0,20.0,5.0,0,27719,2811844,0.1455140868356218,0.45145907972754695,0.7780438729800955,27719,2811844,2811024,0.1455140868356218,0.45145907972754695,0.7780438729800955,77.26732225995511
450,field_size_scaled,False,ignore,none,400.0,20.0,0.0,0.5,2.0,20.0,5.0,2,27719,2811844,0.1461449218412287,0.45146439919099607,0.7772356265901679,27719,2811844,2811024,0.1461449218412287,0.45146439919099607,0.7772356265901679,40.18127738498151
451,field_size_scaled,False,ignore,none,400.0,10.0,0.0,0.5,2.0,20.0,5.0,2,27719,2811844,0.1461449218412287,0.45146439919099607,0.7772356265901679,27719,2811844,2811024,0.1461449218412287,0.45146439919099607,0.7772356265901679,62.41869423305616
452,field_size_scaled,False,ignore,none,400.0,30.0,0.0,0.5,2.0,20.0,5.0,2,27719,2811844,0.1461449218412287,0.45146439919099607,0.7772356265901679,27719,2811844,2811024,0.1461449218412287,0.45146439919099607,0.7772356265901679,68.21847011893988
453,field_size_scaled,False,independent,none,400.0,30.0,0.5,0.5,2.0,20.0,5.0,0,27719,2811844,0.14654609631508708,0.4514743312572414,0.775896257022352,27719,2811844,2811024,0.14654609631508708,0.4514743312572414,0.775896257022352,76.33836299367249
454,field_size_scaled,False,independent,none,400.0,30.0,0.2,0.5,2.0,20.0,5.0,0,27719,2811844,0.1465431027662088,0.4515049906510808,0.7754476660462521,27719,2811844,2811024,0.1465431027662088,0.4515049906510808,0.7754476660462521,73.93900237977505
455,field_size_scaled,False,independent,inverse_sqrt,500.0,20.0,0.0,0.5,2.0,20.0,5.0,0,27719,2811844,0.14618305419246422,0.45155351828520646,0.7761705342963987,27719,2811844,2811024,0.14618305419246422,0.45155351828520646,0.7761705342963987,39.223297928925604
456,field_size_scaled,False,independent,inverse_sqrt,500.0,10.0,0.0,0.5,2.0,20.0,5.0,0,27719,2811844,0.14618305419246422,0.45155351828520646,0.7761705342963987,27719,2811844,2811024,0.14618305419246422,0.45155351828520646,0.7761705342963987,75.21723385993391
457,field_size_scaled,False,independent,inverse_sqrt,500.0,30.0,0.0,0.5,2.0,20.0,5.0,0,27719,2811844,0.14618305419246422,0.45155351828520646,0.7761705342963987,27719,2811844,2811024,0.14618305419246422,0.45155351828520646,0.7761705342963987,73.3511947398074
458,field_size_scaled,False,modifiers,none,500.0,20.0,0.1,0.5,2.0,20.0,5.0,0,27719,2811844,0.14568589294347523,0.45159197657051997,0.7786098588983943,27719,2811844,2811024,0.14568589294347523,0.45159197657051997,0.7786098588983943,72.40778745478019
459,field_size_scaled,False,independent,none,400.0,10.0,0.0,0.5,2.0,20.0,5.0,1,27719,2811844,0.14634255469914204,0.4516078199103837,0.7752754867976936,27719,2811844,2811024,0.14634255469914204,0.4516078199103837,0.7752754867976936,52.27826070506126
460,field_size_scaled,False,independent,none,400.0,20.0,0.0,0.5,2.0,20.0,5.0,1,27719,2811844,0.14634255469914204,0.4516078199103837,0.7752754867976936,27719,2811844,2811024,0.14634255469914204,0.4516078199103837,0.7752754867976936,75.10253100190312
461,field_size_scaled,False,independent,none,400.0,30.0,0.0,0.5,2.0,20.0,5.0,1,27719,2811844,0.14634255469914204,0.4516078199103837,0.7752754867976936,27719,2811844,2811024,0.14634255469914204,0.4516078199103837,0.7752754867976936,71.08904444705695
462,field_size_scaled,False,independent,none,500.0,20.0,0.2,0.5,2.0,20.0,5.0,0,27719,2811844,0.14585987489620658,0.4516470071297481,0.7769780692018282,27719,2811844,2811024,0.14585987489620658,0.4516470071297481,0.7769780692018282,76.1341158868745
463,field_size_scaled,False,independent,inverse_sqrt,600.0,20.0,0.5,0.5,2.0,20.0,5.0,2,27719,2811844,0.1444825217292288,0.4516902524205572,0.7809236064864619,27719,2811844,2811024,0.1444825217292288,0.4516902524205572,0.7809236064864619,40.64766087383032
464,field_size_scaled,False,ignore,none,600.0,20.0,0.2,0.5,2.0,20.0,5.0,1,27719,2811844,0.14465742287322522,0.4517328675473193,0.7813344887841583,27719,2811844,2811024,0.14465742287322522,0.4517328675473193,0.7813344887841583,67.79477406805381
465,field_size_scaled,False,ignore,none,500.0,20.0,0.5,0.5,2.0,20.0,5.0,0,27719,2811844,0.1453290707911835,0.4517385237295939,0.7802274189049969,27719,2811844,2811024,0.1453290707911835,0.4517385237295939,0.7802274189049969,68.59452009899542
466,field_size_scaled,False,modifiers,inverse_sqrt,600.0,10.0,0.0,0.5,2.0,20.0,5.0,0,27719,2811844,0.14544111992007766,0.45187745843859634,0.7795685842596861,27719,2811844,2811024,0.14544111992007766,0.45187745843859634,0.7795685842596861,68.02871321095154
467,field_size_scaled,False,modifiers,inverse_sqrt,600.0,30.0,0.0,0.5,2.0,20.0,5.0,0,27719,2811844,0.14544111992007766,0.45187745843859634,0.7795685842596861,27719,2811844,2811024,0.14544111992007766,0.45187745843859634,0.7795685842596861,62.96260658884421
468,field_size_scaled,False,modifiers,inverse_sqrt,600.0,20.0,0.0,0.5,2.0,20.0,5.0,0,27719,2811844,0.14544111992007766,0.45187745843859634,0.7795685842596861,27719,2811844,2811024,0.14544111992007766,0.45187745843859634,0.7795685842596861,76.27295201504603
469,field_size_scaled,False,independent,inverse_sqrt,500.0,10.0,0.5,0.5,2.0,20.0,5.0,1,27719,2811844,0.1442384267023476,0.45195090529993165,0.7816841834150118,27719,2811844,2811024,0.1442384267023476,0.45195090529993165,0.7816841834150118,76.18138223420829
470,field_size_scaled,False,independent,none,400.0,20.0,0.0,0.5,2.0,20.0,5.0,2,27719,2811844,0.14647448170254712,0.4519518615599463,0.7750876548901753,27719,2811844,2811024,0.14647448170254712,0.4519518615599463,0.7750876548901753,54.64481858117506
471,field_size_scaled,False,independent,none,400.0,10.0,0.0,0.5,2.0,20.0,5.0,2,27719,2811844,0.14647448170254712,0.4519518615599463,0.7750876548901753,27719,2811844,2811024,0.14647448170254712,0.4519518615599463,0.7750876548901753,67.86436914093792
472,field_size_scaled,False,independent,none,400.0,30.0,0.0,0.5,2.0,20.0,5.0,2,27719,2811844,0.14647448170254712,0.4519518615599463,0.7750876548901753,27719,2811844,2811024,0.14647448170254712,0.4519518615599463,0.7750876548901753,73.15740135405213
473,field_size_scaled,False,independent,none,600.0,20.0,0.2,0.5,2.0,20.0,5.0,1,27719,2811844,0.14494156173690206,0.4519788854467716,0.7792583770184816,27719,2811844,2811024,0.14494156173690206,0.4519788854467716,0.7792583770184816,63.927265528123826
474,field_size_scaled,False,ignore,none,400.0,10.0,0.1,0.5,2.0,20.0,5.0,0,27719,2811844,0.14631281591997064,0.4520267511606911,0.7772438086618969,27719,2811844,2811024,0.14631281591997064,0.4520267511606911,0.7772438086618969,68.90388281503692
475,field_size_scaled,False,ignore,none,400.0,20.0,0.1,0.5,2.0,20.0,5.0,0,27719,2811844,0.14648652646055524,0.45204375168377875,0.7769396490389268,27719,2811844,2811024,0.14648652646055524,0.45204375168377875,0.7769396490389268,69.13938046386465
476,field_size_scaled,False,ignore,none,600.0,30.0,0.5,0.5,2.0,20.0,5.0,0,27719,2811844,0.14548069000333427,0.4520853030276083,0.7798215169987877,27719,2811844,2811024,0.14548069000333427,0.4520853030276083,0.7798215169987877,68.47447802312672
477,field_size_scaled,False,ignore,none,600.0,20.0,0.2,0.5,2.0,20.0,5.0,2,27719,2811844,0.14479846609520394,0.4521053981121133,0.7811978837605086,27719,2811844,2811024,0.14479846609520394,0.4521053981121133,0.7811978837605086,35.64946908503771
478,field_size_scaled,False,modifiers,none,600.0,20.0,0.1,0.5,2.0,20.0,5.0,1,27719,2811844,0.14481832313781723,0.4521952038172023,0.780948152701649,27719,2811844,2811024,0.14481832313781723,0.4521952038172023,0.780948152701649,73.90160260209814
479,field_size_scaled,False,ignore,none,400.0,30.0,0.1,0.5,2.0,20.0,5.0,0,27719,2811844,0.146634265072102,0.45223041147757614,0.7767493269356647,27719,2811844,2811024,0.146634265072102,0.45223041147757614,0.7767493269356647,68.22192592127249
480,field_size_scaled,False,independent,none,600.0,20.0,0.2,0.5,2.0,20.0,5.0,2,27719,2811844,0.1450954044392352,0.45237579303690184,0.7790940240994029,27719,2811844,2811024,0.1450954044392352,0.45237579303690184,0.7790940240994029,40.57854857109487
481,field_size_scaled,False,independent,inverse_sqrt,500.0,10.0,0.5,0.5,2.0,20.0,5.0,2,27719,2811844,0.14442754648302322,0.4524365650913579,0.7813885616060198,27719,2811844,2811024,0.14442754648302322,0.4524365650913579,0.7813885616060198,77.03065802017227
482,field_size_scaled,False,independent,inverse_sqrt,400.0,20.0,0.0,0.5,2.0,20.0,5.0,0,27719,2811844,0.14696038306344994,0.4524911347287767,0.7748951983334187,27719,2811844,2811024,0.14696038306344994,0.4524911347287767,0.7748951983334187,67.14913496980444
483,field_size_scaled,False,independent,inverse_sqrt,400.0,10.0,0.0,0.5,2.0,20.0,5.0,0,27719,2811844,0.14696038306344994,0.4524911347287767,0.7748951983334187,27719,2811844,2811024,0.14696038306344994,0.4524911347287767,0.7748951983334187,73.96094033494592
484,field_size_scaled,False,independent,inverse_sqrt,400.0,30.0,0.0,0.5,2.0,20.0,5.0,0,27719,2811844,0.14696038306344994,0.4524911347287767,0.7748951983334187,27719,2811844,2811024,0.14696038306344994,0.4524911347287767,0.7748951983334187,74.99209685996175
485,field_size_scaled,False,independent,none,400.0,10.0,0.5,0.5,2.0,20.0,5.0,0,27719,2811844,0.14559828599323993,0.4525063439208913,0.778296805719197,27719,2811844,2811024,0.14559828599323993,0.4525063439208913,0.778296805719197,53.87875846074894
486,field_size_scaled,False,modifiers,none,500.0,10.0,0.2,0.5,2.0,20.0,5.0,0,27719,2811844,0.14537218383595946,0.4525293341864757,0.7799431808479756,27719,2811844,2811024,0.14537218383595946,0.4525293341864757,0.7799431808479756,63.56872007995844
487,field_size_scaled,False,modifiers,none,600.0,20.0,0.1,0.5,2.0,20.0,5.0,2,27719,2811844,0.14495711491937205,0.4525661206241795,0.780786645720563,27719,2811844,2811024,0.14495711491937205,0.4525661206241795,0.780786645720563,67.28357544215396
488,field_size_scaled,False,modifiers,inverse_sqrt,600.0,10.0,0.2,0.5,2.0,20.0,5.0,0,27719,2811844,0.14488407870399755,0.45262399621367444,0.7816578584885793,27719,2811844,2811024,0.14488407870399755,0.45262399621367444,0.7816578584885793,66.59315642993897
489,field_size_scaled,False,ignore,inverse_sqrt,600.0,10.0,0.1,0.5,2.0,20.0,5.0,0,27719,2811844,0.14540157623199432,0.45268330231794895,0.7802661948101475,27719,2811844,2811024,0.14540157623199432,0.45268330231794895,0.7802661948101475,69.13033742178231
490,field_size_scaled,False,independent,none,400.0,10.0,0.1,0.5,2.0,20.0,5.0,0,27719,2811844,0.14668887066672082,0.45268649246545295,0.7751100666518678,27719,2811844,2811024,0.14668887066672082,0.45268649246545295,0.7751100666518678,75.52221034606919
491,field_size_scaled,False,independent,none,400.0,20.0,0.1,0.5,2.0,20.0,5.0,0,27719,2811844,0.14690025913667848,0.4528561558617354,0.7747731787419816,27719,2811844,2811024,0.14690025913667848,0.4528561558617354,0.7747731787419816,54.274437091778964
492,field_size_scaled,False,independent,none,600.0,30.0,0.1,0.5,2.0,20.0,5.0,1,27719,2811844,0.14546817593446912,0.4528773027629623,0.7781071951004331,27719,2811844,2811024,0.14546817593446912,0.4528773027629623,0.7781071951004331,48.898873530328274
493,field_size_scaled,False,independent,none,500.0,20.0,0.5,0.5,2.0,20.0,5.0,0,27719,2811844,0.14582791499892367,0.4528937374134744,0.7779855312512451,27719,2811844,2811024,0.14582791499892367,0.4528937374134744,0.7779855312512451,75.12758339708671
494,field_size_scaled,False,ignore,none,500.0,30.0,0.1,0.5,2.0,20.0,5.0,0,27719,2811844,0.1462549552414572,0.45290491241361586,0.7777076965547075,27719,2811844,2811024,0.1462549552414572,0.45290491241361586,0.7777076965547075,67.5604899218306
495,field_size_scaled,False,modifiers,none,500.0,10.0,0.1,0.5,2.0,20.0,5.0,0,27719,2811844,0.14583991080785416,0.4529330398370424,0.7787724331062275,27719,2811844,2811024,0.14583991080785416,0.4529330398370424,0.7787724331062275,51.74035019706935
496,field_size_scaled,False,ignore,none,600.0,30.0,0.1,0.5,2.0,20.0,5.0,1,27719,2811844,0.14525732727929452,0.452939508934111,0.7800744497378891,27719,2811844,2811024,0.14525732727929452,0.452939508934111,0.7800744497378891,58.58310711430386
497,field_size_scaled,False,independent,none,600.0,30.0,0.5,0.5,2.0,20.0,5.0,0,27719,2811844,0.14593851614540795,0.4530920506082441,0.7776927553802457,27719,2811844,2811024,0.14593851614540795,0.4530920506082441,0.7776927553802457,37.5877057639882
498,field_size_scaled,False,independent,none,400.0,30.0,0.1,0.5,2.0,20.0,5.0,0,27719,2811844,0.14707005437166148,0.4531293098182234,0.7744828930667259,27719,2811844,2811024,0.14707005437166148,0.4531293098182234,0.7744828930667259,73.9463376221247
499,field_size_scaled,False,independent,none,500.0,10.0,0.0,0.5,2.0,20.0,5.0,1,27719,2811844,0.14616238502788095,0.4531947051868162,0.7762569796629271,27719,2811844,2811024,0.14616238502788095,0.4531947051868162,0.7762569796629271,75.72386597516015
500,field_size_scaled,False,independent,none,500.0,20.0,0.0,0.5,2.0,20.0,5.0,1,27719,2811844,0.14616238502788095,0.4531947051868162,0.7762569796629271,27719,2811844,2811024,0.14616238502788095,0.4531947051868162,0.7762569796629271,75.57749256398529
501,field_size_scaled,False,independent,none,500.0,30.0,0.0,0.5,2.0,20.0,5.0,1,27719,2811844,0.14616238502788095,0.4531947051868162,0.7762569796629271,27719,2811844,2811024,0.14616238502788095,0.4531947051868162,0.7762569796629271,73.84582690987736
502,field_size_scaled,False,ignore,none,600.0,30.0,0.2,0.5,2.0,20.0,5.0,0,27719,2811844,0.14578190479017625,0.4532368944995256,0.779211419041602,27719,2811844,2811024,0.14578190479017625,0.4532368944995256,0.779211419041602,60.70512534072623
503,field_size_scaled,False,independent,none,600.0,30.0,0.1,0.5,2.0,20.0,5.0,2,27719,2811844,0.14561397975072937,0.4532584780847163,0.7779478225728418,27719,2811844,2811024,0.14561397975072937,0.4532584780847163,0.7779478225728418,68.2691174056381
504,field_size_scaled,False,ignore,none,600.0,30.0,0.1,0.5,2.0,20.0,5.0,2,27719,2811844,0.14538949791957986,0.4532919734982594,0.7799332200650012,27719,2811844,2811024,0.14538949791957986,0.4532919734982594,0.7799332200650012,67.69977169996127
505,field_size_scaled,False,independent,none,500.0,30.0,0.1,0.5,2.0,20.0,5.0,0,27719,2811844,0.14656970824315796,0.45330104782582237,0.7755554559477258,27719,2811844,2811024,0.14656970824315796,0.45330104782582237,0.7755554559477258,74.78595302533358
506,field_size_scaled,False,ignore,none,500.0,30.0,0.0,0.5,2.0,20.0,5.0,1,27719,2811844,0.14598084187407798,0.4533372937614771,0.7780830046274951,27719,2811844,2811024,0.14598084187407798,0.4533372937614771,0.7780830046274951,35.67999640572816
507,field_size_scaled,False,ignore,none,500.0,10.0,0.0,0.5,2.0,20.0,5.0,1,27719,2811844,0.14598084187407798,0.4533372937614771,0.7780830046274951,27719,2811844,2811024,0.14598084187407798,0.4533372937614771,0.7780830046274951,67.75742966402322
508,field_size_scaled,False,ignore,none,500.0,20.0,0.0,0.5,2.0,20.0,5.0,1,27719,2811844,0.14598084187407798,0.4533372937614771,0.7780830046274951,27719,2811844,2811024,0.14598084187407798,0.4533372937614771,0.7780830046274951,68.84590839920565
509,field_size_scaled,False,modifiers,inverse_sqrt,600.0,20.0,0.5,0.5,2.0,20.0,5.0,0,27719,2811844,0.1450632337974804,0.453349982336784,0.7816390041493776,27719,2811844,2811024,0.1450632337974804,0.453349982336784,0.7816390041493776,61.38345383992419
510,field_size_scaled,False,modifiers,none,600.0,20.0,0.5,0.5,2.0,20.0,5.0,1,27719,2811844,0.14446336259837023,0.45335697123517565,0.7826087575203912,27719,2811844,2811024,0.14446336259837023,0.45335697123517565,0.7826087575203912,72.75529023585841
511,field_size_scaled,False,independent,inverse_sqrt,600.0,10.0,0.1,0.5,2.0,20.0,5.0,0,27719,2811844,0.1458067803995497,0.45335880836406256,0.778062371577048,27719,2811844,2811024,0.1458067803995497,0.45335880836406256,0.778062371577048,78.13857744727284
512,field_size_scaled,False,ignore,none,500.0,20.0,0.1,0.5,2.0,20.0,5.0,0,27719,2811844,0.14630612338296656,0.4535213149153612,0.7777279738629055,27719,2811844,2811024,0.14630612338296656,0.4535213149153612,0.7777279738629055,59.50758590083569
513,field_size_scaled,False,independent,none,500.0,30.0,0.0,0.5,2.0,20.0,5.0,2,27719,2811844,0.1462992121155651,0.4535552389918085,0.7760588312301852,27719,2811844,2811024,0.1462992121155651,0.4535552389918085,0.7760588312301852,39.57871001912281
514,field_size_scaled,False,independent,none,500.0,10.0,0.0,0.5,2.0,20.0,5.0,2,27719,2811844,0.1462992121155651,0.4535552389918085,0.7760588312301852,27719,2811844,2811024,0.1462992121155651,0.4535552389918085,0.7760588312301852,67.67521034693345
515,field_size_scaled,False,independent,none,500.0,20.0,0.0,0.5,2.0,20.0,5.0,2,27719,2811844,0.1462992121155651,0.4535552389918085,0.7760588312301852,27719,2811844,2811024,0.1462992121155651,0.4535552389918085,0.7760588312301852,75.24275600817055
516,field_size_scaled,False,modifiers,none,400.0,30.0,0.0,0.5,2.0,20.0,5.0,0,27719,2811844,0.14699397367147532,0.45355706045027494,0.7761118368252993,27719,2811844,2811024,0.14699397367147532,0.45355706045027494,0.7761118368252993,39.146574803162366
517,field_size_scaled,False,modifiers,none,400.0,10.0,0.0,0.5,2.0,20.0,5.0,0,27719,2811844,0.14699397367147532,0.45355706045027494,0.7761118368252993,27719,2811844,2811024,0.14699397367147532,0.45355706045027494,0.7761118368252993,73.81727224215865
518,field_size_scaled,False,modifiers,none,400.0,20.0,0.0,0.5,2.0,20.0,5.0,0,27719,2811844,0.14699397367147532,0.45355706045027494,0.7761118368252993,27719,2811844,2811024,0.14699397367147532,0.45355706045027494,0.7761118368252993,72.59002036973834
519,field_size_scaled,False,ignore,inverse_sqrt,600.0,10.0,0.0,0.5,2.0,20.0,5.0,0,27719,2811844,0.14602155004209874,0.45365387420242625,0.7787521557980295,27719,2811844,2811024,0.14602155004209874,0.45365387420242625,0.7787521557980295,57.311155701987445
520,field_size_scaled,False,ignore,inverse_sqrt,600.0,20.0,0.0,0.5,2.0,20.0,5.0,0,27719,2811844,0.14602155004209874,0.45365387420242625,0.7787521557980295,27719,2811844,2811024,0.14602155004209874,0.45365387420242625,0.7787521557980295,48.268928240053356
521,field_size_scaled,False,ignore,inverse_sqrt,600.0,30.0,0.0,0.5,2.0,20.0,5.0,0,27719,2811844,0.14602155004209874,0.45365387420242625,0.7787521557980295,27719,2811844,2811024,0.14602155004209874,0.45365387420242625,0.7787521557980295,50.17952713742852
522,field_size_scaled,False,independent,none,600.0,30.0,0.2,0.5,2.0,20.0,5.0,0,27719,2811844,0.14611127001726715,0.4536604917737496,0.7770723408978365,27719,2811844,2811024,0.14611127001726715,0.4536604917737496,0.7770723408978365,45.10307933203876
523,field_size_scaled,False,ignore,none,500.0,30.0,0.0,0.5,2.0,20.0,5.0,2,27719,2811844,0.1461040515151205,0.4536673092636549,0.777965253943047,27719,2811844,2811024,0.1461040515151205,0.4536673092636549,0.777965253943047,57.92487983871251
524,field_size_scaled,False,ignore,none,500.0,10.0,0.0,0.5,2.0,20.0,5.0,2,27719,2811844,0.1461040515151205,0.4536673092636549,0.777965253943047,27719,2811844,2811024,0.1461040515151205,0.4536673092636549,0.777965253943047,68.60308311879635
525,field_size_scaled,False,ignore,none,500.0,20.0,0.0,0.5,2.0,20.0,5.0,2,27719,2811844,0.1461040515151205,0.4536673092636549,0.777965253943047,27719,2811844,2811024,0.1461040515151205,0.4536673092636549,0.777965253943047,68.13497976120561
526,field_size_scaled,False,modifiers,none,600.0,20.0,0.5,0.5,2.0,20.0,5.0,2,27719,2811844,0.14463771612918191,0.4538066543303319,0.7823337687618462,27719,2811844,2811024,0.14463771612918191,0.4538066543303319,0.7823337687618462,72.55980119574815
527,field_size_scaled,False,independent,none,500.0,20.0,0.1,0.5,2.0,20.0,5.0,0,27719,2811844,0.14659908218943055,0.45381846190942926,0.7756984643318592,27719,2811844,2811024,0.14659908218943055,0.45381846190942926,0.7756984643318592,77.29528845194727
528,field_size_scaled,False,modifiers,none,600.0,20.0,0.2,0.5,2.0,20.0,5.0,0,27719,2811844,0.14561266123787395,0.45401143735449806,0.7798631388419309,27719,2811844,2811024,0.14561266123787395,0.45401143735449806,0.7798631388419309,41.43003864400089
529,field_size_scaled,False,modifiers,inverse_sqrt,500.0,10.0,0.5,0.5,2.0,20.0,5.0,0,27719,2811844,0.1449792287447821,0.4540551746560991,0.7821601665442913,27719,2811844,2811024,0.1449792287447821,0.4540551746560991,0.7821601665442913,37.85357770277187
530,field_size_scaled,False,ignore,inverse_sqrt,600.0,10.0,0.2,0.5,2.0,20.0,5.0,0,27719,2811844,0.14537395386169127,0.45410114361649956,0.7810015140390121,27719,2811844,2811024,0.14537395386169127,0.45410114361649956,0.7810015140390121,69.65582520561293
531,field_size_scaled,False,independent,inverse_sqrt,600.0,10.0,0.0,0.5,2.0,20.0,5.0,0,27719,2811844,0.14638587195978034,0.45417967673994075,0.7766066742937805,27719,2811844,2811024,0.14638587195978034,0.45417967673994075,0.7766066742937805,76.49938410241157
532,field_size_scaled,False,independent,inverse_sqrt,600.0,30.0,0.0,0.5,2.0,20.0,5.0,0,27719,2811844,0.14638587195978034,0.45417967673994075,0.7766066742937805,27719,2811844,2811024,0.14638587195978034,0.45417967673994075,0.7766066742937805,70.23243678966537
533,field_size_scaled,False,independent,inverse_sqrt,600.0,20.0,0.0,0.5,2.0,20.0,5.0,0,27719,2811844,0.14638587195978034,0.45417967673994075,0.7766066742937805,27719,2811844,2811024,0.14638587195978034,0.45417967673994075,0.7766066742937805,76.09224350331351
534,field_size_scaled,False,independent,none,600.0,20.0,0.1,0.5,2.0,20.0,5.0,1,27719,2811844,0.14568771212721668,0.45425431873705874,0.7781232035016421,27719,2811844,2811024,0.14568771212721668,0.45425431873705874,0.7781232035016421,73.00864816689864
535,field_size_scaled,False,ignore,inverse_sqrt,600.0,20.0,0.5,0.5,2.0,20.0,5.0,0,27719,2811844,0.14539123497044498,0.4542610535858054,0.7812138921617175,27719,2811844,2811024,0.14539123497044498,0.4542610535858054,0.7812138921617175,68.54213537508622
536,field_size_scaled,False,ignore,none,500.0,10.0,0.2,0.5,2.0,20.0,5.0,0,27719,2811844,0.14595891330147612,0.4543676512304833,0.7791886515376603,27719,2811844,2811024,0.14595891330147612,0.4543676512304833,0.7791886515376603,41.697706933133304
537,field_size_scaled,False,ignore,none,600.0,20.0,0.1,0.5,2.0,20.0,5.0,1,27719,2811844,0.14549800870305893,0.4544263482030732,0.7800573741099329,27719,2811844,2811024,0.14549800870305893,0.4544263482030732,0.7800573741099329,67.54118505585939
538,field_size_scaled,False,ignore,none,600.0,20.0,0.5,0.5,2.0,20.0,5.0,1,27719,2811844,0.1448859577379682,0.45459573766723615,0.7820071973771835,27719,2811844,2811024,0.1448859577379682,0.45459573766723615,0.7820071973771835,65.11272478522733
539,field_size_scaled,False,independent,none,600.0,20.0,0.1,0.5,2.0,20.0,5.0,2,27719,2811844,0.14583512752175637,0.45464202621772165,0.7779616965205562,27719,2811844,2811024,0.14583512752175637,0.45464202621772165,0.7779616965205562,71.15070950984955
540,field_size_scaled,False,independent,none,500.0,10.0,0.2,0.5,2.0,20.0,5.0,0,27719,2811844,0.1462712638138966,0.45470851699635195,0.7770310747969423,27719,2811844,2811024,0.1462712638138966,0.45470851699635195,0.7770310747969423,74.99854066222906
541,field_size_scaled,False,ignore,none,600.0,20.0,0.1,0.5,2.0,20.0,5.0,2,27719,2811844,0.14563133912363957,0.45478410498898125,0.7799072508808178,27719,2811844,2811024,0.14563133912363957,0.45478410498898125,0.7799072508808178,37.602686170022935
542,field_size_scaled,False,independent,inverse_sqrt,600.0,10.0,0.2,0.5,2.0,20.0,5.0,0,27719,2811844,0.1458138426323285,0.4549029213848436,0.7787347244278242,27719,2811844,2811024,0.1458138426323285,0.4549029213848436,0.7787347244278242,72.36132415523753
543,field_size_scaled,False,modifiers,none,600.0,30.0,0.1,0.5,2.0,20.0,5.0,0,27719,2811844,0.14613057586327655,0.4549278707658374,0.7788318420618252,27719,2811844,2811024,0.14613057586327655,0.4549278707658374,0.7788318420618252,68.10023708827794
544,field_size_scaled,False,ignore,none,500.0,10.0,0.1,0.5,2.0,20.0,5.0,0,27719,2811844,0.14648605180241192,0.4549840520088865,0.7778368309911263,27719,2811844,2811024,0.14648605180241192,0.4549840520088865,0.7778368309911263,51.446721733082086
545,field_size_scaled,False,ignore,none,600.0,20.0,0.5,0.5,2.0,20.0,5.0,2,27719,2811844,0.14505821815593148,0.4550435537343159,0.7817272282271513,27719,2811844,2811024,0.14505821815593148,0.4550435537343159,0.7817272282271513,52.57733980799094
546,field_size_scaled,False,independent,none,500.0,10.0,0.1,0.5,2.0,20.0,5.0,0,27719,2811844,0.14674201846215873,0.45510575875007725,0.7758631729931869,27719,2811844,2811024,0.14674201846215873,0.45510575875007725,0.7758631729931869,38.94875615788624
547,field_size_scaled,False,modifiers,none,600.0,10.0,0.1,0.5,2.0,20.0,5.0,1,27719,2811844,0.14530486526812614,0.45511620207776965,0.780835026666439,27719,2811844,2811024,0.14530486526812614,0.45511620207776965,0.780835026666439,74.00564619293436
548,field_size_scaled,False,ignore,inverse_sqrt,500.0,10.0,0.5,0.5,2.0,20.0,5.0,0,27719,2811844,0.14535902023616937,0.45514366051865746,0.781539396319633,27719,2811844,2811024,0.14535902023616937,0.45514366051865746,0.781539396319633,69.01870628399774
549,field_size_scaled,False,modifiers,none,500.0,20.0,0.0,0.5,2.0,20.0,5.0,0,27719,2811844,0.14682203692578707,0.4552390175372287,0.7768389739824348,27719,2811844,2811024,0.14682203692578707,0.4552390175372287,0.7768389739824348,51.5563394180499
550,field_size_scaled,False,modifiers,none,500.0,10.0,0.0,0.5,2.0,20.0,5.0,0,27719,2811844,0.14682203692578707,0.4552390175372287,0.7768389739824348,27719,2811844,2811024,0.14682203692578707,0.4552390175372287,0.7768389739824348,72.88685930799693
551,field_size_scaled,False,modifiers,none,500.0,30.0,0.0,0.5,2.0,20.0,5.0,0,27719,2811844,0.14682203692578707,0.4552390175372287,0.7768389739824348,27719,2811844,2811024,0.14682203692578707,0.4552390175372287,0.7768389739824348,62.303245163057
552,field_size_scaled,False,ignore,none,400.0,10.0,0.0,0.5,2.0,20.0,5.0,0,27719,2811844,0.14761178225685534,0.45542781529259174,0.7752125204196051,27719,2811844,2811024,0.14761178225685534,0.45542781529259174,0.7752125204196051,62.75089375535026
553,field_size_scaled,False,ignore,none,400.0,20.0,0.0,0.5,2.0,20.0,5.0,0,27719,2811844,0.14761178225685534,0.45542781529259174,0.7752125204196051,27719,2811844,2811024,0.14761178225685534,0.45542781529259174,0.7752125204196051,67.67717820918187
554,field_size_scaled,False,ignore,none,400.0,30.0,0.0,0.5,2.0,20.0,5.0,0,27719,2811844,0.14761178225685534,0.45542781529259174,0.7752125204196051,27719,2811844,2811024,0.14761178225685534,0.45542781529259174,0.7752125204196051,67.6870488030836
555,field_size_scaled,False,independent,none,600.0,20.0,0.5,0.5,2.0,20.0,5.0,1,27719,2811844,0.14530371391957764,0.45545684609644826,0.7798318335240112,27719,2811844,2811024,0.14530371391957764,0.45545684609644826,0.7798318335240112,49.36819308483973
556,field_size_scaled,False,modifiers,none,600.0,10.0,0.1,0.5,2.0,20.0,5.0,2,27719,2811844,0.14544648719768638,0.4554994739690165,0.7807122955905037,27719,2811844,2811024,0.14544648719768638,0.4554994739690165,0.7807122955905037,70.41522837104276
557,field_size_scaled,False,independent,inverse_sqrt,600.0,20.0,0.5,0.5,2.0,20.0,5.0,0,27719,2811844,0.14597144631665612,0.45567089610376377,0.7788044499086454,27719,2811844,2811024,0.14597144631665612,0.45567089610376377,0.7788044499086454,76.23780195275322
558,field_size_scaled,False,independent,none,400.0,20.0,0.0,0.5,2.0,20.0,5.0,0,27719,2811844,0.14793694922534373,0.4558979609728645,0.7731495711171446,27719,2811844,2811024,0.14793694922534373,0.4558979609728645,0.7731495711171446,38.760548159014434
559,field_size_scaled,False,independent,none,400.0,10.0,0.0,0.5,2.0,20.0,5.0,0,27719,2811844,0.14793694922534373,0.4558979609728645,0.7731495711171446,27719,2811844,2811024,0.14793694922534373,0.4558979609728645,0.7731495711171446,65.12567671900615
560,field_size_scaled,False,independent,none,400.0,30.0,0.0,0.5,2.0,20.0,5.0,0,27719,2811844,0.14793694922534373,0.4558979609728645,0.7731495711171446,27719,2811844,2811024,0.14793694922534373,0.4558979609728645,0.7731495711171446,69.57698841392994
561,field_size_scaled,False,modifiers,none,500.0,10.0,0.5,0.5,2.0,20.0,5.0,1,27719,2811844,0.14479415624780978,0.45589960411799985,0.7827684857902316,27719,2811844,2811024,0.14479415624780978,0.45589960411799985,0.7827684857902316,73.39791066618636
562,field_size_scaled,False,independent,none,600.0,20.0,0.5,0.5,2.0,20.0,5.0,2,27719,2811844,0.14548613027820312,0.45591790668896387,0.7795646710949462,27719,2811844,2811024,0.14548613027820312,0.45591790668896387,0.7795646710949462,52.58646458899602
563,field_size_scaled,False,ignore,none,600.0,20.0,0.2,0.5,2.0,20.0,5.0,0,27719,2811844,0.14621317522219862,0.45591797379184545,0.7790844190586775,27719,2811844,2811024,0.14621317522219862,0.45591797379184545,0.7790844190586775,48.3446135497652
564,field_size_scaled,False,independent,none,600.0,20.0,0.2,0.5,2.0,20.0,5.0,0,27719,2811844,0.14650594391138788,0.45615991894649544,0.7770118647154916,27719,2811844,2811024,0.14650594391138788,0.45615991894649544,0.7770118647154916,64.41818268597126
565,field_size_scaled,False,modifiers,none,600.0,20.0,0.1,0.5,2.0,20.0,5.0,0,27719,2811844,0.1463534585350581,0.45633299085615553,0.7788161894028653,27719,2811844,2811024,0.1463534585350581,0.45633299085615553,0.7788161894028653,46.69275655364618
566,field_size_scaled,False,modifiers,none,500.0,10.0,0.5,0.5,2.0,20.0,5.0,2,27719,2811844,0.14496066710885647,0.4563434244793434,0.7825162645356283,27719,2811844,2811024,0.14496066710885647,0.4563434244793434,0.7825162645356283,73.81638538790867
567,field_size_scaled,False,independent,inverse_sqrt,500.0,10.0,0.5,0.5,2.0,20.0,5.0,0,27719,2811844,0.14589414623358285,0.4563518405525382,0.7792032369698729,27719,2811844,2811024,0.14589414623358285,0.4563518405525382,0.7792032369698729,44.88892305502668
568,field_size_scaled,False,modifiers,none,600.0,10.0,0.2,0.5,2.0,20.0,5.0,1,27719,2811844,0.1451844202913128,0.45635435933924834,0.7817069509189534,27719,2811844,2811024,0.1451844202913128,0.45635435933924834,0.7817069509189534,72.71602219576016
569,field_size_scaled,False,modifiers,none,600.0,10.0,0.0,0.5,2.0,20.0,5.0,1,27719,2811844,0.14603396438212876,0.45641469449744165,0.7791971893516384,27719,2811844,2811024,0.14603396438212876,0.45641469449744165,0.7791971893516384,50.215982507914305
570,field_size_scaled,False,modifiers,none,600.0,20.0,0.0,0.5,2.0,20.0,5.0,1,27719,2811844,0.14603396438212876,0.45641469449744165,0.7791971893516384,27719,2811844,2811024,0.14603396438212876,0.45641469449744165,0.7791971893516384,70.73911823704839
571,field_size_scaled,False,modifiers,none,600.0,30.0,0.0,0.5,2.0,20.0,5.0,1,27719,2811844,0.14603396438212876,0.45641469449744165,0.7791971893516384,27719,2811844,2811024,0.14603396438212876,0.45641469449744165,0.7791971893516384,68.81403464497998
572,field_size_scaled,False,modifiers,none,600.0,10.0,0.2,0.5,2.0,20.0,5.0,2,27719,2811844,0.14533617131878915,0.4567641267814972,0.7815187632691859,27719,2811844,2811024,0.14533617131878915,0.4567641267814972,0.7815187632691859,57.53526982711628
573,field_size_scaled,False,modifiers,none,600.0,30.0,0.0,0.5,2.0,20.0,5.0,2,27719,2811844,0.146167828360238,0.45678117017277803,0.7789712930234676,27719,2811844,2811024,0.146167828360238,0.45678117017277803,0.7789712930234676,54.34151496272534
574,field_size_scaled,False,modifiers,none,600.0,10.0,0.0,0.5,2.0,20.0,5.0,2,27719,2811844,0.146167828360238,0.45678117017277803,0.7789712930234676,27719,2811844,2811024,0.146167828360238,0.45678117017277803,0.7789712930234676,72.59093784866855
575,field_size_scaled,False,modifiers,none,600.0,20.0,0.0,0.5,2.0,20.0,5.0,2,27719,2811844,0.146167828360238,0.45678117017277803,0.7789712930234676,27719,2811844,2811024,0.146167828360238,0.45678117017277803,0.7789712930234676,72.5100311236456
576,field_size_scaled,False,independent,none,600.0,30.0,0.1,0.5,2.0,20.0,5.0,0,27719,2811844,0.14702192158029287,0.4570445803312347,0.7759709628946605,27719,2811844,2811024,0.14702192158029287,0.4570445803312347,0.7759709628946605,71.35678725410253
577,field_size_scaled,False,ignore,none,600.0,30.0,0.1,0.5,2.0,20.0,5.0,0,27719,2811844,0.14680416236932448,0.4571153781340837,0.7778699150202916,27719,2811844,2811024,0.14680416236932448,0.4571153781340837,0.7778699150202916,63.55166424671188
578,field_size_scaled,False,independent,none,600.0,10.0,0.1,0.5,2.0,20.0,5.0,1,27719,2811844,0.14616634586592006,0.4571275547241473,0.7780200382494066,27719,2811844,2811024,0.14616634586592006,0.4571275547241473,0.7780200382494066,69.75539267389104
579,field_size_scaled,False,ignore,none,500.0,10.0,0.5,0.5,2.0,20.0,5.0,1,27719,2811844,0.1452596765737777,0.45731169704879043,0.7821512729880641,27719,2811844,2811024,0.1452596765737777,0.45731169704879043,0.7821512729880641,67.82814494008198
580,field_size_scaled,False,independent,none,500.0,10.0,0.0,0.5,2.0,20.0,5.0,0,27719,2811844,0.14772237721128337,0.45739159841394006,0.7739485682085959,27719,2811844,2811024,0.14772237721128337,0.45739159841394006,0.7739485682085959,74.71307070180774
581,field_size_scaled,False,independent,none,500.0,20.0,0.0,0.5,2.0,20.0,5.0,0,27719,2811844,0.14772237721128337,0.45739159841394006,0.7739485682085959,27719,2811844,2811024,0.14772237721128337,0.45739159841394006,0.7739485682085959,75.8522355449386
582,field_size_scaled,False,independent,none,500.0,30.0,0.0,0.5,2.0,20.0,5.0,0,27719,2811844,0.14772237721128337,0.45739159841394006,0.7739485682085959,27719,2811844,2811024,0.14772237721128337,0.45739159841394006,0.7739485682085959,74.16751885507256
583,field_size_scaled,False,ignore,none,600.0,10.0,0.1,0.5,2.0,20.0,5.0,1,27719,2811844,0.14601232396628916,0.4574952012486309,0.7799261052200195,27719,2811844,2811024,0.14601232396628916,0.4574952012486309,0.7799261052200195,61.05832307506353
584,field_size_scaled,False,independent,none,600.0,10.0,0.1,0.5,2.0,20.0,5.0,2,27719,2811844,0.1463167443397589,0.4575280383555929,0.7778318505996391,27719,2811844,2811024,0.1463167443397589,0.4575280383555929,0.7778318505996391,75.6158778690733
585,field_size_scaled,False,ignore,none,500.0,20.0,0.0,0.5,2.0,20.0,5.0,0,27719,2811844,0.14753457212087942,0.4575390174828295,0.7758471645919779,27719,2811844,2811024,0.14753457212087942,0.4575390174828295,0.7758471645919779,35.16140365507454
586,field_size_scaled,False,ignore,none,500.0,10.0,0.0,0.5,2.0,20.0,5.0,0,27719,2811844,0.14753457212087942,0.4575390174828295,0.7758471645919779,27719,2811844,2811024,0.14753457212087942,0.4575390174828295,0.7758471645919779,65.14679946005344
587,field_size_scaled,False,ignore,none,500.0,30.0,0.0,0.5,2.0,20.0,5.0,0,27719,2811844,0.14753457212087942,0.4575390174828295,0.7758471645919779,27719,2811844,2811024,0.14753457212087942,0.4575390174828295,0.7758471645919779,70.16900947596878
588,field_size_scaled,False,modifiers,none,600.0,20.0,0.5,0.5,2.0,20.0,5.0,0,27719,2811844,0.14606345113229893,0.45762057603118644,0.7803362760332178,27719,2811844,2811024,0.14606345113229893,0.45762057603118644,0.7803362760332178,71.97978071914986
589,field_size_scaled,False,ignore,none,500.0,10.0,0.5,0.5,2.0,20.0,5.0,2,27719,2811844,0.1454231666395895,0.45775034619762406,0.7818698808690356,27719,2811844,2811024,0.1454231666395895,0.45775034619762406,0.7818698808690356,67.74971308419481
590,field_size_scaled,False,ignore,none,600.0,10.0,0.1,0.5,2.0,20.0,5.0,2,27719,2811844,0.14614782148667269,0.457863405565535,0.7797482340954756,27719,2811844,2811024,0.14614782148667269,0.457863405565535,0.7797482340954756,62.837916614022106
591,field_size_scaled,False,independent,none,500.0,10.0,0.5,0.5,2.0,20.0,5.0,1,27719,2811844,0.14564744169270277,0.45799539798419103,0.7799954749585916,27719,2811844,2811024,0.14564744169270277,0.45799539798419103,0.7799954749585916,39.022197236306965
592,field_size_scaled,False,independent,none,600.0,10.0,0.2,0.5,2.0,20.0,5.0,1,27719,2811844,0.1460440782965237,0.4583804000678058,0.7788663490599866,27719,2811844,2811024,0.1460440782965237,0.4583804000678058,0.7788663490599866,59.95805062819272
593,field_size_scaled,False,independent,none,600.0,10.0,0.0,0.5,2.0,20.0,5.0,1,27719,2811844,0.14689014292776525,0.4583903744278067,0.7763918059753314,27719,2811844,2811024,0.14689014292776525,0.4583903744278067,0.7763918059753314,56.41933741979301
594,field_size_scaled,False,independent,none,600.0,30.0,0.0,0.5,2.0,20.0,5.0,1,27719,2811844,0.14689014292776525,0.4583903744278067,0.7763918059753314,27719,2811844,2811024,0.14689014292776525,0.4583903744278067,0.7763918059753314,52.686336286365986
595,field_size_scaled,False,independent,none,600.0,20.0,0.0,0.5,2.0,20.0,5.0,1,27719,2811844,0.14689014292776525,0.4583903744278067,0.7763918059753314,27719,2811844,2811024,0.14689014292776525,0.4583903744278067,0.7763918059753314,68.86417031101882
596,field_size_scaled,False,independent,none,600.0,20.0,0.1,0.5,2.0,20.0,5.0,0,27719,2811844,0.14723916073317125,0.45841850000567586,0.7760125847378038,27719,2811844,2811024,0.14723916073317125,0.45841850000567586,0.7760125847378038,70.71202930575237
597,field_size_scaled,False,independent,none,500.0,10.0,0.5,0.5,2.0,20.0,5.0,2,27719,2811844,0.14582262875899635,0.4584521838404286,0.7797155058085594,27719,2811844,2811024,0.14582262875899635,0.4584521838404286,0.7797155058085594,76.274280291982
598,field_size_scaled,False,ignore,none,600.0,10.0,0.2,0.5,2.0,20.0,5.0,1,27719,2811844,0.14582024812004357,0.45845998901674584,0.780903684920513,27719,2811844,2811024,0.14582024812004357,0.45845998901674584,0.780903684920513,52.74734917096794
599,field_size_scaled,False,ignore,none,600.0,20.0,0.1,0.5,2.0,20.0,5.0,0,27719,2811844,0.1470425228567546,0.4586014291296197,0.7779044220184531,27719,2811844,2811024,0.1470425228567546,0.4586014291296197,0.7779044220184531,68.26744804205373
600,field_size_scaled,False,independent,none,600.0,10.0,0.0,0.5,2.0,20.0,5.0,2,27719,2811844,0.14703307974148358,0.4587769774334518,0.7761434978854681,27719,2811844,2811024,0.14703307974148358,0.4587769774334518,0.7761434978854681,53.78545494331047
601,field_size_scaled,False,independent,none,600.0,20.0,0.0,0.5,2.0,20.0,5.0,2,27719,2811844,0.14703307974148358,0.4587769774334518,0.7761434978854681,27719,2811844,2811024,0.14703307974148358,0.4587769774334518,0.7761434978854681,76.85932215303183
602,field_size_scaled,False,independent,none,600.0,30.0,0.0,0.5,2.0,20.0,5.0,2,27719,2811844,0.14703307974148358,0.4587769774334518,0.7761434978854681,27719,2811844,2811024,0.14703307974148358,0.4587769774334518,0.7761434978854681,74.32122973585501
603,field_size_scaled,False,independent,none,600.0,10.0,0.2,0.5,2.0,20.0,5.0,2,27719,2811844,0.14620465553789572,0.4588053271811019,0.778677449925721,27719,2811844,2811024,0.14620465553789572,0.4588053271811019,0.778677449925721,69.08362629311159
604,field_size_scaled,False,ignore,none,600.0,10.0,0.2,0.5,2.0,20.0,5.0,2,27719,2811844,0.14596644301584177,0.45885668266909996,0.7807137185595,27719,2811844,2811024,0.14596644301584177,0.45885668266909996,0.7807137185595,63.56253781169653
605,field_size_scaled,False,ignore,none,600.0,20.0,0.5,0.5,2.0,20.0,5.0,0,27719,2811844,0.1464991329661756,0.4589087565907927,0.7796987859228524,27719,2811844,2811024,0.1464991329661756,0.4589087565907927,0.7796987859228524,60.767180072143674
606,field_size_scaled,False,ignore,none,600.0,20.0,0.0,0.5,2.0,20.0,5.0,1,27719,2811844,0.1468203371443963,0.459111529650846,0.7781459710055837,27719,2811844,2811024,0.1468203371443963,0.459111529650846,0.7781459710055837,36.023861492984
607,field_size_scaled,False,ignore,none,600.0,10.0,0.0,0.5,2.0,20.0,5.0,1,27719,2811844,0.1468203371443963,0.459111529650846,0.7781459710055837,27719,2811844,2811024,0.1468203371443963,0.459111529650846,0.7781459710055837,68.39699205104262
608,field_size_scaled,False,ignore,none,600.0,30.0,0.0,0.5,2.0,20.0,5.0,1,27719,2811844,0.1468203371443963,0.459111529650846,0.7781459710055837,27719,2811844,2811024,0.1468203371443963,0.459111529650846,0.7781459710055837,68.25935059273615
609,field_size_scaled,False,modifiers,none,600.0,10.0,0.1,0.5,2.0,20.0,5.0,0,27719,2811844,0.14683854133984586,0.4592604576610256,0.7786422314430613,27719,2811844,2811024,0.14683854133984586,0.4592604576610256,0.7786422314430613,73.62840188806877
610,field_size_scaled,False,ignore,none,600.0,20.0,0.0,0.5,2.0,20.0,5.0,2,27719,2811844,0.1469476255854675,0.4594611413425794,0.7779545816755744,27719,2811844,2811024,0.1469476255854675,0.4594611413425794,0.7779545816755744,35.61483481992036
611,field_size_scaled,False,ignore,none,600.0,10.0,0.0,0.5,2.0,20.0,5.0,2,27719,2811844,0.1469476255854675,0.4594611413425794,0.7779545816755744,27719,2811844,2811024,0.1469476255854675,0.4594611413425794,0.7779545816755744,62.85683136805892
612,field_size_scaled,False,ignore,none,600.0,30.0,0.0,0.5,2.0,20.0,5.0,2,27719,2811844,0.1469476255854675,0.4594611413425794,0.7779545816755744,27719,2811844,2811024,0.1469476255854675,0.4594611413425794,0.7779545816755744,67.33581515774131
613,field_size_scaled,False,independent,none,600.0,20.0,0.5,0.5,2.0,20.0,5.0,0,27719,2811844,0.14693179966039155,0.45978827823791263,0.7774867806180239,27719,2811844,2811024,0.14693179966039155,0.45978827823791263,0.7774867806180239,51.946375883650035
614,field_size_scaled,False,modifiers,none,500.0,10.0,0.5,0.5,2.0,20.0,5.0,0,27719,2811844,0.14636893754430505,0.46012279666060685,0.7804394412854533,27719,2811844,2811024,0.14636893754430505,0.46012279666060685,0.7804394412854533,74.09883582312614
615,field_size_scaled,False,modifiers,none,600.0,10.0,0.2,0.5,2.0,20.0,5.0,0,27719,2811844,0.14673006906765196,0.4605219000369639,0.779499214521114,27719,2811844,2811024,0.14673006906765196,0.4605219000369639,0.779499214521114,60.72424855083227
616,field_size_scaled,False,modifiers,none,600.0,10.0,0.0,0.5,2.0,20.0,5.0,0,27719,2811844,0.14756305539758155,0.4605625354586723,0.7769631280273666,27719,2811844,2811024,0.14756305539758155,0.4605625354586723,0.7769631280273666,68.47413209080696
617,field_size_scaled,False,modifiers,none,600.0,20.0,0.0,0.5,2.0,20.0,5.0,0,27719,2811844,0.14756305539758155,0.4605625354586723,0.7769631280273666,27719,2811844,2811024,0.14756305539758155,0.4605625354586723,0.7769631280273666,76.41888154903427
618,field_size_scaled,False,modifiers,none,600.0,30.0,0.0,0.5,2.0,20.0,5.0,0,27719,2811844,0.14756305539758155,0.4605625354586723,0.7769631280273666,27719,2811844,2811024,0.14756305539758155,0.4605625354586723,0.7769631280273666,73.9251580121927
619,field_size_scaled,False,independent,none,600.0,10.0,0.1,0.5,2.0,20.0,5.0,0,27719,2811844,0.1477152446182527,0.4612929549904405,0.7757617864521967,27719,2811844,2811024,0.1477152446182527,0.4612929549904405,0.7757617864521967,74.90098822396249
620,field_size_scaled,False,ignore,none,500.0,10.0,0.5,0.5,2.0,20.0,5.0,0,27719,2811844,0.14684546392580164,0.4615774123735316,0.7797503685489701,27719,2811844,2811024,0.14684546392580164,0.4615774123735316,0.7797503685489701,36.3146477942355
621,field_size_scaled,False,ignore,none,600.0,10.0,0.1,0.5,2.0,20.0,5.0,0,27719,2811844,0.14755418975551637,0.46167555402331406,0.777677458463535,27719,2811844,2811024,0.14755418975551637,0.46167555402331406,0.777677458463535,68.91509215300903
622,field_size_scaled,False,modifiers,inverse_sqrt,600.0,10.0,0.5,0.5,2.0,20.0,5.0,1,27719,2811844,0.14544120475551606,0.4618486207120173,0.7834408386410077,27719,2811844,2811024,0.14544120475551606,0.4618486207120173,0.7834408386410077,72.64874958386645
623,field_size_scaled,False,independent,none,500.0,10.0,0.5,0.5,2.0,20.0,5.0,0,27719,2811844,0.14724700808905394,0.4622724273085023,0.7776063100137174,27719,2811844,2811024,0.14724700808905394,0.4622724273085023,0.7776063100137174,58.78891597595066
624,field_size_scaled,False,modifiers,inverse_sqrt,600.0,10.0,0.5,0.5,2.0,20.0,5.0,2,27719,2811844,0.14563732821857867,0.46237977659976043,0.7830790487736853,27719,2811844,2811024,0.14563732821857867,0.46237977659976043,0.7830790487736853,63.59097988717258
625,field_size_scaled,False,independent,none,600.0,30.0,0.0,0.5,2.0,20.0,5.0,0,27719,2811844,0.14843299508217428,0.4625562292122102,0.7742167978644081,27719,2811844,2811024,0.14843299508217428,0.4625562292122102,0.7742167978644081,52.29886688431725
626,field_size_scaled,False,independent,none,600.0,10.0,0.0,0.5,2.0,20.0,5.0,0,27719,2811844,0.14843299508217428,0.4625562292122102,0.7742167978644081,27719,2811844,2811024,0.14843299508217428,0.4625562292122102,0.7742167978644081,74.91671599401161
627,field_size_scaled,False,independent,none,600.0,20.0,0.0,0.5,2.0,20.0,5.0,0,27719,2811844,0.14843299508217428,0.4625562292122102,0.7742167978644081,27719,2811844,2811024,0.14843299508217428,0.4625562292122102,0.7742167978644081,77.09149094298482
628,field_size_scaled,False,independent,none,600.0,10.0,0.2,0.5,2.0,20.0,5.0,0,27719,2811844,0.1476074104268138,0.4625755294761579,0.7766504305904183,27719,2811844,2811024,0.1476074104268138,0.4625755294761579,0.7766504305904183,40.82620825385675
629,field_size_scaled,False,ignore,none,600.0,10.0,0.2,0.5,2.0,20.0,5.0,0,27719,2811844,0.1473743482926896,0.4626654992753921,0.7786304919488414,27719,2811844,2811024,0.1473743482926896,0.4626654992753921,0.7786304919488414,45.71677441615611
630,field_size_scaled,False,ignore,inverse_sqrt,600.0,10.0,0.5,0.5,2.0,20.0,5.0,1,27719,2811844,0.1458383813073614,0.46304464955745395,0.7828243373233384,27719,2811844,2811024,0.1458383813073614,0.46304464955745395,0.7828243373233384,36.242009030189365
631,field_size_scaled,False,ignore,none,600.0,10.0,0.0,0.5,2.0,20.0,5.0,0,27719,2811844,0.14835731569155347,0.463294060261958,0.7759403690612389,27719,2811844,2811024,0.14835731569155347,0.463294060261958,0.7759403690612389,35.30652791215107
632,field_size_scaled,False,ignore,none,600.0,20.0,0.0,0.5,2.0,20.0,5.0,0,27719,2811844,0.14835731569155347,0.463294060261958,0.7759403690612389,27719,2811844,2811024,0.14835731569155347,0.463294060261958,0.7759403690612389,68.99385856511071
633,field_size_scaled,False,ignore,none,600.0,30.0,0.0,0.5,2.0,20.0,5.0,0,27719,2811844,0.14835731569155347,0.463294060261958,0.7759403690612389,27719,2811844,2811024,0.14835731569155347,0.463294060261958,0.7759403690612389,69.99053104082122
634,field_size_scaled,False,ignore,inverse_sqrt,600.0,10.0,0.5,0.5,2.0,20.0,5.0,2,27719,2811844,0.14603568787579965,0.4635778955963742,0.7824931412894376,27719,2811844,2811024,0.14603568787579965,0.4635778955963742,0.7824931412894376,57.55246406281367
635,field_size_scaled,True,modifiers,inverse_sqrt,500.0,30.0,0.1,0.5,2.0,20.0,5.0,1,27719,2811844,0.15068947342688305,0.4636439128657409,0.7721709241899037,7137,16381928,16376624,0.1384278881773765,0.4296205866138763,0.7909042181099109,208.60994797199965
636,field_size_scaled,True,modifiers,inverse_sqrt,500.0,20.0,0.1,0.5,2.0,20.0,5.0,1,27719,2811844,0.1506333688286903,0.4636994426774748,0.7723342098822351,7137,16381928,16376624,0.13840435341191035,0.42989818743806685,0.7910991911397611,214.63129240088165
637,field_size_scaled,False,independent,inverse_sqrt,600.0,10.0,0.5,0.5,2.0,20.0,5.0,1,27719,2811844,0.14630876083317146,0.46397665952249767,0.7805454524756814,27719,2811844,2811024,0.14630876083317146,0.46397665952249767,0.7805454524756814,75.25283452495933
638,field_size_scaled,True,modifiers,inverse_sqrt,500.0,30.0,0.1,0.5,2.0,20.0,5.0,2,27719,2811844,0.15087305158799416,0.4640636942408911,0.771840083898252,7137,16381928,16376624,0.13851988965736806,0.42982465459234354,0.7907514393687002,213.85102701513097
639,field_size_scaled,True,modifiers,inverse_sqrt,500.0,20.0,0.1,0.5,2.0,20.0,5.0,2,27719,2811844,0.15081804509865093,0.46412188944952026,0.772034319166254,7137,16381928,16376624,0.138496271571938,0.4301019455499602,0.7909555107328592,191.71477648289874
640,field_size_scaled,True,modifiers,inverse_sqrt,500.0,10.0,0.1,0.5,2.0,20.0,5.0,1,27719,2811844,0.15062498454739093,0.46413261367822845,0.772455162246925,7137,16381928,16376624,0.13845289090740592,0.4307459301604976,0.7913396558411551,215.31184170674533
641,field_size_scaled,True,modifiers,inverse_sqrt,400.0,10.0,0.1,0.5,2.0,20.0,5.0,1,27719,2811844,0.15103464001555394,0.4641807770529391,0.7716472715992464,7137,16381928,16376624,0.13868610243448368,0.42961431428010205,0.7902266059231744,218.0924716410227
642,field_size_scaled,True,modifiers,inverse_sqrt,400.0,20.0,0.2,0.5,2.0,20.0,5.0,1,27719,2811844,0.15080896387297682,0.46419402740239973,0.7723029045643154,7137,16381928,16376624,0.13853154596493347,0.4302579632687245,0.7910615154869526,203.92613885179162
643,field_size_scaled,True,modifiers,inverse_sqrt,600.0,10.0,0.0,0.5,2.0,20.0,5.0,1,27719,2811844,0.15087821041214883,0.46428582854226536,0.7715992463956195,7137,16381928,16376624,0.13862053225442608,0.4303260638714267,0.7904753751444742,182.93977783294395
644,field_size_scaled,True,modifiers,inverse_sqrt,600.0,30.0,0.0,0.5,2.0,20.0,5.0,1,27719,2811844,0.15087821041214883,0.46428582854226536,0.7715992463956195,7137,16381928,16376624,0.13862053225442608,0.4303260638714267,0.7904753751444742,201.17800038913265
645,field_size_scaled,True,modifiers,inverse_sqrt,600.0,20.0,0.0,0.5,2.0,20.0,5.0,1,27719,2811844,0.15087821041214883,0.46428582854226536,0.7715992463956195,7137,16381928,16376624,0.13862053225442608,0.4303260638714267,0.7904753751444742,215.4659859277308
646,field_size_scaled,True,modifiers,inverse_sqrt,400.0,30.0,0.2,0.5,2.0,20.0,5.0,1,27719,2811844,0.15102947574153372,0.46444904126036257,0.7719674396234255,7137,16381928,16376624,0.13865830534117043,0.4299985070327045,0.7906368858441154,215.3479546783492
647,field_size_scaled,False,independent,inverse_sqrt,600.0,10.0,0.5,0.5,2.0,20.0,5.0,2,27719,2811844,0.14651221386167676,0.46451957611659667,0.7801868642886008,27719,2811844,2811024,0.14651221386167676,0.46451957611659667,0.7801868642886008,80.5200560502708
648,field_size_scaled,True,modifiers,inverse_sqrt,500.0,10.0,0.1,0.5,2.0,20.0,5.0,2,27719,2811844,0.1508117077717097,0.4645604490655458,0.7721403303564822,7137,16381928,16376624,0.13854481594199133,0.43094993256545866,0.7911763743247693,167.668814600911
649,field_size_scaled,True,modifiers,inverse_sqrt,400.0,10.0,0.1,0.5,2.0,20.0,5.0,2,27719,2811844,0.15121550351117577,0.4645947136536578,0.7713107394316092,7137,16381928,16376624,0.13877864817172755,0.42982076464511093,0.7900605765877021,153.56774623692036
650,field_size_scaled,True,modifiers,inverse_sqrt,400.0,20.0,0.2,0.5,2.0,20.0,5.0,2,27719,2811844,0.151001257436196,0.4646301536706172,0.7719034060185896,7137,16381928,16376624,0.13862859216142928,0.430472472051778,0.7908876701327453,215.5044556800276
651,field_size_scaled,True,ignore,inverse_sqrt,500.0,30.0,0.1,0.5,2.0,20.0,5.0,1,27719,2811844,0.15105835252251446,0.46464685788113536,0.7715544228722344,7137,16381928,16376624,0.13869148978059995,0.43035591965706066,0.7904632236778472,209.7259888597764
652,field_size_scaled,True,modifiers,inverse_sqrt,600.0,10.0,0.0,0.5,2.0,20.0,5.0,2,27719,2811844,0.1510565840782383,0.4646998515923285,0.7712979327106421,7137,16381928,16376624,0.1387100048331171,0.4305281496788708,0.7903326106772678,200.50799730978906
653,field_size_scaled,True,modifiers,inverse_sqrt,600.0,30.0,0.0,0.5,2.0,20.0,5.0,2,27719,2811844,0.1510565840782383,0.4646998515923285,0.7712979327106421,7137,16381928,16376624,0.1387100048331171,0.4305281496788708,0.7903326106772678,184.68079492915422
654,field_size_scaled,True,modifiers,inverse_sqrt,600.0,20.0,0.0,0.5,2.0,20.0,5.0,2,27719,2811844,0.1510565840782383,0.4646998515923285,0.7712979327106421,7137,16381928,16376624,0.1387100048331171,0.4305281496788708,0.7903326106772678,216.0138277648948
655,field_size_scaled,True,ignore,inverse_sqrt,500.0,20.0,0.1,0.5,2.0,20.0,5.0,1,27719,2811844,0.15101242353282934,0.4647383365795118,0.7717155741110713,7137,16381928,16376624,0.13867706452430353,0.4306660137409835,0.7906535559465736,207.99045895272866
656,field_size_scaled,True,modifiers,inverse_sqrt,500.0,10.0,0.0,0.5,2.0,20.0,5.0,1,27719,2811844,0.15134197558521684,0.464830926176269,0.7707643193370103,7137,16381928,16376624,0.13902174959661023,0.430250622049465,0.7893544481451122,193.26680942391977
657,field_size_scaled,True,modifiers,inverse_sqrt,500.0,20.0,0.0,0.5,2.0,20.0,5.0,1,27719,2811844,0.15134197558521684,0.464830926176269,0.7707643193370103,7137,16381928,16376624,0.13902174959661023,0.430250622049465,0.7893544481451122,190.27889237226918
658,field_size_scaled,True,modifiers,inverse_sqrt,500.0,30.0,0.0,0.5,2.0,20.0,5.0,1,27719,2811844,0.15134197558521684,0.464830926176269,0.7707643193370103,7137,16381928,16376624,0.13902174959661023,0.430250622049465,0.7893544481451122,214.30456737522036
659,field_size_scaled,True,modifiers,inverse_sqrt,400.0,10.0,0.2,0.5,2.0,20.0,5.0,1,27719,2811844,0.1507252259931198,0.46483109281872753,0.772710229439521,7137,16381928,16376624,0.13853972185778088,0.43164989852808533,0.7916450911982836,218.48496706038713
660,field_size_scaled,True,modifiers,inverse_sqrt,400.0,30.0,0.2,0.5,2.0,20.0,5.0,2,27719,2811844,0.15121918163313866,0.46487990354488334,0.7715455293160073,7137,16381928,16376624,0.13875571816371376,0.43021500807382257,0.7904294560344061,190.28335195267573
661,field_size_scaled,True,ignore,inverse_sqrt,400.0,20.0,0.2,0.5,2.0,20.0,5.0,1,27719,2811844,0.1510948764596007,0.46495797209014617,0.7717820979116508,7137,16381928,16376624,0.13872080744633375,0.43077445273625864,0.790743256974087,125.14656154764816
662,field_size_scaled,True,modifiers,inverse_sqrt,400.0,20.0,0.1,0.5,2.0,20.0,5.0,1,27719,2811844,0.15137442484364708,0.46495977225076646,0.7711065433806328,7137,16381928,16376624,0.13897630310136463,0.4301152646597602,0.7896308176825699,136.6465760548599
663,field_size_scaled,True,ignore,inverse_sqrt,500.0,30.0,0.1,0.5,2.0,20.0,5.0,2,27719,2811844,0.15124062070327954,0.4650660001096356,0.771208641406121,7137,16381928,16376624,0.1387907618494615,0.4305810490887639,0.7902818676181367,209.57612649397925
664,field_size_scaled,True,modifiers,inverse_sqrt,600.0,30.0,0.1,0.5,2.0,20.0,5.0,1,27719,2811844,0.1507402049666736,0.4650869402221498,0.7725839409410947,7137,16381928,16376624,0.13862855876446697,0.4321820602550565,0.7915228437802565,200.2606423040852
665,field_size_scaled,True,ignore,inverse_sqrt,400.0,10.0,0.1,0.5,2.0,20.0,5.0,1,27719,2811844,0.151375924495531,0.46508914388346506,0.7710521148165224,7137,16381928,16376624,0.13892478392017324,0.43026367556773126,0.7898168145034044,211.372011447791
666,field_size_scaled,True,modifiers,inverse_sqrt,500.0,30.0,0.2,0.5,2.0,20.0,5.0,1,27719,2811844,0.15078576231527085,0.46514199407945855,0.7726984899453011,7137,16381928,16376624,0.1386825508182946,0.4322897080250483,0.7915632672521516,194.4882755568251
667,field_size_scaled,True,ignore,inverse_sqrt,500.0,20.0,0.1,0.5,2.0,20.0,5.0,2,27719,2811844,0.15119568128006086,0.46515998086112653,0.7713879354996613,7137,16381928,16376624,0.13877619580695594,0.4308908758079842,0.7904728715759731,204.23657313967124
668,field_size_scaled,True,ignore,inverse_sqrt,400.0,30.0,0.2,0.5,2.0,20.0,5.0,1,27719,2811844,0.15130115895947224,0.46516585285671075,0.7714928794631423,7137,16381928,16376624,0.13883425181972603,0.4304718088465389,0.7903141697580649,209.964868998155
669,field_size_scaled,True,modifiers,inverse_sqrt,500.0,30.0,0.0,0.5,2.0,20.0,5.0,2,27719,2811844,0.15151691277624474,0.4652356456896598,0.7705010700726852,7137,16381928,16376624,0.13911173228235385,0.4304537647365637,0.7892320786017925,115.66662957612425
670,field_size_scaled,True,modifiers,inverse_sqrt,500.0,20.0,0.0,0.5,2.0,20.0,5.0,2,27719,2811844,0.15151691277624474,0.4652356456896598,0.7705010700726852,7137,16381928,16376624,0.13911173228235385,0.4304537647365637,0.7892320786017925,175.54588950471953
671,field_size_scaled,True,modifiers,inverse_sqrt,500.0,10.0,0.0,0.5,2.0,20.0,5.0,2,27719,2811844,0.15151691277624474,0.4652356456896598,0.7705010700726852,7137,16381928,16376624,0.13911173228235385,0.4304537647365637,0.7892320786017925,204.87986079230905
672,field_size_scaled,True,ignore,inverse_sqrt,500.0,10.0,0.1,0.5,2.0,20.0,5.0,1,27719,2811844,0.15102175438377308,0.46523574998935263,0.7718436413207429,7137,16381928,16376624,0.13874140466527962,0.43157164601917264,0.7908741142252518,111.51463265391067
673,field_size_scaled,True,modifiers,inverse_sqrt,400.0,10.0,0.2,0.5,2.0,20.0,5.0,2,27719,2811844,0.15092108721495048,0.4652755700878418,0.7723359885934805,7137,16381928,16376624,0.13863587399350635,0.43186163889279766,0.7914985408470024,159.3968958822079
674,field_size_scaled,True,modifiers,inverse_sqrt,400.0,20.0,0.1,0.5,2.0,20.0,5.0,2,27719,2811844,0.15155385700628515,0.465371101194548,0.7707692997284975,7137,16381928,16376624,0.13906938495731547,0.4303241079453749,0.7894806035725067,214.2517332858406
675,field_size_scaled,True,ignore,inverse_sqrt,400.0,20.0,0.2,0.5,2.0,20.0,5.0,2,27719,2811844,0.1512861621449238,0.4653947185539566,0.7714167506218375,7137,16381928,16376624,0.1388246479830438,0.43100951131680965,0.7905645266081702,173.8719331678003
676,field_size_scaled,True,ignore,inverse_sqrt,400.0,10.0,0.1,0.5,2.0,20.0,5.0,2,27719,2811844,0.1515557492824747,0.46550282211176774,0.7707596946877722,7137,16381928,16376624,0.13902472087760512,0.4304909741708245,0.7896527391726158,218.55104979407042
677,field_size_scaled,True,modifiers,inverse_sqrt,600.0,30.0,0.1,0.5,2.0,20.0,5.0,2,27719,2811844,0.15092931187119563,0.4655216953363264,0.7721940474360944,7137,16381928,16376624,0.13872070531570088,0.43238749784228536,0.7913345265788602,154.00100743072107
678,field_size_scaled,True,modifiers,inverse_sqrt,400.0,30.0,0.1,0.5,2.0,20.0,5.0,1,27719,2811844,0.15161566727625045,0.4655577624963476,0.7708066526646518,7137,16381928,16376624,0.13919000788295788,0.4305690917709165,0.7892665179343434,196.9369202540256
679,field_size_scaled,True,modifiers,inverse_sqrt,500.0,30.0,0.2,0.5,2.0,20.0,5.0,2,27719,2811844,0.15098334691942952,0.46559054581997006,0.7723139325740371,7137,16381928,16376624,0.13877955136531342,0.43250354070409525,0.7914091451327209,167.56906989682466
680,field_size_scaled,True,ignore,inverse_sqrt,400.0,30.0,0.2,0.5,2.0,20.0,5.0,2,27719,2811844,0.15148998527403915,0.4655974393572784,0.771086977556933,7137,16381928,16376624,0.13893852519603161,0.43070867632249304,0.790121761359362,209.6744705880992
681,field_size_scaled,True,ignore,inverse_sqrt,500.0,10.0,0.1,0.5,2.0,20.0,5.0,2,27719,2811844,0.15120685731201858,0.46566246278426193,0.7715149354825857,7137,16381928,16376624,0.13884042661311047,0.4317967789125292,0.790693857293176,210.2884340728633
682,field_size_scaled,True,ignore,inverse_sqrt,400.0,10.0,0.2,0.5,2.0,20.0,5.0,1,27719,2811844,0.1510366441820051,0.46568206906839904,0.7721844423953691,7137,16381928,16376624,0.13875337461952886,0.4322481279329739,0.7913014306245292,106.53922535479069
683,field_size_scaled,True,ignore,inverse_sqrt,600.0,10.0,0.0,0.5,2.0,20.0,5.0,1,27719,2811844,0.15137706108767113,0.4656877964775489,0.7708105658293917,7137,16381928,16376624,0.13900319260838176,0.43143435517700035,0.7898888684261176,210.30962864356115
684,field_size_scaled,True,ignore,inverse_sqrt,600.0,20.0,0.0,0.5,2.0,20.0,5.0,1,27719,2811844,0.15137706108767113,0.4656877964775489,0.7708105658293917,7137,16381928,16376624,0.13900319260838176,0.43143435517700035,0.7898888684261176,210.21944815292954
685,field_size_scaled,True,ignore,inverse_sqrt,600.0,30.0,0.0,0.5,2.0,20.0,5.0,1,27719,2811844,0.15137706108767113,0.4656877964775489,0.7708105658293917,7137,16381928,16376624,0.13900319260838176,0.43143435517700035,0.7898888684261176,213.63618368282914
686,field_size_scaled,True,ignore,inverse_sqrt,400.0,20.0,0.1,0.5,2.0,20.0,5.0,1,27719,2811844,0.1516994782960134,0.46581416644462087,0.770548739534063,7137,16381928,16376624,0.13920012570903492,0.430715173164736,0.789242825627553,108.33526484295726
687,field_size_scaled,True,modifiers,inverse_sqrt,600.0,20.0,0.1,0.5,2.0,20.0,5.0,1,27719,2811844,0.15086264868724142,0.4658669165585089,0.7725746916426185,7137,16381928,16376624,0.13878485698104293,0.43325379381367046,0.791556672486344,157.5170351830311
688,field_size_scaled,True,modifiers,inverse_sqrt,400.0,30.0,0.1,0.5,2.0,20.0,5.0,2,27719,2811844,0.1517943334500661,0.4659678453000561,0.7705142325359015,7137,16381928,16376624,0.13928346662541943,0.4307796109992708,0.7891396908178389,211.68253936385736
689,field_size_scaled,True,ignore,inverse_sqrt,500.0,30.0,0.2,0.5,2.0,20.0,5.0,1,27719,2811844,0.15109742657071407,0.46599415975321185,0.7721584732111857,7137,16381928,16376624,0.13889564308964844,0.4328865826289037,0.7912115464090768,209.42844876786694
690,field_size_scaled,True,modifiers,none,400.0,30.0,0.2,0.5,2.0,20.0,5.0,1,27719,2811844,0.15158033630061102,0.4660021634766325,0.7705711512957556,7137,16381928,16376624,0.13896757555652245,0.430912573118114,0.7897995337744824,216.23624044889584
691,field_size_scaled,True,ignore,inverse_sqrt,500.0,10.0,0.0,0.5,2.0,20.0,5.0,1,27719,2811844,0.1517797272083715,0.46601111050347455,0.7700165491294275,7137,16381928,16376624,0.13935018837216182,0.4311571477826725,0.7888206384905705,209.26321436325088
692,field_size_scaled,True,ignore,inverse_sqrt,500.0,20.0,0.0,0.5,2.0,20.0,5.0,1,27719,2811844,0.1517797272083715,0.46601111050347455,0.7700165491294275,7137,16381928,16376624,0.13935018837216182,0.4311571477826725,0.7888206384905705,202.4322026828304
693,field_size_scaled,True,ignore,inverse_sqrt,500.0,30.0,0.0,0.5,2.0,20.0,5.0,1,27719,2811844,0.1517797272083715,0.46601111050347455,0.7700165491294275,7137,16381928,16376624,0.13935018837216182,0.4311571477826725,0.7888206384905705,167.81928658578545
694,field_size_scaled,True,ignore,inverse_sqrt,600.0,20.0,0.0,0.5,2.0,20.0,5.0,2,27719,2811844,0.15155346271711595,0.46609891252633634,0.7705167227316452,7137,16381928,16376624,0.139100314781357,0.4316579565378041,0.7897031158558687,124.2991862827912
695,field_size_scaled,True,ignore,inverse_sqrt,600.0,10.0,0.0,0.5,2.0,20.0,5.0,2,27719,2811844,0.15155346271711595,0.46609891252633634,0.7705167227316452,7137,16381928,16376624,0.139100314781357,0.4316579565378041,0.7897031158558687,202.1945140371099
696,field_size_scaled,True,ignore,inverse_sqrt,600.0,30.0,0.0,0.5,2.0,20.0,5.0,2,27719,2811844,0.15155346271711595,0.46609891252633634,0.7705167227316452,7137,16381928,16376624,0.139100314781357,0.4316579565378041,0.7897031158558687,193.43351907189935
697,field_size_scaled,True,ignore,inverse_sqrt,400.0,10.0,0.2,0.5,2.0,20.0,5.0,2,27719,2811844,0.15123121080516871,0.46612683759128276,0.7718091343225814,7137,16381928,16376624,0.13885619158429582,0.43248058176207016,0.791130088838823,211.00041076308116
698,field_size_scaled,True,modifiers,none,400.0,10.0,0.1,0.5,2.0,20.0,5.0,1,27719,2811844,0.1517649502999298,0.46621951900575975,0.7699272578249066,7137,16381928,16376624,0.1391271088682642,0.43088541639313066,0.7891396297551925,214.00506434915587
699,field_size_scaled,True,ignore,inverse_sqrt,400.0,20.0,0.1,0.5,2.0,20.0,5.0,2,27719,2811844,0.15187801918416294,0.46622542863945465,0.7702143418199204,7137,16381928,16376624,0.1393006448251983,0.4309446735413726,0.7890833910578884,211.01503238920122
700,field_size_scaled,True,modifiers,none,400.0,20.0,0.2,0.5,2.0,20.0,5.0,1,27719,2811844,0.15150014447377513,0.46623885051171493,0.7708699747849894,7137,16381928,16376624,0.13896009012634528,0.43163484738371755,0.7901484457358244,219.41886456729844
701,field_size_scaled,False,modifiers,inverse_sqrt,600.0,10.0,0.5,0.5,2.0,20.0,5.0,0,27719,2811844,0.14708604715526127,0.466253526635067,0.7809399706299199,27719,2811844,2811024,0.14708604715526127,0.466253526635067,0.7809399706299199,39.270115782972425
702,field_size_scaled,True,ignore,inverse_sqrt,600.0,30.0,0.1,0.5,2.0,20.0,5.0,1,27719,2811844,0.15115585455324929,0.46626125669734636,0.7719073191833297,7137,16381928,16376624,0.1389338991087099,0.43307175699490036,0.7910337319828555,132.070470075123
703,field_size_scaled,True,modifiers,inverse_sqrt,600.0,20.0,0.1,0.5,2.0,20.0,5.0,2,27719,2811844,0.1510532037852408,0.4663061976661917,0.7722303331455014,7137,16381928,16376624,0.1388772279888412,0.43346062565738075,0.7914077406918545,214.77057680301368
704,field_size_scaled,True,independent,inverse_sqrt,500.0,30.0,0.1,0.5,2.0,20.0,5.0,1,27719,2811844,0.15175252827081104,0.46634518173417483,0.7690574680258867,7137,16381928,16376624,0.13920574121199725,0.43160123837665276,0.7887087106597794,189.86671992531046
705,field_size_scaled,True,ignore,inverse_sqrt,400.0,30.0,0.1,0.5,2.0,20.0,5.0,1,27719,2811844,0.15193146515516678,0.46638183745062683,0.7702698376107782,7137,16381928,16376624,0.13940527707607278,0.4311410769144623,0.7888991650537986,127.94743983494118
706,field_size_scaled,True,independent,inverse_sqrt,500.0,20.0,0.1,0.5,2.0,20.0,5.0,1,27719,2811844,0.1516934585121573,0.4663879548074935,0.7692292915321961,7137,16381928,16376624,0.13917949645505617,0.431865241747435,0.7889209644185518,218.77058778190985
707,field_size_scaled,True,ignore,inverse_sqrt,500.0,30.0,0.0,0.5,2.0,20.0,5.0,2,27719,2811844,0.1519532921822672,0.4664140715617104,0.7697611261945825,7137,16381928,16376624,0.139448085143523,0.43138157835042334,0.7886544259671591,150.74198531685397
708,field_size_scaled,True,ignore,inverse_sqrt,500.0,10.0,0.0,0.5,2.0,20.0,5.0,2,27719,2811844,0.1519532921822672,0.4664140715617104,0.7697611261945825,7137,16381928,16376624,0.139448085143523,0.43138157835042334,0.7886544259671591,219.4500274718739
709,field_size_scaled,True,ignore,inverse_sqrt,500.0,20.0,0.0,0.5,2.0,20.0,5.0,2,27719,2811844,0.1519532921822672,0.4664140715617104,0.7697611261945825,7137,16381928,16376624,0.139448085143523,0.43138157835042334,0.7886544259671591,209.00712748104706
710,field_size_scaled,True,modifiers,none,400.0,30.0,0.2,0.5,2.0,20.0,5.0,2,27719,2811844,0.1517577665651392,0.4664148865850294,0.7701940645117225,7137,16381928,16376624,0.13905423871659475,0.4311035706491611,0.7896546321146531,117.89184941118583
711,field_size_scaled,True,ignore,inverse_sqrt,500.0,30.0,0.2,0.5,2.0,20.0,5.0,2,27719,2811844,0.1512937320555094,0.46644304335522685,0.7717888570143834,7137,16381928,16376624,0.13899925697581061,0.43312112869745584,0.7910503410226675,209.17362733231857
712,field_size_scaled,True,modifiers,none,500.0,30.0,0.1,0.5,2.0,20.0,5.0,1,27719,2811844,0.15164298891528694,0.4664779099806557,0.7702922493724706,7137,16381928,16376624,0.139057355861252,0.4316289603575747,0.7896794846117247,108.20641113631427
713,field_size_scaled,True,modifiers,none,400.0,20.0,0.1,0.5,2.0,20.0,5.0,1,27719,2811844,0.15197610714318865,0.46656247828286035,0.7695928601107639,7137,16381928,16376624,0.13930740036582703,0.43097515313383966,0.7886578454753556,215.11037752777338
714,field_size_scaled,True,modifiers,inverse_sqrt,500.0,20.0,0.2,0.5,2.0,20.0,5.0,1,27719,2811844,0.1509933042031932,0.4666029403496759,0.772710229439521,7137,16381928,16376624,0.13899149684291717,0.4344745399309343,0.7916455186368082,189.86144734267145
715,field_size_scaled,True,modifiers,none,400.0,10.0,0.1,0.5,2.0,20.0,5.0,2,27719,2811844,0.1519342602649317,0.4666189180672342,0.7695939273375112,7137,16381928,16376624,0.13921026694313085,0.43107093740067176,0.7889958882856443,200.7806671638973
716,field_size_scaled,True,modifiers,none,400.0,20.0,0.2,0.5,2.0,20.0,5.0,2,27719,2811844,0.15167990116386154,0.4666577696708485,0.7705245490611251,7137,16381928,16376624,0.13904702537166777,0.43182575361652337,0.7900129477235357,209.87374374317005
717,field_size_scaled,True,ignore,inverse_sqrt,600.0,30.0,0.1,0.5,2.0,20.0,5.0,2,27719,2811844,0.15134310707768436,0.4666944919361833,0.7714786497731787,7137,16381928,16376624,0.13903299643068542,0.4332982850448517,0.7908329580016004,174.28611404681578
718,field_size_scaled,True,independent,inverse_sqrt,500.0,30.0,0.1,0.5,2.0,20.0,5.0,2,27719,2811844,0.15194233760908335,0.4667780613080342,0.7687437033621911,7137,16381928,16376624,0.13930774148581598,0.4318294159888732,0.7885346210549866,215.95273250341415
719,field_size_scaled,True,ignore,inverse_sqrt,400.0,30.0,0.1,0.5,2.0,20.0,5.0,2,27719,2811844,0.1521093215244342,0.4667919556912981,0.7699421989993682,7137,16381928,16376624,0.1395061907931277,0.4313721228224099,0.7887487066931499,211.24716838775203
720,field_size_scaled,True,independent,inverse_sqrt,500.0,10.0,0.1,0.5,2.0,20.0,5.0,1,27719,2811844,0.15168062105347704,0.4668006781952715,0.7694174791819636,7137,16381928,16376624,0.13922407814905138,0.4326911982508068,0.7891528192868078,176.7401194088161
721,field_size_scaled,True,independent,inverse_sqrt,500.0,20.0,0.1,0.5,2.0,20.0,5.0,2,27719,2811844,0.15188447528990065,0.4668235560069886,0.7689361599189477,7137,16381928,16376624,0.1392814509902023,0.4320927895497107,0.7887366773518156,221.02146612107754
722,field_size_scaled,True,modifiers,none,500.0,20.0,0.1,0.5,2.0,20.0,5.0,1,27719,2811844,0.15167073565690228,0.4668459938927031,0.7703879440374753,7137,16381928,16376624,0.1391040484708755,0.4321927249122516,0.7898436210051596,214.75148664275184
723,field_size_scaled,True,modifiers,none,500.0,30.0,0.1,0.5,2.0,20.0,5.0,2,27719,2811844,0.1518146940744456,0.46688515670417646,0.7699727928327897,7137,16381928,16376624,0.1391409244221933,0.43181530789325956,0.7895603513886623,225.94043821189553
724,field_size_scaled,True,independent,inverse_sqrt,600.0,20.0,0.0,0.5,2.0,20.0,5.0,1,27719,2811844,0.15192464553140117,0.4669031072579605,0.7685903784528343,7137,16381928,16376624,0.13938871458964774,0.4322383609957598,0.7882984918014848,125.85848986078054
725,field_size_scaled,True,independent,inverse_sqrt,600.0,10.0,0.0,0.5,2.0,20.0,5.0,1,27719,2811844,0.15192464553140117,0.4669031072579605,0.7685903784528343,7137,16381928,16376624,0.13938871458964774,0.4322383609957598,0.7882984918014848,202.28476567193866
726,field_size_scaled,True,independent,inverse_sqrt,600.0,30.0,0.0,0.5,2.0,20.0,5.0,1,27719,2811844,0.15192464553140117,0.4669031072579605,0.7685903784528343,7137,16381928,16376624,0.13938871458964774,0.4322383609957598,0.7882984918014848,218.20941687608138
727,field_size_scaled,True,independent,inverse_sqrt,400.0,10.0,0.1,0.5,2.0,20.0,5.0,1,27719,2811844,0.15210731087387974,0.466920167765202,0.7685537370011782,7137,16381928,16376624,0.13947299050184303,0.4316357922400262,0.7880109477997419,190.49573873076588
728,field_size_scaled,True,modifiers,none,400.0,30.0,0.1,0.5,2.0,20.0,5.0,1,27719,2811844,0.15214484494823802,0.4669212892907954,0.769386885348542,7137,16381928,16376624,0.1394586198258073,0.43120082168889473,0.7883786670561649,194.34636095818132
729,field_size_scaled,True,independent,inverse_sqrt,400.0,20.0,0.2,0.5,2.0,20.0,5.0,1,27719,2811844,0.1518738691694585,0.46692909123010046,0.7692534820051341,7137,16381928,16376624,0.13930319709198702,0.432249887454975,0.7889174227850624,146.0062464880757
730,field_size_scaled,True,modifiers,none,400.0,20.0,0.1,0.5,2.0,20.0,5.0,2,27719,2811844,0.15214426257722338,0.46695850983192244,0.769244944191156,7137,16381928,16376624,0.13939057251448564,0.4311613888005854,0.7884843054343801,128.53837208077312
731,field_size_scaled,True,modifiers,inverse_sqrt,500.0,20.0,0.2,0.5,2.0,20.0,5.0,2,27719,2811844,0.15119445286904826,0.467061205303317,0.7723786776633711,7137,16381928,16376624,0.13908891107219168,0.43469021454154716,0.7915034869213582,137.63734518783167
732,field_size_scaled,True,ignore,none,400.0,30.0,0.2,0.5,2.0,20.0,5.0,1,27719,2811844,0.15197676899819149,0.4670747682835209,0.7698664259003125,7137,16381928,16376624,0.13920986005427843,0.4315677279936533,0.78937936170483,209.32577574811876
733,field_size_scaled,True,ignore,inverse_sqrt,600.0,20.0,0.1,0.5,2.0,20.0,5.0,1,27719,2811844,0.1512889843361722,0.4670829777726165,0.7719133668015641,7137,16381928,16376624,0.1390997475149945,0.43418098779092296,0.7910740333294579,203.16988516505808
734,field_size_scaled,True,independent,inverse_sqrt,400.0,30.0,0.2,0.5,2.0,20.0,5.0,1,27719,2811844,0.15210323173175247,0.4672139926463601,0.7689005856940389,7137,16381928,16376624,0.1394366576802403,0.4320175971117893,0.7884593308120159,219.86959743173793
735,field_size_scaled,True,independent,inverse_sqrt,500.0,10.0,0.1,0.5,2.0,20.0,5.0,2,27719,2811844,0.15187391434484962,0.46724181950276916,0.7690962439310373,7137,16381928,16376624,0.13932613992110912,0.4329184896800456,0.7889754933617575,163.1977407252416
736,field_size_scaled,True,modifiers,none,500.0,20.0,0.1,0.5,2.0,20.0,5.0,2,27719,2811844,0.15184347110345023,0.4672568836570072,0.77004287405586,7137,16381928,16376624,0.13918790822300833,0.4323800661658849,0.7896924298927545,214.35507029108703
737,field_size_scaled,True,modifiers,none,400.0,30.0,0.1,0.5,2.0,20.0,5.0,2,27719,2811844,0.15231242036513923,0.46731577287142667,0.7690475072429122,7137,16381928,16376624,0.13954188382386287,0.4313878419750508,0.7882083022728006,130.012423066888
738,field_size_scaled,True,independent,inverse_sqrt,600.0,10.0,0.0,0.5,2.0,20.0,5.0,2,27719,2811844,0.15210860233675558,0.4673263377981865,0.768156372908947,7137,16381928,16376624,0.13948648810954561,0.43245767901075916,0.7881041293980982,120.16099459165707
739,field_size_scaled,True,independent,inverse_sqrt,600.0,20.0,0.0,0.5,2.0,20.0,5.0,2,27719,2811844,0.15210860233675558,0.4673263377981865,0.768156372908947,7137,16381928,16376624,0.13948648810954561,0.43245767901075916,0.7881041293980982,218.02741628605872
740,field_size_scaled,True,independent,inverse_sqrt,600.0,30.0,0.0,0.5,2.0,20.0,5.0,2,27719,2811844,0.15210860233675558,0.4673263377981865,0.768156372908947,7137,16381928,16376624,0.13948648810954561,0.43245767901075916,0.7881041293980982,207.48213770333678
741,field_size_scaled,True,independent,inverse_sqrt,400.0,10.0,0.1,0.5,2.0,20.0,5.0,2,27719,2811844,0.15229418038326356,0.46734714003714084,0.7682584709344353,7137,16381928,16376624,0.1395755022723287,0.4318673313940661,0.7878414378934266,149.41184948431328
742,field_size_scaled,True,ignore,none,400.0,20.0,0.2,0.5,2.0,20.0,5.0,1,27719,2811844,0.15191402638909776,0.4673762031796977,0.7701029944959559,7137,16381928,16376624,0.1392177287110488,0.43234435363450596,0.7897048866726134,161.85164656769484
743,field_size_scaled,True,independent,inverse_sqrt,400.0,20.0,0.2,0.5,2.0,20.0,5.0,2,27719,2811844,0.1520727747984927,0.4673807185502139,0.7688500702946685,7137,16381928,16376624,0.13941148220219318,0.43249343765617043,0.7887069398430347,216.91952708829194
744,field_size_scaled,True,ignore,none,400.0,30.0,0.2,0.5,2.0,20.0,5.0,2,27719,2811844,0.15214931991317335,0.4674802599487321,0.7694943195077666,7137,16381928,16376624,0.1393002096951221,0.43177134151745356,0.7892162023137369,144.9938437771052
745,field_size_scaled,False,ignore,inverse_sqrt,600.0,10.0,0.5,0.5,2.0,20.0,5.0,0,27719,2811844,0.14750069196796567,0.4674911379436854,0.7803216906010052,27719,2811844,2811024,0.14750069196796567,0.4674911379436854,0.7803216906010052,57.12458389811218
746,field_size_scaled,True,ignore,inverse_sqrt,500.0,20.0,0.2,0.5,2.0,20.0,5.0,1,27719,2811844,0.1513199699946314,0.4675089345432187,0.7722182379090324,7137,16381928,16376624,0.13921844632731342,0.4351203206469372,0.7913014306245292,141.86908049089834
747,field_size_scaled,True,independent,inverse_sqrt,500.0,30.0,0.0,0.5,2.0,20.0,5.0,1,27719,2811844,0.15240186934271333,0.4675105199791377,0.767747269322496,7137,16381928,16376624,0.13980577132137453,0.4322403567905549,0.7871684664678141,110.09193909307942
748,field_size_scaled,True,independent,inverse_sqrt,500.0,20.0,0.0,0.5,2.0,20.0,5.0,1,27719,2811844,0.15240186934271333,0.4675105199791377,0.767747269322496,7137,16381928,16376624,0.13980577132137453,0.4322403567905549,0.7871684664678141,216.67647402593866
749,field_size_scaled,True,independent,inverse_sqrt,500.0,10.0,0.0,0.5,2.0,20.0,5.0,1,27719,2811844,0.15240186934271333,0.4675105199791377,0.767747269322496,7137,16381928,16376624,0.13980577132137453,0.4322403567905549,0.7871684664678141,221.40863715438172
750,field_size_scaled,True,ignore,inverse_sqrt,600.0,20.0,0.1,0.5,2.0,20.0,5.0,2,27719,2811844,0.15147754376636652,0.46752048601512075,0.7715245405233111,7137,16381928,16376624,0.13919897635067421,0.43440885486057085,0.7908788160490221,209.68430663784966
751,field_size_scaled,True,independent,inverse_sqrt,400.0,10.0,0.2,0.5,2.0,20.0,5.0,1,27719,2811844,0.1517796013291383,0.4675273154241847,0.7696849973532777,7137,16381928,16376624,0.13930507473627515,0.4336086209294449,0.7895061888213346,220.7338640349917
752,field_size_scaled,True,modifiers,none,500.0,10.0,0.0,0.5,2.0,20.0,5.0,1,27719,2811844,0.15231737839323722,0.4675917364937124,0.7687163112090114,7137,16381928,16376624,0.13964564180474667,0.43206750321516063,0.7880216948255025,150.6168078253977
753,field_size_scaled,True,modifiers,none,500.0,20.0,0.0,0.5,2.0,20.0,5.0,1,27719,2811844,0.15231737839323722,0.4675917364937124,0.7687163112090114,7137,16381928,16376624,0.13964564180474667,0.43206750321516063,0.7880216948255025,214.29379519773647
754,field_size_scaled,True,modifiers,none,500.0,30.0,0.0,0.5,2.0,20.0,5.0,1,27719,2811844,0.15231737839323722,0.4675917364937124,0.7687163112090114,7137,16381928,16376624,0.13964564180474667,0.43206750321516063,0.7880216948255025,204.5409552711062
755,field_size_scaled,True,ignore,none,400.0,10.0,0.1,0.5,2.0,20.0,5.0,1,27719,2811844,0.15226543488518643,0.4675996330502728,0.7691069161985099,7137,16381928,16376624,0.13945743145140396,0.4317999410672919,0.788578586160371,210.6371245230548
756,field_size_scaled,True,modifiers,inverse_sqrt,400.0,30.0,0.5,0.5,2.0,20.0,5.0,1,27719,2811844,0.15155261205772358,0.46760562069779427,0.771876725349908,7137,16381928,16376624,0.13899461129550658,0.4335239814970329,0.791337823961764,212.88059846591204
757,field_size_scaled,True,modifiers,inverse_sqrt,400.0,20.0,0.5,0.5,2.0,20.0,5.0,1,27719,2811844,0.15136917491187424,0.4676361455397906,0.7721445992634712,7137,16381928,16376624,0.13903177292436805,0.4344052639444841,0.7914782680484085,147.1414752448909
758,field_size_scaled,True,modifiers,inverse_sqrt,600.0,10.0,0.1,0.5,2.0,20.0,5.0,1,27719,2811844,0.15117275575452152,0.467650466329523,0.772430971773987,7137,16381928,16376624,0.13915210739169023,0.4355737996984044,0.7915301102351743,213.31117327837273
759,field_size_scaled,True,independent,inverse_sqrt,400.0,30.0,0.2,0.5,2.0,20.0,5.0,2,27719,2811844,0.1522994936764809,0.46766037861503906,0.7685434204759547,7137,16381928,16376624,0.13954526058693778,0.4322636036132161,0.7882737003670598,110.01035325787961
760,field_size_scaled,True,independent,inverse_sqrt,400.0,20.0,0.1,0.5,2.0,20.0,5.0,1,27719,2811844,0.15245387822758832,0.4677238574334088,0.7680492944919716,7137,16381928,16376624,0.13976971499517515,0.4321634419119805,0.787439035053867,152.68548103887588
761,field_size_scaled,True,independent,inverse_sqrt,600.0,30.0,0.1,0.5,2.0,20.0,5.0,1,27719,2811844,0.15179204423111983,0.4677357852985822,0.7694754651685649,7137,16381928,16376624,0.13939656037990192,0.43410678049634327,0.7893437011193516,217.0240419046022
762,field_size_scaled,True,ignore,none,400.0,20.0,0.2,0.5,2.0,20.0,5.0,2,27719,2811844,0.15208856920907735,0.46778747057381703,0.7697301766189119,7137,16381928,16376624,0.1393081530021587,0.43254770120644576,0.7895546725625502,114.79667928162962
763,field_size_scaled,True,independent,inverse_sqrt,500.0,30.0,0.2,0.5,2.0,20.0,5.0,1,27719,2811844,0.15183710616759005,0.4678280909158106,0.7696362606651527,7137,16381928,16376624,0.13944494617434341,0.43423935852747775,0.7894189913623223,216.67923833802342
764,field_size_scaled,True,modifiers,none,400.0,10.0,0.2,0.5,2.0,20.0,5.0,1,27719,2811844,0.15167868555315822,0.4678513238599843,0.7710240111788444,7137,16381928,16376624,0.139190498471006,0.43393243743740156,0.7905434599951736,199.79110061889514
765,field_size_scaled,True,modifiers,none,500.0,10.0,0.1,0.5,2.0,20.0,5.0,1,27719,2811844,0.15181052376117077,0.46785169887063627,0.7703644650490356,7137,16381928,16376624,0.13927611361522665,0.43356048139195275,0.789969593244615,196.0955981160514
766,field_size_scaled,True,ignore,none,400.0,20.0,0.1,0.5,2.0,20.0,5.0,1,27719,2811844,0.15245677142093902,0.467868311831367,0.7687298294144768,7137,16381928,16376624,0.13962049330222612,0.4318268933809076,0.7881084037833439,171.75793586065993
767,field_size_scaled,True,independent,inverse_sqrt,500.0,10.0,0.0,0.5,2.0,20.0,5.0,2,27719,2811844,0.15258178035338496,0.4679243469250449,0.7674388407925368,7137,16381928,16376624,0.1399040587757366,0.4324629522432382,0.7869960866171196,200.43869508709759
768,field_size_scaled,True,independent,inverse_sqrt,500.0,30.0,0.0,0.5,2.0,20.0,5.0,2,27719,2811844,0.15258178035338496,0.4679243469250449,0.7674388407925368,7137,16381928,16376624,0.1399040587757366,0.4324629522432382,0.7869960866171196,181.80751581024379
769,field_size_scaled,True,independent,inverse_sqrt,500.0,20.0,0.0,0.5,2.0,20.0,5.0,2,27719,2811844,0.15258178035338496,0.4679243469250449,0.7674388407925368,7137,16381928,16376624,0.1399040587757366,0.4324629522432382,0.7869960866171196,208.3598568830639
770,field_size_scaled,True,ignore,inverse_sqrt,500.0,20.0,0.2,0.5,2.0,20.0,5.0,2,27719,2811844,0.1515196551347586,0.46796728668355403,0.7718596497219519,7137,16381928,16376624,0.13932233375887995,0.4353566916908193,0.7911435836836701,209.553986818064
771,field_size_scaled,True,modifiers,none,500.0,10.0,0.0,0.5,2.0,20.0,5.0,2,27719,2811844,0.1524816551158699,0.4679870939207163,0.7683634148979162,7137,16381928,16376624,0.13972780214349906,0.43225573852551397,0.7878800294859307,108.12946031987667
772,field_size_scaled,True,modifiers,none,500.0,20.0,0.0,0.5,2.0,20.0,5.0,2,27719,2811844,0.1524816551158699,0.4679870939207163,0.7683634148979162,7137,16381928,16376624,0.13972780214349906,0.43225573852551397,0.7878800294859307,214.581110636238
773,field_size_scaled,True,modifiers,none,500.0,30.0,0.0,0.5,2.0,20.0,5.0,2,27719,2811844,0.1524816551158699,0.4679870939207163,0.7683634148979162,7137,16381928,16376624,0.13972780214349906,0.43225573852551397,0.7878800294859307,213.65481262281537
774,field_size_scaled,True,independent,inverse_sqrt,400.0,10.0,0.2,0.5,2.0,20.0,5.0,2,27719,2811844,0.1519823265137952,0.4679873872015996,0.7692602411078667,7137,16381928,16376624,0.13941258150464034,0.4338483441560902,0.7893171999308283,217.77478226693347
775,field_size_scaled,True,ignore,none,400.0,10.0,0.1,0.5,2.0,20.0,5.0,2,27719,2811844,0.1524285319678012,0.4679881814271464,0.7687173784357586,7137,16381928,16376624,0.13954398455343892,0.43199649607738083,0.7884211666580365,209.48156181210652
776,field_size_scaled,True,ignore,none,500.0,30.0,0.1,0.5,2.0,20.0,5.0,1,27719,2811844,0.15217655879665756,0.4679883181235789,0.7694043167187473,7137,16381928,16376624,0.13941628766594982,0.432652875311034,0.7890962752762718,211.2096855212003
777,field_size_scaled,True,modifiers,inverse_sqrt,500.0,30.0,0.1,0.5,2.0,20.0,5.0,0,27719,2811844,0.15243233701064185,0.4680561436494298,0.769471907746074,7137,16381928,16376624,0.1395611159099449,0.43255477545419396,0.7891796868512094,185.54573201201856
778,field_size_scaled,True,modifiers,inverse_sqrt,400.0,30.0,0.5,0.5,2.0,20.0,5.0,2,27719,2811844,0.1517577281432078,0.46806709998673046,0.7715291651725492,7137,16381928,16376624,0.13909841717705607,0.4337508474487558,0.7911677644916315,146.7755789840594
779,field_size_scaled,True,modifiers,inverse_sqrt,400.0,20.0,0.5,0.5,2.0,20.0,5.0,2,27719,2811844,0.15156736125470932,0.4680841343458125,0.7718023752198487,7137,16381928,16376624,0.13912644605403499,0.4346079413177006,0.7913216423604768,158.05938684009016
780,field_size_scaled,True,modifiers,inverse_sqrt,500.0,20.0,0.1,0.5,2.0,20.0,5.0,0,27719,2811844,0.15237015166955295,0.4680968215375346,0.769686420322274,7137,16381928,16376624,0.13952735037796068,0.43279430590787155,0.7893874219741505,212.28842491284013
781,field_size_scaled,True,modifiers,inverse_sqrt,600.0,10.0,0.1,0.5,2.0,20.0,5.0,2,27719,2811844,0.1513659836175788,0.46809871873984016,0.7721011987090826,7137,16381928,16376624,0.1392450352407495,0.4357841138600937,0.7913878342691387,218.77149515086785
782,field_size_scaled,True,independent,inverse_sqrt,400.0,20.0,0.1,0.5,2.0,20.0,5.0,2,27719,2811844,0.15263922589566284,0.46814823314405607,0.7677547399097269,7137,16381928,16376624,0.1398727882314682,0.432398022011684,0.7872728225304556,217.08541425224394
783,field_size_scaled,True,ignore,inverse_sqrt,400.0,30.0,0.5,0.5,2.0,20.0,5.0,1,27719,2811844,0.15176275701710418,0.4681589150181643,0.7714694004747025,7137,16381928,16376624,0.13912682285356898,0.43387437984581473,0.7910967486339064,107.65998846339062
784,field_size_scaled,True,modifiers,none,500.0,30.0,0.2,0.5,2.0,20.0,5.0,1,27719,2811844,0.1517405491295977,0.46817535343978545,0.7709813221089539,7137,16381928,16376624,0.1393322294106607,0.43457869724848186,0.7904479580162553,211.68196198903024
785,field_size_scaled,True,independent,inverse_sqrt,600.0,30.0,0.1,0.5,2.0,20.0,5.0,2,27719,2811844,0.15198802816246154,0.4681840978647515,0.7690805912720774,7137,16381928,16376624,0.1394990025416018,0.43433505766780695,0.7891435988272064,217.84260718291625
786,field_size_scaled,True,ignore,none,400.0,30.0,0.1,0.5,2.0,20.0,5.0,1,27719,2811844,0.15261410294879688,0.46818544568779885,0.7685395073112147,7137,16381928,16376624,0.13976173904569944,0.43201715556880194,0.7878421095825366,208.91460834583268
787,field_size_scaled,True,modifiers,inverse_sqrt,400.0,10.0,0.5,0.5,2.0,20.0,5.0,1,27719,2811844,0.15136196414702618,0.4682516988545517,0.7720713163601591,7137,16381928,16376624,0.1391888460261931,0.4356583883001403,0.7914164115876385,199.57545009907335
788,field_size_scaled,True,ignore,none,400.0,20.0,0.1,0.5,2.0,20.0,5.0,2,27719,2811844,0.1526190635535428,0.4682540887115711,0.7684082384213012,7137,16381928,16376624,0.13970725473615342,0.4320243965435162,0.7879484807125082,153.875786437653
789,field_size_scaled,True,modifiers,none,500.0,10.0,0.1,0.5,2.0,20.0,5.0,2,27719,2811844,0.15198525466158974,0.46827000738235786,0.770030423077142,7137,16381928,16376624,0.1393606632045141,0.4337505033153133,0.7898527804021146,107.79199624201283
790,field_size_scaled,True,modifiers,none,400.0,10.0,0.2,0.5,2.0,20.0,5.0,2,27719,2811844,0.15186195362091712,0.46828153329455524,0.770637675096335,7137,16381928,16376624,0.13927797135874168,0.43412483633635857,0.7904166939413154,168.43628008523956
791,field_size_scaled,True,independent,inverse_sqrt,500.0,30.0,0.2,0.5,2.0,20.0,5.0,2,27719,2811844,0.1520414938981387,0.4682922263161825,0.7692435212221597,7137,16381928,16376624,0.13955337911390342,0.4344815792576345,0.789233177729427,125.5378991193138
792,field_size_scaled,True,ignore,inverse_sqrt,400.0,20.0,0.5,0.5,2.0,20.0,5.0,1,27719,2811844,0.15162428449486948,0.4683333761348074,0.7716632800004554,7137,16381928,16376624,0.1392027897651064,0.4348805080820292,0.7911708786865962,200.27499215258285
793,field_size_scaled,True,independent,inverse_sqrt,400.0,30.0,0.1,0.5,2.0,20.0,5.0,1,27719,2811844,0.15269937723023796,0.4683366302072826,0.7677501152604888,7137,16381928,16376624,0.13998756127117562,0.4326333783519317,0.7870832840761319,205.99745066696778
794,field_size_scaled,True,ignore,none,500.0,30.0,0.1,0.5,2.0,20.0,5.0,2,27719,2811844,0.1523414233839619,0.4683835736827875,0.7690948209620408,7137,16381928,16376624,0.1395028763453084,0.43284971390143606,0.788977569491734,209.37646201625466
795,field_size_scaled,True,ignore,none,500.0,20.0,0.1,0.5,2.0,20.0,5.0,1,27719,2811844,0.1522162888392055,0.46840592649214746,0.7695081934554809,7137,16381928,16376624,0.1394733443588286,0.4332580619982602,0.7892425813769676,210.32538669602945
796,field_size_scaled,False,independent,inverse_sqrt,600.0,10.0,0.5,0.5,2.0,20.0,5.0,0,27719,2811844,0.1479796093238012,0.46844862666276504,0.7780371138773629,27719,2811844,2811024,0.1479796093238012,0.46844862666276504,0.7780371138773629,75.05161970295012
797,field_size_scaled,True,independent,inverse_sqrt,600.0,20.0,0.1,0.5,2.0,20.0,5.0,1,27719,2811844,0.15191275395287238,0.4685061175349105,0.7694701290348286,7137,16381928,16376624,0.1395515138701128,0.4351681314921981,0.7893896812920661,155.1017443803139
798,field_size_scaled,True,modifiers,inverse_sqrt,500.0,10.0,0.1,0.5,2.0,20.0,5.0,0,27719,2811844,0.15235221839337393,0.468507239571915,0.7698799441057779,7137,16381928,16376624,0.13955961493529093,0.43357958853116696,0.7896437629635998,155.3026092001237
799,field_size_scaled,True,modifiers,inverse_sqrt,400.0,20.0,0.0,0.5,2.0,20.0,5.0,1,27719,2811844,0.15278881427921268,0.4685113014870661,0.7688351291202067,7137,16381928,16376624,0.1404064769368323,0.4334681032001892,0.7870007273782436,173.48192301299423
800,field_size_scaled,True,modifiers,inverse_sqrt,400.0,30.0,0.0,0.5,2.0,20.0,5.0,1,27719,2811844,0.15278881427921268,0.4685113014870661,0.7688351291202067,7137,16381928,16376624,0.1404064769368323,0.4334681032001892,0.7870007273782436,199.37888752203435
801,field_size_scaled,True,modifiers,inverse_sqrt,400.0,10.0,0.0,0.5,2.0,20.0,5.0,1,27719,2811844,0.15278881427921268,0.4685113014870661,0.7688351291202067,7137,16381928,16376624,0.1404064769368323,0.4334681032001892,0.7870007273782436,217.72221895772964
802,field_size_scaled,True,ignore,none,400.0,30.0,0.1,0.5,2.0,20.0,5.0,2,27719,2811844,0.1527760087782194,0.4685699940745572,0.7682175605757902,7137,16381928,16376624,0.13984869401542438,0.4322155492380461,0.7876788280661509,210.12320015998557
803,field_size_scaled,True,modifiers,none,600.0,10.0,0.0,0.5,2.0,20.0,5.0,1,27719,2811844,0.1522712240563521,0.46860784715450987,0.7692666444683504,7137,16381928,16376624,0.13959428414408517,0.43355955332520996,0.7888931809144547,214.03744551585987
804,field_size_scaled,True,modifiers,none,600.0,20.0,0.0,0.5,2.0,20.0,5.0,1,27719,2811844,0.1522712240563521,0.46860784715450987,0.7692666444683504,7137,16381928,16376624,0.13959428414408517,0.43355955332520996,0.7888931809144547,213.6122347409837
805,field_size_scaled,True,modifiers,none,600.0,30.0,0.0,0.5,2.0,20.0,5.0,1,27719,2811844,0.1522712240563521,0.46860784715450987,0.7692666444683504,7137,16381928,16376624,0.13959428414408517,0.43355955332520996,0.7888931809144547,214.21846489422023
806,field_size_scaled,True,modifiers,none,500.0,30.0,0.2,0.5,2.0,20.0,5.0,2,27719,2811844,0.1519253612764849,0.4686095323493891,0.7706319832203496,7137,16381928,16376624,0.1394203929157914,0.43477290708587785,0.7903152078230532,109.85747802769765
807,field_size_scaled,True,ignore,inverse_sqrt,400.0,30.0,0.5,0.5,2.0,20.0,5.0,2,27719,2811844,0.15196647194215732,0.4686213810537329,0.7710919579484202,7137,16381928,16376624,0.1392361265408257,0.43411957829337927,0.7909061110519482,161.56351734464988
808,field_size_scaled,True,modifiers,inverse_sqrt,400.0,20.0,0.2,0.5,2.0,20.0,5.0,0,27719,2811844,0.15256937562104647,0.46863273650380466,0.7695896584305221,7137,16381928,16376624,0.13968018784083336,0.4332289152519548,0.7893379001679467,168.0659069516696
809,field_size_scaled,True,independent,none,400.0,30.0,0.2,0.5,2.0,20.0,5.0,1,27719,2811844,0.15261192035350404,0.46863660158170545,0.7675516110854976,7137,16381928,16376624,0.1397274334936478,0.4328725456069822,0.787650250747651,216.9439598559402
810,field_size_scaled,True,modifiers,inverse_sqrt,400.0,10.0,0.1,0.5,2.0,20.0,5.0,0,27719,2811844,0.15279622238977206,0.46863940965957307,0.7689084120235188,7137,16381928,16376624,0.1398504976344742,0.43265997325379046,0.7884777106685724,178.1599223962985
811,field_size_scaled,True,modifiers,inverse_sqrt,600.0,10.0,0.0,0.5,2.0,20.0,5.0,0,27719,2811844,0.15260066202998568,0.46867374566468045,0.7690215380587287,7137,16381928,16376624,0.1397324051898424,0.43319885555544685,0.7887984727499392,116.30197896575555
812,field_size_scaled,True,modifiers,inverse_sqrt,600.0,20.0,0.0,0.5,2.0,20.0,5.0,0,27719,2811844,0.15260066202998568,0.46867374566468045,0.7690215380587287,7137,16381928,16376624,0.1397324051898424,0.43319885555544685,0.7887984727499392,215.96263294108212
813,field_size_scaled,True,modifiers,inverse_sqrt,600.0,30.0,0.0,0.5,2.0,20.0,5.0,0,27719,2811844,0.15260066202998568,0.46867374566468045,0.7690215380587287,7137,16381928,16376624,0.1397324051898424,0.43319885555544685,0.7887984727499392,216.28054797882214
814,field_size_scaled,True,modifiers,inverse_sqrt,400.0,10.0,0.5,0.5,2.0,20.0,5.0,2,27719,2811844,0.1515483008108226,0.4686795456737675,0.7717433220065001,7137,16381928,16376624,0.1392752446606054,0.4358457016539794,0.7912629611573179,149.71129845222458
815,field_size_scaled,True,independent,inverse_sqrt,400.0,30.0,0.1,0.5,2.0,20.0,5.0,2,27719,2811844,0.15288391915965072,0.46875977797757634,0.7674516475135039,7137,16381928,16376624,0.14009103989934904,0.4328700266211171,0.786926963701432,182.3858617809601
816,field_size_scaled,True,ignore,inverse_sqrt,400.0,20.0,0.5,0.5,2.0,20.0,5.0,2,27719,2811844,0.15182140391255908,0.46878300692434943,0.7713071820091184,7137,16381928,16376624,0.139303526494372,0.43510254322429387,0.7910209698897648,213.18391756433994
817,field_size_scaled,True,independent,none,400.0,10.0,0.1,0.5,2.0,20.0,5.0,1,27719,2811844,0.15278856341145436,0.4688018942876365,0.766865028544758,7137,16381928,16376624,0.13988841777765954,0.432821879819067,0.7869414966112673,217.9491329267621
818,field_size_scaled,True,ignore,none,500.0,20.0,0.1,0.5,2.0,20.0,5.0,2,27719,2811844,0.15238194073049025,0.4688043576022497,0.769164190700613,7137,16381928,16376624,0.13956007241200566,0.43345564542006165,0.7890947487101126,165.53271290380508
819,field_size_scaled,True,independent,none,400.0,20.0,0.2,0.5,2.0,20.0,5.0,1,27719,2811844,0.1525222067140892,0.4688379796661986,0.7678461656677424,7137,16381928,16376624,0.13971307540327862,0.43356589608633306,0.7879895758735134,213.8299751440063
820,field_size_scaled,True,modifiers,inverse_sqrt,400.0,20.0,0.0,0.5,2.0,20.0,5.0,2,27719,2811844,0.1529608443319512,0.4689108894926256,0.7685242103945039,7137,16381928,16376624,0.1404983717645361,0.433679052313319,0.786830667908111,166.5498069212772
821,field_size_scaled,True,modifiers,inverse_sqrt,400.0,10.0,0.0,0.5,2.0,20.0,5.0,2,27719,2811844,0.1529608443319512,0.4689108894926256,0.7685242103945039,7137,16381928,16376624,0.1404983717645361,0.433679052313319,0.786830667908111,195.78867813805118
822,field_size_scaled,True,modifiers,inverse_sqrt,400.0,30.0,0.0,0.5,2.0,20.0,5.0,2,27719,2811844,0.1529608443319512,0.4689108894926256,0.7685242103945039,7137,16381928,16376624,0.1404983717645361,0.433679052313319,0.786830667908111,213.43257818883285
823,field_size_scaled,True,modifiers,inverse_sqrt,400.0,30.0,0.2,0.5,2.0,20.0,5.0,0,27719,2811844,0.1528026306809005,0.46892184237687007,0.7691581430823785,7137,16381928,16376624,0.13982914992727893,0.4330501371110724,0.7888609398371728,174.96059096883982
824,field_size_scaled,True,ignore,inverse_sqrt,600.0,10.0,0.1,0.5,2.0,20.0,5.0,1,27719,2811844,0.15161748084337578,0.46894127964059007,0.7718016637353505,7137,16381928,16376624,0.13948354122273318,0.43656819186581625,0.7910398993101386,127.65713841933757
825,field_size_scaled,True,independent,inverse_sqrt,600.0,20.0,0.1,0.5,2.0,20.0,5.0,2,27719,2811844,0.15211039229902404,0.468959147732475,0.7691247033109643,7137,16381928,16376624,0.13965429581749225,0.4353975901595493,0.789210889863503,218.03157263761386
826,field_size_scaled,True,independent,none,500.0,30.0,0.1,0.5,2.0,20.0,5.0,1,27719,2811844,0.15265565380927607,0.4690123702324867,0.7673218015925869,7137,16381928,16376624,0.1398089114379694,0.43351956820233856,0.7874906940526937,153.1378756929189
827,field_size_scaled,True,modifiers,none,600.0,20.0,0.0,0.5,2.0,20.0,5.0,2,27719,2811844,0.15243867717405898,0.46901787622655305,0.7689486108976658,7137,16381928,16376624,0.13967765596140863,0.4337535025704262,0.7887767955104789,109.69640625314787
828,field_size_scaled,True,modifiers,none,600.0,10.0,0.0,0.5,2.0,20.0,5.0,2,27719,2811844,0.15243867717405898,0.46901787622655305,0.7689486108976658,7137,16381928,16376624,0.13967765596140863,0.4337535025704262,0.7887767955104789,216.23012041300535
829,field_size_scaled,True,modifiers,none,600.0,30.0,0.0,0.5,2.0,20.0,5.0,2,27719,2811844,0.15243867717405898,0.46901787622655305,0.7689486108976658,7137,16381928,16376624,0.13967765596140863,0.4337535025704262,0.7887767955104789,214.09560889890417
830,field_size_scaled,True,independent,none,400.0,30.0,0.2,0.5,2.0,20.0,5.0,2,27719,2811844,0.15279719164840797,0.46906563705273047,0.7671972918054062,7137,16381928,16376624,0.13982524583478978,0.43309095475954545,0.7874914878670964,113.19627077132463
831,field_size_scaled,True,ignore,inverse_sqrt,500.0,30.0,0.1,0.5,2.0,20.0,5.0,0,27719,2811844,0.15281430347528122,0.46908805473783666,0.7688532719749102,7137,16381928,16376624,0.13984563936325775,0.43333930441895413,0.7886982689472507,115.86740813590586
832,field_size_scaled,True,ignore,none,400.0,10.0,0.2,0.5,2.0,20.0,5.0,1,27719,2811844,0.1521233839865951,0.46910929534564844,0.7702527619828219,7137,16381928,16376624,0.1394759489257505,0.43474486575020715,0.7900915353494102,176.75237195426598
833,field_size_scaled,True,ignore,inverse_sqrt,500.0,20.0,0.1,0.5,2.0,20.0,5.0,0,27719,2811844,0.1527618217885886,0.4691635314422476,0.7690396809134322,7137,16381928,16376624,0.13982038317022946,0.43360958548258494,0.7888997756802623,212.9794268417172
834,field_size_scaled,True,independent,none,400.0,20.0,0.1,0.5,2.0,20.0,5.0,1,27719,2811844,0.1530072284778508,0.4691751540143148,0.7665160453984029,7137,16381928,16376624,0.1400756404396409,0.43294122666507556,0.7864716806101184,217.83143307175487
835,field_size_scaled,True,independent,none,400.0,10.0,0.1,0.5,2.0,20.0,5.0,2,27719,2811844,0.15296538803478704,0.4692150975282534,0.7665405916135899,7137,16381928,16376624,0.13998166370084003,0.43303043959704185,0.7867948241346935,218.03842251142487
836,field_size_scaled,True,modifiers,inverse_sqrt,400.0,10.0,0.2,0.5,2.0,20.0,5.0,0,27719,2811844,0.15246639978094606,0.46921850211872734,0.7700474987050983,7137,16381928,16376624,0.139656203566818,0.4344965519612989,0.7899714861866524,197.05214684596285
837,field_size_scaled,True,independent,inverse_sqrt,500.0,20.0,0.2,0.5,2.0,20.0,5.0,1,27719,2811844,0.1520380782194368,0.4692637799557812,0.7696583166845961,7137,16381928,16376624,0.139750235625516,0.4364042398831173,0.7894877479021317,123.78389268182218
838,field_size_scaled,True,independent,none,400.0,20.0,0.2,0.5,2.0,20.0,5.0,2,27719,2811844,0.15271003945042003,0.4692734153046178,0.7674765494709401,7137,16381928,16376624,0.1398112372647443,0.4337837563314308,0.7878395449513893,217.01941793505102
839,field_size_scaled,True,modifiers,inverse_sqrt,500.0,10.0,0.0,0.5,2.0,20.0,5.0,0,27719,2811844,0.15309474096654385,0.46928542378684085,0.7681531712287053,7137,16381928,16376624,0.1401823002802727,0.4332957901626714,0.7876333974572537,192.34562503220513
840,field_size_scaled,True,modifiers,inverse_sqrt,500.0,30.0,0.0,0.5,2.0,20.0,5.0,0,27719,2811844,0.15309474096654385,0.46928542378684085,0.7681531712287053,7137,16381928,16376624,0.1401823002802727,0.4332957901626714,0.7876333974572537,209.93353499704972
841,field_size_scaled,True,modifiers,inverse_sqrt,500.0,20.0,0.0,0.5,2.0,20.0,5.0,0,27719,2811844,0.15309474096654385,0.46928542378684085,0.7681531712287053,7137,16381928,16376624,0.1401823002802727,0.4332957901626714,0.7876333974572537,217.13026318699121
842,field_size_scaled,True,ignore,inverse_sqrt,400.0,10.0,0.5,0.5,2.0,20.0,5.0,1,27719,2811844,0.15173140920394673,0.46931216607489884,0.7715519326764908,7137,16381928,16376624,0.139455499589359,0.4364441974553161,0.7909958120794616,209.58158534485847
843,field_size_scaled,True,independent,none,500.0,20.0,0.1,0.5,2.0,20.0,5.0,1,27719,2811844,0.15267991444103263,0.46936399362140924,0.7674196307110861,7137,16381928,16376624,0.1398526182982411,0.4340678288082473,0.7876604482095944,206.3614754760638
844,field_size_scaled,True,ignore,inverse_sqrt,600.0,10.0,0.1,0.5,2.0,20.0,5.0,2,27719,2811844,0.15180845582836014,0.4693872726888265,0.7713925601488995,7137,16381928,16376624,0.13958314914526107,0.43679938743585406,0.7908479183499603,196.4489630619064
845,field_size_scaled,True,ignore,none,500.0,10.0,0.0,0.5,2.0,20.0,5.0,1,27719,2811844,0.1529613084611038,0.46941678196748476,0.7676803897796675,7137,16381928,16376624,0.14010201304318493,0.4333673044715781,0.787261403815585,211.54400728270411
846,field_size_scaled,True,ignore,none,500.0,20.0,0.0,0.5,2.0,20.0,5.0,1,27719,2811844,0.1529613084611038,0.46941678196748476,0.7676803897796675,7137,16381928,16376624,0.14010201304318493,0.4333673044715781,0.787261403815585,202.07636921992525
847,field_size_scaled,True,ignore,none,500.0,30.0,0.0,0.5,2.0,20.0,5.0,1,27719,2811844,0.1529613084611038,0.46941678196748476,0.7676803897796675,7137,16381928,16376624,0.14010201304318493,0.4333673044715781,0.787261403815585,192.55601232871413
848,field_size_scaled,True,ignore,inverse_sqrt,400.0,20.0,0.2,0.5,2.0,20.0,5.0,0,27719,2811844,0.15287019549202094,0.4694325754825303,0.769042882593674,7137,16381928,16376624,0.1398921361397641,0.43380299819177026,0.7889766535520386,209.66120918281376
849,field_size_scaled,True,independent,none,500.0,30.0,0.1,0.5,2.0,20.0,5.0,2,27719,2811844,0.15283536667973877,0.469433783994884,0.766937599963572,7137,16381928,16376624,0.13990265943378058,0.43372800562578434,0.7873529367224893,222.50924359774217
850,field_size_scaled,True,ignore,none,500.0,30.0,0.2,0.5,2.0,20.0,5.0,1,27719,2811844,0.15218521900703633,0.46943412762212583,0.7702563194053128,7137,16381928,16376624,0.13961695486471543,0.435389561031833,0.7900051927674471,214.54695842787623
851,field_size_scaled,True,modifiers,inverse_sqrt,600.0,30.0,0.1,0.5,2.0,20.0,5.0,0,27719,2811844,0.15245870163647426,0.46944192928193557,0.7699027116097195,7137,16381928,16376624,0.13972001011102433,0.43495441997538836,0.789828721719446,191.78788604121655
852,field_size_scaled,True,modifiers,inverse_sqrt,400.0,20.0,0.1,0.5,2.0,20.0,5.0,0,27719,2811844,0.15314856905460544,0.4694496001541079,0.7683815577526197,7137,16381928,16376624,0.14016149918999535,0.43323222132213957,0.7878742895971722,217.26193521590903
853,field_size_scaled,True,modifiers,none,600.0,30.0,0.1,0.5,2.0,20.0,5.0,1,27719,2811844,0.15208705709591927,0.4694612590845897,0.7704164034174024,7137,16381928,16376624,0.13958563344269667,0.4355863037295928,0.7900613093394585,214.75881839497015
854,field_size_scaled,True,ignore,inverse_sqrt,400.0,10.0,0.0,0.5,2.0,20.0,5.0,1,27719,2811844,0.15315859231865733,0.4694641494311578,0.7680983869223458,7137,16381928,16376624,0.14067317106492191,0.4341649169575953,0.786516012091381,157.65611386997625
855,field_size_scaled,True,ignore,inverse_sqrt,400.0,20.0,0.0,0.5,2.0,20.0,5.0,1,27719,2811844,0.15315859231865733,0.4694641494311578,0.7680983869223458,7137,16381928,16376624,0.14067317106492191,0.4341649169575953,0.786516012091381,210.69136068737134
856,field_size_scaled,True,ignore,inverse_sqrt,400.0,30.0,0.0,0.5,2.0,20.0,5.0,1,27719,2811844,0.15315859231865733,0.4694641494311578,0.7680983869223458,7137,16381928,16376624,0.14067317106492191,0.4341649169575953,0.786516012091381,196.69212554208934
857,field_size_scaled,True,ignore,none,500.0,10.0,0.1,0.5,2.0,20.0,5.0,1,27719,2811844,0.1523766347249152,0.46950008487028366,0.7695206444341991,7137,16381928,16376624,0.13966326308772928,0.43469971470594737,0.7893739271293033,145.48802294302732
858,field_size_scaled,True,modifiers,inverse_sqrt,500.0,30.0,0.2,0.5,2.0,20.0,5.0,0,27719,2811844,0.15252703981118784,0.46952936282355234,0.7700158376449294,7137,16381928,16376624,0.13979693605915616,0.4351278624139187,0.7898734806392331,167.7654374828562
859,field_size_scaled,True,ignore,none,400.0,10.0,0.2,0.5,2.0,20.0,5.0,2,27719,2811844,0.15230073327693622,0.4695307621584931,0.7699606975963208,7137,16381928,16376624,0.13956651374978596,0.4349491113684653,0.7899608002235381,189.0863514430821
860,field_size_scaled,True,independent,none,400.0,30.0,0.1,0.5,2.0,20.0,5.0,1,27719,2811844,0.1531806171701867,0.46955189709804396,0.7663210986459027,7137,16381928,16376624,0.14023123002881202,0.43318466292984475,0.7861802285990079,204.10053483303636
861,field_size_scaled,True,modifiers,inverse_sqrt,600.0,30.0,0.2,0.5,2.0,20.0,5.0,1,27719,2811844,0.15150200507269063,0.4695588312495208,0.7725601062104059,7137,16381928,16376624,0.13962655550759623,0.4384563469758049,0.7915473909640961,190.47554411599413
862,field_size_scaled,True,ignore,inverse_sqrt,400.0,10.0,0.1,0.5,2.0,20.0,5.0,0,27719,2811844,0.15315195297030798,0.46958008128542866,0.7683025829733222,7137,16381928,16376624,0.14011182971981664,0.43336345303473633,0.7880302435959939,193.88932000100613
863,field_size_scaled,True,independent,none,400.0,20.0,0.1,0.5,2.0,20.0,5.0,2,27719,2811844,0.15318265039030982,0.46958483402016815,0.7661731098702822,7137,16381928,16376624,0.14016888955353063,0.43315113955540857,0.7863092539707818,217.80112309893593
864,field_size_scaled,True,ignore,inverse_sqrt,500.0,10.0,0.1,0.5,2.0,20.0,5.0,0,27719,2811844,0.15276081225571247,0.46963628410433694,0.7691905156270455,7137,16381928,16376624,0.13986744901375672,0.4344498090785559,0.7891354774952396,203.5416679037735
865,field_size_scaled,True,ignore,inverse_sqrt,400.0,30.0,0.2,0.5,2.0,20.0,5.0,0,27719,2811844,0.15309021841407724,0.4696767875662308,0.7686547677999191,7137,16381928,16376624,0.14002906712917346,0.433584354114096,0.7885177677645894,206.37025186792016
866,field_size_scaled,True,independent,inverse_sqrt,500.0,20.0,0.2,0.5,2.0,20.0,5.0,2,27719,2811844,0.15224621459137733,0.4697377966122079,0.7693644735868495,7137,16381928,16376624,0.1398592746674917,0.4366480626796892,0.7893341753465183,155.30025050602853
867,field_size_scaled,True,ignore,inverse_sqrt,400.0,10.0,0.5,0.5,2.0,20.0,5.0,2,27719,2811844,0.15191702820594957,0.46974241943141637,0.7711819607374395,7137,16381928,16376624,0.13954924847599715,0.43665375278819973,0.7908341792545277,107.90919202798977
868,field_size_scaled,True,modifiers,none,400.0,20.0,0.0,0.5,2.0,20.0,5.0,1,27719,2811844,0.15331630207016023,0.4697734450242564,0.767221126536095,7137,16381928,16376624,0.14064568773326155,0.4338752077142378,0.7859624181394163,121.5350731248036
869,field_size_scaled,True,modifiers,none,400.0,10.0,0.0,0.5,2.0,20.0,5.0,1,27719,2811844,0.15331630207016023,0.4697734450242564,0.767221126536095,7137,16381928,16376624,0.14064568773326155,0.4338752077142378,0.7859624181394163,210.87710129935294
870,field_size_scaled,True,modifiers,none,400.0,30.0,0.0,0.5,2.0,20.0,5.0,1,27719,2811844,0.15331630207016023,0.4697734450242564,0.767221126536095,7137,16381928,16376624,0.14064568773326155,0.4338752077142378,0.7859624181394163,215.5687966342084
871,field_size_scaled,True,independent,none,500.0,20.0,0.1,0.5,2.0,20.0,5.0,2,27719,2811844,0.15286086442964347,0.4697892206175464,0.7670055467331478,7137,16381928,16376624,0.13994671613310913,0.43427695512302633,0.7874941746235365,155.23559612082317
872,field_size_scaled,True,ignore,none,500.0,10.0,0.0,0.5,2.0,20.0,5.0,2,27719,2811844,0.15311747273962042,0.46979575670661805,0.7673865466819209,7137,16381928,16376624,0.14018692796585996,0.4335638490834857,0.7871412325275343,208.38139319000766
873,field_size_scaled,True,ignore,none,500.0,20.0,0.0,0.5,2.0,20.0,5.0,2,27719,2811844,0.15311747273962042,0.46979575670661805,0.7673865466819209,7137,16381928,16376624,0.14018692796585996,0.4335638490834857,0.7871412325275343,210.3697891868651
874,field_size_scaled,True,ignore,none,500.0,30.0,0.0,0.5,2.0,20.0,5.0,2,27719,2811844,0.15311747273962042,0.46979575670661805,0.7673865466819209,7137,16381928,16376624,0.14018692796585996,0.4335638490834857,0.7871412325275343,200.29102505510673
875,field_size_scaled,True,ignore,none,500.0,30.0,0.2,0.5,2.0,20.0,5.0,2,27719,2811844,0.15236413838478638,0.46985969482935813,0.7699315267318956,7137,16381928,16376624,0.139708186720714,0.4355956877194496,0.7898633442399361,206.43077218532562
876,field_size_scaled,True,ignore,inverse_sqrt,400.0,10.0,0.0,0.5,2.0,20.0,5.0,2,27719,2811844,0.15332984661485713,0.4698630395987224,0.7678276670707899,7137,16381928,16376624,0.14077309093433812,0.4343964694699019,0.786325435572069,106.35198928322643
877,field_size_scaled,True,ignore,inverse_sqrt,400.0,30.0,0.0,0.5,2.0,20.0,5.0,2,27719,2811844,0.15332984661485713,0.4698630395987224,0.7678276670707899,7137,16381928,16376624,0.14077309093433812,0.4343964694699019,0.786325435572069,177.14254890102893
878,field_size_scaled,True,ignore,inverse_sqrt,400.0,20.0,0.0,0.5,2.0,20.0,5.0,2,27719,2811844,0.15332984661485713,0.4698630395987224,0.7678276670707899,7137,16381928,16376624,0.14077309093433812,0.4343964694699019,0.786325435572069,210.49590616766363
879,field_size_scaled,True,modifiers,none,600.0,30.0,0.1,0.5,2.0,20.0,5.0,2,27719,2811844,0.152264212668012,0.4698891413246191,0.770062795621809,7137,16381928,16376624,0.13967117923186043,0.43578061027061316,0.7899335662832584,108.56124825030565
880,field_size_scaled,True,ignore,none,500.0,10.0,0.1,0.5,2.0,20.0,5.0,2,27719,2811844,0.15254384384449288,0.46990505291797885,0.7691887369158,7137,16381928,16376624,0.13975039990574395,0.4348994790157329,0.7892447185695904,209.73413959378377
881,field_size_scaled,True,independent,none,400.0,30.0,0.1,0.5,2.0,20.0,5.0,2,27719,2811844,0.1533553302469078,0.46995995654506234,0.7659931042922437,7137,16381928,16376624,0.14032457826914607,0.43339575033426886,0.7860336171850804,209.95343535207212
882,field_size_scaled,True,modifiers,inverse_sqrt,600.0,30.0,0.2,0.5,2.0,20.0,5.0,2,27719,2811844,0.1517081574492623,0.4700322081269027,0.7721712799321528,7137,16381928,16376624,0.13972490561979747,0.43867679219845995,0.7913676835958375,197.54699881980196
883,field_size_scaled,True,modifiers,inverse_sqrt,400.0,30.0,0.1,0.5,2.0,20.0,5.0,0,27719,2811844,0.15339749708602496,0.47006657191028334,0.7680635241819351,7137,16381928,16376624,0.14038792840869826,0.4337286340555222,0.7874929533706092,188.88639321923256
884,field_size_scaled,True,independent,none,500.0,10.0,0.0,0.5,2.0,20.0,5.0,1,27719,2811844,0.15331614377522726,0.4700703713950742,0.7657430174911349,7137,16381928,16376624,0.14039160144138366,0.43392767953277106,0.7858516504989063,217.24345512408763
885,field_size_scaled,True,independent,none,500.0,20.0,0.0,0.5,2.0,20.0,5.0,1,27719,2811844,0.15331614377522726,0.4700703713950742,0.7657430174911349,7137,16381928,16376624,0.14039160144138366,0.43392767953277106,0.7858516504989063,217.4249850823544
886,field_size_scaled,True,independent,none,500.0,30.0,0.0,0.5,2.0,20.0,5.0,1,27719,2811844,0.15331614377522726,0.4700703713950742,0.7657430174911349,7137,16381928,16376624,0.14039160144138366,0.43392767953277106,0.7858516504989063,213.53312566969544
887,field_size_scaled,True,ignore,inverse_sqrt,600.0,30.0,0.0,0.5,2.0,20.0,5.0,0,27719,2811844,0.15310976164196038,0.4700935210824263,0.7682061768238193,7137,16381928,16376624,0.14013374795838643,0.434344486274022,0.7881445528699932,131.86572197871283
888,field_size_scaled,True,ignore,inverse_sqrt,600.0,10.0,0.0,0.5,2.0,20.0,5.0,0,27719,2811844,0.15310976164196038,0.4700935210824263,0.7682061768238193,7137,16381928,16376624,0.14013374795838643,0.434344486274022,0.7881445528699932,199.6399784530513
889,field_size_scaled,True,ignore,inverse_sqrt,600.0,20.0,0.0,0.5,2.0,20.0,5.0,0,27719,2811844,0.15310976164196038,0.4700935210824263,0.7682061768238193,7137,16381928,16376624,0.14013374795838643,0.434344486274022,0.7881445528699932,195.36031140061095
890,field_size_scaled,True,ignore,inverse_sqrt,400.0,10.0,0.2,0.5,2.0,20.0,5.0,0,27719,2811844,0.1527909271207876,0.47010132707110214,0.7695263363101845,7137,16381928,16376624,0.13989037359162956,0.43514643878250714,0.7895853260110265,211.139243257232
891,field_size_scaled,True,modifiers,none,400.0,10.0,0.0,0.5,2.0,20.0,5.0,2,27719,2811844,0.1534786250036878,0.470160851444762,0.7668803254614689,7137,16381928,16376624,0.14072813410670612,0.4340654428079244,0.7858082349573392,214.27142115309834
892,field_size_scaled,True,modifiers,none,400.0,20.0,0.0,0.5,2.0,20.0,5.0,2,27719,2811844,0.1534786250036878,0.470160851444762,0.7668803254614689,7137,16381928,16376624,0.14072813410670612,0.4340654428079244,0.7858082349573392,215.03306596912444
893,field_size_scaled,True,modifiers,none,400.0,30.0,0.0,0.5,2.0,20.0,5.0,2,27719,2811844,0.1534786250036878,0.470160851444762,0.7668803254614689,7137,16381928,16376624,0.14072813410670612,0.4340654428079244,0.7858082349573392,178.69919529603794
894,field_size_scaled,True,modifiers,inverse_sqrt,600.0,20.0,0.1,0.5,2.0,20.0,5.0,0,27719,2811844,0.15257686062849976,0.47021305313905987,0.7699076920012067,7137,16381928,16376624,0.13986858204613026,0.43599385261116064,0.7898909445560941,143.5126876537688
895,field_size_scaled,True,independent,inverse_sqrt,600.0,10.0,0.1,0.5,2.0,20.0,5.0,1,27719,2811844,0.1522205508554535,0.4702752836379451,0.7693221402592081,7137,16381928,16376624,0.13991721240141625,0.43747245804984103,0.789357073838906,216.58158920891583
896,field_size_scaled,True,modifiers,none,500.0,20.0,0.2,0.5,2.0,20.0,5.0,1,27719,2811844,0.15210861245204288,0.47028559430162736,0.7708219495813625,7137,16381928,16376624,0.13977467132170185,0.4373533028108788,0.7904379437422512,214.87492299079895
897,field_size_scaled,True,independent,inverse_sqrt,400.0,30.0,0.5,0.5,2.0,20.0,5.0,1,27719,2811844,0.15259769612016005,0.4703093976299155,0.7688753279943537,7137,16381928,16376624,0.13973276392579204,0.4354412572116878,0.7892600452938285,216.55231649661437
898,field_size_scaled,True,independent,inverse_sqrt,400.0,20.0,0.5,0.5,2.0,20.0,5.0,1,27719,2811844,0.15241913543757957,0.4703249466015688,0.7690901963128027,7137,16381928,16376624,0.1397805684820756,0.43632061313604026,0.7893341753465183,181.52622158825397
899,field_size_scaled,True,ignore,inverse_sqrt,400.0,20.0,0.1,0.5,2.0,20.0,5.0,0,27719,2811844,0.15348893229849483,0.4703384292723301,0.7677650564349504,7137,16381928,16376624,0.14040906406942102,0.4338892892740349,0.7874394014297452,215.14001668104902
900,field_size_scaled,True,independent,none,500.0,10.0,0.1,0.5,2.0,20.0,5.0,1,27719,2811844,0.15281430802273907,0.4703426675030648,0.7673812105481845,7137,16381928,16376624,0.14002022921612328,0.4354103738298767,0.7878108455075967,214.11371219577268
901,field_size_scaled,True,modifiers,none,400.0,30.0,0.2,0.5,2.0,20.0,5.0,0,27719,2811844,0.15328441179841143,0.47034645228386307,0.7678856530573912,7137,16381928,16376624,0.14007534608205,0.43378357053575906,0.7881040072728054,216.1144403940998
902,field_size_scaled,False,modifiers,none,600.0,10.0,0.5,0.5,2.0,20.0,5.0,1,27719,2811844,0.14726380327563748,0.4703730514335672,0.7813707744935653,27719,2811844,2811024,0.14726380327563748,0.4703730514335672,0.7813707744935653,74.09647050593048
903,field_size_scaled,True,modifiers,none,400.0,30.0,0.5,0.5,2.0,20.0,5.0,1,27719,2811844,0.15238768925181598,0.47040086573987877,0.7703214202368959,7137,16381928,16376624,0.13959953019204238,0.43577356227825864,0.7903086741198919,212.4927362757735
904,field_size_scaled,True,independent,none,400.0,10.0,0.2,0.5,2.0,20.0,5.0,1,27719,2811844,0.1526887368746361,0.4704016137100904,0.7679916642476193,7137,16381928,16376624,0.13993682535539426,0.43582729116557706,0.7884056567458593,159.15236476110294
905,field_size_scaled,True,ignore,inverse_sqrt,500.0,30.0,0.2,0.5,2.0,20.0,5.0,0,27719,2811844,0.15285191388478836,0.4704137366210088,0.7694928965387702,7137,16381928,16376624,0.1400305352200353,0.43577664804523125,0.7894995329928806,209.8500196551904
906,field_size_scaled,True,modifiers,inverse_sqrt,500.0,10.0,0.2,0.5,2.0,20.0,5.0,1,27719,2811844,0.15165667913548217,0.47046441399505573,0.7725145712025226,7137,16381928,16376624,0.13972875973401105,0.4393384531206167,0.7916029579722903,217.38768791873008
907,field_size_scaled,True,independent,none,500.0,20.0,0.0,0.5,2.0,20.0,5.0,2,27719,2811844,0.15348725639304528,0.4704754652313813,0.7653563256663763,7137,16381928,16376624,0.14048247701863067,0.43413332372729513,0.7856920327413025,204.32156176306307
908,field_size_scaled,True,independent,none,500.0,10.0,0.0,0.5,2.0,20.0,5.0,2,27719,2811844,0.15348725639304528,0.4704754652313813,0.7653563256663763,7137,16381928,16376624,0.14048247701863067,0.43413332372729513,0.7856920327413025,221.059577152133
909,field_size_scaled,True,independent,none,500.0,30.0,0.0,0.5,2.0,20.0,5.0,2,27719,2811844,0.15348725639304528,0.4704754652313813,0.7653563256663763,7137,16381928,16376624,0.14048247701863067,0.43413332372729513,0.7856920327413025,216.65926180081442
910,field_size_scaled,True,ignore,inverse_sqrt,500.0,10.0,0.0,0.5,2.0,20.0,5.0,0,27719,2811844,0.1535449722919263,0.47048963232973096,0.7673121965518616,7137,16381928,16376624,0.14053207451359037,0.43424830428044625,0.7870365100890147,179.40396003983915
911,field_size_scaled,True,ignore,inverse_sqrt,500.0,20.0,0.0,0.5,2.0,20.0,5.0,0,27719,2811844,0.1535449722919263,0.47048963232973096,0.7673121965518616,7137,16381928,16376624,0.14053207451359037,0.43424830428044625,0.7870365100890147,203.91739930398762
912,field_size_scaled,True,ignore,inverse_sqrt,500.0,30.0,0.0,0.5,2.0,20.0,5.0,0,27719,2811844,0.1535449722919263,0.47048963232973096,0.7673121965518616,7137,16381928,16376624,0.14053207451359037,0.43424830428044625,0.7870365100890147,188.41677367687225
913,field_size_scaled,True,ignore,inverse_sqrt,600.0,30.0,0.2,0.5,2.0,20.0,5.0,1,27719,2811844,0.15184743479968912,0.470535739301031,0.7720759410093972,7137,16381928,16376624,0.13987105011802492,0.43916673944022966,0.7911689857445589,167.96266049612314
914,field_size_scaled,True,modifiers,none,400.0,20.0,0.2,0.5,2.0,20.0,5.0,0,27719,2811844,0.15319210465178484,0.4705546302057233,0.7681442776724781,7137,16381928,16376624,0.14004907736744424,0.43443498810668596,0.7884434545239605,215.41519361920655
915,field_size_scaled,True,modifiers,none,400.0,10.0,0.1,0.5,2.0,20.0,5.0,0,27719,2811844,0.1534599480420496,0.47056302425713037,0.7673260704995759,7137,16381928,16376624,0.14023074224995463,0.4337573122150881,0.7874454466317355,215.89369192812592
916,field_size_scaled,True,modifiers,none,600.0,20.0,0.1,0.5,2.0,20.0,5.0,1,27719,2811844,0.15230255012353616,0.47063569662107474,0.7703438319985885,7137,16381928,16376624,0.13981892346462543,0.4370107636543731,0.7900455551766957,204.85382234910503
917,field_size_scaled,True,ignore,inverse_sqrt,600.0,30.0,0.1,0.5,2.0,20.0,5.0,0,27719,2811844,0.1528853667454882,0.4706402444150657,0.7691915828537927,7137,16381928,16376624,0.14004365863142948,0.4358855890136919,0.7892983315731008,136.68903735885397
918,field_size_scaled,True,independent,none,500.0,30.0,0.2,0.5,2.0,20.0,5.0,1,27719,2811844,0.15274771498278025,0.47071527866190643,0.7679731656506668,7137,16381928,16376624,0.1400756348833431,0.43646439003990434,0.7883166274074559,116.514899329748
919,field_size_scaled,True,modifiers,none,500.0,20.0,0.2,0.5,2.0,20.0,5.0,2,27719,2811844,0.1522970116467955,0.47073193837775834,0.7704359692411021,7137,16381928,16376624,0.13986408992105603,0.4375520936215814,0.7902807684905021,149.70648534502834
920,field_size_scaled,True,independent,inverse_sqrt,600.0,10.0,0.1,0.5,2.0,20.0,5.0,2,27719,2811844,0.1524212800404605,0.4707377150487726,0.768933313980955,7137,16381928,16376624,0.1400207961599621,0.43770511053511213,0.7891850603640896,217.9336347556673
921,field_size_scaled,True,ignore,none,600.0,20.0,0.0,0.5,2.0,20.0,5.0,1,27719,2811844,0.1529867967854289,0.4707434737123323,0.7681307594670127,7137,16381928,16376624,0.14011297263480613,0.4351222575680922,0.7880801317780759,105.3260083780624
922,field_size_scaled,True,ignore,none,600.0,10.0,0.0,0.5,2.0,20.0,5.0,1,27719,2811844,0.1529867967854289,0.4707434737123323,0.7681307594670127,7137,16381928,16376624,0.14011297263480613,0.4351222575680922,0.7880801317780759,209.2188147981651
923,field_size_scaled,True,ignore,none,600.0,30.0,0.0,0.5,2.0,20.0,5.0,1,27719,2811844,0.1529867967854289,0.4707434737123323,0.7681307594670127,7137,16381928,16376624,0.14011297263480613,0.4351222575680922,0.7880801317780759,208.34113673726097
924,field_size_scaled,True,independent,none,500.0,10.0,0.1,0.5,2.0,20.0,5.0,2,27719,2811844,0.15299764997049115,0.4707756640634438,0.7670268912680931,7137,16381928,16376624,0.14011515377096193,0.435621711121328,0.7876683863536221,211.21315920492634
925,field_size_scaled,True,independent,inverse_sqrt,500.0,30.0,0.1,0.5,2.0,20.0,5.0,0,27719,2811844,0.15350577084840364,0.47078202769021316,0.7664007849096984,7137,16381928,16376624,0.14036303638738065,0.4346032908988507,0.7869532817020163,216.72488482668996
926,field_size_scaled,True,modifiers,none,500.0,30.0,0.1,0.5,2.0,20.0,5.0,0,27719,2811844,0.15332036169701727,0.470785300607841,0.7676569107912277,7137,16381928,16376624,0.14013492102244074,0.4344049078650307,0.788011802676791,214.7606309382245
927,field_size_scaled,True,independent,inverse_sqrt,400.0,30.0,0.5,0.5,2.0,20.0,5.0,2,27719,2811844,0.15280981931710863,0.4707894371854014,0.7684548406559318,7137,16381928,16376624,0.13984914057194434,0.4357014432566074,0.789043089711286,177.31836376711726
928,field_size_scaled,True,independent,inverse_sqrt,400.0,20.0,0.5,0.5,2.0,20.0,5.0,2,27719,2811844,0.15262502141965245,0.4707917859202746,0.7686924764783225,7137,16381928,16376624,0.13988737887582137,0.43655402999987425,0.7891429882007427,218.1768697872758
929,field_size_scaled,True,independent,inverse_sqrt,500.0,20.0,0.1,0.5,2.0,20.0,5.0,0,27719,2811844,0.153439834120548,0.47080749721469267,0.7666199221351365,7137,16381928,16376624,0.14032607269986788,0.43482729214371146,0.7871679779666432,226.30188780091703
930,field_size_scaled,True,modifiers,none,400.0,30.0,0.5,0.5,2.0,20.0,5.0,2,27719,2811844,0.1525817844949516,0.47084698405377523,0.7699845323270097,7137,16381928,16376624,0.1396950886342976,0.4359798214651484,0.7901402633412112,214.17383233783767
931,field_size_scaled,True,independent,none,400.0,10.0,0.2,0.5,2.0,20.0,5.0,2,27719,2811844,0.1528806073108366,0.47084872148467327,0.7675786474964283,7137,16381928,16376624,0.1400356648870795,0.43604556361549673,0.7882330937072256,216.32215142808855
932,field_size_scaled,False,modifiers,none,600.0,10.0,0.5,0.5,2.0,20.0,5.0,2,27719,2811844,0.1474426690522888,0.4708755372351513,0.7810666148705953,27719,2811844,2811024,0.1474426690522888,0.4708755372351513,0.7810666148705953,73.92203047405928
933,field_size_scaled,True,independent,inverse_sqrt,400.0,10.0,0.5,0.5,2.0,20.0,5.0,1,27719,2811844,0.1524198040491638,0.470926098992973,0.7689688882058637,7137,16381928,16376624,0.13995861138429588,0.437585239753427,0.7892003260256815,222.4615479419008
934,field_size_scaled,True,ignore,inverse_sqrt,400.0,30.0,0.1,0.5,2.0,20.0,5.0,0,27719,2811844,0.15372912217636434,0.4709263571869187,0.7674399080192841,7137,16381928,16376624,0.1406275889426056,0.43435956444739887,0.7870691175421748,211.438936999999
935,field_size_scaled,True,modifiers,none,400.0,20.0,0.1,0.5,2.0,20.0,5.0,0,27719,2811844,0.1536832042249768,0.4709321583772727,0.7669279949228466,7137,16381928,16376624,0.1404287854060485,0.4339096417790539,0.7869567622728592,218.9212429188192
936,field_size_scaled,True,modifiers,inverse_sqrt,500.0,10.0,0.2,0.5,2.0,20.0,5.0,2,27719,2811844,0.15186289528600525,0.47094027635884567,0.7721915572403508,7137,16381928,16376624,0.13982668018305078,0.43955973015650074,0.7914494464793232,159.97981938393787
937,field_size_scaled,True,modifiers,inverse_sqrt,500.0,20.0,0.2,0.5,2.0,20.0,5.0,0,27719,2811844,0.15272602086068954,0.4709684020650433,0.7700574594880727,7137,16381928,16376624,0.1400895302668503,0.43724397925676484,0.7899350928494175,200.7386266021058
938,field_size_scaled,True,independent,none,600.0,10.0,0.0,0.5,2.0,20.0,5.0,1,27719,2811844,0.15325258616777943,0.47100053009222764,0.7662200678471618,7137,16381928,16376624,0.14032157502858036,0.4353253100484826,0.7867111683091704,216.14381515281275
939,field_size_scaled,True,independent,none,600.0,20.0,0.0,0.5,2.0,20.0,5.0,1,27719,2811844,0.15325258616777943,0.47100053009222764,0.7662200678471618,7137,16381928,16376624,0.14032157502858036,0.4353253100484826,0.7867111683091704,216.50485732918605
940,field_size_scaled,True,independent,none,600.0,30.0,0.0,0.5,2.0,20.0,5.0,1,27719,2811844,0.15325258616777943,0.47100053009222764,0.7662200678471618,7137,16381928,16376624,0.14032157502858036,0.4353253100484826,0.7867111683091704,217.71045961789787
941,field_size_scaled,True,ignore,inverse_sqrt,600.0,30.0,0.2,0.5,2.0,20.0,5.0,2,27719,2811844,0.15205185109550343,0.4710087882917809,0.7716675489074444,7137,16381928,16376624,0.1399756568999772,0.43940773921606974,0.7910028953464402,198.65139534603804
942,field_size_scaled,True,modifiers,none,600.0,20.0,0.1,0.5,2.0,20.0,5.0,2,27719,2811844,0.152481222431389,0.4710698496350056,0.7700072998309513,7137,16381928,16376624,0.13990515568287742,0.4372082044416041,0.7899344211603075,146.88846224173903
943,field_size_scaled,True,ignore,none,600.0,20.0,0.0,0.5,2.0,20.0,5.0,2,27719,2811844,0.15314485460749466,0.4711338195215588,0.7678465214099915,7137,16381928,16376624,0.14019825744585987,0.4353227609120301,0.7879667384437721,138.6790146031417
944,field_size_scaled,True,ignore,none,600.0,10.0,0.0,0.5,2.0,20.0,5.0,2,27719,2811844,0.15314485460749466,0.4711338195215588,0.7678465214099915,7137,16381928,16376624,0.14019825744585987,0.4353227609120301,0.7879667384437721,210.85166504513472
945,field_size_scaled,True,ignore,none,600.0,30.0,0.0,0.5,2.0,20.0,5.0,2,27719,2811844,0.15314485460749466,0.4711338195215588,0.7678465214099915,7137,16381928,16376624,0.14019825744585987,0.4353227609120301,0.7879667384437721,209.1079649059102
946,field_size_scaled,True,modifiers,none,500.0,20.0,0.1,0.5,2.0,20.0,5.0,0,27719,2811844,0.15334252397973805,0.47114289908321855,0.7677831992896539,7137,16381928,16376624,0.14017323850620497,0.43493657563814553,0.7881758169449332,226.45731901098043
947,field_size_scaled,True,independent,none,500.0,30.0,0.2,0.5,2.0,20.0,5.0,2,27719,2811844,0.15294111955535003,0.4711664741511743,0.7675882525371537,7137,16381928,16376624,0.14017526605036973,0.4366849295660855,0.7881430873664804,180.3002734668553
948,field_size_scaled,True,independent,inverse_sqrt,500.0,10.0,0.1,0.5,2.0,20.0,5.0,0,27719,2811844,0.1534161392607122,0.4711931533455006,0.7667885439612042,7137,16381928,16376624,0.14035361564248744,0.4355875219209304,0.7874143657447347,218.50496932910755
949,field_size_scaled,True,ignore,none,400.0,30.0,0.5,0.5,2.0,20.0,5.0,1,27719,2811844,0.15268250329836994,0.47119875103592646,0.7697942102237476,7137,16381928,16376624,0.1397692937360439,0.4362227434916188,0.7900083680250581,174.02004876406863
950,field_size_scaled,True,ignore,none,600.0,30.0,0.1,0.5,2.0,20.0,5.0,1,27719,2811844,0.15267462723932695,0.4712075318647687,0.7695537284633642,7137,16381928,16376624,0.13999161086209053,0.43680734475674743,0.7894603918365592,209.4528803001158
951,field_size_scaled,True,independent,inverse_sqrt,400.0,30.0,0.0,0.5,2.0,20.0,5.0,1,27719,2811844,0.15387159815300938,0.4712768429823647,0.7658529418461031,7137,16381928,16376624,0.14121629039595118,0.4355609514094855,0.7847911144568014,148.78215314401314
952,field_size_scaled,True,independent,inverse_sqrt,400.0,10.0,0.0,0.5,2.0,20.0,5.0,1,27719,2811844,0.15387159815300938,0.4712768429823647,0.7658529418461031,7137,16381928,16376624,0.14121629039595118,0.4355609514094855,0.7847911144568014,217.204830896575
953,field_size_scaled,True,independent,inverse_sqrt,400.0,20.0,0.0,0.5,2.0,20.0,5.0,1,27719,2811844,0.15387159815300938,0.4712768429823647,0.7658529418461031,7137,16381928,16376624,0.14121629039595118,0.4355609514094855,0.7847911144568014,218.31084969313815
954,field_size_scaled,True,ignore,none,400.0,10.0,0.0,0.5,2.0,20.0,5.0,1,27719,2811844,0.15387728207215218,0.4712810012987187,0.7662019249924583,7137,16381928,16376624,0.1410296905305242,0.43490375295954914,0.78530245305748,195.91278633801267
955,field_size_scaled,True,ignore,none,400.0,20.0,0.0,0.5,2.0,20.0,5.0,1,27719,2811844,0.15387728207215218,0.4712810012987187,0.7662019249924583,7137,16381928,16376624,0.1410296905305242,0.43490375295954914,0.78530245305748,209.88561081327498
956,field_size_scaled,True,ignore,none,400.0,30.0,0.0,0.5,2.0,20.0,5.0,1,27719,2811844,0.15387728207215218,0.4712810012987187,0.7662019249924583,7137,16381928,16376624,0.1410296905305242,0.43490375295954914,0.78530245305748,206.46050515817478
957,field_size_scaled,True,independent,inverse_sqrt,600.0,30.0,0.0,0.5,2.0,20.0,5.0,0,27719,2811844,0.15365103293864882,0.47129377202491146,0.7659735384685439,7137,16381928,16376624,0.14051871285630205,0.43515813777336104,0.786584035879434,120.07859221287072
958,field_size_scaled,True,independent,inverse_sqrt,600.0,10.0,0.0,0.5,2.0,20.0,5.0,0,27719,2811844,0.15365103293864882,0.47129377202491146,0.7659735384685439,7137,16381928,16376624,0.14051871285630205,0.43515813777336104,0.786584035879434,218.0275809261948
959,field_size_scaled,True,independent,inverse_sqrt,600.0,20.0,0.0,0.5,2.0,20.0,5.0,0,27719,2811844,0.15365103293864882,0.47129377202491146,0.7659735384685439,7137,16381928,16376624,0.14051871285630205,0.43515813777336104,0.786584035879434,196.06003902014345
960,field_size_scaled,True,modifiers,none,400.0,30.0,0.1,0.5,2.0,20.0,5.0,0,27719,2811844,0.1538594275081039,0.47130742571630013,0.7666771966372397,7137,16381928,16376624,0.14059097346203372,0.43417306649221077,0.7866437551475811,146.82349972892553
961,field_size_scaled,True,independent,inverse_sqrt,400.0,10.0,0.5,0.5,2.0,20.0,5.0,2,27719,2811844,0.1526142001089922,0.4713719452137986,0.7686761123348644,7137,16381928,16376624,0.14005632880890562,0.43779901776423913,0.7890538367370467,217.88577912095934
962,field_size_scaled,True,independent,inverse_sqrt,400.0,20.0,0.2,0.5,2.0,20.0,5.0,0,27719,2811844,0.1536487954079105,0.4714049088987479,0.7665302750883664,7137,16381928,16376624,0.14048030244853435,0.43530299653161786,0.787142514843108,208.40271624783054
963,field_size_scaled,True,independent,inverse_sqrt,400.0,10.0,0.1,0.5,2.0,20.0,5.0,0,27719,2811844,0.15388151619258983,0.4714099448625361,0.7658458270011212,7137,16381928,16376624,0.14066295171265705,0.4347547498153906,0.7862447107535717,119.83205016003922
964,field_size_scaled,True,independent,none,600.0,20.0,0.0,0.5,2.0,20.0,5.0,2,27719,2811844,0.15342795563838707,0.4714208495002074,0.7659486365111077,7137,16381928,16376624,0.140413808525339,0.435534496599856,0.7865862341347032,121.78737489506602
965,field_size_scaled,True,independent,none,600.0,10.0,0.0,0.5,2.0,20.0,5.0,2,27719,2811844,0.15342795563838707,0.4714208495002074,0.7659486365111077,7137,16381928,16376624,0.140413808525339,0.435534496599856,0.7865862341347032,218.79308658698574
966,field_size_scaled,True,independent,none,600.0,30.0,0.0,0.5,2.0,20.0,5.0,2,27719,2811844,0.15342795563838707,0.4714208495002074,0.7659486365111077,7137,16381928,16376624,0.140413808525339,0.435534496599856,0.7865862341347032,217.81822783499956
967,field_size_scaled,True,ignore,none,400.0,30.0,0.2,0.5,2.0,20.0,5.0,0,27719,2811844,0.15368822464495133,0.47144621401149145,0.7671969360631571,7137,16381928,16376624,0.14033462384043968,0.4344842293905236,0.7876727828641605,209.10217614285648
968,field_size_scaled,True,ignore,inverse_sqrt,600.0,20.0,0.1,0.5,2.0,20.0,5.0,0,27719,2811844,0.15301376722455917,0.47145208622854623,0.7692257341097052,7137,16381928,16376624,0.14020123012424757,0.43696084868967183,0.7893731333149006,209.68618308193982
969,field_size_scaled,True,ignore,inverse_sqrt,500.0,10.0,0.2,0.5,2.0,20.0,5.0,1,27719,2811844,0.1520095298813814,0.47147071842642774,0.7720179550227959,7137,16381928,16376624,0.13998127500583285,0.4400786360337428,0.7912119738476013,203.22826154716313
970,field_size_scaled,True,ignore,none,500.0,20.0,0.2,0.5,2.0,20.0,5.0,1,27719,2811844,0.15257065324264238,0.47161841867768345,0.7701015715269596,7137,16381928,16376624,0.14007488424773212,0.4382259129354615,0.7899717304372379,171.07260631909594
971,field_size_scaled,True,ignore,none,600.0,30.0,0.1,0.5,2.0,20.0,5.0,2,27719,2811844,0.15284377340951352,0.47162103070207717,0.7691905156270455,7137,16381928,16376624,0.1400794213289525,0.4370107615074313,0.7893185433090483,159.81838376820087
972,field_size_scaled,True,modifiers,none,400.0,20.0,0.5,0.5,2.0,20.0,5.0,1,27719,2811844,0.15253971941180816,0.4716340289293124,0.7701727199767772,7137,16381928,16376624,0.13991725532958368,0.43772522749027476,0.7901398359026867,215.60252715926617
973,field_size_scaled,True,ignore,none,400.0,30.0,0.5,0.5,2.0,20.0,5.0,2,27719,2811844,0.15287194463807086,0.47163931505225914,0.7694487844998833,7137,16381928,16376624,0.13986771581731647,0.43644077554168137,0.789862489362887,179.40231566876173
974,field_size_scaled,True,ignore,none,400.0,10.0,0.0,0.5,2.0,20.0,5.0,2,27719,2811844,0.15403284359374853,0.4716550569038232,0.7659400986971295,7137,16381928,16376624,0.14111562057321717,0.4351035236119169,0.7851414919216562,211.1229110150598
975,field_size_scaled,True,ignore,none,400.0,20.0,0.0,0.5,2.0,20.0,5.0,2,27719,2811844,0.15403284359374853,0.4716550569038232,0.7659400986971295,7137,16381928,16376624,0.14111562057321717,0.4351035236119169,0.7851414919216562,198.3364444966428
976,field_size_scaled,True,ignore,none,400.0,30.0,0.0,0.5,2.0,20.0,5.0,2,27719,2811844,0.15403284359374853,0.4716550569038232,0.7659400986971295,7137,16381928,16376624,0.14111562057321717,0.4351035236119169,0.7851414919216562,185.99119107890874
977,field_size_scaled,True,independent,inverse_sqrt,400.0,10.0,0.0,0.5,2.0,20.0,5.0,2,27719,2811844,0.15404831240899639,0.471685840932846,0.7655345525331694,7137,16381928,16376624,0.14131685333487584,0.4357943766908216,0.784617085914655,157.44881800701842
978,field_size_scaled,True,independent,inverse_sqrt,400.0,20.0,0.0,0.5,2.0,20.0,5.0,2,27719,2811844,0.15404831240899639,0.471685840932846,0.7655345525331694,7137,16381928,16376624,0.14131685333487584,0.4357943766908216,0.784617085914655,217.89301610225812
979,field_size_scaled,True,independent,inverse_sqrt,400.0,30.0,0.0,0.5,2.0,20.0,5.0,2,27719,2811844,0.15404831240899639,0.471685840932846,0.7655345525331694,7137,16381928,16376624,0.14131685333487584,0.4357943766908216,0.784617085914655,218.09332377836108
980,field_size_scaled,True,ignore,none,400.0,20.0,0.2,0.5,2.0,20.0,5.0,0,27719,2811844,0.15361210104005976,0.47171716072862224,0.7674349276277969,7137,16381928,16376624,0.1403224473545998,0.43518694149780024,0.7879834696088767,140.9794233161956
981,field_size_scaled,True,independent,inverse_sqrt,400.0,30.0,0.2,0.5,2.0,20.0,5.0,0,27719,2811844,0.1538922951076916,0.4717272668734792,0.7661325552538861,7137,16381928,16376624,0.140636922888664,0.43515436727246687,0.7866885751300146,216.60408187797293
982,field_size_scaled,True,ignore,inverse_sqrt,500.0,20.0,0.2,0.5,2.0,20.0,5.0,0,27719,2811844,0.15306496630215025,0.47190465951846305,0.769504280290741,7137,16381928,16376624,0.14033579365526827,0.43793852576316383,0.7895726249805821,135.08816138422117
983,field_size_scaled,True,independent,none,600.0,30.0,0.1,0.5,2.0,20.0,5.0,1,27719,2811844,0.15308599962999203,0.4719257770768442,0.7673641349202284,7137,16381928,16376624,0.14032600019230887,0.4374117956180003,0.7878921809525578,171.25945730600506
984,field_size_scaled,True,ignore,inverse_sqrt,500.0,10.0,0.2,0.5,2.0,20.0,5.0,2,27719,2811844,0.15221387628198058,0.47194602122471013,0.771633753393781,7137,16381928,16376624,0.14008542118081843,0.4403203939506856,0.791059256169037,149.4176176614128
985,field_size_scaled,True,independent,inverse_sqrt,400.0,10.0,0.2,0.5,2.0,20.0,5.0,0,27719,2811844,0.1535331913595097,0.4719461429042688,0.7669753086419753,7137,16381928,16376624,0.14044858422457454,0.43653192153963055,0.78775851481966,219.51382680237293
986,field_size_scaled,True,modifiers,none,500.0,10.0,0.0,0.5,2.0,20.0,5.0,0,27719,2811844,0.15400655013878475,0.47194925388297687,0.7660528689900904,7137,16381928,16376624,0.1407483334304993,0.4349493474705789,0.7863494942547378,148.46124257706106
987,field_size_scaled,True,modifiers,none,500.0,20.0,0.0,0.5,2.0,20.0,5.0,0,27719,2811844,0.15400655013878475,0.47194925388297687,0.7660528689900904,7137,16381928,16376624,0.1407483334304993,0.4349493474705789,0.7863494942547378,214.7016330594197
988,field_size_scaled,True,modifiers,none,500.0,30.0,0.0,0.5,2.0,20.0,5.0,0,27719,2811844,0.15400655013878475,0.47194925388297687,0.7660528689900904,7137,16381928,16376624,0.1407483334304993,0.4349493474705789,0.7863494942547378,213.9717700080946
989,field_size_scaled,True,modifiers,inverse_sqrt,400.0,20.0,0.5,0.5,2.0,20.0,5.0,0,27719,2811844,0.15308975580332637,0.47195649445819077,0.7694395352014071,7137,16381928,16376624,0.14011584835328264,0.437114498311589,0.7897802379782304,209.4356617317535
990,field_size_scaled,True,ignore,none,400.0,10.0,0.1,0.5,2.0,20.0,5.0,0,27719,2811844,0.153964527502575,0.47196166415059515,0.7664306672586217,7137,16381928,16376624,0.14057585921955265,0.43470907153746485,0.7868739613243853,209.20230151619762
991,field_size_scaled,True,modifiers,inverse_sqrt,400.0,30.0,0.5,0.5,2.0,20.0,5.0,0,27719,2811844,0.15330119771634867,0.47198057310032054,0.7690948209620408,7137,16381928,16376624,0.1401220677226789,0.43636976906176755,0.7895979659788245,214.49658851511776
992,field_size_scaled,True,independent,inverse_sqrt,500.0,30.0,0.0,0.5,2.0,20.0,5.0,0,27719,2811844,0.1541627649568144,0.4719822970582754,0.7650724433516043,7137,16381928,16376624,0.14098715477882975,0.4353438649081224,0.7853989320387401,110.60004240134731
993,field_size_scaled,True,independent,inverse_sqrt,500.0,10.0,0.0,0.5,2.0,20.0,5.0,0,27719,2811844,0.1541627649568144,0.4719822970582754,0.7650724433516043,7137,16381928,16376624,0.14098715477882975,0.4353438649081224,0.7853989320387401,218.51961065689102
994,field_size_scaled,True,independent,inverse_sqrt,500.0,20.0,0.0,0.5,2.0,20.0,5.0,0,27719,2811844,0.1541627649568144,0.4719822970582754,0.7650724433516043,7137,16381928,16376624,0.14098715477882975,0.4353438649081224,0.7853989320387401,220.63713533664122
995,field_size_scaled,True,modifiers,inverse_sqrt,600.0,10.0,0.1,0.5,2.0,20.0,5.0,0,27719,2811844,0.1528807359822209,0.4719855428125698,0.7697614819368316,7137,16381928,16376624,0.1402240630608351,0.43826235502159155,0.7898697558178047,217.79668206814677
996,field_size_scaled,False,ignore,none,600.0,10.0,0.5,0.5,2.0,20.0,5.0,1,27719,2811844,0.1477681793537349,0.47198619518179347,0.7807930490810466,27719,2811844,2811024,0.1477681793537349,0.47198619518179347,0.7807930490810466,58.74301433376968
997,field_size_scaled,True,ignore,none,500.0,20.0,0.2,0.5,2.0,20.0,5.0,2,27719,2811844,0.15275272630289338,0.4720554582744956,0.7697408488863845,7137,16381928,16376624,0.14016709302935354,0.43843617877530744,0.7898102808002431,214.47687559435144
998,field_size_scaled,True,modifiers,none,400.0,20.0,0.5,0.5,2.0,20.0,5.0,2,27719,2811844,0.15272717344025394,0.47207258109874933,0.7699311709896465,7137,16381928,16376624,0.14000679808437025,0.43791683889563016,0.7900149017282194,215.62066692998633
999,field_size_scaled,True,independent,inverse_sqrt,600.0,30.0,0.1,0.5,2.0,20.0,5.0,0,27719,2811844,0.15351752248051354,0.4721039679413257,0.7668419052985673,7137,16381928,16376624,0.14051012764129012,0.4369384607027674,0.787626131002336,124.45428985916078
1000,field_size_scaled,True,modifiers,none,400.0,10.0,0.2,0.5,2.0,20.0,5.0,0,27719,2811844,0.15335326988223333,0.4721290568646823,0.7683267734462601,7137,16381928,16376624,0.14025334841655285,0.43662693370341527,0.7888719921761652,201.33704964071512
1001,field_size_scaled,True,modifiers,none,500.0,10.0,0.1,0.5,2.0,20.0,5.0,0,27719,2811844,0.153473742161121,0.47213422913452796,0.7677728827644303,7137,16381928,16376624,0.14033223397595382,0.43625263454942564,0.7883218177323971,136.53319849679247
1002,field_size_scaled,True,independent,inverse_sqrt,600.0,30.0,0.2,0.5,2.0,20.0,5.0,1,27719,2811844,0.15253985187227723,0.47219188824467456,0.7695259805679354,7137,16381928,16376624,0.14038238281656132,0.44036595837475456,0.7894109310930019,221.4168327152729
1003,field_size_scaled,True,independent,inverse_sqrt,500.0,30.0,0.2,0.5,2.0,20.0,5.0,0,27719,2811844,0.1535904928388138,0.47224630154391584,0.7669372442213229,7137,16381928,16376624,0.1405863503412338,0.4371547257835785,0.7876689359174394,175.2950796377845
1004,field_size_scaled,True,independent,inverse_sqrt,400.0,20.0,0.1,0.5,2.0,20.0,5.0,0,27719,2811844,0.15424202909399387,0.47224856770422646,0.7653154153077313,7137,16381928,16376624,0.14098147530074362,0.4353570193607944,0.7856429994362697,205.32735321298242
1005,field_size_scaled,True,ignore,none,400.0,20.0,0.1,0.5,2.0,20.0,5.0,0,27719,2811844,0.1541691024775429,0.47225861906122457,0.7660859530192556,7137,16381928,16376624,0.1407578007871847,0.4348015779047607,0.7863979779959532,120.23906485177577
1006,field_size_scaled,True,ignore,none,500.0,30.0,0.1,0.5,2.0,20.0,5.0,0,27719,2811844,0.1538561688253783,0.47231082392295387,0.7667714683332479,7137,16381928,16376624,0.14050682765401856,0.4354612145221626,0.7874036797816204,171.77725066710263
1007,field_size_scaled,True,independent,none,400.0,20.0,0.0,0.5,2.0,20.0,5.0,1,27719,2811844,0.1543416380964538,0.4723621769060504,0.7642282669945187,7137,16381928,16376624,0.1414202715241105,0.43585541387290466,0.783769414257786,153.25947961956263
1008,field_size_scaled,True,independent,none,400.0,10.0,0.0,0.5,2.0,20.0,5.0,1,27719,2811844,0.1543416380964538,0.4723621769060504,0.7642282669945187,7137,16381928,16376624,0.1414202715241105,0.43585541387290466,0.783769414257786,193.45704139303416
1009,field_size_scaled,True,independent,none,400.0,30.0,0.0,0.5,2.0,20.0,5.0,1,27719,2811844,0.1543416380964538,0.4723621769060504,0.7642282669945187,7137,16381928,16376624,0.1414202715241105,0.43585541387290466,0.783769414257786,218.03300714399666
1010,field_size_scaled,False,independent,none,600.0,10.0,0.5,0.5,2.0,20.0,5.0,1,27719,2811844,0.1480997963099501,0.47236668077650434,0.7786294247220942,27719,2811844,2811024,0.1480997963099501,0.47236668077650434,0.7786294247220942,54.15628687571734
1011,field_size_scaled,True,independent,none,600.0,30.0,0.1,0.5,2.0,20.0,5.0,2,27719,2811844,0.15327224666211184,0.47236880834877454,0.7669696167659898,7137,16381928,16376624,0.14042211962018566,0.43762700732933835,0.7877384252090053,217.33392064413056
1012,field_size_scaled,True,ignore,none,600.0,20.0,0.1,0.5,2.0,20.0,5.0,1,27719,2811844,0.15290205105497628,0.4724393031943025,0.7694512746956269,7137,16381928,16376624,0.14023549971402047,0.43827980937876254,0.7894517209407751,189.46708986489102
1013,field_size_scaled,True,modifiers,none,500.0,30.0,0.2,0.5,2.0,20.0,5.0,0,27719,2811844,0.1534150152563329,0.4724525830168713,0.7683153896942894,7137,16381928,16376624,0.14039307109773164,0.43726496536799364,0.7887833902762865,214.61581159289926
1014,field_size_scaled,False,ignore,none,600.0,10.0,0.5,0.5,2.0,20.0,5.0,2,27719,2811844,0.14794286155770553,0.47248045915540765,0.7804718138301203,27719,2811844,2811024,0.14794286155770553,0.47248045915540765,0.7804718138301203,58.15825383877382
1015,field_size_scaled,True,modifiers,inverse_sqrt,400.0,10.0,0.5,0.5,2.0,20.0,5.0,0,27719,2811844,0.15305733005746616,0.4725482322675255,0.7694815127867994,7137,16381928,16376624,0.1402408909300138,0.4382740107262842,0.7897772459085585,203.99542608624324
1016,field_size_scaled,True,ignore,inverse_sqrt,400.0,30.0,0.5,0.5,2.0,20.0,5.0,0,27719,2811844,0.1535264570050022,0.4725732243839269,0.7686657958096409,7137,16381928,16376624,0.14027753628097742,0.4367823837791384,0.7893444949337544,153.76790513424203
1017,field_size_scaled,True,ignore,none,400.0,30.0,0.1,0.5,2.0,20.0,5.0,0,27719,2811844,0.15433458701241465,0.47259344678304227,0.7658529418461031,7137,16381928,16376624,0.1409106799241341,0.43503132846843695,0.7861087853027584,201.0587670370005
1018,field_size_scaled,True,ignore,none,400.0,20.0,0.5,0.5,2.0,20.0,5.0,1,27719,2811844,0.15288107927145436,0.472597701780146,0.7696714791478123,7137,16381928,16376624,0.14012703226602335,0.4383117711195714,0.7897979461456769,211.10277879005298
1019,field_size_scaled,True,independent,inverse_sqrt,600.0,30.0,0.2,0.5,2.0,20.0,5.0,2,27719,2811844,0.1527533233605598,0.47268140664171465,0.769144269134664,7137,16381928,16376624,0.14049268681949664,0.4406144311202484,0.7892174235666642,210.82741916785017
1020,field_size_scaled,True,ignore,inverse_sqrt,400.0,20.0,0.5,0.5,2.0,20.0,5.0,0,27719,2811844,0.1533598886150342,0.47269189961607677,0.7689518125779076,7137,16381928,16376624,0.14030900326665027,0.4376467829051749,0.7894683910432333,209.35365343885496
1021,field_size_scaled,True,ignore,none,500.0,20.0,0.1,0.5,2.0,20.0,5.0,0,27719,2811844,0.15388965047804232,0.4727167286560509,0.7668945551514323,7137,16381928,16376624,0.14055486549584678,0.4360325688667282,0.7875582904022221,194.8915623612702
1022,field_size_scaled,True,independent,none,400.0,20.0,0.0,0.5,2.0,20.0,5.0,2,27719,2811844,0.1545099700873305,0.4727591989816479,0.76386114099346,7137,16381928,16376624,0.1415116298085755,0.4360660748602364,0.7835884245739537,111.49967031180859
1023,field_size_scaled,True,independent,none,400.0,10.0,0.0,0.5,2.0,20.0,5.0,2,27719,2811844,0.1545099700873305,0.4727591989816479,0.76386114099346,7137,16381928,16376624,0.1415116298085755,0.4360660748602364,0.7835884245739537,156.04113248968497
1024,field_size_scaled,True,independent,none,400.0,30.0,0.0,0.5,2.0,20.0,5.0,2,27719,2811844,0.1545099700873305,0.4727591989816479,0.76386114099346,7137,16381928,16376624,0.1415116298085755,0.4360660748602364,0.7835884245739537,196.20363364182413
1025,field_size_scaled,True,independent,none,500.0,20.0,0.2,0.5,2.0,20.0,5.0,1,27719,2811844,0.1531083765991096,0.47279402184639174,0.7678554149662187,7137,16381928,16376624,0.14051421560063904,0.43921725779805626,0.7882953165438737,216.68832286912948
1026,field_size_scaled,True,ignore,none,600.0,20.0,0.1,0.5,2.0,20.0,5.0,2,27719,2811844,0.15307242935165763,0.4728584316353217,0.7691335968671914,7137,16381928,16376624,0.14032380354438015,0.4384859529388169,0.7893074299074095,193.2423867303878
1027,field_size_scaled,True,independent,inverse_sqrt,600.0,20.0,0.1,0.5,2.0,20.0,5.0,0,27719,2811844,0.15363325501319886,0.47286278755567823,0.7668301658043475,7137,16381928,16376624,0.14065701477638906,0.43796568034484396,0.7876776068132235,187.93942712806165
1028,field_size_scaled,True,independent,inverse_sqrt,400.0,30.0,0.1,0.5,2.0,20.0,5.0,0,27719,2811844,0.15449601909067573,0.4728824102844452,0.7649532696981598,7137,16381928,16376624,0.14121265280849007,0.4358714732106502,0.7852620906482313,202.67856657039374
1029,field_size_scaled,False,independent,none,600.0,10.0,0.5,0.5,2.0,20.0,5.0,2,27719,2811844,0.14828798845614327,0.47288282661949693,0.7783483883453147,27719,2811844,2811024,0.14828798845614327,0.47288282661949693,0.7783483883453147,51.73444749601185
1030,field_size_scaled,True,modifiers,none,600.0,20.0,0.0,0.5,2.0,20.0,5.0,0,27719,2811844,0.15393249356794544,0.4729220993783955,0.7666384207320891,7137,16381928,16376624,0.1406571300466076,0.4362988175707971,0.787248947035726,182.58610625611618
1031,field_size_scaled,True,modifiers,none,600.0,10.0,0.0,0.5,2.0,20.0,5.0,0,27719,2811844,0.15393249356794544,0.4729220993783955,0.7666384207320891,7137,16381928,16376624,0.1406571300466076,0.4362988175707971,0.787248947035726,199.54387077875435
1032,field_size_scaled,True,modifiers,none,600.0,30.0,0.0,0.5,2.0,20.0,5.0,0,27719,2811844,0.15393249356794544,0.4729220993783955,0.7666384207320891,7137,16381928,16376624,0.1406571300466076,0.4362988175707971,0.787248947035726,217.02508856309578
1033,field_size_scaled,True,modifiers,inverse_sqrt,600.0,20.0,0.2,0.5,2.0,20.0,5.0,1,27719,2811844,0.15211565676263597,0.4729481890702717,0.7722417168974722,7137,16381928,16376624,0.14033645490870983,0.44276126581934694,0.7913204821701958,139.3336753230542
1034,field_size_scaled,True,independent,none,400.0,30.0,0.5,0.5,2.0,20.0,5.0,1,27719,2811844,0.15338920288888694,0.47297642489034997,0.7673399444472904,7137,16381928,16376624,0.14032176830614332,0.43764823331347563,0.788229002509919,204.55129266669974
1035,field_size_scaled,True,independent,none,400.0,30.0,0.2,0.5,2.0,20.0,5.0,0,27719,2811844,0.15433089422367832,0.4730144079394179,0.7648782080836023,7137,16381928,16376624,0.14086576182518198,0.4358295212934217,0.7859165600919945,190.08875213423744
1036,field_size_scaled,True,ignore,none,400.0,20.0,0.5,0.5,2.0,20.0,5.0,2,27719,2811844,0.153063847002081,0.47303084714825017,0.7693826164415529,7137,16381928,16376624,0.14021987689839466,0.43851603045752074,0.7896470603465037,117.48964944202453
1037,field_size_scaled,True,modifiers,inverse_sqrt,400.0,30.0,0.0,0.5,2.0,20.0,5.0,0,27719,2811844,0.15458594161438413,0.47306737266138243,0.7660542919590868,7137,16381928,16376624,0.141638447269227,0.4367461426902462,0.7851841747114667,171.05895296204835
1038,field_size_scaled,True,modifiers,inverse_sqrt,400.0,10.0,0.0,0.5,2.0,20.0,5.0,0,27719,2811844,0.15458594161438413,0.47306737266138243,0.7660542919590868,7137,16381928,16376624,0.141638447269227,0.4367461426902462,0.7851841747114667,175.0562190138735
1039,field_size_scaled,True,modifiers,inverse_sqrt,400.0,20.0,0.0,0.5,2.0,20.0,5.0,0,27719,2811844,0.15458594161438413,0.47306737266138243,0.7660542919590868,7137,16381928,16376624,0.141638447269227,0.4367461426902462,0.7851841747114667,217.63333016913384
1040,field_size_scaled,True,independent,none,600.0,20.0,0.1,0.5,2.0,20.0,5.0,1,27719,2811844,0.15329915278285447,0.4730863650272602,0.7672876503366745,7137,16381928,16376624,0.14055760854555102,0.4388235714982154,0.7878761825392095,182.55364199262112
1041,field_size_scaled,True,independent,inverse_sqrt,500.0,10.0,0.2,0.5,2.0,20.0,5.0,1,27719,2811844,0.15269585097489763,0.47309933281277,0.7694697732925795,7137,16381928,16376624,0.14048686238756425,0.44125076051351364,0.7894601475859737,217.62139391014352
1042,field_size_scaled,True,modifiers,none,600.0,10.0,0.1,0.5,2.0,20.0,5.0,1,27719,2811844,0.15277614722727534,0.4731444138884256,0.7700894762904906,7137,16381928,16376624,0.14032119013416675,0.4399756029792629,0.7899300857124154,151.21525478828698
1043,field_size_scaled,True,independent,none,400.0,10.0,0.1,0.5,2.0,20.0,5.0,0,27719,2811844,0.15449455865641598,0.47316581310574785,0.7642382277774932,7137,16381928,16376624,0.141018360206986,0.4357658718454215,0.7852433444157966,216.17703592125326
1044,field_size_scaled,True,independent,none,400.0,20.0,0.2,0.5,2.0,20.0,5.0,0,27719,2811844,0.15422769102542944,0.4731833322451456,0.7651339867606964,7137,16381928,16376624,0.14083166327640564,0.43644871698157917,0.7862508170182084,181.59489251021296
1045,field_size_scaled,True,independent,none,500.0,20.0,0.2,0.5,2.0,20.0,5.0,2,27719,2811844,0.1533057388106292,0.4732577828068371,0.7674850872849183,7137,16381928,16376624,0.14061531849890993,0.4394421573715169,0.7881178074308844,169.775979841128
1046,field_size_scaled,True,ignore,inverse_sqrt,600.0,10.0,0.1,0.5,2.0,20.0,5.0,0,27719,2811844,0.1533352852028775,0.4732976512152806,0.7691239918264661,7137,16381928,16376624,0.14057233884797707,0.43929374605260757,0.7893543870824659,180.48526537325233
1047,field_size_scaled,True,independent,none,500.0,30.0,0.1,0.5,2.0,20.0,5.0,0,27719,2811844,0.15434178682500566,0.47333245016871767,0.7646270540557463,7137,16381928,16376624,0.1409112401441084,0.4363614237887794,0.7857766655691674,147.75864442577586
1048,field_size_scaled,True,ignore,none,400.0,10.0,0.2,0.5,2.0,20.0,5.0,0,27719,2811844,0.15380178516788176,0.47340838454329537,0.7676505074307441,7137,16381928,16376624,0.14055238324390545,0.4374763139592683,0.7884098090058121,210.70923025393859
1049,field_size_scaled,True,modifiers,inverse_sqrt,600.0,20.0,0.2,0.5,2.0,20.0,5.0,2,27719,2811844,0.15232635298309616,0.4734369920575085,0.7719012715650951,7137,16381928,16376624,0.1404359802745918,0.4429882440704518,0.791194448868094,225.912281089928
1050,field_size_scaled,True,independent,none,400.0,30.0,0.5,0.5,2.0,20.0,5.0,2,27719,2811844,0.1535917632728877,0.4734422260547429,0.7669685495392426,7137,16381928,16376624,0.1404300766941568,0.43788650133617674,0.7880314648489213,186.63340085092932
1051,field_size_scaled,True,independent,none,600.0,20.0,0.1,0.5,2.0,20.0,5.0,2,27719,2811844,0.1534872189554644,0.4735359737912129,0.7669560985605246,7137,16381928,16376624,0.1406545532494165,0.4390417296832171,0.7877456306012766,221.4201564011164
1052,field_size_scaled,True,independent,none,400.0,20.0,0.1,0.5,2.0,20.0,5.0,0,27719,2811844,0.15472670217917642,0.4735696931283415,0.7638714575186836,7137,16381928,16376624,0.14122435306960862,0.4359515679054831,0.784758629128934,212.64289797609672
1053,field_size_scaled,True,modifiers,none,600.0,10.0,0.1,0.5,2.0,20.0,5.0,2,27719,2811844,0.15295769037938503,0.47359099287231926,0.7697500981848607,7137,16381928,16376624,0.14040881858878296,0.44017976221595945,0.7898218216404065,134.52676440915093
1054,field_size_scaled,True,independent,inverse_sqrt,500.0,10.0,0.2,0.5,2.0,20.0,5.0,2,27719,2811844,0.15290967535621847,0.47359163556783773,0.7690937537352937,7137,16381928,16376624,0.1405968181301603,0.44149961420546213,0.7892858747932419,218.53152400813997
1055,field_size_scaled,True,ignore,inverse_sqrt,400.0,10.0,0.5,0.5,2.0,20.0,5.0,0,27719,2811844,0.15344008948318583,0.4736414368904057,0.7689094792502661,7137,16381928,16376624,0.14052791308942028,0.43910765845350336,0.7893421134905461,203.79544548457488
1056,field_size_scaled,True,independent,inverse_sqrt,500.0,20.0,0.2,0.5,2.0,20.0,5.0,0,27719,2811844,0.15378159631015978,0.47365635592968,0.7670016335684078,7137,16381928,16376624,0.1408746172998768,0.43924822835806787,0.7877533855573652,205.20964871207252
1057,field_size_scaled,True,independent,none,500.0,20.0,0.1,0.5,2.0,20.0,5.0,0,27719,2811844,0.15435967608662932,0.4736706944700912,0.7647835806453449,7137,16381928,16376624,0.14094606118105837,0.43687536977330843,0.7859530755545221,216.27034449391067
1058,field_size_scaled,True,ignore,none,500.0,30.0,0.2,0.5,2.0,20.0,5.0,0,27719,2811844,0.15386356532992804,0.47373319675623327,0.7676320088337916,7137,16381928,16376624,0.14069136042618502,0.43811304885965213,0.7883291452499611,157.6956619238481
1059,field_size_scaled,True,modifiers,none,600.0,30.0,0.1,0.5,2.0,20.0,5.0,0,27719,2811844,0.15374273978041386,0.47373424125685926,0.7677152525200781,7137,16381928,16376624,0.14062986309544942,0.4382292052521521,0.7883997336691616,206.10496253194287
1060,field_size_scaled,True,ignore,none,500.0,20.0,0.0,0.5,2.0,20.0,5.0,0,27719,2811844,0.15464990856109057,0.47377925781118924,0.7650514545589081,7137,16381928,16376624,0.14121663384234073,0.43627503311848265,0.7855830359175371,130.53619340108708
1061,field_size_scaled,True,ignore,none,500.0,10.0,0.0,0.5,2.0,20.0,5.0,0,27719,2811844,0.15464990856109057,0.47377925781118924,0.7650514545589081,7137,16381928,16376624,0.14121663384234073,0.43627503311848265,0.7855830359175371,210.7711110357195
1062,field_size_scaled,True,ignore,none,500.0,30.0,0.0,0.5,2.0,20.0,5.0,0,27719,2811844,0.15464990856109057,0.47377925781118924,0.7650514545589081,7137,16381928,16376624,0.14121663384234073,0.43627503311848265,0.7855830359175371,189.26482626842335
1063,field_size_scaled,True,ignore,none,500.0,10.0,0.1,0.5,2.0,20.0,5.0,0,27719,2811844,0.15404029273471875,0.4737944282252904,0.7668628940912635,7137,16381928,16376624,0.14073062344981072,0.43741955282041156,0.7876901246557289,116.91906469641253
1064,field_size_scaled,True,modifiers,inverse_sqrt,600.0,30.0,0.2,0.5,2.0,20.0,5.0,0,27719,2811844,0.15322662957607353,0.4739053591519248,0.7698674931270597,7137,16381928,16376624,0.14070750990159986,0.4411475183174659,0.789846857325417,189.6094667832367
1065,field_size_scaled,True,modifiers,none,400.0,10.0,0.5,0.5,2.0,20.0,5.0,1,27719,2811844,0.1529752960563139,0.47390950141531224,0.769787451121015,7137,16381928,16376624,0.14041352419351905,0.44034957145954484,0.7897577669243673,123.74196329899132
1066,field_size_scaled,True,independent,none,400.0,30.0,0.1,0.5,2.0,20.0,5.0,0,27719,2811844,0.15490838053608874,0.47396538736083904,0.7636622810762199,7137,16381928,16376624,0.141391528025711,0.43623493860116297,0.7844666275540062,217.80419072974473
1067,field_size_scaled,True,ignore,inverse_sqrt,600.0,20.0,0.2,0.5,2.0,20.0,5.0,1,27719,2811844,0.15247590655499624,0.473984983311052,0.7717301595432838,7137,16381928,16376624,0.14059516615271786,0.44352659482689455,0.790947328338246,124.32992484699935
1068,field_size_scaled,True,ignore,inverse_sqrt,400.0,10.0,0.0,0.5,2.0,20.0,5.0,0,27719,2811844,0.154971131031222,0.4740522715513155,0.7653445861721565,7137,16381928,16376624,0.1419299639616546,0.43749954445983585,0.7846587917021237,210.15052690915763
1069,field_size_scaled,True,ignore,inverse_sqrt,400.0,20.0,0.0,0.5,2.0,20.0,5.0,0,27719,2811844,0.154971131031222,0.4740522715513155,0.7653445861721565,7137,16381928,16376624,0.1419299639616546,0.43749954445983585,0.7846587917021237,209.4098088541068
1070,field_size_scaled,True,ignore,inverse_sqrt,400.0,30.0,0.0,0.5,2.0,20.0,5.0,0,27719,2811844,0.154971131031222,0.4740522715513155,0.7653445861721565,7137,16381928,16376624,0.1419299639616546,0.43749954445983585,0.7846587917021237,219.19719719793648
1071,field_size_scaled,True,modifiers,none,600.0,30.0,0.2,0.5,2.0,20.0,5.0,1,27719,2811844,0.15282720123797866,0.47415402850448307,0.7705064062064215,7137,16381928,16376624,0.1405834435760425,0.4421547398210362,0.7901737867340668,214.56033482588828
1072,field_size_scaled,True,independent,none,400.0,20.0,0.5,0.5,2.0,20.0,5.0,1,27719,2811844,0.15354255725205007,0.4741778538981744,0.7672108100108714,7137,16381928,16376624,0.1406492434064361,0.4395922467497116,0.7880022769039577,154.89187568984926
1073,field_size_scaled,True,modifiers,none,400.0,30.0,0.0,0.5,2.0,20.0,5.0,0,27719,2811844,0.1550483600830946,0.4742144909140614,0.7645199756387708,7137,16381928,16376624,0.14180957787867893,0.4369603838635242,0.7842283611078815,152.77688786620274
1074,field_size_scaled,True,modifiers,none,400.0,10.0,0.0,0.5,2.0,20.0,5.0,0,27719,2811844,0.1550483600830946,0.4742144909140614,0.7645199756387708,7137,16381928,16376624,0.14180957787867893,0.4369603838635242,0.7842283611078815,207.3302017999813
1075,field_size_scaled,True,modifiers,none,400.0,20.0,0.0,0.5,2.0,20.0,5.0,0,27719,2811844,0.1550483600830946,0.4742144909140614,0.7645199756387708,7137,16381928,16376624,0.14180957787867893,0.4369603838635242,0.7842283611078815,215.72263429081067
1076,field_size_scaled,True,modifiers,none,400.0,10.0,0.5,0.5,2.0,20.0,5.0,2,27719,2811844,0.15314963093321254,0.4743315779270391,0.7694573223138614,7137,16381928,16376624,0.14049498127026047,0.4405282703019059,0.7896037669302294,213.9226775006391
1077,field_size_scaled,True,independent,none,500.0,30.0,0.0,0.5,2.0,20.0,5.0,0,27719,2811844,0.15501093916566616,0.47442848041347285,0.7630770850764703,7137,16381928,16376624,0.1415152776396975,0.4368631435424762,0.784167725900039,109.90239462489262
1078,field_size_scaled,True,independent,none,500.0,20.0,0.0,0.5,2.0,20.0,5.0,0,27719,2811844,0.15501093916566616,0.47442848041347285,0.7630770850764703,7137,16381928,16376624,0.1415152776396975,0.4368631435424762,0.784167725900039,175.00649210158736
1079,field_size_scaled,True,independent,none,500.0,10.0,0.0,0.5,2.0,20.0,5.0,0,27719,2811844,0.15501093916566616,0.47442848041347285,0.7630770850764703,7137,16381928,16376624,0.1415152776396975,0.4368631435424762,0.784167725900039,216.66484168404713
1080,field_size_scaled,True,ignore,inverse_sqrt,600.0,20.0,0.2,0.5,2.0,20.0,5.0,2,27719,2811844,0.1526846260690183,0.4744730410045887,0.7713516497902544,7137,16381928,16376624,0.14070074460932272,0.44377389972428544,0.7907979691052319,213.84013290284202
1081,field_size_scaled,True,modifiers,inverse_sqrt,500.0,30.0,0.5,0.5,2.0,20.0,5.0,1,27719,2811844,0.15271686228049813,0.47452926502961806,0.7715490867384981,7137,16381928,16376624,0.14045886961499252,0.4426689295607,0.7910465551385927,209.93679366912693
1082,field_size_scaled,True,modifiers,none,500.0,20.0,0.2,0.5,2.0,20.0,5.0,0,27719,2811844,0.15377580276173244,0.47455025653966193,0.7682075997928157,7137,16381928,16376624,0.1408227264221552,0.43998283321686066,0.7887938319888153,170.64488359494135
1083,field_size_scaled,True,independent,inverse_sqrt,600.0,10.0,0.1,0.5,2.0,20.0,5.0,0,27719,2811844,0.15393370954450294,0.4746162726863398,0.7667252218408666,7137,16381928,16376624,0.14101045249810096,0.44021545978581356,0.7876609367107653,149.61435513896868
1084,field_size_scaled,True,modifiers,none,600.0,30.0,0.2,0.5,2.0,20.0,5.0,2,27719,2811844,0.15302079964532722,0.47461949898850836,0.7702090056861841,7137,16381928,16376624,0.14067496052534872,0.4423622122597146,0.790056057951871,215.4003957780078
1085,field_size_scaled,True,independent,none,500.0,10.0,0.1,0.5,2.0,20.0,5.0,0,27719,2811844,0.15448418267020747,0.47462990029815,0.7647334209882235,7137,16381928,16376624,0.1410997890737725,0.43816243613991684,0.7860922373255929,219.35554352402687
1086,field_size_scaled,True,independent,none,400.0,20.0,0.5,0.5,2.0,20.0,5.0,2,27719,2811844,0.15373944726198954,0.4746367813756311,0.766900958511916,7137,16381928,16376624,0.1407513351698398,0.43981403436576877,0.7878616496293742,152.4445176050067
1087,field_size_scaled,True,modifiers,none,400.0,30.0,0.5,0.5,2.0,20.0,5.0,0,27719,2811844,0.15406890487776592,0.47464893568377164,0.7676921292738874,7137,16381928,16376624,0.14067252280043296,0.4384625671745444,0.7886388549923354,215.73223827313632
1088,field_size_scaled,True,independent,inverse_sqrt,400.0,20.0,0.5,0.5,2.0,20.0,5.0,0,27719,2811844,0.15415676942391565,0.47469258411995713,0.7663929585802185,7137,16381928,16376624,0.14089345432299646,0.4391127863526487,0.7876047590761075,217.3027344159782
1089,field_size_scaled,True,independent,none,400.0,10.0,0.2,0.5,2.0,20.0,5.0,0,27719,2811844,0.1543747448894511,0.4747020917395032,0.7653356926159293,7137,16381928,16376624,0.1410277750910936,0.43859826514429406,0.7866966353993351,140.7390013989061
1090,field_size_scaled,False,modifiers,none,600.0,10.0,0.5,0.5,2.0,20.0,5.0,0,27719,2811844,0.148857748702139,0.4747071994596648,0.7789784078684494,27719,2811844,2811024,0.148857748702139,0.4747071994596648,0.7789784078684494,69.95259676501155
1091,field_size_scaled,True,independent,inverse_sqrt,400.0,30.0,0.5,0.5,2.0,20.0,5.0,0,27719,2811844,0.15436552514132976,0.47473728467146775,0.766091289152992,7137,16381928,16376624,0.14089240359697153,0.43838036340478526,0.7874771381452002,127.28693855321035
1092,field_size_scaled,True,modifiers,inverse_sqrt,500.0,10.0,0.2,0.5,2.0,20.0,5.0,0,27719,2811844,0.153378674496195,0.4748083868424371,0.7698223138614256,7137,16381928,16376624,0.14080590863583584,0.44201180110030935,0.7899060270297468,217.07757862377912
1093,field_size_scaled,True,modifiers,none,600.0,20.0,0.1,0.5,2.0,20.0,5.0,0,27719,2811844,0.1539546997145277,0.4749061138267796,0.7676480172350005,7137,16381928,16376624,0.14085732936462939,0.43962848741476424,0.78840278680148,216.1830109572038
1094,field_size_scaled,True,ignore,inverse_sqrt,600.0,30.0,0.2,0.5,2.0,20.0,5.0,0,27719,2811844,0.15358320248428683,0.47491029295223486,0.7693505996391351,7137,16381928,16376624,0.1409698746306616,0.441902902342103,0.7894464084905412,209.52791712479666
1095,field_size_scaled,True,independent,none,500.0,30.0,0.2,0.5,2.0,20.0,5.0,0,27719,2811844,0.15443333856268876,0.47501474584756853,0.7653214629259658,7137,16381928,16376624,0.14116462531808574,0.43922783128517384,0.7866024767986369,113.1017097630538
1096,field_size_scaled,True,modifiers,inverse_sqrt,500.0,30.0,0.5,0.5,2.0,20.0,5.0,2,27719,2811844,0.15293555089646324,0.47503164135271564,0.7711460307702815,7137,16381928,16376624,0.14056631469566697,0.4429109972461488,0.7908954250888339,215.82278027478606
1097,field_size_scaled,True,ignore,none,600.0,10.0,0.1,0.5,2.0,20.0,5.0,1,27719,2811844,0.1533958021192488,0.4750505382016553,0.769188381173551,7137,16381928,16376624,0.14075597058573305,0.44133077437538193,0.7893195203113902,209.82655039988458
1098,field_size_scaled,True,ignore,none,600.0,10.0,0.0,0.5,2.0,20.0,5.0,0,27719,2811844,0.15464411934862374,0.47505470103006614,0.7655580315216092,7137,16381928,16376624,0.14118455564041446,0.4378777018598549,0.7864461564239369,209.46017367811874
1099,field_size_scaled,True,ignore,none,600.0,20.0,0.0,0.5,2.0,20.0,5.0,0,27719,2811844,0.15464411934862374,0.47505470103006614,0.7655580315216092,7137,16381928,16376624,0.14118455564041446,0.4378777018598549,0.7864461564239369,209.05979329906404
1100,field_size_scaled,True,ignore,none,600.0,30.0,0.0,0.5,2.0,20.0,5.0,0,27719,2811844,0.15464411934862374,0.47505470103006614,0.7655580315216092,7137,16381928,16376624,0.14118455564041446,0.4378777018598549,0.7864461564239369,209.17881845403463
1101,field_size_scaled,True,ignore,inverse_sqrt,500.0,30.0,0.5,0.5,2.0,20.0,5.0,1,27719,2811844,0.1529468413766347,0.47514845453625004,0.7711161484213582,7137,16381928,16376624,0.140613711714547,0.4430859218834221,0.7907635908353272,165.57810177793726
1102,field_size_scaled,True,independent,inverse_sqrt,400.0,10.0,0.5,0.5,2.0,20.0,5.0,0,27719,2811844,0.15412715338630903,0.47525349055433647,0.7663954487759621,7137,16381928,16376624,0.1410347460601431,0.44026713449424354,0.7875570080866484,109.51103187026456
1103,field_size_scaled,True,independent,none,600.0,10.0,0.0,0.5,2.0,20.0,5.0,0,27719,2811844,0.15491519687650607,0.4752977491937308,0.7636178132950839,7137,16381928,16376624,0.1414024450774627,0.43810451730262795,0.7850545997758757,119.0990917221643
1104,field_size_scaled,True,independent,none,600.0,30.0,0.0,0.5,2.0,20.0,5.0,0,27719,2811844,0.15491519687650607,0.4752977491937308,0.7636178132950839,7137,16381928,16376624,0.1414024450774627,0.43810451730262795,0.7850545997758757,173.27687051566318
1105,field_size_scaled,True,independent,none,600.0,20.0,0.0,0.5,2.0,20.0,5.0,0,27719,2811844,0.15491519687650607,0.4752977491937308,0.7636178132950839,7137,16381928,16376624,0.1414024450774627,0.43810451730262795,0.7850545997758757,218.0448819049634
1106,field_size_scaled,True,ignore,none,400.0,10.0,0.5,0.5,2.0,20.0,5.0,1,27719,2811844,0.15344859642537814,0.47533322026970287,0.7691079834252571,7137,16381928,16376624,0.14073242383958673,0.44131483372450975,0.7892946067516724,210.0921855531633
1107,field_size_scaled,True,modifiers,none,500.0,10.0,0.2,0.5,2.0,20.0,5.0,1,27719,2811844,0.15307007342313297,0.47545084404603133,0.7704224510356369,7137,16381928,16376624,0.14076133029023372,0.4433953435782163,0.7901713442282121,203.3467104411684
1108,field_size_scaled,True,ignore,none,400.0,30.0,0.5,0.5,2.0,20.0,5.0,0,27719,2811844,0.15437126756120342,0.47547594368465684,0.7671510453130247,7137,16381928,16376624,0.14085922982504276,0.43895929106958176,0.7883076511984399,210.15777488518506
1109,field_size_scaled,True,ignore,none,600.0,10.0,0.1,0.5,2.0,20.0,5.0,2,27719,2811844,0.1535685493703216,0.4754808965160682,0.7688892019420681,7137,16381928,16376624,0.14084532016692702,0.4415428412702281,0.7891671690087041,202.36990772001445
1110,field_size_scaled,True,ignore,none,600.0,30.0,0.1,0.5,2.0,20.0,5.0,0,27719,2811844,0.15432956688085492,0.4754901439161617,0.7668853058529561,7137,16381928,16376624,0.14104595223622188,0.4394748171384221,0.7878000374191897,210.50117139704525
1111,field_size_scaled,True,independent,inverse_sqrt,600.0,20.0,0.2,0.5,2.0,20.0,5.0,1,27719,2811844,0.15314895841383527,0.47556264323765574,0.7692136388732362,7137,16381928,16376624,0.14109143841463218,0.4446598729874427,0.7891925100069465,216.0512681081891
1112,field_size_scaled,True,independent,none,600.0,10.0,0.1,0.5,2.0,20.0,5.0,1,27719,2811844,0.1537693814652256,0.47557324066858137,0.7670322274018294,7137,16381928,16376624,0.14105770534765896,0.44176850894147035,0.7877721928524463,179.0782655151561
1113,field_size_scaled,True,ignore,none,600.0,30.0,0.2,0.5,2.0,20.0,5.0,1,27719,2811844,0.15331029959125078,0.4755842557454967,0.7697838936985241,7137,16381928,16376624,0.1409029623757525,0.4431089777205383,0.7897208850859615,137.75713051110506
1114,field_size_scaled,True,ignore,inverse_sqrt,500.0,30.0,0.5,0.5,2.0,20.0,5.0,2,27719,2811844,0.15316362924167132,0.47565133466072823,0.7706949495984381,7137,16381928,16376624,0.14072626657566573,0.443346132055963,0.7905968287480986,212.10048656305298
1115,field_size_scaled,True,ignore,none,400.0,10.0,0.0,0.5,2.0,20.0,5.0,0,27719,2811844,0.15561285692277363,0.4757361321768671,0.763585796492666,7137,16381928,16376624,0.14220940423000658,0.4380260034580159,0.7835645490792241,139.01040107104927
1116,field_size_scaled,True,ignore,none,400.0,30.0,0.0,0.5,2.0,20.0,5.0,0,27719,2811844,0.15561285692277363,0.4757361321768671,0.763585796492666,7137,16381928,16376624,0.14220940423000658,0.4380260034580159,0.7835645490792241,111.5096195708029
1117,field_size_scaled,True,ignore,none,400.0,20.0,0.0,0.5,2.0,20.0,5.0,0,27719,2811844,0.15561285692277363,0.4757361321768671,0.763585796492666,7137,16381928,16376624,0.14220940423000658,0.4380260034580159,0.7835645490792241,170.35099431779236
1118,field_size_scaled,True,ignore,none,400.0,10.0,0.5,0.5,2.0,20.0,5.0,2,27719,2811844,0.153617582687847,0.47574855328949683,0.768795997472807,7137,16381928,16376624,0.14081771629218637,0.4415072251848548,0.7891363323722888,207.30357803124934
1119,field_size_scaled,True,ignore,inverse_sqrt,500.0,10.0,0.2,0.5,2.0,20.0,5.0,0,27719,2811844,0.1537421358667445,0.47584146881392186,0.769313958187479,7137,16381928,16376624,0.14107577372269678,0.44279523912738106,0.7895066773225056,204.98688419908285
1120,field_size_scaled,True,modifiers,none,400.0,20.0,0.5,0.5,2.0,20.0,5.0,0,27719,2811844,0.15419412636198634,0.47584307039752133,0.767654064853235,7137,16381928,16376624,0.14095237404230074,0.44029418779269985,0.7885355980573285,195.0961111630313
1121,field_size_scaled,True,independent,inverse_sqrt,400.0,10.0,0.0,0.5,2.0,20.0,5.0,0,27719,2811844,0.1556820713310627,0.4758653986280374,0.7630479142120451,7137,16381928,16376624,0.14247298858943344,0.4389107482506762,0.7829652802677768,217.57387608569115
1122,field_size_scaled,True,independent,inverse_sqrt,400.0,20.0,0.0,0.5,2.0,20.0,5.0,0,27719,2811844,0.1556820713310627,0.4758653986280374,0.7630479142120451,7137,16381928,16376624,0.14247298858943344,0.4389107482506762,0.7829652802677768,227.8258996149525
1123,field_size_scaled,True,independent,inverse_sqrt,400.0,30.0,0.0,0.5,2.0,20.0,5.0,0,27719,2811844,0.1556820713310627,0.4758653986280374,0.7630479142120451,7137,16381928,16376624,0.14247298858943344,0.4389107482506762,0.7829652802677768,217.04894237825647
1124,field_size_scaled,True,ignore,none,500.0,20.0,0.2,0.5,2.0,20.0,5.0,0,27719,2811844,0.15424046469090102,0.4759031124249267,0.7675146138915925,7137,16381928,16376624,0.14113530340374908,0.44088977064168894,0.7883062467575734,105.70198207395151
1125,field_size_scaled,True,modifiers,none,500.0,10.0,0.2,0.5,2.0,20.0,5.0,2,27719,2811844,0.15326402987773466,0.47592072351909454,0.7701101093409377,7137,16381928,16376624,0.14085305879551485,0.44360555031849497,0.7900534933207235,155.90180116379634
1126,field_size_scaled,True,independent,none,600.0,10.0,0.1,0.5,2.0,20.0,5.0,2,27719,2811844,0.15396089928754425,0.4760358936418321,0.7666743506992469,7137,16381928,16376624,0.14115633448853054,0.4419931447072648,0.7876173990439055,217.01669176435098
1127,field_size_scaled,True,ignore,none,600.0,30.0,0.2,0.5,2.0,20.0,5.0,2,27719,2811844,0.15349698301896655,0.4760393791186695,0.7694683503235832,7137,16381928,16376624,0.1409968842075323,0.44332721950499127,0.7895779984934624,194.18654006673023
1128,field_size_scaled,True,independent,inverse_sqrt,600.0,20.0,0.2,0.5,2.0,20.0,5.0,2,27719,2811844,0.1533673460249941,0.4760681102215656,0.7688045352867852,7137,16381928,16376624,0.1412032740056234,0.4449149765401892,0.7890147566433717,135.08964838599786
1129,field_size_scaled,True,independent,none,600.0,30.0,0.1,0.5,2.0,20.0,5.0,0,27719,2811844,0.1547470128566858,0.4761979513007553,0.7646957123098201,7137,16381928,16376624,0.14139290793127093,0.4401106821671155,0.7862179042518165,213.9036490181461
1130,field_size_scaled,True,modifiers,inverse_sqrt,500.0,20.0,0.5,0.5,2.0,20.0,5.0,1,27719,2811844,0.15293059057390973,0.47634241099785635,0.7713737058096978,7137,16381928,16376624,0.14084595574008996,0.44529987856998554,0.7908689239003106,177.14048872189596
1131,field_size_scaled,False,ignore,none,600.0,10.0,0.5,0.5,2.0,20.0,5.0,0,27719,2811844,0.14937059057340032,0.4763615266276846,0.7783515900255565,27719,2811844,2811024,0.14937059057340032,0.4763615266276846,0.7783515900255565,56.53850821824744
1132,field_size_scaled,True,independent,none,400.0,10.0,0.5,0.5,2.0,20.0,5.0,1,27719,2811844,0.1539859392639207,0.4764292676112543,0.7667810733739733,7137,16381928,16376624,0.14116818957372634,0.4422255548350637,0.7875559089590137,234.3678854368627
1133,field_size_scaled,True,independent,inverse_sqrt,600.0,30.0,0.2,0.5,2.0,20.0,5.0,0,27719,2811844,0.15427373458377142,0.4765607967201477,0.7668475971745528,7137,16381928,16376624,0.1414890424021337,0.44312874344582676,0.7876597765204844,115.40695502469316
1134,field_size_scaled,True,independent,none,600.0,30.0,0.2,0.5,2.0,20.0,5.0,1,27719,2811844,0.15381895192387654,0.4766264532179727,0.767487933222911,7137,16381928,16376624,0.14131976704840854,0.44399623146639716,0.7880252364589918,190.341801521834
1135,field_size_scaled,True,ignore,none,600.0,20.0,0.1,0.5,2.0,20.0,5.0,0,27719,2811844,0.15455279751676138,0.47671812601527047,0.7668020621666695,7137,16381928,16376624,0.14128339110902663,0.4409203563234918,0.787786786824928,206.42158535309136
1136,field_size_scaled,False,independent,none,600.0,10.0,0.5,0.5,2.0,20.0,5.0,0,27719,2811844,0.14971749760061867,0.47675017655376656,0.7761943690270876,27719,2811844,2811024,0.14971749760061867,0.47675017655376656,0.7761943690270876,53.738151332363486
1137,field_size_scaled,True,independent,none,400.0,10.0,0.0,0.5,2.0,20.0,5.0,0,27719,2811844,0.15608460465540902,0.47682237923432014,0.7615335194576781,7137,16381928,16376624,0.14260922239831353,0.43900989165126225,0.7820172216202802,177.18803567811847
1138,field_size_scaled,True,independent,none,400.0,20.0,0.0,0.5,2.0,20.0,5.0,0,27719,2811844,0.15608460465540902,0.47682237923432014,0.7615335194576781,7137,16381928,16376624,0.14260922239831353,0.43900989165126225,0.7820172216202802,193.58495062962174
1139,field_size_scaled,True,independent,none,400.0,30.0,0.0,0.5,2.0,20.0,5.0,0,27719,2811844,0.15608460465540902,0.47682237923432014,0.7615335194576781,7137,16381928,16376624,0.14260922239831353,0.43900989165126225,0.7820172216202802,192.0058400342241
1140,field_size_scaled,True,modifiers,inverse_sqrt,500.0,20.0,0.5,0.5,2.0,20.0,5.0,2,27719,2811844,0.15314134374989016,0.4768320829735554,0.7710193865296063,7137,16381928,16376624,0.14094435065112124,0.4455204472133019,0.7907289683148371,197.29044758901
1141,field_size_scaled,True,ignore,none,400.0,20.0,0.5,0.5,2.0,20.0,5.0,0,27719,2811844,0.1545426478401978,0.47683552557679443,0.7671432189835448,7137,16381928,16376624,0.14117833119396403,0.44092478859727946,0.7881796638916544,213.45726743992418
1142,field_size_scaled,True,independent,none,400.0,10.0,0.5,0.5,2.0,20.0,5.0,2,27719,2811844,0.15417029053047301,0.47687070790527697,0.7664057653011856,7137,16381928,16376624,0.14126128514391362,0.4424300306952903,0.7874017257769367,118.91821875376627
1143,field_size_scaled,True,ignore,none,500.0,10.0,0.2,0.5,2.0,20.0,5.0,1,27719,2811844,0.1535615877678667,0.47692179643694427,0.7696814399307867,7137,16381928,16376624,0.14108962767265748,0.44438661565521054,0.7896860793775322,210.93004350923002
1144,field_size_scaled,True,independent,none,500.0,20.0,0.2,0.5,2.0,20.0,5.0,0,27719,2811844,0.1547854326326131,0.47707653698316704,0.7652688130731008,7137,16381928,16376624,0.1415897343593852,0.44192095382470076,0.7866164601446549,216.37489383574575
1145,field_size_scaled,True,independent,none,600.0,30.0,0.2,0.5,2.0,20.0,5.0,2,27719,2811844,0.15402207800044504,0.47711000611393806,0.767188398249179,7137,16381928,16376624,0.14142333183580774,0.44422973161973617,0.7878932190175459,214.80251627694815
1146,field_size_scaled,True,independent,inverse_sqrt,500.0,30.0,0.5,0.5,2.0,20.0,5.0,1,27719,2811844,0.15373053648092772,0.47713587759207804,0.7685597846194128,7137,16381928,16376624,0.14118356110910538,0.44453271326996946,0.7889500302382225,217.34898288268596
1147,field_size_scaled,True,ignore,inverse_sqrt,500.0,20.0,0.5,0.5,2.0,20.0,5.0,1,27719,2811844,0.1532132153435103,0.4771473596574203,0.7709788319132103,7137,16381928,16376624,0.14104619108326713,0.4458781900498041,0.7905739913183571,209.37027588486671
1148,field_size_scaled,True,independent,none,400.0,30.0,0.5,0.5,2.0,20.0,5.0,0,27719,2811844,0.1550897347862679,0.4772744439938111,0.7647384013797107,7137,16381928,16376624,0.14142895133813924,0.44043435027903005,0.7864964109818972,219.0682189166546
1149,field_size_scaled,True,modifiers,inverse_sqrt,600.0,20.0,0.2,0.5,2.0,20.0,5.0,0,27719,2811844,0.15383646857534986,0.4772894400914393,0.7696124259344638,7137,16381928,16376624,0.14140698430100246,0.4453984804810431,0.7896419310842088,160.79764804104343
1150,field_size_scaled,True,independent,none,600.0,20.0,0.1,0.5,2.0,20.0,5.0,0,27719,2811844,0.15495592011945064,0.4773528124648695,0.7646548019511751,7137,16381928,16376624,0.1416183096911448,0.4414951034490297,0.7862101492957279,214.90827713999897
1151,field_size_scaled,True,ignore,none,500.0,10.0,0.2,0.5,2.0,20.0,5.0,2,27719,2811844,0.153748363322334,0.4773807265446831,0.769374434369824,7137,16381928,16376624,0.14118363047383203,0.44460720098850304,0.7895436202235577,221.20477661397308
1152,field_size_scaled,True,modifiers,none,600.0,10.0,0.1,0.5,2.0,20.0,5.0,0,27719,2811844,0.15442347937988835,0.47741567810850355,0.7674278127828151,7137,16381928,16376624,0.1413510849211795,0.4425546862495666,0.7883332364472677,216.36114504700527
1153,field_size_scaled,True,independent,inverse_sqrt,500.0,10.0,0.2,0.5,2.0,20.0,5.0,0,27719,2811844,0.15442685142821946,0.4774642666743795,0.7668063310736586,7137,16381928,16376624,0.14158948416563608,0.4439936996748037,0.7877185798489359,218.18542178114876
1154,field_size_scaled,True,ignore,inverse_sqrt,500.0,20.0,0.5,0.5,2.0,20.0,5.0,2,27719,2811844,0.153422329157713,0.4776381035064646,0.770605302551668,7137,16381928,16376624,0.14115026331982375,0.44611792198699335,0.7904394703084103,209.58989500487223
1155,field_size_scaled,True,independent,inverse_sqrt,500.0,30.0,0.5,0.5,2.0,20.0,5.0,2,27719,2811844,0.15395644716888568,0.47765697684633157,0.7680990984068439,7137,16381928,16376624,0.14130421333024373,0.4448083787357059,0.7887744751299169,221.86594299506396
1156,field_size_scaled,True,independent,none,500.0,10.0,0.2,0.5,2.0,20.0,5.0,1,27719,2811844,0.15406251046495537,0.4779218088493305,0.7674178519998406,7137,16381928,16376624,0.1414997384148897,0.44523855437358845,0.7880167487511468,214.4413364068605
1157,field_size_scaled,True,modifiers,none,400.0,10.0,0.5,0.5,2.0,20.0,5.0,0,27719,2811844,0.1546077898701019,0.4781262609602752,0.7671261433555886,7137,16381928,16376624,0.14142275770986337,0.44284750383776067,0.788145346684396,213.51497668633237
1158,field_size_scaled,True,ignore,inverse_sqrt,600.0,20.0,0.2,0.5,2.0,20.0,5.0,0,27719,2811844,0.15420699587090525,0.4783526630913809,0.7690781010763338,7137,16381928,16376624,0.14168245497975746,0.44620591197430437,0.7892259723371557,210.46460919408128
1159,field_size_scaled,True,modifiers,none,600.0,20.0,0.2,0.5,2.0,20.0,5.0,1,27719,2811844,0.1536159854393216,0.4783682470400256,0.7701485295038392,7137,16381928,16376624,0.14143805672518844,0.4471943770805552,0.789861329172606,212.19871442578733
1160,field_size_scaled,True,independent,none,500.0,10.0,0.2,0.5,2.0,20.0,5.0,2,27719,2811844,0.1542663186289947,0.47841001727617655,0.7671183170261087,7137,16381928,16376624,0.14160358340056148,0.4454743080477563,0.7878742895971722,218.52180348802358
1161,field_size_scaled,True,modifiers,none,600.0,30.0,0.2,0.5,2.0,20.0,5.0,0,27719,2811844,0.15448822020901853,0.4784136498894233,0.7679831264336413,7137,16381928,16376624,0.14161889082168766,0.4447222062476008,0.788567778071964,144.37041467661038
1162,field_size_scaled,True,independent,none,400.0,20.0,0.5,0.5,2.0,20.0,5.0,0,27719,2811844,0.15521420140077952,0.47843069483830447,0.7647117207110291,7137,16381928,16376624,0.14171537198863549,0.4422484372710571,0.7863670192342451,190.1281692860648
1163,field_size_scaled,True,modifiers,inverse_sqrt,500.0,10.0,0.5,0.5,2.0,20.0,5.0,1,27719,2811844,0.15331632880931897,0.4787962381910816,0.7712129103131101,7137,16381928,16376624,0.14128816559334634,0.44810648290515687,0.7906441522990331,214.75513240974396
1164,field_size_scaled,True,modifiers,none,600.0,20.0,0.2,0.5,2.0,20.0,5.0,2,27719,2811844,0.15381444063371139,0.47885327014024437,0.7698290729641583,7137,16381928,16376624,0.1415317930901015,0.4474120164050166,0.7897531872258898,113.88629502383992
1165,field_size_scaled,True,modifiers,inverse_sqrt,500.0,30.0,0.5,0.5,2.0,20.0,5.0,0,27719,2811844,0.15445456379294836,0.4788791891846916,0.7688408209961921,7137,16381928,16376624,0.14155594693636683,0.44536209064475235,0.7893216575040131,217.16491937404498
1166,field_size_scaled,True,independent,inverse_sqrt,500.0,20.0,0.5,0.5,2.0,20.0,5.0,1,27719,2811844,0.153960051810875,0.4789627959276988,0.7683915185355942,7137,16381928,16376624,0.14158978452158094,0.44718153143196815,0.788748889881089,214.45647244527936
1167,field_size_scaled,True,modifiers,none,500.0,30.0,0.5,0.5,2.0,20.0,5.0,1,27719,2811844,0.15397783083732638,0.47921871815482703,0.7696921121982594,7137,16381928,16376624,0.1414300698242646,0.4466823105274657,0.7897431118892392,204.41110405372456
1168,field_size_scaled,True,modifiers,inverse_sqrt,500.0,10.0,0.5,0.5,2.0,20.0,5.0,2,27719,2811844,0.153512645632466,0.47926453109840855,0.7708778011144694,7137,16381928,16376624,0.14137802843714542,0.44831621096152874,0.7905073719711706,182.29320106003433
1169,field_size_scaled,True,ignore,none,600.0,10.0,0.1,0.5,2.0,20.0,5.0,0,27719,2811844,0.155040606829685,0.47932811147534743,0.7665548213035535,7137,16381928,16376624,0.14179428750881107,0.4439296806009631,0.7876834077646284,105.87411499070004
1170,field_size_scaled,True,independent,inverse_sqrt,500.0,20.0,0.5,0.5,2.0,20.0,5.0,2,27719,2811844,0.15417924768044403,0.4794720135017503,0.7679920199898684,7137,16381928,16376624,0.14170114031465883,0.4474331507627448,0.7885779755339074,204.54454757692292
1171,field_size_scaled,True,ignore,inverse_sqrt,500.0,30.0,0.5,0.5,2.0,20.0,5.0,0,27719,2811844,0.1546964807351293,0.4795317021655641,0.7684085941635503,7137,16381928,16376624,0.14173060638965135,0.4458330524683836,0.7890323426855255,154.5190640259534
1172,field_size_scaled,True,ignore,none,400.0,10.0,0.5,0.5,2.0,20.0,5.0,0,27719,2811844,0.15508592114800643,0.47957496511444186,0.7665171126251501,7137,16381928,16376624,0.1417561915993303,0.44385008000631243,0.7876657606598283,208.15514803584665
1173,field_size_scaled,True,modifiers,none,500.0,30.0,0.5,0.5,2.0,20.0,5.0,2,27719,2811844,0.15418610640822153,0.4797130199104842,0.7693936444512747,7137,16381928,16376624,0.14153153093699622,0.4469105064623632,0.7896291689911181,214.2899704836309
1174,field_size_scaled,True,modifiers,none,500.0,10.0,0.2,0.5,2.0,20.0,5.0,0,27719,2811844,0.1547293713670306,0.4797142883061268,0.7678792496969076,7137,16381928,16376624,0.14179457319872235,0.44595130206523376,0.7885674116960858,214.12761780573055
1175,field_size_scaled,True,independent,none,600.0,10.0,0.1,0.5,2.0,20.0,5.0,0,27719,2811844,0.15542017209581382,0.479835007256355,0.7644160989020371,7137,16381928,16376624,0.1421093184793247,0.444397720603981,0.7861324776095489,185.98688538884744
1176,field_size_scaled,True,ignore,none,600.0,30.0,0.2,0.5,2.0,20.0,5.0,0,27719,2811844,0.15497237396447577,0.4798617568885015,0.7672371349373039,7137,16381928,16376624,0.1419493036368154,0.44570728681583693,0.788055035030419,147.69475630763918
1177,field_size_scaled,True,ignore,none,600.0,20.0,0.2,0.5,2.0,20.0,5.0,1,27719,2811844,0.1541151272012479,0.4798804998249694,0.769439179459158,7137,16381928,16376624,0.14177294194497397,0.4482180114374183,0.7893821095239165,169.73192383907735
1178,field_size_scaled,True,independent,inverse_sqrt,600.0,20.0,0.2,0.5,2.0,20.0,5.0,0,27719,2811844,0.1548779016636027,0.4799224789617815,0.7665985776001912,7137,16381928,16376624,0.14218733054158567,0.44736661450770926,0.7874552166551543,217.77630489692092
1179,field_size_scaled,True,ignore,inverse_sqrt,500.0,10.0,0.5,0.5,2.0,20.0,5.0,1,27719,2811844,0.15373333827623215,0.4800742510775664,0.7706721820944965,7137,16381928,16376624,0.14160105639561835,0.449088564413697,0.7902075543775079,178.9213647339493
1180,field_size_scaled,True,ignore,none,500.0,30.0,0.5,0.5,2.0,20.0,5.0,1,27719,2811844,0.1542948712585202,0.48010641155236394,0.769164190700613,7137,16381928,16376624,0.1416238829413366,0.4472096298197394,0.7894230825596289,171.93934780173004
1181,field_size_scaled,True,ignore,none,600.0,20.0,0.2,0.5,2.0,20.0,5.0,2,27719,2811844,0.15430618277755676,0.48035420929623385,0.7690578237681357,7137,16381928,16376624,0.14186875121076442,0.44844571560410484,0.7892525345883254,201.5399921000935
1182,field_size_scaled,True,modifiers,inverse_sqrt,600.0,10.0,0.2,0.5,2.0,20.0,5.0,1,27719,2811844,0.15347812632504845,0.4804371126701559,0.771471534928197,7137,16381928,16376624,0.14173457673595832,0.4514544953725609,0.7907662775917674,192.60375189315528
1183,field_size_scaled,True,ignore,inverse_sqrt,500.0,10.0,0.5,0.5,2.0,20.0,5.0,2,27719,2811844,0.15392811393445263,0.48054417086830875,0.7703082577736796,7137,16381928,16376624,0.14169779383995074,0.449320322584807,0.7900800555718932,210.94123365916312
1184,field_size_scaled,True,ignore,none,500.0,30.0,0.5,0.5,2.0,20.0,5.0,2,27719,2811844,0.1544975236117057,0.4805939547892962,0.7688525604904121,7137,16381928,16376624,0.1417275873553088,0.4474487426440714,0.7893047431509693,209.12401997018605
1185,field_size_scaled,True,modifiers,inverse_sqrt,500.0,20.0,0.5,0.5,2.0,20.0,5.0,0,27719,2811844,0.15464224842350402,0.4806501821649736,0.7687646921548873,7137,16381928,16376624,0.14190490472079387,0.44787084218406675,0.789223529831301,179.29929629620165
1186,field_size_scaled,True,independent,none,400.0,10.0,0.5,0.5,2.0,20.0,5.0,0,27719,2811844,0.15563010713670622,0.480670045029238,0.7642030092948335,7137,16381928,16376624,0.14220337198921834,0.44479243537470053,0.7859246814239613,211.04322622483596
1187,field_size_scaled,True,independent,none,600.0,20.0,0.2,0.5,2.0,20.0,5.0,1,27719,2811844,0.15460232685544115,0.4808151817680437,0.7672076083306297,7137,16381928,16376624,0.14217323520087588,0.44902280522923527,0.7877292047494038,141.80344977974892
1188,field_size_scaled,True,independent,none,600.0,30.0,0.2,0.5,2.0,20.0,5.0,0,27719,2811844,0.15548831263688725,0.4808983297291145,0.7649820848203359,7137,16381928,16376624,0.14238201372430387,0.4466344927178588,0.7863719042459545,208.23904986912385
1189,field_size_scaled,True,modifiers,inverse_sqrt,600.0,10.0,0.2,0.5,2.0,20.0,5.0,2,27719,2811844,0.15369526570418626,0.48095514973134706,0.7711389159252998,7137,16381928,16376624,0.14183580467058657,0.4516969043966279,0.7906359088417735,224.7102276450023
1190,field_size_scaled,True,ignore,none,500.0,10.0,0.2,0.5,2.0,20.0,5.0,0,27719,2811844,0.15522130480906088,0.4812018010579538,0.7671225859330977,7137,16381928,16376624,0.14213324858457102,0.4469717973158267,0.7880526535872107,208.05952490586787
1191,field_size_scaled,True,independent,none,600.0,20.0,0.2,0.5,2.0,20.0,5.0,2,27719,2811844,0.1548108638120066,0.4813189965031616,0.7668198492791239,7137,16381928,16376624,0.1422794047423399,0.44926660388100836,0.7875762428202541,167.09191675810143
1192,field_size_scaled,True,independent,inverse_sqrt,500.0,10.0,0.5,0.5,2.0,20.0,5.0,1,27719,2811844,0.15436920477134877,0.48144941071430064,0.7681008771180894,7137,16381928,16376624,0.1420623564300432,0.45002122033112646,0.7884248914794649,202.52207574993372
1193,field_size_scaled,True,ignore,inverse_sqrt,500.0,20.0,0.5,0.5,2.0,20.0,5.0,0,27719,2811844,0.15493709795851351,0.481488364238516,0.7683047174268167,7137,16381928,16376624,0.14212413872263766,0.44849850149157827,0.7889099731422056,213.9781599570997
1194,field_size_scaled,True,independent,inverse_sqrt,500.0,30.0,0.5,0.5,2.0,20.0,5.0,0,27719,2811844,0.1554844000334765,0.48153324639809736,0.7658739306387993,7137,16381928,16376624,0.14231126698712496,0.4473150288271196,0.7872099280046975,212.55461062304676
1195,field_size_scaled,True,ignore,inverse_sqrt,600.0,10.0,0.2,0.5,2.0,20.0,5.0,1,27719,2811844,0.15386326601007222,0.48158605970587653,0.7709500167910341,7137,16381928,16376624,0.14201961872988852,0.45232759570284675,0.7903646685666106,202.42684227181599
1196,field_size_scaled,True,independent,none,500.0,30.0,0.5,0.5,2.0,20.0,5.0,1,27719,2811844,0.15494418080441227,0.48167753867188806,0.7667494123138046,7137,16381928,16376624,0.1421384200356626,0.4485026510574174,0.7876720501124042,222.53653488494456
1197,field_size_scaled,True,independent,inverse_sqrt,500.0,10.0,0.5,0.5,2.0,20.0,5.0,2,27719,2811844,0.15457513366199832,0.48193769208314624,0.767791737103632,7137,16381928,16376624,0.14216472260375165,0.45025815374873007,0.7882867677733824,171.64812716795132
1198,field_size_scaled,True,ignore,inverse_sqrt,600.0,10.0,0.2,0.5,2.0,20.0,5.0,2,27719,2811844,0.15407794420871776,0.48210236796152656,0.7705757759449937,7137,16381928,16376624,0.14212654303190253,0.45258969701549456,0.7902087756304352,210.60759454686195
1199,field_size_scaled,True,independent,none,500.0,30.0,0.5,0.5,2.0,20.0,5.0,2,27719,2811844,0.1551616598657366,0.4821922136515863,0.7663965160027093,7137,16381928,16376624,0.1422533740041244,0.44876334023461834,0.7875014410784542,142.38153747981414
1200,field_size_scaled,True,independent,none,500.0,10.0,0.2,0.5,2.0,20.0,5.0,0,27719,2811844,0.15572982845032052,0.4821955707316526,0.7648959951960567,7137,16381928,16376624,0.14255945258918248,0.4478629129594657,0.7863671413595379,217.73353515006602
1201,field_size_scaled,True,modifiers,none,600.0,20.0,0.2,0.5,2.0,20.0,5.0,0,27719,2811844,0.15527500877735984,0.4826358787906534,0.7676042609383626,7137,16381928,16376624,0.14246667073060446,0.44972209848546757,0.7882511682505503,215.25885235983878
1202,field_size_scaled,True,modifiers,none,500.0,20.0,0.5,0.5,2.0,20.0,5.0,1,27719,2811844,0.15458100468876845,0.48265762947686514,0.7692670002105995,7137,16381928,16376624,0.14214638989528422,0.4507603882649113,0.7893228787569404,161.29948216071352
1203,field_size_scaled,True,independent,inverse_sqrt,600.0,10.0,0.2,0.5,2.0,20.0,5.0,1,27719,2811844,0.15451005592123196,0.4830417534583336,0.7685046445708041,7137,16381928,16376624,0.14249395867507406,0.4533545721061328,0.7886229176416336,208.66967064980417
1204,field_size_scaled,True,modifiers,inverse_sqrt,500.0,10.0,0.5,0.5,2.0,20.0,5.0,0,27719,2811844,0.15500368619989258,0.483103309650953,0.7686398266254575,7137,16381928,16376624,0.14231843569053026,0.45059959392473303,0.7890144513301398,196.5394347938709
1205,field_size_scaled,True,modifiers,none,500.0,20.0,0.5,0.5,2.0,20.0,5.0,2,27719,2811844,0.15478219152462033,0.48314942299491465,0.7690154904404943,7137,16381928,16376624,0.14224279607713802,0.45098087014065186,0.7891926321322392,214.34070238657296
1206,field_size_scaled,True,independent,inverse_sqrt,500.0,20.0,0.5,0.5,2.0,20.0,5.0,0,27719,2811844,0.15568565956410055,0.483310032914313,0.7657810819117873,7137,16381928,16376624,0.1426761254358608,0.44982995919589536,0.7870717432359685,208.68517514271662
1207,field_size_scaled,True,modifiers,none,500.0,30.0,0.5,0.5,2.0,20.0,5.0,0,27719,2811844,0.15565098590471366,0.48346231200279266,0.7671951573519116,7137,16381928,16376624,0.14248056701930834,0.4492466825228607,0.7880975346322905,121.34001719066873
1208,field_size_scaled,True,independent,inverse_sqrt,600.0,10.0,0.2,0.5,2.0,20.0,5.0,2,27719,2811844,0.15473598781747927,0.4835780772075885,0.7680460928117299,7137,16381928,16376624,0.1426082327261479,0.4536252833864422,0.7884410120181058,217.99335958017036
1209,field_size_scaled,True,ignore,none,500.0,20.0,0.5,0.5,2.0,20.0,5.0,1,27719,2811844,0.15495009703441318,0.4837533904174976,0.7687927957925653,7137,16381928,16376624,0.1423855196097979,0.451460966041251,0.7889680437189008,187.89356329198927
1210,field_size_scaled,True,ignore,none,600.0,20.0,0.2,0.5,2.0,20.0,5.0,0,27719,2811844,0.15577399268992678,0.4841644179008135,0.7668625383490144,7137,16381928,16376624,0.14281130695379476,0.45077389540868623,0.7877459969771547,212.89645268814638
1211,field_size_scaled,True,ignore,none,500.0,20.0,0.5,0.5,2.0,20.0,5.0,2,27719,2811844,0.15514556163796053,0.48423857027075906,0.7684943280455805,7137,16381928,16376624,0.14248461367837853,0.4516933846033073,0.788839506848298,150.82778666215017
1212,field_size_scaled,True,ignore,none,500.0,30.0,0.5,0.5,2.0,20.0,5.0,0,27719,2811844,0.15597184449763132,0.4843739516631245,0.7666466028038181,7137,16381928,16376624,0.14268804550601816,0.44981430748362367,0.7877619343278566,210.29822157789022
1213,field_size_scaled,True,ignore,inverse_sqrt,500.0,10.0,0.5,0.5,2.0,20.0,5.0,0,27719,2811844,0.15543160154308125,0.48441087728524623,0.7680460928117299,7137,16381928,16376624,0.14264914995364203,0.4516227958584413,0.7885655187540485,105.90728888520971
1214,field_size_scaled,True,modifiers,inverse_sqrt,600.0,10.0,0.2,0.5,2.0,20.0,5.0,0,27719,2811844,0.15519772552615846,0.48479551244332525,0.7688112943895179,7137,16381928,16376624,0.14279541806756404,0.45402952268102703,0.7890993284085902,143.84703499265015
1215,field_size_scaled,True,independent,none,600.0,20.0,0.2,0.5,2.0,20.0,5.0,0,27719,2811844,0.15626857066039124,0.4850905163258817,0.7646288327669917,7137,16381928,16376624,0.14322828073857477,0.45161885788047906,0.7860598130603719,186.6249226499349
1216,field_size_scaled,True,independent,none,500.0,20.0,0.5,0.5,2.0,20.0,5.0,1,27719,2811844,0.15555897440501784,0.48511055739210146,0.7663143395431701,7137,16381928,16376624,0.1428729883687354,0.45259350236615986,0.7871892888302253,166.54059265786782
1217,field_size_scaled,True,independent,none,500.0,20.0,0.5,0.5,2.0,20.0,5.0,2,27719,2811844,0.15577081382250288,0.4856237403179846,0.7660567821548304,7137,16381928,16376624,0.14298289550405946,0.452844939853767,0.7870406012863213,220.30240882979706
1218,field_size_scaled,True,independent,inverse_sqrt,500.0,10.0,0.5,0.5,2.0,20.0,5.0,0,27719,2811844,0.15606573377768562,0.48577568620829387,0.7655299278839313,7137,16381928,16376624,0.1431157369588184,0.4525729719121476,0.7867845656101038,187.1034751329571
1219,field_size_scaled,True,independent,none,500.0,30.0,0.5,0.5,2.0,20.0,5.0,0,27719,2811844,0.1566336997975621,0.4859645825090657,0.7641870008936246,7137,16381928,16376624,0.1432216729367043,0.45115997980416794,0.7859647385199783,186.4308344470337
1220,field_size_scaled,True,ignore,inverse_sqrt,600.0,10.0,0.2,0.5,2.0,20.0,5.0,0,27719,2811844,0.15559163593477027,0.48596809535911506,0.7683036502000694,7137,16381928,16376624,0.14309540483148062,0.45493974074200305,0.7886876440467828,190.64628997119144
1221,field_size_scaled,True,modifiers,inverse_sqrt,600.0,30.0,0.5,0.5,2.0,20.0,5.0,1,27719,2811844,0.15475171080162664,0.4860128292740997,0.7703434762563394,7137,16381928,16376624,0.14271156519997355,0.45644328348573593,0.7900177716725987,126.68740103393793
1222,field_size_scaled,True,modifiers,inverse_sqrt,600.0,30.0,0.5,0.5,2.0,20.0,5.0,2,27719,2811844,0.154984868847735,0.48656986633818394,0.7699190757531775,7137,16381928,16376624,0.14282417817059082,0.4567134368309714,0.7898776328991861,201.65724717313424
1223,field_size_scaled,True,ignore,inverse_sqrt,600.0,30.0,0.5,0.5,2.0,20.0,5.0,1,27719,2811844,0.15499509200759157,0.486680080075631,0.7699407760303718,7137,16381928,16376624,0.14288437792308048,0.4569136746575866,0.7897369445619561,199.93545441515744
1224,field_size_scaled,True,modifiers,none,500.0,20.0,0.5,0.5,2.0,20.0,5.0,0,27719,2811844,0.15623003010445966,0.48688342748529134,0.7668920649556887,7137,16381928,16376624,0.1431647761989581,0.45322553662371445,0.787735555264626,214.46032411139458
1225,field_size_scaled,True,ignore,inverse_sqrt,600.0,30.0,0.5,0.5,2.0,20.0,5.0,2,27719,2811844,0.15522579919976603,0.4872368073419371,0.769507837713232,7137,16381928,16376624,0.143001590739808,0.45720126236176406,0.7895828835051718,193.27200108673424
1226,field_size_scaled,True,modifiers,none,500.0,10.0,0.5,0.5,2.0,20.0,5.0,1,27719,2811844,0.15548085439060105,0.48736795997607074,0.7684683588613971,7137,16381928,16376624,0.14298264359924437,0.45542738639067293,0.7886598605426858,214.19392383517697
1227,field_size_scaled,True,independent,inverse_sqrt,600.0,10.0,0.2,0.5,2.0,20.0,5.0,0,27719,2811844,0.15623642679223512,0.48741263175966354,0.7658390678983886,7137,16381928,16376624,0.14357989131835036,0.45599513746653825,0.7869058970884353,219.72329628979787
1228,field_size_scaled,True,modifiers,none,600.0,10.0,0.2,0.5,2.0,20.0,5.0,1,27719,2811844,0.15530017272123142,0.48752601848643523,0.7691460478459096,7137,16381928,16376624,0.14310517167583056,0.457374632144418,0.7891258906597599,214.94527291180566
1229,field_size_scaled,True,modifiers,none,500.0,10.0,0.5,0.5,2.0,20.0,5.0,2,27719,2811844,0.1556667555568051,0.48784601339856354,0.7682111572153066,7137,16381928,16376624,0.1430709087967798,0.4556411254058582,0.7885412768834407,146.93336015800014
1230,field_size_scaled,True,ignore,none,500.0,20.0,0.5,0.5,2.0,20.0,5.0,0,27719,2811844,0.15660292546648402,0.48800415933973146,0.766302244306701,7137,16381928,16376624,0.14341705972317223,0.45396366342943995,0.7873451817664007,209.3330339100212
1231,field_size_scaled,True,modifiers,none,600.0,10.0,0.2,0.5,2.0,20.0,5.0,2,27719,2811844,0.15550607840922717,0.48804949067295733,0.7688810198703391,7137,16381928,16376624,0.14320276704158025,0.45761517268328644,0.78900217773822,189.86835080385208
1232,field_size_scaled,True,independent,inverse_sqrt,600.0,30.0,0.5,0.5,2.0,20.0,5.0,1,27719,2811844,0.15574116392089818,0.48854560652245504,0.7674196307110861,7137,16381928,16376624,0.14343079662663588,0.45828555113113684,0.7879388328143823,167.42875313432887
1233,field_size_scaled,True,ignore,none,500.0,10.0,0.5,0.5,2.0,20.0,5.0,1,27719,2811844,0.15599914535319329,0.4890509286744542,0.7678184177723135,7137,16381928,16376624,0.1433470400671802,0.4566141226766238,0.7881897392283049,155.53417830215767
1234,field_size_scaled,True,independent,inverse_sqrt,600.0,30.0,0.5,0.5,2.0,20.0,5.0,2,27719,2811844,0.15598202264960673,0.4891222563154736,0.7669528968802828,7137,16381928,16376624,0.1435575102308238,0.4585907067028749,0.7877675520913223,144.80380268068984
1235,field_size_scaled,True,ignore,none,600.0,10.0,0.2,0.5,2.0,20.0,5.0,1,27719,2811844,0.15582525866935032,0.4891912938156315,0.7684566193671772,7137,16381928,16376624,0.14346792507292694,0.4585332619230626,0.7886159564999478,203.28345756605268
1236,field_size_scaled,True,independent,none,500.0,20.0,0.5,0.5,2.0,20.0,5.0,0,27719,2811844,0.15722228479027786,0.4893713698819572,0.763917704011065,7137,16381928,16376624,0.14392116420186682,0.4551410008139498,0.7855656941259688,218.12378719775006
1237,field_size_scaled,True,ignore,none,500.0,10.0,0.5,0.5,2.0,20.0,5.0,2,27719,2811844,0.1561783388866954,0.4895202693130567,0.7676113757833445,7137,16381928,16376624,0.14343832033180323,0.45684034336833473,0.788070850255828,120.84589301794767
1238,field_size_scaled,True,ignore,none,600.0,10.0,0.2,0.5,2.0,20.0,5.0,2,27719,2811844,0.15602289917381704,0.4897013066678464,0.7681492580639653,7137,16381928,16376624,0.1435669936981173,0.45878224172798904,0.7884877860052231,209.6069541820325
1239,field_size_scaled,True,modifiers,inverse_sqrt,600.0,20.0,0.5,0.5,2.0,20.0,5.0,1,27719,2811844,0.1553212198103518,0.48977631655307635,0.7701527984108282,7137,16381928,16376624,0.14340206414051163,0.4609553984516661,0.7896437629635998,193.29714285302907
1240,field_size_scaled,True,independent,none,500.0,10.0,0.5,0.5,2.0,20.0,5.0,1,27719,2811844,0.15648278844579183,0.48984638176465883,0.7655302836261804,7137,16381928,16376624,0.14374160517246476,0.4572923345476094,0.7865184545972357,192.31651476910338
1241,field_size_scaled,True,independent,none,600.0,10.0,0.2,0.5,2.0,20.0,5.0,1,27719,2811844,0.1562835370188666,0.4899505207609372,0.7662346532793743,7137,16381928,16376624,0.143843983900622,0.4592003127914639,0.7869854617166517,203.67160694906488
1242,field_size_scaled,True,modifiers,inverse_sqrt,600.0,20.0,0.5,0.5,2.0,20.0,5.0,2,27719,2811844,0.15554539640008627,0.4903218925585005,0.7697255519696737,7137,16381928,16376624,0.1435054840545635,0.46120670300983296,0.7895185234759008,213.01322890259326
1243,field_size_scaled,True,independent,none,500.0,10.0,0.5,0.5,2.0,20.0,5.0,2,27719,2811844,0.15668056499966776,0.49034543877009185,0.7652182976737303,7137,16381928,16376624,0.14384281172297494,0.45753304037356735,0.7863626227237067,222.09353656414896
1244,field_size_scaled,True,modifiers,inverse_sqrt,600.0,30.0,0.5,0.5,2.0,20.0,5.0,0,27719,2811844,0.15649692034516782,0.4904044839413541,0.767666515831953,7137,16381928,16376624,0.14380146650871495,0.45906413952945996,0.7883316488184622,215.4201578120701
1245,field_size_scaled,True,independent,none,600.0,10.0,0.2,0.5,2.0,20.0,5.0,2,27719,2811844,0.15650087728742476,0.49049448597151224,0.7659059474412172,7137,16381928,16376624,0.14395478313934437,0.4594672500918491,0.786849475203192,117.51217808481306
1246,field_size_scaled,True,ignore,inverse_sqrt,600.0,20.0,0.5,0.5,2.0,20.0,5.0,1,27719,2811844,0.15562325923271061,0.4906748211671412,0.76973480126815,7137,16381928,16376624,0.1436259722718601,0.46162698084682274,0.7893365567897266,215.16598057374358
1247,field_size_scaled,True,ignore,inverse_sqrt,600.0,30.0,0.5,0.5,2.0,20.0,5.0,0,27719,2811844,0.15674977332443238,0.4911007071159055,0.7672648828327329,7137,16381928,16376624,0.14399131096444118,0.4595822771414599,0.788020778885807,162.40677517885342
1248,field_size_scaled,True,ignore,inverse_sqrt,600.0,20.0,0.5,0.5,2.0,20.0,5.0,2,27719,2811844,0.15584510016290842,0.4912205270937664,0.7692719806020867,7137,16381928,16376624,0.14373452421554553,0.4618966388834923,0.789197761394534,177.16454654280096
1249,field_size_scaled,True,modifiers,none,500.0,10.0,0.5,0.5,2.0,20.0,5.0,0,27719,2811844,0.15711031916065266,0.4916405065332986,0.7660656757110577,7137,16381928,16376624,0.14397947847833226,0.457847007463468,0.7871193721001349,203.30323842307553
1250,field_size_scaled,True,modifiers,none,600.0,10.0,0.2,0.5,2.0,20.0,5.0,0,27719,2811844,0.1569614357965248,0.4918385911729643,0.76664197815458,7137,16381928,16376624,0.14412991799198394,0.4598667451638329,0.787513042981264,214.66341862641275
1251,field_size_scaled,True,independent,inverse_sqrt,600.0,20.0,0.5,0.5,2.0,20.0,5.0,1,27719,2811844,0.1563368889133405,0.4923573607158689,0.7671944458674135,7137,16381928,16376624,0.14414871429106363,0.4628396478723448,0.7875191492459007,155.66495432471856
1252,field_size_scaled,True,modifiers,none,600.0,30.0,0.5,0.5,2.0,20.0,5.0,1,27719,2811844,0.1563875999870029,0.49273514216745523,0.7683723084541434,7137,16381928,16376624,0.1440047083330661,0.46231982560721285,0.7885210651474932,215.2628517160192
1253,field_size_scaled,True,independent,inverse_sqrt,600.0,20.0,0.5,0.5,2.0,20.0,5.0,2,27719,2811844,0.1565706070309151,0.4929241664837278,0.7667081462129103,7137,16381928,16376624,0.14426619610803423,0.4631235486628409,0.7873523260960257,217.45388388913125
1254,field_size_scaled,True,independent,inverse_sqrt,600.0,30.0,0.5,0.5,2.0,20.0,5.0,0,27719,2811844,0.15750002097769525,0.4929804749603728,0.7647213257517546,7137,16381928,16376624,0.14455074164800674,0.4609942775512484,0.7862122864883507,216.8595194160007
1255,field_size_scaled,True,modifiers,none,600.0,30.0,0.5,0.5,2.0,20.0,5.0,2,27719,2811844,0.15661152122413446,0.4932942679057471,0.7679788575266522,7137,16381928,16376624,0.14411366278740728,0.46258377865758954,0.7883922229636584,168.95025816885754
1256,field_size_scaled,True,ignore,none,500.0,10.0,0.5,0.5,2.0,20.0,5.0,0,27719,2811844,0.15763039884092628,0.49334670621394294,0.765480123969059,7137,16381928,16376624,0.14435575947417528,0.4590656638847018,0.7866363665673707,207.06477366900072
1257,field_size_scaled,True,ignore,none,600.0,10.0,0.2,0.5,2.0,20.0,5.0,0,27719,2811844,0.1574843201043349,0.4935171272998911,0.7659443676041187,7137,16381928,16376624,0.14450053871333535,0.4610488311317291,0.7870049407008428,109.56613853015006
1258,field_size_scaled,True,ignore,none,600.0,30.0,0.5,0.5,2.0,20.0,5.0,1,27719,2811844,0.15671778106149362,0.4936875875240699,0.767828022813039,7137,16381928,16376624,0.14421675418960458,0.4629081620550933,0.7881797249543007,169.50958051998168
1259,field_size_scaled,True,independent,none,500.0,10.0,0.5,0.5,2.0,20.0,5.0,0,27719,2811844,0.15812100189466388,0.49412968092887366,0.7631144380126246,7137,16381928,16376624,0.14476352106493054,0.45977378664743923,0.7849163539445004,210.88927889801562
1260,field_size_scaled,True,modifiers,inverse_sqrt,600.0,20.0,0.5,0.5,2.0,20.0,5.0,0,27719,2811844,0.15704334119887253,0.49414330379960536,0.7674946923256436,7137,16381928,16376624,0.14445841665446313,0.4634705880212888,0.7880201682593433,153.74305224977434
1261,field_size_scaled,True,modifiers,inverse_sqrt,600.0,10.0,0.5,0.5,2.0,20.0,5.0,1,27719,2811844,0.15605913033583893,0.49423475898766356,0.7695843222967857,7137,16381928,16376624,0.14408986671971594,0.46542903045168,0.789255465595351,156.02852105116472
1262,field_size_scaled,True,ignore,none,600.0,30.0,0.5,0.5,2.0,20.0,5.0,2,27719,2811844,0.1569352395414048,0.49423858090747314,0.7674648099767202,7137,16381928,16376624,0.14432730422045292,0.4631818116168001,0.7880554014062972,181.0578697277233
1263,field_size_scaled,True,independent,none,600.0,10.0,0.2,0.5,2.0,20.0,5.0,0,27719,2811844,0.15795054843129985,0.4942629971354225,0.7637412558555174,7137,16381928,16376624,0.14489473233168004,0.4617558553424561,0.7853611342606388,218.68594609294087
1264,field_size_scaled,True,modifiers,inverse_sqrt,600.0,10.0,0.5,0.5,2.0,20.0,5.0,2,27719,2811844,0.1562659802657623,0.4947567286568738,0.7692705576330903,7137,16381928,16376624,0.14418415170984825,0.4656734839333295,0.7891483006509766,214.83706856612116
1265,field_size_scaled,True,ignore,inverse_sqrt,600.0,20.0,0.5,0.5,2.0,20.0,5.0,0,27719,2811844,0.1573555127213339,0.495071885435801,0.7669842021982025,7137,16381928,16376624,0.14469881475788793,0.4641859450994153,0.7876694854812567,210.9117359770462
1266,field_size_scaled,True,independent,none,600.0,30.0,0.5,0.5,2.0,20.0,5.0,1,27719,2811844,0.15732670560313938,0.49510172939259145,0.7654890175252862,7137,16381928,16376624,0.14470692249121198,0.4641180612125709,0.7864424926651549,113.36788460286334
1267,field_size_scaled,True,independent,none,600.0,30.0,0.5,0.5,2.0,20.0,5.0,2,27719,2811844,0.15756070577509176,0.49568231392954537,0.7650720876093552,7137,16381928,16376624,0.1448303550543089,0.4644161513863967,0.7863060787131707,216.8526127487421
1268,field_size_scaled,True,ignore,inverse_sqrt,600.0,10.0,0.5,0.5,2.0,20.0,5.0,1,27719,2811844,0.15651086793337748,0.49572312718643313,0.7690151346982452,7137,16381928,16376624,0.1444411774174303,0.4666047758703696,0.7887885195385813,139.52070997236297
1269,field_size_scaled,True,ignore,inverse_sqrt,600.0,10.0,0.5,0.5,2.0,20.0,5.0,2,27719,2811844,0.1567153566555344,0.496245674840971,0.7687010142923006,7137,16381928,16376624,0.14454170638702973,0.4668702597344397,0.7886737217634111,214.0525245172903
1270,field_size_scaled,True,independent,inverse_sqrt,600.0,20.0,0.5,0.5,2.0,20.0,5.0,0,27719,2811844,0.15807083260156302,0.49675792387409423,0.7645331381019871,7137,16381928,16376624,0.14523212926265874,0.46543004724313447,0.7858766861839168,218.55262236623093
1271,field_size_scaled,True,independent,inverse_sqrt,600.0,10.0,0.5,0.5,2.0,20.0,5.0,1,27719,2811844,0.1571126249878465,0.4969032035558124,0.7665156896561538,7137,16381928,16376624,0.14487555731187163,0.4673719410736613,0.7870625227763671,232.6060815891251
1272,field_size_scaled,True,modifiers,none,600.0,30.0,0.5,0.5,2.0,20.0,5.0,0,27719,2811844,0.15807164718252406,0.497045927299057,0.7658095412917143,7137,16381928,16376624,0.14505410760614668,0.4648393918292314,0.7869063855896062,107.98847192479298
1273,field_size_scaled,True,independent,inverse_sqrt,600.0,10.0,0.5,0.5,2.0,20.0,5.0,2,27719,2811844,0.15733106671018826,0.49744846016346,0.7661375356453733,7137,16381928,16376624,0.14498384010511664,0.46764581103925623,0.7869204910609171,210.06005634181201
1274,field_size_scaled,True,ignore,none,600.0,30.0,0.5,0.5,2.0,20.0,5.0,0,27719,2811844,0.15840274878234586,0.49801882583935475,0.7652990511642732,7137,16381928,16376624,0.14527716965359255,0.46546278605828656,0.786560587823229,197.44950243923813
1275,field_size_scaled,True,modifiers,none,600.0,20.0,0.5,0.5,2.0,20.0,5.0,1,27719,2811844,0.15738603000742066,0.4985823387858114,0.7677163197468253,7137,16381928,16376624,0.14506135013401195,0.46868927489082707,0.7878688550216455,214.63363797822967
1276,field_size_scaled,True,modifiers,inverse_sqrt,600.0,10.0,0.5,0.5,2.0,20.0,5.0,0,27719,2811844,0.15775663974902523,0.4986259357007801,0.7669948744656752,7137,16381928,16376624,0.14511965517051198,0.4678823388577613,0.7876384045942558,207.98054599994794
1277,field_size_scaled,True,modifiers,none,600.0,20.0,0.5,0.5,2.0,20.0,5.0,2,27719,2811844,0.15760229778924242,0.49914475493262866,0.7674021993408807,7137,16381928,16376624,0.145165901172558,0.4689528203781297,0.7877406234642744,215.51975639769807
1278,field_size_scaled,True,independent,none,600.0,30.0,0.5,0.5,2.0,20.0,5.0,0,27719,2811844,0.15902461820862182,0.4994506556030186,0.7628967237561828,7137,16381928,16376624,0.14578857311859283,0.4667295243197793,0.7847863515703847,216.50542226573452
1279,field_size_scaled,True,ignore,none,600.0,20.0,0.5,0.5,2.0,20.0,5.0,1,27719,2811844,0.15777191733636328,0.4997869367274524,0.7672100985263733,7137,16381928,16376624,0.1453231928191428,0.46948929683506735,0.7875037003963699,202.39164689276367
1280,field_size_scaled,True,ignore,inverse_sqrt,600.0,10.0,0.5,0.5,2.0,20.0,5.0,0,27719,2811844,0.15821770987491962,0.5001427548894928,0.7663687681072805,7137,16381928,16376624,0.14548683631180434,0.4690946796314745,0.7871500255486112,210.4850233863108
1281,field_size_scaled,True,ignore,none,600.0,20.0,0.5,0.5,2.0,20.0,5.0,2,27719,2811844,0.15798150887425216,0.50034127641096,0.7668789024924725,7137,16381928,16376624,0.14542973727176486,0.4697635672996006,0.7873809644771719,209.46421067090705
1282,field_size_scaled,True,independent,none,600.0,20.0,0.5,0.5,2.0,20.0,5.0,1,27719,2811844,0.1583468864975549,0.5009751821878526,0.7647914069748248,7137,16381928,16376624,0.1457899331000278,0.47052472546642526,0.7857463174339229,117.33417727379128
1283,field_size_scaled,True,independent,inverse_sqrt,600.0,10.0,0.5,0.5,2.0,20.0,5.0,0,27719,2811844,0.158817974054887,0.5013045437450341,0.7638863986931452,7137,16381928,16376624,0.14592858891841248,0.46987944106944657,0.7854138923871,213.97350565809757
1284,field_size_scaled,True,independent,none,600.0,20.0,0.5,0.5,2.0,20.0,5.0,2,27719,2811844,0.15857528419954114,0.5015606800323876,0.7644182333555316,7137,16381928,16376624,0.14590919830334537,0.47082136196925123,0.7855932333794804,195.46754536405206
1285,field_size_scaled,True,modifiers,none,600.0,20.0,0.5,0.5,2.0,20.0,5.0,0,27719,2811844,0.1590491895744793,0.5029017537047458,0.7652126057977449,7137,16381928,16376624,0.1460833675593289,0.4711328404810324,0.7862811040908065,128.10755498474464
1286,field_size_scaled,True,ignore,none,600.0,20.0,0.5,0.5,2.0,20.0,5.0,0,27719,2811844,0.15943622582168931,0.5041292278531174,0.7646793481663622,7137,16381928,16376624,0.1463558574728637,0.47196581694534373,0.7859047139385993,193.1698520067148
1287,field_size_scaled,True,independent,none,600.0,20.0,0.5,0.5,2.0,20.0,5.0,0,27719,2811844,0.16002218786370487,0.5053227419474583,0.7622684829442936,7137,16381928,16376624,0.14684154485413048,0.4730493628696006,0.7841115482653812,163.2502530370839
1288,field_size_scaled,True,modifiers,none,600.0,10.0,0.5,0.5,2.0,20.0,5.0,1,27719,2811844,0.158691346561669,0.5059459574724612,0.7666935607806977,7137,16381928,16376624,0.14618339547619008,0.47555380066923597,0.7870795592547035,214.53307557478547
1289,field_size_scaled,True,modifiers,none,600.0,10.0,0.5,0.5,2.0,20.0,5.0,2,27719,2811844,0.15888972820345748,0.5064967857613009,0.7664690874215233,7137,16381928,16376624,0.14627926381405984,0.47581621365798915,0.7869673261106807,215.7589960549958
1290,field_size_scaled,True,ignore,none,600.0,10.0,0.5,0.5,2.0,20.0,5.0,1,27719,2811844,0.15923899321598972,0.5078721691237512,0.7661318437693879,7137,16381928,16376624,0.14658412941255775,0.4769557607275855,0.7866102317547256,184.47767257597297
1291,field_size_scaled,True,ignore,none,600.0,10.0,0.5,0.5,2.0,20.0,5.0,2,27719,2811844,0.15942946829678703,0.5084119124233665,0.7658476057123668,7137,16381928,16376624,0.14668210874396181,0.47722862090385376,0.7864630707769806,209.07619321206585
1292,field_size_scaled,True,independent,none,600.0,10.0,0.5,0.5,2.0,20.0,5.0,1,27719,2811844,0.15969156333162784,0.5084230032600693,0.7636907404561469,7137,16381928,16376624,0.1469530167831229,0.47744769994411695,0.7849063396704962,202.55549838626757
1293,field_size_scaled,True,independent,none,600.0,10.0,0.5,0.5,2.0,20.0,5.0,2,27719,2811844,0.1599040054945768,0.5089974848603643,0.7633944071626567,7137,16381928,16376624,0.1470634500227337,0.4777399088691115,0.7847678495885355,194.97373336926103
1294,field_size_scaled,True,modifiers,none,600.0,10.0,0.5,0.5,2.0,20.0,5.0,0,27719,2811844,0.16033496034633932,0.5103545128476978,0.7642876759501164,7137,16381928,16376624,0.14718622987303853,0.4779777764796356,0.7855393150627382,216.07802884373814
1295,field_size_scaled,True,ignore,none,600.0,10.0,0.5,0.5,2.0,20.0,5.0,0,27719,2811844,0.16088187564889975,0.5123036571919953,0.7637341410105357,7137,16381928,16376624,0.14759654115505008,0.4794078431685097,0.7850219923227156,117.82203028118238
1296,field_size_scaled,True,independent,none,600.0,10.0,0.5,0.5,2.0,20.0,5.0,0,27719,2811844,0.16134222328370063,0.5128314412122086,0.761363118920365,7137,16381928,16376624,0.14798110844675075,0.47992994141193657,0.7833289693895397,217.237599120941
