rank,k_mode,group_pruebas,context_mode,team_update_mode,inactivity_mode,inactivity_grace_days,evidence_half_life_days,uncertainty_k_max_multiplier,primary_switch_delta,k_factor,field_size_reference,field_size_alpha,field_size_min_multiplier,field_size_max_multiplier,primary_lambda,modifier_lambda,length_transfer_index,pruebas_evaluated,pairwise_comparisons,pairwise_decisive,brier_score,log_loss,decisive_accuracy,grouped_units_evaluated,grouped_pairwise_comparisons,grouped_pairwise_decisive,grouped_brier_score,grouped_log_loss,grouped_decisive_accuracy,final_rating_mean,final_rating_median,final_rating_std,final_rating_p05,final_rating_p95,max_p95_p05_spread,spread_change,max_abs_cohort_median_drift,net_delta,mean_absolute_update,p95_absolute_update,max_absolute_update,elapsed_seconds
1,field_size_scaled,False,ignore,inverse_sqrt,none,180.0,365.0,4.0,20,100.0,5.0,0.25,0.5,1.5,15.0,5.0,1,28430,2843700,2842872,0.14118128033426566,0.43631313947812056,0.7852277555936391,7438,16470298,16465002,0.18277024873082506,0.5572750221052711,0.7229722170698795,1609.4138345589122,1558.5376152494919,352.5928430978633,1104.4000772413158,2254.6706737602217,1150.270596518906,485.3716199934927,44.06876828679424,-343800.3709492548,43.16418263570997,139.45208591990396,524.0707046554567,77.35105289900093
2,field_size_scaled,False,independent,inverse_sqrt,evidence_decay,365.0,365.0,2.0,20,200.0,5.0,0.5,0.8,1.75,10.0,5.0,1,28430,2843700,2842872,0.14145476184727315,0.4378321945796631,0.7831780678131129,7438,16470298,16465002,0.18408615043868962,0.5677320462076074,0.7229584302510258,1619.1599527316998,1560.8083390576255,374.3368533555366,1085.9970530612118,2307.0750473139524,1221.0779942527406,468.4717035079914,44.67597180524808,-294628.5384042028,56.74185639722401,177.6365611396708,616.647802581588,109.37614218999806
3,field_size_scaled,False,modifiers,inverse_sqrt,evidence_decay,180.0,365.0,4.0,10,150.0,10.0,1.0,0.8,1.5,15.0,10.0,5,28430,2843700,2842872,0.14072310615462152,0.4378633719535219,0.7874797036236595,7438,16470298,16465002,0.18489465149363937,0.5749294010120769,0.7252740084696011,1626.7292390513035,1567.7592614787704,391.4023373622966,1069.9261117940891,2347.993838215687,1278.0677264215979,411.81124675305455,44.78704112199648,-424726.46195673826,63.26947814521849,210.2105799623189,808.1680669865387,129.59363149599812
4,field_size_scaled,False,independent,inverse_sqrt,evidence_decay,180.0,730.0,3.0,10,150.0,5.0,0.25,0.7,2.0,10.0,10.0,6,28430,2843700,2842872,0.1418027359279806,0.43863370370673904,0.7828298284270273,7438,16470298,16465002,0.18452479225827695,0.5654394933580078,0.7210277289975427,1602.623698234787,1549.7311690685965,349.27631147290253,1104.2948776846715,2250.5333907708036,1146.2385130861321,406.88589769245937,42.4483354869875,-445562.4479811806,53.58421619474011,173.10307773663354,673.5443404781253,147.45322413499525
5,field_size_scaled,False,independent,inverse_sqrt,none,365.0,180.0,3.0,10,200.0,30.0,0.25,0.5,1.75,15.0,10.0,5,28430,2843700,2842872,0.1423466415860468,0.4397095515380654,0.781858275715544,7438,16470298,16465002,0.1841859258685601,0.5612835942620529,0.7195659010548556,1602.2928262503785,1548.1666164084231,331.8295872914643,1135.3509124682837,2224.5784274024004,1089.2275149341167,431.13150437871036,42.280212300439075,-318119.56400884374,49.207426167047274,153.9746248966336,584.2097094238122,74.66703732100723
6,field_size_scaled,False,independent,none,none,180.0,180.0,4.0,20,150.0,30.0,0.25,0.8,1.5,15.0,10.0,1,28430,2843700,2842872,0.1423175471384201,0.4397925977800695,0.7814840063147409,7438,16470298,16465002,0.1852047035930975,0.5693691516256805,0.720516098327835,1615.8608161844681,1580.6838976087024,390.9059022951604,1046.5722724691284,2313.3034220562226,1266.7311495870943,545.2865816445933,46.22832326216371,-411611.1845916343,58.121136167739664,183.17282823761107,592.2686841306911,74.90780005999841
7,field_size_scaled,False,modifiers,none,evidence_decay,365.0,730.0,2.0,999999999,150.0,10.0,0.25,0.5,2.0,15.0,5.0,1,28430,2843700,2842872,0.14296892085767623,0.4410336773153718,0.7824678705196717,7438,16470298,16465002,0.18225543644356326,0.5516727305786499,0.7205775012963861,1595.9926733975747,1548.1975813040906,331.5507581492217,1135.1448474987428,2208.5461427887467,1073.4012952900039,535.907267661169,34.97607431773463,-231015.29388869402,41.17439850784594,113.6369230708204,416.91318008548336,118.5565774669958
8,field_size_scaled,False,modifiers,inverse_sqrt,none,365.0,365.0,4.0,10,100.0,5.0,1.0,0.8,1.75,10.0,10.0,4,28430,2843700,2842872,0.1431361810220745,0.4420878098413594,0.7827626428484997,7438,16470298,16465002,0.18548757231645613,0.5678293053038159,0.7202714582117876,1590.4821735677706,1537.1085301065964,347.83336866864454,1095.6361864626967,2236.752441436411,1141.1162549737144,410.2363359375702,35.74953867015938,-573084.8497624606,54.164511878080454,173.3285044725735,671.7794461015992,90.85640035600227
9,field_size_scaled,False,modifiers,none,evidence_decay,365.0,730.0,1.5,20,300.0,75.0,0.25,0.7,1.5,20.0,5.0,1,28430,2843700,2842872,0.14330348087005676,0.44211553957497907,0.7817319949684685,7438,16470298,16465002,0.18456475990610438,0.5622162118393896,0.718651537363919,1619.2766908755527,1566.8866414555118,368.6892677278482,1106.4325059182534,2299.6678589597623,1193.235353041509,663.4357169607897,37.80263558310048,-127930.86704070018,48.32795184268594,132.49466472019228,381.8523273548217,143.88453399500577
10,field_size_scaled,False,ignore,inverse_sqrt,evidence_decay,365.0,730.0,3.0,10,150.0,50.0,0.0,0.8,1.5,20.0,5.0,5,28430,2843700,2842872,0.14363055295550403,0.44292515365053914,0.781506518759902,7438,16470298,16465002,0.18582523589519587,0.5648216230788774,0.7169678448869912,1605.0186266850017,1552.2595453826073,342.14238619511235,1120.489648747287,2237.072595243407,1116.5829464961198,535.9347353012997,45.93732662448065,-269234.1859393064,46.17991932965271,140.27939851978974,434.2846848376993,96.371537523999
11,field_size_scaled,False,modifiers,inverse_sqrt,evidence_decay,180.0,365.0,2.0,999999999,200.0,30.0,0.0,0.7,1.25,15.0,10.0,6,28430,2843700,2842872,0.14370500659471633,0.442998634900755,0.7812933540447828,7438,16470298,16465002,0.18555637930322985,0.5624470411417662,0.7163253305405004,1597.291721100074,1543.6799200844482,324.8301712793321,1141.6247466345542,2206.5586684114137,1064.9339217768595,519.6269363903068,38.832644498609625,-223553.94173443454,43.67118007491053,129.7551967604782,387.0708796811695,110.50881698798912
12,field_size_scaled,False,ignore,none,evidence_decay,180.0,730.0,2.0,10,150.0,5.0,0.25,0.667,1.5,20.0,10.0,5,28430,2843700,2842872,0.14361429082900043,0.44301601977116534,0.7815135538990148,7438,16470298,16465002,0.18362160870505972,0.5583904279531078,0.7198786249767841,1608.7407829841663,1555.0809043469737,357.42134990630035,1113.4377227292098,2269.7628775742596,1156.3251548450498,587.5953287715545,42.66269223992526,-219331.40389617436,49.64317195234773,134.77570577678728,376.47902655397934,105.00137416399957
13,field_size_scaled,False,modifiers,none,none,180.0,180.0,3.0,10,200.0,30.0,0.1,0.667,2.0,15.0,10.0,4,28430,2843700,2842872,0.14389871181743064,0.4445421661662446,0.78134928340073,7438,16470298,16465002,0.186640644997847,0.574676701583923,0.7195188922540064,1605.1752939487676,1560.110141302145,390.7346462650145,1045.2007170570246,2309.8985619706223,1264.6978449135977,558.4589174882358,44.75544715771457,-443128.8464000652,66.35387173896211,196.64889585482476,537.6108538970702,74.38293344099657
14,field_size_scaled,False,ignore,inverse_sqrt,none,365.0,365.0,4.0,999999999,200.0,20.0,0.5,0.8,2.0,10.0,10.0,1,28430,2843700,2842872,0.14183473707650482,0.4447455438579966,0.7870934744863645,7438,16470298,16465002,0.1863669042077228,0.586967005082184,0.7262836651948175,1626.9315121495024,1576.3970076907535,416.29558459979677,1025.5867364728808,2382.093765282907,1356.5070288100262,390.73522978491224,48.07363475462466,-537570.0591583094,63.19764377943799,219.77601343856378,1337.8846802893802,70.10744255800091
15,field_size_scaled,False,ignore,none,evidence_decay,365.0,180.0,2.0,999999999,300.0,30.0,0.25,0.5,1.5,10.0,5.0,4,28430,2843700,2842872,0.1440438206068843,0.4448835613487606,0.7813422482616171,7438,16470298,16465002,0.18486738642498168,0.5665801486466534,0.7208919257950895,1599.8704420639883,1547.9337919968998,375.8283809914009,1075.4437087029455,2289.892815974492,1214.4491072715464,536.8765559303126,44.128743148085505,-385865.7411964283,61.446118815239785,172.6180639571126,592.0884975005009,93.56241049499658
16,field_size_scaled,False,ignore,none,none,180.0,730.0,4.0,5,100.0,30.0,0.75,0.5,2.0,20.0,5.0,1,28430,2843700,2842872,0.14439544280717878,0.44507159121498463,0.7807076787136389,7438,16470298,16465002,0.18206889605328072,0.5484203282722608,0.7196286401908727,1593.8881039244686,1544.0126774033668,312.4192424859424,1160.506842888056,2173.393653081741,1012.8868101936848,472.9838979167082,36.10606702969562,-281263.31937597785,33.11257111494564,100.0,597.3030278578988,70.95613076000882
17,field_size_scaled,False,modifiers,inverse_sqrt,none,365.0,730.0,3.0,10,200.0,100.0,0.25,0.5,2.0,20.0,5.0,4,28430,2843700,2842872,0.14449745890310808,0.4453132922744525,0.7809802903542614,7438,16470298,16465002,0.18419988344535151,0.5553305394956949,0.7169857616780125,1588.7982825387091,1531.5294770907685,302.8448539683343,1170.816252767841,2166.0376483739046,995.2213956060637,461.36411081683286,35.873596106527884,-260889.99809608937,39.91961733259656,121.13567383971221,425.7733325916958,78.90298159599479
18,field_size_scaled,False,ignore,none,evidence_decay,180.0,365.0,1.5,20,300.0,50.0,0.25,0.8,2.0,10.0,5.0,6,28430,2843700,2842872,0.14448874111102486,0.4453406700285113,0.7798951201461057,7438,16470298,16465002,0.18518055975731068,0.563889720140398,0.7177936571158631,1603.833990737067,1553.6946973477397,367.07225094726743,1092.5174025268152,2278.548230170388,1186.0308276435726,626.8401897282877,41.738731814929224,-210481.22081376394,53.46475355832179,146.59445184412715,385.79661433542475,107.19268124300288
19,field_size_scaled,False,modifiers,inverse_sqrt,evidence_decay,180.0,180.0,4.0,20,300.0,100.0,0.25,0.8,2.0,10.0,5.0,5,28430,2843700,2842872,0.14253068613871955,0.44646243111826517,0.786086746079317,7438,16470298,16465002,0.19070316745657306,0.6078693836627739,0.722198029493103,1630.9359042369626,1578.796053770527,447.5193841687731,973.1953381414236,2431.272324214312,1458.0769860728883,473.4982350567843,49.0405765956325,-681159.9253400607,83.89782995288695,283.2058370984332,956.343150002815,141.0425966049952
20,field_size_scaled,False,modifiers,none,evidence_decay,180.0,180.0,3.0,999999999,200.0,30.0,0.75,0.5,2.0,15.0,5.0,4,28430,2843700,2842872,0.1443299696768623,0.44676417545533303,0.7816831007516343,7438,16470298,16465002,0.18480296322188267,0.5650164192292578,0.7205269091373326,1593.2200086844746,1537.9263435026446,343.0057287763737,1122.996693773341,2232.41495755089,1109.418263777549,426.6347173936035,39.65994714010981,-385121.56698077486,53.23209181387854,158.27320860864063,987.1077661675823,103.3311583379982
21,field_size_scaled,False,independent,none,evidence_decay,365.0,180.0,4.0,5,100.0,5.0,1.0,0.5,1.25,10.0,10.0,5,28430,2843700,2842872,0.14523407023117038,0.44686307554762145,0.7766009162565181,7438,16470298,16465002,0.18512406882488422,0.5609515060115516,0.7162372649575142,1580.0872433937664,1542.0441236886395,334.4081049087878,1099.7101390987027,2186.897912262181,1087.1877731634781,458.20075255747497,33.87363808310272,-587150.236404445,49.55731411826913,148.09758899693819,483.1021843571238,104.49049038399244
22,field_size_scaled,False,independent,inverse_sqrt,none,180.0,365.0,2.0,20,200.0,20.0,0.1,0.8,1.5,10.0,5.0,6,28430,2843700,2842872,0.14521494099402538,0.4469309925828507,0.7770701600353446,7438,16470298,16465002,0.18510168412104208,0.5580385074691008,0.714417465603709,1586.185276327888,1536.445880546184,301.6016436164739,1159.5090938394383,2153.2316631703347,993.7225693308965,462.7732483319146,34.90116627500754,-274106.7539508998,40.82834190130363,121.78475973017791,352.53246069793335,76.39889517800475
23,field_size_scaled,False,ignore,none,evidence_decay,180.0,365.0,1.0,10,300.0,5.0,0.75,0.667,1.25,20.0,5.0,5,28430,2843700,2842872,0.14501948993018407,0.44755017420962423,0.7793280879336107,7438,16470298,16465002,0.1856234030502552,0.5690330219877457,0.7181577627503477,1627.4208176582927,1563.265303069545,388.3905248198573,1101.609860847001,2355.371440648162,1253.7615798011611,708.6532469854212,41.57903218694105,1528.5330332060369,58.66719737531634,152.06531148170964,367.25969478580237,104.11436439400131
24,field_size_scaled,False,modifiers,none,none,180.0,180.0,2.0,10,150.0,20.0,0.25,0.667,1.75,20.0,10.0,5,28430,2843700,2842872,0.14549886469911089,0.4481682356162678,0.7792366311251439,7438,16470298,16465002,0.1832910724210584,0.5511650796004532,0.7166398765089734,1589.3568958621763,1537.9013342048834,305.12150398546055,1170.030018450332,2165.657700454987,995.6276820046553,536.5670594873757,32.541361976535654,-190470.39774979657,37.82252336052197,101.04035125030262,336.81423592915223,75.82623245799914
25,field_size_scaled,False,independent,none,evidence_decay,180.0,365.0,1.5,20,150.0,10.0,1.0,0.7,1.75,15.0,10.0,6,28430,2843700,2842872,0.14568906126107117,0.4484204492962451,0.7766526245289974,7438,16470298,16465002,0.18225425058028052,0.548598952808208,0.7174622268494106,1592.1278345904427,1539.1198075951522,304.20533102774266,1177.3829983725893,2169.45939851187,992.0764001392806,490.16254274638027,34.46723856688527,-132742.069189147,39.32002805672465,106.53308554843956,326.47400904717426,103.37765039400256
26,field_size_scaled,False,modifiers,inverse_sqrt,none,180.0,730.0,3.0,10,150.0,5.0,0.75,0.667,1.25,15.0,10.0,3,28430,2843700,2842872,0.1458909125982275,0.4491216568896239,0.7788046735836155,7438,16470298,16465002,0.18713043349074918,0.5701113130155322,0.7161436725000094,1590.4908770916225,1533.8356596894714,334.66988967371105,1122.736503869063,2222.1435465366435,1099.4070426675805,470.6356910447605,37.587776647022565,-370430.74564332986,54.82135727601467,166.87503437439568,517.2450249495489,92.22214884900313
27,field_size_scaled,False,modifiers,inverse_sqrt,none,365.0,180.0,3.0,999999999,100.0,5.0,0.1,0.5,1.75,15.0,10.0,5,28430,2843700,2842872,0.1458756102538397,0.44921383219615857,0.7789777380057913,7438,16470298,16465002,0.184499075352187,0.5534509496849318,0.7145718536809167,1575.266466924027,1526.207767294476,277.687380103679,1187.7791604825245,2100.1565026395556,912.3773421570311,439.0366142058879,32.24769308515829,-291680.7048222248,33.71994016594592,101.28858837277163,323.30473027670934,75.6485968180059
28,field_size_scaled,False,modifiers,inverse_sqrt,none,180.0,730.0,2.0,5,200.0,75.0,0.75,0.667,1.75,20.0,5.0,1,28430,2843700,2842872,0.14606861336829274,0.4495557489180536,0.7784103540363407,7438,16470298,16465002,0.18496449402184287,0.5552084553014266,0.7137923214342762,1595.3074551187256,1541.8097075181358,298.19127739376023,1176.9982212370387,2153.783045953889,976.7848247168504,543.0358068133014,30.95998543922542,-151891.32187111428,31.052040990768642,91.17486381315047,331.68812937093924,80.9523815040011
29,field_size_scaled,False,ignore,none,evidence_decay,180.0,365.0,4.0,10,75.0,20.0,0.75,0.5,1.5,20.0,10.0,6,28430,2843700,2842872,0.14605091073443952,0.4496123643459307,0.7785549261451096,7438,16470298,16465002,0.18182545484775522,0.5442027127455945,0.7173788378525554,1578.7034893331615,1529.4387351850855,280.52244083092177,1189.7973806039538,2109.376276829993,919.5788962260392,441.7679110215281,29.18654334989128,-283894.25201134634,29.649869856611772,86.33063261581756,369.00250072608503,122.00848944899917
30,field_size_scaled,False,ignore,none,evidence_decay,180.0,365.0,1.5,999999999,150.0,10.0,0.75,0.5,1.75,10.0,5.0,5,28430,2843700,2842872,0.14614924701429285,0.4499547497874948,0.7784863335387594,7438,16470298,16465002,0.18161406317289389,0.5455824083768263,0.7187923208269273,1582.6075784347145,1528.1728170935771,295.27365158383094,1182.416575410392,2146.4876412855965,964.0710658752046,485.44069204412654,32.838684348691004,-168286.9399879761,36.34549556208045,99.80271121985422,314.37066430336387,109.49192238500109
31,field_size_scaled,False,ignore,none,none,365.0,180.0,2.0,999999999,75.0,5.0,1.0,0.8,2.0,20.0,5.0,1,28430,2843700,2842872,0.14628442135099004,0.4500941773493318,0.7775527705784854,7438,16470298,16465002,0.1828275895308062,0.5498933487610896,0.7172475897664634,1595.0233090498648,1542.7923956915115,314.509911478855,1159.2005764816704,2180.418751501489,1021.2181750198188,557.4362683383988,31.218105561434186,-173643.71501756797,33.26807373564002,89.90132981197334,277.13187093285455,71.0835607790068
32,field_size_scaled,False,modifiers,inverse_sqrt,evidence_decay,365.0,730.0,1.0,10,300.0,50.0,0.1,0.667,1.25,20.0,5.0,5,28430,2843700,2842872,0.14639177523623495,0.4507460712720192,0.7782840732892652,7438,16470298,16465002,0.18524148146338745,0.5574408585245456,0.7138713982543093,1599.8922173322007,1535.755346906713,300.6858497573905,1195.662489759943,2180.2980189246628,984.6355291647199,571.6908698874224,33.24850535293649,665.3439285082503,36.65070633143963,101.3600680963664,284.9079368860687,104.18826850199548
33,field_size_scaled,False,independent,none,evidence_decay,180.0,180.0,1.0,999999999,300.0,10.0,0.1,0.7,1.25,15.0,5.0,5,28430,2843700,2842872,0.14649663535687935,0.45085584870965917,0.7751052456811282,7438,16470298,16465002,0.1860245057717243,0.5651247284477225,0.7143030410807116,1609.0094116235457,1553.161435244669,348.51209712336544,1135.239649456359,2259.5382965412246,1124.2986470848655,632.9842882427592,37.687468698620364,1642.251991710451,53.02389284922358,136.69630768351664,336.6616094065567,109.98392711199995
34,field_size_scaled,False,modifiers,none,none,365.0,180.0,3.0,999999999,100.0,30.0,1.0,0.8,1.25,20.0,10.0,6,28430,2843700,2842872,0.14667937811784543,0.4512784451988949,0.7773691534476402,7438,16470298,16465002,0.18466815215302493,0.553435867617065,0.7135813891793029,1576.5290239850594,1531.8578315946327,287.86869429665927,1174.2822425394963,2113.465655189945,939.1834126504489,495.08571455393826,30.15116072280466,-266837.5293808234,34.05585918469677,95.97975602366876,323.41425201719795,84.10682781100331
35,field_size_scaled,False,ignore,inverse_sqrt,evidence_decay,365.0,180.0,1.5,5,300.0,20.0,1.0,0.667,1.75,20.0,5.0,3,28430,2843700,2842872,0.14630338171109458,0.4513870481105636,0.7790058785622427,7438,16470298,16465002,0.18648011703164794,0.5683721036714015,0.7171557586206184,1598.0396850800398,1530.2037118546991,329.42500476379263,1157.906535348901,2240.7307022228806,1082.8241668739797,429.4329579763539,42.96379909935695,-121735.92378156693,52.62962255527475,162.78560706869985,708.2408075951232,118.69161078300385
36,field_size_scaled,False,ignore,none,evidence_decay,180.0,730.0,3.0,999999999,200.0,10.0,1.0,0.5,2.0,15.0,5.0,6,28430,2843700,2842872,0.14327939195013603,0.4515630837068119,0.7858915209689357,7438,16470298,16465002,0.18618937105841704,0.5933684565195422,0.7283304308131878,1648.4482163417074,1587.7336810382462,457.6745131246994,996.9607887209954,2482.7600963909563,1485.7993076699609,402.14413264292034,53.5163620879423,-404612.13158916583,80.03568216235445,258.1604982608171,1096.2146235297455,133.17624855000759
37,field_size_scaled,False,independent,inverse_sqrt,evidence_decay,365.0,365.0,3.0,999999999,200.0,50.0,0.1,0.8,1.5,15.0,5.0,3,28430,2843700,2842872,0.14699998222577793,0.4519640768959058,0.7750785121524993,7438,16470298,16465002,0.18824578435583122,0.5728250281711855,0.7133501107379155,1588.942866773786,1540.1853502886322,327.81091788159847,1121.3625587676402,2197.7894931900246,1076.4269344223844,445.8250777325675,42.831583637759195,-371454.66164152406,57.13346733527282,176.25871596257383,500.5528535772441,148.58732202799
38,field_size_scaled,False,ignore,inverse_sqrt,evidence_decay,180.0,730.0,3.0,5,50.0,5.0,1.0,0.7,2.0,20.0,5.0,1,28430,2843700,2842872,0.14695387327628415,0.45212834788535405,0.7772759378543951,7438,16470298,16465002,0.1828604747871145,0.5473189666880582,0.7157119689387222,1584.541698588811,1528.9742772798013,279.9835315770743,1192.2618263905283,2112.7380424806674,920.4762160901391,483.4481696302835,30.918583963408537,-190592.68046079538,25.81057087796504,78.16624874854541,279.2924280950788,93.06728138300241
39,field_size_scaled,False,independent,inverse_sqrt,evidence_decay,365.0,730.0,3.0,10,150.0,100.0,0.25,0.7,2.0,15.0,5.0,5,28430,2843700,2842872,0.14742935850822364,0.45328692185172764,0.7745709268655079,7438,16470298,16465002,0.18587385948023316,0.5568893936662375,0.711109722306745,1577.6097952414232,1531.6974487811287,276.24130503867497,1187.4226654342351,2093.8676739167972,906.4450084825621,442.4148454732799,31.346851427298475,-288524.5764205735,34.66153927779271,104.56485045974242,310.4591235753528,108.18086067300464
40,field_size_scaled,False,ignore,none,evidence_decay,180.0,365.0,3.0,5,100.0,30.0,0.25,0.7,1.5,20.0,10.0,5,28430,2843700,2842872,0.14746500379323008,0.4536044661945424,0.7766607149389771,7438,16470298,16465002,0.18389257432725972,0.5505354243011109,0.7143185892112252,1579.4158833615268,1534.1124045328313,289.71340906729216,1175.6163092262782,2122.8684664105713,947.2521571842931,520.4539545965035,29.1765732189167,-270127.22159298224,33.07342165127635,91.30075956586587,283.2431963638552,117.73971442399488
41,field_size_scaled,False,modifiers,none,evidence_decay,365.0,180.0,4.0,20,150.0,50.0,0.0,0.667,1.25,20.0,5.0,3,28430,2843700,2842872,0.1471207423968273,0.45399484016535196,0.777073677604901,7438,16470298,16465002,0.18985553606185931,0.5875038326620828,0.716005561371933,1603.7739707522082,1559.3829674801223,404.46388526524726,1020.1473168855196,2329.2789101678964,1309.1315932823768,585.8612102888926,44.98550323284485,-477193.3320589268,76.60768085653726,228.77894783156884,590.5654216696718,100.87768645200413
42,field_size_scaled,False,modifiers,none,none,365.0,365.0,4.0,999999999,100.0,10.0,1.0,0.8,1.75,15.0,5.0,2,28430,2843700,2842872,0.14763620308831468,0.45400923356450057,0.7758601161079359,7438,16470298,16465002,0.18606562728071455,0.5666121273462602,0.7174796577613535,1577.7114452058577,1530.9069308786197,332.55226629519524,1109.33033920376,2197.630352320204,1088.300013116444,395.15781127779246,36.52409754528526,-488412.6316703313,60.01141041548908,180.17526244295735,620.0409305826126,109.71692273099325
43,field_size_scaled,False,independent,none,evidence_decay,180.0,365.0,3.0,20,300.0,10.0,0.1,0.7,1.5,10.0,10.0,6,28430,2843700,2842872,0.1446880587812336,0.4541715567189573,0.7813921977493183,7438,16470298,16465002,0.19129974652459106,0.6150002801930177,0.7217444006383965,1641.7000798099546,1605.2154108372538,499.42553280323847,908.7377988048429,2521.6960211803716,1612.9582223755287,563.1012101992858,50.766608554037816,-631265.726792744,101.6755431302582,324.31861023714254,948.4131473378116,111.34272682000301
44,field_size_scaled,False,ignore,inverse_sqrt,none,180.0,730.0,1.5,20,200.0,100.0,0.1,0.8,2.0,20.0,10.0,6,28430,2843700,2842872,0.14770355601232557,0.45425865729094594,0.7763191589350488,7438,16470298,16465002,0.18547570384683443,0.5555320555128568,0.7120951458129188,1589.0058015081077,1532.9594557354599,286.05177472079123,1195.3868041367534,2132.9516324307724,937.564828294019,532.0607142813201,32.9827523338854,-97601.70713730103,31.21720042226805,87.89600723970716,225.115796134671,70.18174212300801
45,field_size_scaled,False,ignore,none,none,180.0,730.0,1.0,5,300.0,5.0,0.25,0.5,1.75,20.0,5.0,3,28430,2843700,2842872,0.14750797139062038,0.4544362245372289,0.7763694601797055,7438,16470298,16465002,0.1866369773254464,0.5709644069356999,0.7167657191903165,1609.7818148199244,1548.0871563483972,370.4357786193366,1111.6708522212396,2310.167927051223,1198.4970748299836,627.5803486280572,45.58854142353243,1713.3893320973048,64.66100639019169,168.23185310207953,498.8828939943026,77.41725765900628
46,field_size_scaled,False,modifiers,none,none,365.0,180.0,4.0,20,100.0,30.0,0.0,0.7,1.25,10.0,10.0,4,28430,2843700,2842872,0.1480281543123964,0.45451731026416675,0.7749026336746783,7438,16470298,16465002,0.1869754236242236,0.5626885554102132,0.712277411202258,1565.9016654224972,1528.7881963096831,312.15696809610165,1117.0666008349472,2135.5504472002376,1018.4838463652904,470.65012441385215,30.886062801404705,-576105.0288639785,45.01524746525011,135.6673514331279,386.8334827173217,85.78708237399405
47,field_size_scaled,False,independent,inverse_sqrt,evidence_decay,180.0,730.0,4.0,5,200.0,10.0,0.0,0.5,1.75,10.0,10.0,3,28430,2843700,2842872,0.14725984546690749,0.45513472152755774,0.7756149415098534,7438,16470298,16465002,0.19203265447142423,0.5970155555669195,0.7139261811204153,1598.3151035250853,1555.4429939149782,384.2239353379138,1026.9174683902775,2294.5316600729225,1267.614191682645,435.1744941601539,46.16382757189831,-670698.9546392543,77.00207503996894,253.06345705269666,795.2104470129955,107.09891483899264
48,field_size_scaled,False,independent,inverse_sqrt,none,180.0,730.0,2.0,999999999,300.0,75.0,0.5,0.8,1.5,10.0,10.0,3,28430,2843700,2842872,0.14829884788175396,0.45524087871502605,0.7731304821321536,7438,16470298,16465002,0.1889232718565371,0.5728624917198237,0.7110454040637225,1583.990111369632,1535.455591124032,317.55248009221157,1133.3456368941213,2176.92031912007,1043.5746822259487,462.45926779361866,39.55018337192348,-332430.11170920695,54.79947372073922,165.44454415178222,482.3048813073185,88.31432634800149
49,field_size_scaled,False,modifiers,inverse_sqrt,none,365.0,180.0,1.5,5,200.0,30.0,0.0,0.667,2.0,20.0,10.0,4,28430,2843700,2842872,0.14832740930903787,0.45580945706836223,0.7754629825050161,7438,16470298,16465002,0.18691365064721477,0.561375253901497,0.7111416688561593,1587.513881690183,1531.089161943097,293.7493273608294,1186.0757995421038,2145.8829521773578,959.8071526352539,523.2770580400704,33.56906856484943,-113833.63829808509,37.78193009360847,106.4722524412472,284.43166139721865,108.02545933699002
50,field_size_scaled,False,independent,inverse_sqrt,none,365.0,730.0,4.0,5,150.0,30.0,0.5,0.667,1.5,20.0,10.0,2,28430,2843700,2842872,0.14875433718816777,0.4569361160451532,0.7722725469173427,7438,16470298,16465002,0.18850666642755773,0.5723608247798897,0.711947134898617,1581.731625460778,1529.742288583133,309.8648084207112,1149.2757013827234,2165.131167782332,1015.8554663996085,369.76522858454473,40.156064276605434,-317881.5165068809,54.987303271239576,173.39462085630842,682.0127935399989,97.56544982099149
51,field_size_scaled,False,ignore,inverse_sqrt,evidence_decay,365.0,180.0,4.0,999999999,150.0,75.0,0.0,0.7,1.25,20.0,10.0,2,28430,2843700,2842872,0.14868958631179427,0.45715627493832883,0.7741263060735764,7438,16470298,16465002,0.1907874554279579,0.5852453044276185,0.712287068048944,1592.8511455093346,1539.6452233430446,359.033764510918,1079.0690619485204,2258.362799251863,1179.2937373033428,507.7150555404937,46.98299648993384,-369949.1316981451,65.53339481246385,203.25985330230114,583.1746845499299,103.07873202901101
52,field_size_scaled,False,ignore,none,evidence_decay,180.0,180.0,3.0,999999999,100.0,50.0,0.25,0.8,1.25,15.0,5.0,6,28430,2843700,2842872,0.1488203093210406,0.4571687376774276,0.7743757017551265,7438,16470298,16465002,0.18538463560349405,0.5541214330210061,0.7114951458858007,1572.8549473463345,1530.2070763690333,288.4124411345548,1167.0977113554031,2106.248177308312,939.1504659529087,520.1638471775914,29.481641744323497,-325925.9220306901,32.10606669419067,90.29878789458542,246.8934980374362,132.90715071800514
53,field_size_scaled,False,modifiers,inverse_sqrt,evidence_decay,365.0,730.0,2.0,5,150.0,50.0,1.0,0.8,1.25,10.0,10.0,1,28430,2843700,2842872,0.14877905095545094,0.4572671554841007,0.7751386625919141,7438,16470298,16465002,0.18533953596328182,0.5531426921568113,0.7111649303170446,1569.9214107818577,1521.4127985012824,265.4577299723517,1198.1033167686455,2069.5396950532036,871.436378284558,478.38594757822875,25.851148562548815,-224203.73401958702,27.196499924653878,79.95372356485095,304.9348854179279,101.74910475200159
54,field_size_scaled,False,independent,none,evidence_decay,180.0,730.0,3.0,999999999,200.0,5.0,0.0,0.7,2.0,15.0,5.0,3,28430,2843700,2842872,0.14847630417917446,0.45732453690677066,0.7728585740054423,7438,16470298,16465002,0.19083734736318012,0.5894492673659671,0.7130778969841607,1602.6664626452136,1562.2866183637302,400.733234580793,1024.4847731342236,2320.0050214029125,1295.5202482686889,577.5350760807719,45.30744170262312,-466969.14738958876,78.79348648495434,234.1150160776412,592.7204419091419,116.96012963600515
55,field_size_scaled,False,independent,none,evidence_decay,180.0,180.0,4.0,20,300.0,100.0,1.0,0.7,1.5,15.0,5.0,4,28430,2843700,2842872,0.1467412811962311,0.4581842428236712,0.7773297566686084,7438,16470298,16465002,0.19319532476996498,0.6167012583917703,0.7171122117082038,1634.336116289684,1597.3307742372795,488.6374401281273,917.0499799496945,2492.3801325120057,1575.3301525623112,631.2423335498083,55.165593827591465,-594279.7406661012,101.82054167215999,321.5787946230977,867.7647908520981,120.22752692099311
56,field_size_scaled,False,ignore,inverse_sqrt,none,180.0,730.0,4.0,10,150.0,20.0,0.1,0.7,1.25,15.0,10.0,7,28430,2843700,2842872,0.1494489243710573,0.45842015306991707,0.7732796270813459,7438,16470298,16465002,0.19007167220430374,0.5792825391222829,0.7120304631605875,1580.0937362605162,1527.866594346005,335.5792243295735,1101.7193969028303,2204.762526467973,1103.0431295651429,445.6002403743473,41.316320148139766,-433071.2497119191,61.02861982701011,192.3445078555433,561.9861726603328,72.21812477200001
57,field_size_scaled,False,independent,none,none,365.0,180.0,3.0,10,100.0,30.0,0.75,0.8,1.5,10.0,5.0,6,28430,2843700,2842872,0.14931588568896978,0.4584399695136751,0.7718733027726891,7438,16470298,16465002,0.1854907069078875,0.5534999448321284,0.7099552128812374,1563.0543029456342,1525.6846338757177,266.7525177628999,1187.9939740725,2062.4574141417916,874.4634400692917,433.2988140976249,24.695036228058143,-389707.3256673564,32.552925882769706,94.11389868882377,330.2315476393598,76.13073536400043
58,field_size_scaled,False,ignore,none,evidence_decay,180.0,730.0,3.0,10,300.0,20.0,0.5,0.8,1.5,10.0,10.0,4,28430,2843700,2842872,0.14585853644067562,0.45871918337527345,0.782134404925723,7438,16470298,16465002,0.19102737005591447,0.6116874646401479,0.7225531463646345,1626.01970458451,1581.483202844332,475.49479135874225,937.2145283896654,2473.25802484187,1536.0434964522046,483.7469108897253,54.439620343997376,-681337.5993839814,94.76929632103449,298.3647849126054,1205.6392252874834,110.80949201498879
59,field_size_scaled,False,modifiers,inverse_sqrt,evidence_decay,180.0,180.0,4.0,10,150.0,20.0,0.0,0.5,1.5,10.0,10.0,7,28430,2843700,2842872,0.1496819301657778,0.4589041297211702,0.7727650066552416,7438,16470298,16465002,0.19094852402204096,0.5818751277312808,0.7106778972756882,1576.524658119315,1526.43866337294,336.47030685267833,1095.3872973790646,2202.91184772458,1107.5245503455155,454.6935962463099,38.6326014365045,-570981.0015191981,62.23743025677542,198.10520944739415,588.1101187723677,117.05060200000298
60,field_size_scaled,True,modifiers,none,evidence_decay,365.0,365.0,3.0,20,150.0,5.0,0.25,0.5,1.5,10.0,10.0,1,28430,2843700,2842872,0.14912217298856603,0.45908669813893993,0.7750531856516931,7438,16470298,16465002,0.13747966785677815,0.42703245916370425,0.79318277641266,1562.5524156724384,1517.3612879548507,409.2659938087378,963.2492507439941,2303.881805527779,1340.6325547837846,613.0373466495246,54.126164560588336,-721019.830705926,57.70479510499816,188.98181968962456,591.4732214710324,128.4554851050052
61,field_size_scaled,False,modifiers,none,none,365.0,730.0,2.0,5,200.0,10.0,0.1,0.5,1.75,10.0,5.0,2,28430,2843700,2842872,0.14985046427594298,0.45910911325045817,0.7718915941343825,7438,16470298,16465002,0.18794131847004986,0.5682790442789786,0.7118076876030747,1576.355155826135,1529.8636210137824,327.34892253092073,1119.5506192752086,2184.73143540215,1065.1808161269414,518.5626308834026,36.328438787903906,-367511.2331473209,56.31708472031938,157.28857491851562,394.3158920080079,74.02281239999866
62,field_size_scaled,False,modifiers,none,none,180.0,180.0,2.0,20,300.0,30.0,0.5,0.7,1.5,10.0,10.0,7,28430,2843700,2842872,0.14959126193906028,0.4596008987393981,0.7733520890142082,7438,16470298,16465002,0.1892314037914482,0.5784612593632825,0.7137594638615896,1583.3932977470533,1530.710420319424,351.8204371424704,1096.4995676182325,2240.748777493799,1144.2492098755665,481.86259806686826,43.4420407900227,-377523.25255890505,68.0825004884898,197.30211915070873,673.9089440117573,81.98090446500282
63,field_size_scaled,False,independent,inverse_sqrt,evidence_decay,180.0,180.0,3.0,10,300.0,10.0,0.25,0.667,1.75,20.0,10.0,1,28430,2843700,2842872,0.14408780933747764,0.45969571857555136,0.7846572058115877,7438,16470298,16465002,0.19198796681503838,0.6303788394761749,0.7245937777596383,1691.8763991342173,1623.5859268943314,498.12323810054517,976.8928011424521,2592.0783879445225,1615.1855868020705,477.42597421735877,65.06550557603941,-259371.2587075134,96.15635544553191,322.6367157034472,1298.5535238758207,106.88521047700488
64,field_size_scaled,False,ignore,inverse_sqrt,none,365.0,180.0,1.0,999999999,300.0,10.0,0.25,0.8,2.0,15.0,5.0,2,28430,2843700,2842872,0.15002051777638223,0.45984921774908044,0.7722327983813552,7438,16470298,16465002,0.1871582713293426,0.5638230754098223,0.7112503842999837,1582.9036075640963,1519.571155334017,296.3374586367657,1188.4329095243725,2157.9217114639246,969.4888019395521,496.97454582203363,38.267357701418405,822.5327811699495,46.59518326248783,131.33202983026055,453.02847666552327,70.23644198400143
65,field_size_scaled,False,independent,inverse_sqrt,evidence_decay,365.0,180.0,3.0,5,300.0,20.0,0.75,0.667,2.0,10.0,5.0,1,28430,2843700,2842872,0.1445858434633213,0.45995784253077565,0.783086611004646,7438,16470298,16465002,0.189511581364165,0.6114775683647244,0.7249447646590021,1645.3753406985625,1583.0225603203644,436.64981180229097,1022.4977706185734,2440.629376910143,1418.1316062915696,276.9335207850502,52.927051350135,-476400.86266879056,76.83331612983169,271.1499956947531,1527.0459012684125,110.39390611399722
66,field_size_scaled,True,modifiers,inverse_sqrt,none,180.0,180.0,2.0,5,300.0,100.0,0.75,0.7,1.5,15.0,5.0,1,28430,2843700,2842872,0.14897450660757305,0.4600665027460968,0.7766754887311141,7438,16470298,16465002,0.13712974894757385,0.4278031760825903,0.7949461530584692,1596.0172574479968,1533.110353325993,386.2632772792734,1034.9583414406775,2314.016685939586,1279.0583444989084,520.8869732695716,62.854612806089904,-344565.32580974395,51.69243321114393,178.38513217903147,733.3155570993597,105.98733166100283
67,field_size_scaled,True,ignore,none,evidence_decay,365.0,180.0,3.0,10,200.0,75.0,0.5,0.7,1.5,15.0,5.0,1,28430,2843700,2842872,0.14906245630279452,0.46028813753667597,0.7759716230628745,7438,16470298,16465002,0.1371568508566562,0.42809622170270384,0.7947654060412505,1585.7849412879134,1532.2285805170163,414.43841388750934,977.6604787663018,2340.985577633771,1363.325098867469,577.2958710570429,66.48205808132252,-564219.8161672275,56.54704055798011,190.66246659214454,724.4528130491898,160.90172780399735
68,field_size_scaled,True,independent,inverse_sqrt,evidence_decay,180.0,365.0,2.0,20,300.0,100.0,0.1,0.667,1.25,10.0,5.0,1,28430,2843700,2842872,0.14971720856611723,0.46057963359219395,0.7726151581921381,7438,16470298,16465002,0.13753936301182995,0.4267740442786526,0.7921327309890397,1578.5355478530655,1527.0715662371636,369.47389293636354,1037.5460407065907,2262.4799156156687,1224.933874909078,575.2877060942226,58.63293821923787,-408676.1918582015,51.16511342935352,169.94653227391888,535.6919800847613,192.57327996200183
69,field_size_scaled,False,independent,none,evidence_decay,365.0,180.0,2.0,999999999,75.0,5.0,1.0,0.5,1.75,20.0,5.0,5,28430,2843700,2842872,0.15008332044042272,0.46068333057473143,0.7709355187289474,7438,16470298,16465002,0.18509382267741806,0.5536301665977452,0.7108639889627708,1576.9637532940212,1527.0805636326495,274.6730528246181,1203.1207637189004,2101.7399086933037,898.6191449744033,488.8863728934107,24.346669152752042,-175081.0176695169,32.562332792213674,86.34328679528787,246.91440472091537,107.21729016800236
70,field_size_scaled,True,modifiers,inverse_sqrt,evidence_decay,180.0,180.0,2.0,20,150.0,20.0,0.75,0.8,2.0,10.0,5.0,6,28430,2843700,2842872,0.15009729304513778,0.461443741274898,0.7742568079041195,7438,16470298,16465002,0.13782520837214027,0.42732014899274795,0.792744695688467,1574.5724985915879,1515.1445575592616,349.0989643468984,1075.2897564155423,2231.6511668681774,1156.361410452635,539.286988860691,52.12983979757621,-399162.2254019269,45.86105229679799,153.2223029995096,500.8821496276339,127.2928315379977
71,field_size_scaled,False,independent,none,none,180.0,730.0,1.5,10,300.0,30.0,0.5,0.5,1.5,10.0,5.0,2,28430,2843700,2842872,0.15070337990953925,0.46151209778444235,0.7691570355612212,7438,16470298,16465002,0.18661555142452751,0.5615708180293484,0.710988495476648,1574.0448980684641,1523.721715228682,293.6878529077425,1176.3018773019392,2137.074369536509,960.7724922345699,437.12632801047425,35.42489720952722,-199126.36167345513,49.65875420789097,133.29008584851206,503.10572304596303,73.73114875800093
72,field_size_scaled,True,ignore,none,evidence_decay,180.0,180.0,2.0,10,300.0,50.0,0.25,0.667,1.5,15.0,5.0,6,28430,2843700,2842872,0.14948945286369197,0.46153449818941295,0.7751098185215515,7438,16470298,16465002,0.1375485205364088,0.429674891128256,0.7941804683655671,1602.893551640466,1546.1508988465425,434.82118987677455,980.442440226212,2404.2772642765412,1423.8348240503292,638.3765328337158,65.94740060070808,-405302.92190408,67.90526713993336,216.2879668949638,739.7518206880856,123.48346581900842
73,field_size_scaled,False,modifiers,none,none,365.0,180.0,1.5,10,150.0,5.0,0.0,0.667,1.5,10.0,10.0,1,28430,2843700,2842872,0.1505233407526012,0.4617646816756758,0.7719221969895232,7438,16470298,16465002,0.18678809364742383,0.5588411494233658,0.7095632299346213,1574.9248587186958,1529.9125928543767,290.77703046515205,1169.6778254400756,2117.604939597069,947.9271141569934,551.983146632371,23.053679445896478,-156497.07747777418,33.39632272424086,88.25390904964567,211.41646123152572,86.6991037120024
74,field_size_scaled,False,ignore,inverse_sqrt,evidence_decay,180.0,365.0,4.0,10,50.0,5.0,0.25,0.667,1.5,20.0,10.0,4,28430,2843700,2842872,0.15040870793287775,0.4619525751400644,0.7737414839641039,7438,16470298,16465002,0.18524259303807922,0.551799514416773,0.7106911374805785,1565.3630803958374,1515.9538412655222,250.52242330639473,1217.68212583579,2046.5398196490523,828.8576938132624,430.47372279461024,29.520691219207947,-257485.50409486517,27.025410761976,79.52707287670506,246.30692352101968,139.31088067399105
75,field_size_scaled,False,modifiers,none,none,180.0,365.0,3.0,999999999,100.0,20.0,0.5,0.5,2.0,10.0,5.0,3,28430,2843700,2842872,0.15069172824085486,0.46205233122034844,0.7732915868178377,7438,16470298,16465002,0.18466340261680372,0.5503602633774491,0.7120370225281479,1551.2070962500356,1509.0401997641527,242.313044464689,1224.76408211706,2015.4762829090823,790.7122007920223,343.75757279104914,25.8490411259736,-402754.46097167017,32.32767004621268,91.50383616594365,418.8342118122696,88.07558302699181
76,field_size_scaled,False,ignore,inverse_sqrt,evidence_decay,365.0,365.0,4.0,999999999,75.0,50.0,0.1,0.5,1.75,20.0,5.0,4,28430,2843700,2842872,0.15049183945543415,0.4620589178742485,0.7733155062908214,7438,16470298,16465002,0.1860952572181573,0.5545761405164262,0.7097093580674937,1566.2739132718038,1518.7325369239602,255.87045699152182,1210.0994442551532,2054.228917506396,844.1294732512429,444.9182755606496,30.30454281886341,-269826.3899683357,28.404929283912956,83.59645341483241,237.80645456691056,94.52853571299056
77,field_size_scaled,True,independent,inverse_sqrt,evidence_decay,365.0,180.0,4.0,20,150.0,30.0,1.0,0.7,1.5,20.0,10.0,6,28430,2843700,2842872,0.14958828629489768,0.46231540385777664,0.7737390216654144,7438,16470298,16465002,0.1377211766467178,0.4309313119711886,0.7935615191543858,1598.5375882199016,1543.3876333562855,405.12962799241814,998.2311864965691,2341.2430086502054,1343.0118221536363,496.6729376461458,73.92078774507127,-509684.7832296639,65.90263998006374,233.33733112937742,779.6611232569383,138.87099151899747
78,field_size_scaled,False,modifiers,inverse_sqrt,evidence_decay,365.0,365.0,1.5,20,200.0,100.0,1.0,0.667,1.5,20.0,5.0,1,28430,2843700,2842872,0.1506598423407235,0.4624487576473722,0.772806865732963,7438,16470298,16465002,0.18681589608308483,0.5572517364269726,0.7085932330891912,1583.187399647271,1529.4401208546242,268.0806293500023,1210.3526754335376,2095.0244897821563,884.6718143486187,533.049381769406,24.417313780490986,-88875.23138499563,25.42844638683491,71.15222243289298,194.43631464192833,98.57303947300534
79,field_size_scaled,True,independent,inverse_sqrt,evidence_decay,180.0,180.0,4.0,20,75.0,5.0,0.5,0.667,2.0,10.0,10.0,1,28430,2843700,2842872,0.15051519553940093,0.46262743864299594,0.7715982288333769,7438,16470298,16465002,0.1386024498451489,0.42936850338033555,0.7904985374432387,1558.6052554450778,1515.143353052733,349.6206135476945,1039.1578999912263,2202.195382887037,1163.0374828958106,527.3083988403882,52.044969827565296,-666598.2795875608,44.44727577675567,154.0720061152505,505.9750142656705,230.71892222799943
80,field_size_scaled,True,modifiers,none,evidence_decay,365.0,365.0,2.0,10,200.0,75.0,0.1,0.8,1.5,20.0,5.0,1,28430,2843700,2842872,0.15063197437457196,0.4627009573875317,0.7727984235660276,7438,16470298,16465002,0.13865032065356298,0.428587368820339,0.7902661050390398,1584.268591914927,1530.5223307586543,368.7604707902251,1058.5327589916462,2272.221816628754,1213.6890576371077,670.3768649531903,45.50334069624978,-293836.0736739942,43.34394831731554,130.49870328725643,349.83651713331903,142.619268000999
81,field_size_scaled,False,independent,none,evidence_decay,365.0,180.0,2.0,20,150.0,100.0,0.25,0.8,1.5,10.0,5.0,1,28430,2843700,2842872,0.15104981057634176,0.463049244924959,0.7688351779468087,7438,16470298,16465002,0.18681886091414504,0.5580095296683103,0.7080144903717595,1569.6589618344271,1531.3458179872919,281.0533309465496,1170.7884129411318,2089.26301203761,918.4745990964784,508.17519664597376,22.689032743982693,-260118.93786346872,32.88474110684837,90.48505591466058,224.89824607633759,104.58466992899776
82,field_size_scaled,True,modifiers,inverse_sqrt,none,180.0,365.0,2.0,10,300.0,20.0,0.25,0.5,1.75,10.0,10.0,5,28430,2843700,2842872,0.14952760927346226,0.4630519832034544,0.7762931289203313,7438,16470298,16465002,0.13764853816980827,0.4322058059476586,0.795327871809551,1591.4451955043535,1530.5854490236554,412.78355019390614,988.7284034040637,2353.9177913829267,1365.1893879788631,484.1425375739909,68.30682036571977,-518389.0204414485,69.81113103459283,241.50795188145347,867.5460417460474,103.44928631099174
83,field_size_scaled,True,independent,none,evidence_decay,365.0,180.0,3.0,20,150.0,20.0,0.75,0.8,1.75,20.0,5.0,6,28430,2843700,2842872,0.15027227678616123,0.4631924401052821,0.7716189824937598,7438,16470298,16465002,0.1381216529554277,0.4306243125852396,0.7919400799343966,1597.4860898947115,1549.5851985819254,425.2762387612523,977.559023793454,2373.4858275548136,1395.9268037613597,603.4591867741717,67.0130275500727,-479518.7496212979,69.77027534152197,228.03919018936054,676.2996343950921,139.36401934199966
84,field_size_scaled,True,modifiers,inverse_sqrt,none,180.0,365.0,4.0,20,200.0,20.0,0.0,0.7,2.0,15.0,10.0,4,28430,2843700,2842872,0.15040389183911998,0.4631954784501379,0.7737903781809381,7438,16470298,16465002,0.13822805380680683,0.4304992758031854,0.7930883336667679,1579.5283724090482,1526.784681899523,398.905366790887,996.4824320004743,2314.516980371061,1318.0345483705867,539.8474089144449,68.24141577898524,-693031.8392570537,65.85614995699625,225.53436458123392,775.7216534686488,149.35905247999472
85,field_size_scaled,True,independent,none,none,365.0,180.0,2.0,10,300.0,20.0,0.1,0.7,1.25,15.0,5.0,6,28430,2843700,2842872,0.1505918133429346,0.4634118060332078,0.7707283338820742,7438,16470298,16465002,0.1382525897067007,0.4300701400999367,0.7912211003679198,1596.0700388237437,1548.748840905077,427.51725664412487,976.065034544119,2377.0137472247065,1400.9487126805875,648.6017175355432,61.802293197206836,-410803.22935764276,71.4181258993254,224.8126561365204,593.8656145771123,113.31637950000004
86,field_size_scaled,True,independent,none,evidence_decay,365.0,365.0,3.0,999999999,200.0,100.0,0.1,0.5,2.0,20.0,5.0,5,28430,2843700,2842872,0.1508758756097986,0.46348667676067007,0.7702517032071792,7438,16470298,16465002,0.13844947487838374,0.4292740259843076,0.7904051271903885,1584.799884311948,1537.0045536257335,391.34695955657753,1020.5039500598418,2307.4338143484088,1286.929864288567,615.5657433386805,57.337446056895146,-462387.7683700526,60.26626771794085,190.30176908931614,525.5983800934675,159.38510053500067
87,field_size_scaled,True,independent,inverse_sqrt,none,180.0,180.0,4.0,20,150.0,100.0,0.25,0.667,1.25,20.0,10.0,5,28430,2843700,2842872,0.15076869460038694,0.46367775282928775,0.7717252130943637,7438,16470298,16465002,0.13833708949155443,0.4294889431472603,0.7915109272382718,1577.6870842766036,1527.5878589509207,343.87973100025545,1078.8042239348497,2219.6849045237504,1140.8806805889008,475.9943503705165,58.821702687222796,-458877.8593420352,49.08739466460441,166.59567718016606,584.3684285687971,106.6075026900071
88,field_size_scaled,True,independent,none,none,365.0,730.0,1.5,5,300.0,20.0,0.1,0.8,1.5,20.0,10.0,6,28430,2843700,2842872,0.15107974398682966,0.4637672566673217,0.7694556772165613,7438,16470298,16465002,0.13857051184222077,0.429100701377572,0.789625898618172,1599.401278070919,1545.5382157592687,397.57479936349785,1032.9842511521979,2341.750718913806,1308.766467761608,674.4378241574996,55.90730296483048,-196259.7781468864,60.568942428637854,180.00517377176106,474.5902229984931,108.2238536579971
89,field_size_scaled,False,ignore,none,evidence_decay,180.0,180.0,1.5,999999999,150.0,30.0,1.0,0.8,1.5,15.0,10.0,4,28430,2843700,2842872,0.15120557116889485,0.4638760252641582,0.772435410387805,7438,16470298,16465002,0.18604535499459568,0.555039565749677,0.7097409402075991,1572.6630960741888,1523.6963728179844,271.4165016381918,1204.692347960505,2090.828349190736,886.1360012302309,527.7149631460131,28.396699137907035,-137326.76215869683,32.23192119005418,83.45980108874244,269.73989332381893,94.77931704900402
90,field_size_scaled,False,modifiers,none,none,365.0,730.0,1.0,20,150.0,20.0,0.75,0.667,1.75,15.0,10.0,1,28430,2843700,2842872,0.1511986353877876,0.4641198034969553,0.7728842522632042,7438,16470298,16465002,0.18448393787274484,0.549715062552104,0.7112915625518904,1576.9815268913258,1522.6049412966584,256.4533695256111,1234.914633978024,2072.6645146896917,837.7498807116676,520.5143285544516,21.189148464760365,473.7405863342488,24.808944353850986,62.88996418809535,244.36854977764932,79.39108803700947
91,field_size_scaled,False,modifiers,inverse_sqrt,evidence_decay,180.0,365.0,1.5,999999999,300.0,5.0,0.25,0.7,1.5,15.0,5.0,0,28430,2843700,2842872,0.15154151742763886,0.46468390273183546,0.7534169670671068,7438,16470298,16465002,0.19137260115569904,0.5868848117452952,0.7026405462932832,1582.1699443689781,1520.9188100822264,338.4764364545636,1117.5840877407377,2228.49355060432,1110.9094628635821,446.67023281865045,41.298908052808656,-164872.1291843251,70.83460073862153,212.79186202571458,638.1310118609722,94.99596746500174
92,field_size_scaled,True,ignore,inverse_sqrt,evidence_decay,180.0,730.0,1.5,20,300.0,20.0,0.5,0.7,1.5,20.0,5.0,4,28430,2843700,2842872,0.1512521256105504,0.4648222569464751,0.7719900860819622,7438,16470298,16465002,0.13841814632980318,0.42981155137306454,0.791939958464627,1601.4492989450496,1535.8832813919748,391.82895685513273,1046.0156259839528,2338.949689235149,1292.9340632511962,610.5144783411404,71.00332476047049,-189558.255778755,61.65979754186322,200.81753706001479,568.6635760140538,148.65770437799802
93,field_size_scaled,False,modifiers,none,evidence_decay,180.0,180.0,3.0,20,75.0,20.0,0.5,0.7,1.5,10.0,10.0,5,28430,2843700,2842872,0.15139681001399405,0.4649752291188485,0.7726774191732867,7438,16470298,16465002,0.18462094481617622,0.5487870281022136,0.7103899531867655,1553.0622067051243,1511.8524190510343,236.60206152370603,1228.1640563333815,2002.4587665633578,774.2947102299763,404.37271214180646,20.206741458929855,-339561.8590508148,25.367740786777965,71.28935250524181,266.73059771213985,124.86589810698933
94,field_size_scaled,False,ignore,inverse_sqrt,none,180.0,180.0,3.0,20,200.0,5.0,0.5,0.7,1.75,15.0,10.0,2,28430,2843700,2842872,0.14895293458119438,0.4649877624049507,0.7768569953202255,7438,16470298,16465002,0.1923981026398657,0.6092420883400672,0.7179252088763791,1614.0476011447051,1553.2664859299975,417.15102697622166,1022.1236684835853,2390.2389197652606,1368.1152512816752,392.23551327348287,54.295121284752895,-427460.52692801715,88.72374848189152,285.744701476818,950.2026588752179,71.90607256500516
95,field_size_scaled,True,independent,inverse_sqrt,none,365.0,180.0,3.0,20,150.0,100.0,0.1,0.7,1.25,20.0,5.0,1,28430,2843700,2842872,0.15141988626984232,0.4650120337820819,0.7704574810262298,7438,16470298,16465002,0.13925102532218142,0.430596236157162,0.7890609427195939,1577.0779295783934,1525.820377411711,332.62845879140036,1092.6389342118666,2204.9452097301605,1112.306275518294,571.3256135945805,51.37851796232462,-338626.3592751739,38.94453516502623,128.14856616955134,378.17816193905827,105.83577649200743
96,field_size_scaled,True,modifiers,none,evidence_decay,180.0,365.0,2.0,10,200.0,75.0,1.0,0.7,1.75,15.0,10.0,6,28430,2843700,2842872,0.15133469863300164,0.4650620541909408,0.7724347068738937,7438,16470298,16465002,0.13862208676129184,0.4298493699189553,0.7916406569522433,1577.831613433507,1523.0551798019849,358.56762850268944,1071.1734076510909,2245.0383450652516,1173.8649374141607,532.5918968712742,47.62367425288426,-357845.6593025662,47.563332912105544,151.3055120022493,543.1130049240239,150.72918425599346
97,field_size_scaled,False,independent,inverse_sqrt,none,180.0,180.0,3.0,999999999,200.0,75.0,0.75,0.7,1.75,15.0,5.0,7,28430,2843700,2842872,0.15238170311735452,0.46524872627359176,0.7665403155682,7438,16470298,16465002,0.19038354342468036,0.5724232510803046,0.7058704274679104,1568.594389613808,1522.0673419554782,287.6230454358582,1163.5511226759784,2109.4053405764516,945.8542179004733,428.14596706879297,33.514483044373264,-334707.2161496273,50.216276491955846,151.8042147517483,499.5200082053351,79.23284962600155
98,field_size_scaled,True,independent,none,evidence_decay,365.0,180.0,1.5,999999999,300.0,5.0,0.25,0.5,1.25,20.0,10.0,5,28430,2843700,2842872,0.15170034444458844,0.46543104762474646,0.7683676929527604,7438,16470298,16465002,0.1389520659841873,0.43016305192622173,0.788944392475628,1601.970570777619,1548.9628110244043,413.3088500152165,1013.7058735845154,2371.0800758727846,1357.3742022882693,704.7056531165836,58.46674511066749,-205310.42367423206,66.9394438704584,198.3662368453786,483.62739057562123,180.29769939399557
99,field_size_scaled,False,ignore,inverse_sqrt,none,180.0,730.0,2.0,5,300.0,20.0,0.25,0.667,1.75,20.0,10.0,0,28430,2843700,2842872,0.15184722697096825,0.46548813770118674,0.7520838082052235,7438,16470298,16465002,0.19144416433963887,0.585842367217698,0.7018701242793655,1582.6785001948865,1522.228567805394,340.10575225206884,1112.8442570111342,2232.363776412055,1119.5195194009207,441.8258375435639,44.903772444558854,-199031.66853209634,67.7637124895486,206.40998977422237,648.847278821622,69.54268166499969
100,field_size_scaled,True,ignore,inverse_sqrt,none,180.0,365.0,4.0,20,100.0,30.0,0.5,0.8,1.75,10.0,10.0,5,28430,2843700,2842872,0.1514686265302141,0.4655479780332396,0.7730555579006019,7438,16470298,16465002,0.1389992068667206,0.43122896824488277,0.7917807115966339,1551.0273315604175,1504.5662204778896,329.8376506479654,1069.7926805634029,2158.5373450488464,1088.7446644854435,429.53291345119123,53.89930642503441,-706779.0438064826,42.11581317076428,147.8773718562574,550.890223778976,112.1652002530027
101,field_size_scaled,True,independent,inverse_sqrt,evidence_decay,365.0,180.0,4.0,5,150.0,100.0,0.1,0.7,1.5,10.0,10.0,6,28430,2843700,2842872,0.15160836004481415,0.46559744417984394,0.7703297932513318,7438,16470298,16465002,0.13945715609096168,0.43211280052863466,0.7897072226289436,1554.1484151453567,1513.0327236819694,333.2598824469514,1061.4743593693404,2167.417048529416,1105.9426891600758,467.8365038164561,52.901081384856184,-729534.2603971092,45.356283910931445,155.85848118670893,528.6515374139708,202.90811404700798
102,field_size_scaled,False,independent,inverse_sqrt,evidence_decay,365.0,365.0,1.0,10,300.0,50.0,0.0,0.5,2.0,15.0,5.0,3,28430,2843700,2842872,0.1521208143233869,0.4656721123009527,0.7683184469789706,7438,16470298,16465002,0.18929224024376487,0.5684774815065399,0.7066148549511261,1581.7933035966123,1526.235757584527,283.47140807946744,1196.2477013972566,2121.2135189170153,924.9658175197587,502.34960819247476,34.69997023524502,755.1929134348495,43.55377184841619,119.68975640639094,293.922376360872,105.31017393499496
103,field_size_scaled,True,modifiers,none,none,180.0,730.0,3.0,20,200.0,30.0,0.75,0.7,1.25,10.0,10.0,4,28430,2843700,2842872,0.15164600586807134,0.46588980460483587,0.7713358181444679,7438,16470298,16465002,0.13897519393993055,0.43159035794138,0.7913330954955243,1560.536498002482,1514.1698846872155,389.48782028900126,996.8175346943987,2275.1845015961444,1278.3669669017459,534.4326752873233,55.339033778414205,-792383.8951826743,62.93043847326169,206.17783955395322,633.6652991069132,104.0489009120065
104,field_size_scaled,False,modifiers,none,evidence_decay,365.0,180.0,1.5,20,150.0,10.0,0.5,0.5,2.0,10.0,5.0,7,28430,2843700,2842872,0.1524490588857018,0.46592616235643974,0.7694356270700897,7438,16470298,16465002,0.18602644172394825,0.5560319088228268,0.7104769862767099,1563.0137320375586,1510.4442475143978,265.366441272026,1211.1048754274238,2079.573785181504,868.46890975408,428.6715919248006,28.234888463747893,-184887.23304721396,40.1145483496981,108.01838618875793,353.3193244833071,96.00409058800142
105,field_size_scaled,False,modifiers,none,evidence_decay,180.0,365.0,4.0,20,50.0,10.0,0.1,0.7,2.0,15.0,5.0,1,28430,2843700,2842872,0.15200355550479605,0.4661891967408962,0.7704040139689722,7438,16470298,16465002,0.1861160748725824,0.5535761428033319,0.7085020092921944,1559.7029846697346,1521.4295550360412,256.6898846213869,1193.2649103843537,2032.4960285254797,839.231118141126,468.34624488016175,20.821777364085392,-331122.4340956619,24.50953723586914,70.50133599190956,201.58494743824582,101.29720189799264
106,field_size_scaled,False,ignore,inverse_sqrt,none,365.0,730.0,1.0,5,200.0,5.0,0.0,0.5,1.25,15.0,10.0,5,28430,2843700,2842872,0.15205692898161027,0.4663697485167799,0.7713038082615046,7438,16470298,16465002,0.18759142390747852,0.5597906394695579,0.7076021612387293,1580.7828627320862,1524.0786124269353,265.74051295444497,1219.8962234587548,2091.401205496487,871.5049820377321,535.1275365677163,28.33342687751542,489.222241835657,29.24378427405016,78.3170636017818,195.25943622656487,72.20373449400358
107,field_size_scaled,False,ignore,inverse_sqrt,none,365.0,730.0,3.0,5,200.0,10.0,0.1,0.5,2.0,20.0,10.0,0,28430,2843700,2842872,0.1521802353508635,0.466393904381041,0.7516075292872841,7438,16470298,16465002,0.19296850323762346,0.5923368584315569,0.7006343515779713,1583.782956953789,1528.18807443507,353.84004458493484,1082.6940828428083,2249.5177293845018,1166.8236465416935,476.31134000363886,48.27973529613587,-294347.1689373314,72.28668465567041,225.5431014146846,610.4837719818463,135.79121652198955
108,field_size_scaled,False,independent,none,evidence_decay,180.0,730.0,4.0,20,50.0,10.0,0.5,0.7,2.0,20.0,10.0,3,28430,2843700,2842872,0.1522892231452776,0.466396149512993,0.7692175377575916,7438,16470298,16465002,0.1854695095699456,0.5523164891864042,0.709411392722576,1559.6025639251486,1516.9698423986797,245.30360705502912,1224.740975180612,2029.2689737824555,804.5279986018436,389.15971964604,25.989781132604207,-294669.01098275965,32.68464825673777,88.98432084602625,304.51439038510523,121.38847859599628
109,field_size_scaled,False,modifiers,inverse_sqrt,evidence_decay,365.0,730.0,1.0,20,300.0,5.0,0.75,0.5,2.0,10.0,10.0,0,28430,2843700,2842872,0.1522762155010087,0.4666339769979917,0.7520303411479659,7438,16470298,16465002,0.1907277186184017,0.5837766953765177,0.7023461035716849,1587.9780811232592,1518.026737749191,336.7662868606133,1135.8547419781737,2244.210771808692,1108.356029830518,482.9951915980323,40.34537781310337,925.3227477366065,67.14467052707434,200.3647004438559,581.0279729762706,121.25913382599538
110,field_size_scaled,True,modifiers,none,none,365.0,180.0,3.0,10,150.0,10.0,0.25,0.667,1.25,15.0,10.0,4,28430,2843700,2842872,0.15227762181422208,0.466738340728303,0.7699980864421613,7438,16470298,16465002,0.13963015853085195,0.4317251129569745,0.7892779484630491,1565.6117593668819,1517.2022545226637,372.0238632173581,1033.2019750673144,2257.501787922179,1224.2998128548647,588.2027746415658,49.62802555687131,-587783.8432097681,55.15197026976239,171.28323972543313,469.1432847898113,105.52999367799202
111,field_size_scaled,False,modifiers,inverse_sqrt,evidence_decay,365.0,730.0,3.0,20,75.0,50.0,0.0,0.5,1.5,20.0,10.0,5,28430,2843700,2842872,0.15214491958963597,0.4668623799681308,0.7713618481591855,7438,16470298,16465002,0.18737812794199393,0.5573640204579007,0.706869637792938,1567.3596589307563,1519.6032799784693,245.80836701152688,1226.249746190509,2033.593874033255,807.3441278427458,451.4722902347571,22.040223180961675,-214291.98507805614,25.23312958979007,72.95091922139065,207.54521849572623,115.00302901800023
112,field_size_scaled,True,independent,none,none,180.0,730.0,4.0,20,200.0,10.0,0.1,0.7,2.0,15.0,5.0,1,28430,2843700,2842872,0.1500026794916495,0.46687188944529034,0.7738104283274098,7438,16470298,16465002,0.13849108633174545,0.4379206797356677,0.7939054000722259,1600.217316535485,1562.5965354845007,488.42088372171526,863.7131175707683,2462.4777338292142,1598.764616258446,601.3425380292563,80.91214024864951,-732443.3563947472,86.1080494816294,302.8548224370957,967.3960606236153,120.68334215300274
113,field_size_scaled,True,independent,none,none,365.0,365.0,1.5,20,300.0,10.0,0.5,0.8,1.25,10.0,5.0,5,28430,2843700,2842872,0.1524005361049619,0.46708198203173285,0.7673774971226281,7438,16470298,16465002,0.13938251502496124,0.4310910747476128,0.7882489173095758,1582.8896557920373,1534.3473315850447,391.27328391005716,1025.2528937965062,2311.701952538775,1286.4490587422688,642.2262173267725,52.85768177915736,-302043.40115184773,63.23086498721469,188.02511751842889,470.7079495395432,122.03977561299689
114,field_size_scaled,False,ignore,inverse_sqrt,evidence_decay,365.0,180.0,3.0,5,75.0,10.0,0.0,0.8,1.75,20.0,10.0,5,28430,2843700,2842872,0.15229935082674206,0.46723866210692006,0.7710853671920509,7438,16470298,16465002,0.18722191458779885,0.5569266939010943,0.7071400295001482,1567.4005433433615,1520.3987140799672,249.4901637686973,1217.255146299476,2039.1403250883316,821.8851787888555,467.70126828811203,26.68535786079383,-216201.77040702518,25.100060478784858,72.48736634846867,201.3003422057913,95.20387060000212
115,field_size_scaled,True,modifiers,none,evidence_decay,180.0,365.0,1.5,10,300.0,5.0,0.25,0.7,1.25,10.0,5.0,4,28430,2843700,2842872,0.15253374037879458,0.46746256186745744,0.7691619601586002,7438,16470298,16465002,0.13948258702203767,0.431453365852091,0.789231547011048,1581.7727458795675,1528.7190597404187,397.32787830252556,1019.1428010656,2322.0783626933653,1302.9355616277653,658.2706510069065,53.444764013104304,-327741.80749727454,64.46962441120024,191.17429000765475,509.3810136872938,156.46174422900367
116,field_size_scaled,False,independent,inverse_sqrt,none,365.0,180.0,4.0,999999999,100.0,20.0,0.0,0.667,1.75,10.0,5.0,2,28430,2843700,2842872,0.1531528639992154,0.4676240597563319,0.7653000205426063,7438,16470298,16465002,0.19001792128117712,0.567767492072918,0.7040178312763036,1558.438669830545,1519.2547229116894,266.0450959999998,1176.9742885937194,2056.2334156105853,879.2591270168659,388.5026269195944,29.339578060194413,-501636.7183796247,41.89035475022383,129.43616253990203,385.6682431367531,77.44755116300075
117,field_size_scaled,False,independent,none,evidence_decay,180.0,730.0,2.0,10,100.0,10.0,0.5,0.667,1.75,15.0,5.0,3,28430,2843700,2842872,0.1527452568683175,0.4676270373157271,0.7685826164526577,7438,16470298,16465002,0.18564045368820484,0.5531274571781036,0.7092146724306502,1562.124414365724,1517.7259772646992,249.05401355369472,1225.150329400074,2040.350263363353,815.1999339632789,412.29955053841195,27.28059266326852,-218063.04433341866,33.861241716701954,88.71241676473261,286.1124248798187,102.17004599199572
118,field_size_scaled,False,modifiers,inverse_sqrt,none,365.0,730.0,3.0,999999999,200.0,5.0,1.0,0.7,2.0,15.0,5.0,3,28430,2843700,2842872,0.14806038206806454,0.4680942185802843,0.7803710473070895,7438,16470298,16465002,0.19356426528102452,0.6272062921679963,0.721042366104784,1630.343294972281,1561.8228747592436,448.85303613988924,992.3977841867895,2457.1934752245706,1464.7956910377811,355.9960827012437,52.33468785488253,-467264.6034126349,100.50382177890106,328.6782229127914,1098.525035979706,74.30611882300582
119,field_size_scaled,True,modifiers,inverse_sqrt,none,365.0,730.0,3.0,20,200.0,75.0,0.75,0.5,1.5,15.0,10.0,4,28430,2843700,2842872,0.15221003129217558,0.4682506147113651,0.771992196623696,7438,16470298,16465002,0.13914343218944028,0.43316382765902295,0.7921353425890868,1572.5748889777278,1514.64837374244,349.9181793295607,1067.552949252885,2228.8501137956337,1161.2971645427488,397.315000811255,58.91232724056374,-522814.510485503,51.67324347396457,184.6810014085263,726.2710071896768,115.07923547401151
120,field_size_scaled,False,modifiers,none,evidence_decay,180.0,365.0,4.0,20,75.0,30.0,1.0,0.8,1.75,10.0,10.0,2,28430,2843700,2842872,0.1532586312381483,0.4683623909363611,0.7683089495411682,7438,16470298,16465002,0.18782816468744937,0.5588603998769496,0.7064245118221061,1549.5768370611252,1507.8339573643193,251.1443073080811,1202.2966834698698,2023.2836599853601,820.9869765154904,394.68407416471905,22.9957421807801,-480640.3426129632,35.42750456183415,102.44566263100083,383.417612063606,136.83811764299753
121,field_size_scaled,True,independent,none,none,365.0,365.0,2.0,999999999,150.0,10.0,0.1,0.5,2.0,20.0,5.0,1,28430,2843700,2842872,0.1528001315574907,0.46837272231834226,0.7674654363615386,7438,16470298,16465002,0.1403050507969893,0.4328800722294223,0.7866169709545131,1577.4888519373092,1526.4415835124037,346.8176759012895,1079.376816766422,2226.9314821629464,1147.5546653965243,635.6477982250253,43.634004434469375,-260544.2234657242,41.15193928688949,122.814754811276,314.00622151655205,108.80843842799368
122,field_size_scaled,False,ignore,inverse_sqrt,evidence_decay,365.0,730.0,1.5,5,200.0,30.0,0.25,0.8,1.5,15.0,10.0,2,28430,2843700,2842872,0.15334691895929942,0.4687836062626814,0.7683768386336072,7438,16470298,16465002,0.18802101887738545,0.5604729001692027,0.7065251495262497,1564.4473753083385,1512.1602552067104,254.71964894088063,1218.3365018171462,2060.4158428181363,842.0793410009901,451.3274554434133,30.701729284337716,-128995.0059374416,34.99157187592294,98.64486043459684,291.1696191923532,93.93983026299975
123,field_size_scaled,False,ignore,none,none,180.0,730.0,1.5,20,200.0,20.0,0.25,0.5,1.25,20.0,10.0,7,28430,2843700,2842872,0.15362354679216583,0.4690307325948288,0.7673138291136569,7438,16470298,16465002,0.18769439383861955,0.561709800081467,0.7083468316614842,1569.2107598740383,1517.3575769865436,283.11794582386517,1188.2560557901825,2112.6139133172455,924.3578575270631,500.9846749566791,32.759285611419045,-130788.99835210394,43.69019512503742,111.00450672606408,295.0816135907292,68.37494210799923
124,field_size_scaled,False,independent,inverse_sqrt,none,365.0,180.0,3.0,999999999,300.0,75.0,0.5,0.667,1.25,15.0,10.0,0,28430,2843700,2842872,0.15325054468958146,0.4690445691581154,0.7466361482331951,7438,16470298,16465002,0.19402443819188567,0.5946099680580292,0.697099277607133,1579.5755157121605,1531.2219489325098,341.5749446718059,1087.2681300334937,2212.1565693125062,1124.8884392790126,434.9756417272454,43.63370582985874,-364862.6591977563,73.14845496655093,231.3175712566478,738.1661754848978,72.00975031001144
125,field_size_scaled,False,ignore,none,evidence_decay,180.0,365.0,1.0,10,300.0,75.0,1.0,0.5,1.75,10.0,5.0,6,28430,2843700,2842872,0.1531162142203002,0.469057645256949,0.7697335652115185,7438,16470298,16465002,0.18688188679390788,0.5567512335852618,0.7077713078929477,1575.034116080353,1523.8803830769111,266.63911528587596,1214.4810482322087,2082.1481354849566,867.6670872527479,559.7297042403832,29.017407110095064,684.7406144524772,29.784956502273126,73.58213229476517,348.06598395967865,93.80555152900342
126,field_size_scaled,False,modifiers,none,evidence_decay,365.0,365.0,1.5,20,150.0,30.0,0.1,0.667,1.25,10.0,5.0,4,28430,2843700,2842872,0.1531534790688937,0.4692638256849052,0.7699245692384321,7438,16470298,16465002,0.18693542437816119,0.556884767742448,0.7079509616822397,1563.4711689971618,1518.2696087986817,258.54500000533716,1212.7025073905643,2055.8597364283532,843.157229037789,489.0908434173448,23.12487126958945,-168741.11950001158,31.812930754415394,81.02432311736551,189.21308300005714,148.9143069619895
127,field_size_scaled,False,independent,none,evidence_decay,180.0,365.0,2.0,5,100.0,30.0,1.0,0.8,1.5,10.0,10.0,1,28430,2843700,2842872,0.1531966820490792,0.469527426851095,0.76764694295065,7438,16470298,16465002,0.18652382486682448,0.5542611908966774,0.706436901738609,1559.4550800533943,1519.374547990124,242.5404074954866,1222.322756401798,2017.015217274683,794.692460872885,455.46528524471364,22.725617188007277,-220405.93394189712,25.232108384563453,67.93329807746264,225.53151970514708,152.53053428500425
128,field_size_scaled,True,independent,none,evidence_decay,365.0,365.0,2.0,999999999,200.0,100.0,0.75,0.7,1.25,15.0,5.0,1,28430,2843700,2842872,0.15320315888892833,0.4696298142782269,0.7674890040775666,7438,16470298,16465002,0.14022374682256478,0.43298609934526894,0.7873151791903821,1569.0073678102867,1520.9518566836805,334.2943167962855,1087.8960081772184,2192.840758594369,1104.9447504171508,582.6140959557815,45.92855226188885,-311578.03120369633,39.827795830157825,121.60762770188538,386.22773515902645,137.0520255510055
129,field_size_scaled,True,ignore,none,none,180.0,180.0,4.0,5,150.0,50.0,0.75,0.8,1.75,15.0,5.0,4,28430,2843700,2842872,0.15210426520264955,0.46982139492976677,0.7719682771507124,7438,16470298,16465002,0.1393421546597449,0.4367359130398744,0.7925586040013842,1576.4295354530477,1529.1763039230452,420.1866147201606,960.044827972335,2335.6142311070907,1375.5694031347557,472.3941026392713,71.85417893944054,-787434.152173544,70.48578053325195,241.29409588475968,863.8587233588304,119.15265659800207
130,field_size_scaled,False,modifiers,none,none,365.0,730.0,3.0,20,150.0,100.0,0.0,0.8,1.5,15.0,5.0,0,28430,2843700,2842872,0.15412967941416947,0.4698819976431217,0.7482869436260232,7438,16470298,16465002,0.1919790493474549,0.5808750076789009,0.6975797512809291,1570.373558315726,1524.5715098718947,332.45799913233475,1096.9015150259058,2183.5246666412,1086.623151615294,530.1622281909247,35.625988302962014,-410547.8315722726,63.76765401479111,185.36347503609525,436.7659835318009,73.88820229198609
131,field_size_scaled,True,modifiers,none,none,180.0,180.0,1.0,999999999,300.0,5.0,1.0,0.667,1.75,10.0,10.0,4,28430,2843700,2842872,0.1533976749081223,0.47004896979009947,0.7676093049563962,7438,16470298,16465002,0.13989316644496497,0.43275219829719347,0.7884203111545325,1592.8132884064817,1534.5639126960878,397.17167152234293,1039.6079817357172,2344.0234636600962,1304.415481924379,678.0548445044788,58.032955926399836,-6149.534185812999,69.64205608286227,198.37201026600627,505.13752384209033,107.69334327901015
132,field_size_scaled,False,ignore,none,evidence_decay,180.0,180.0,2.0,10,300.0,75.0,0.1,0.667,1.5,20.0,5.0,0,28430,2843700,2842872,0.1536246057934891,0.4702246384806987,0.7487291021192654,7438,16470298,16465002,0.19243455473129234,0.5899734427197748,0.7000690920049691,1587.4901260593376,1535.3299763584146,377.48384573156,1060.7166688071804,2287.0805895061353,1226.3639206989549,602.755567235002,47.19312937500467,-242948.82896740673,78.25621009770838,218.35665765937884,512.599007670156,91.74121152699809
133,field_size_scaled,False,ignore,none,none,365.0,365.0,1.0,999999999,200.0,10.0,0.0,0.5,1.5,15.0,10.0,4,28430,2843700,2842872,0.15361490041353945,0.4702289043791977,0.7685857822652585,7438,16470298,16465002,0.18830460505922464,0.5630807024451959,0.7071199869881583,1581.937917271387,1529.0894072308756,290.455014451493,1188.1736031093724,2128.8764690597236,940.7028659503512,587.2831144093827,29.144896523642274,868.0691274368195,36.92442074080918,91.99446362937184,198.7038051660653,71.3701449479995
134,field_size_scaled,False,modifiers,none,evidence_decay,180.0,365.0,1.0,20,300.0,5.0,0.5,0.8,1.5,10.0,10.0,0,28430,2843700,2842872,0.15386397034483718,0.4702392406977459,0.7491160347704715,7438,16470298,16465002,0.19063984593443167,0.5806897930580498,0.7004827573054653,1585.3609135232268,1524.6587432186882,344.4780636793927,1121.3685201353833,2245.7331521755727,1124.3646320401895,585.3530856255315,41.331403735622416,1607.2804067306797,69.18051638515885,179.9035508053735,432.9758840761956,97.0746976800001
135,field_size_scaled,True,independent,inverse_sqrt,none,180.0,730.0,4.0,20,200.0,50.0,0.25,0.5,1.5,10.0,5.0,4,28430,2843700,2842872,0.15216675585230566,0.47054251676525194,0.7706094400310671,7438,16470298,16465002,0.13970507322085574,0.4388321596105927,0.7916523787850132,1567.599077150267,1524.3162003228083,385.6073859206053,987.4273916812231,2267.398336866622,1279.9709451853987,363.4681745763519,68.19762727301986,-917362.6941121905,68.51333816876573,248.3857209426202,995.3651256564642,116.23760565699195
136,field_size_scaled,False,ignore,none,evidence_decay,365.0,730.0,4.0,10,150.0,10.0,0.0,0.7,1.75,10.0,5.0,0,28430,2843700,2842872,0.15390451060068963,0.47062438278439295,0.7485071434802552,7438,16470298,16465002,0.1939916886622327,0.593949752335607,0.6984581599200534,1573.6270618637427,1534.7053085037978,377.19281477703584,1026.2686840191254,2250.092007815057,1223.8233237959316,545.9454219575232,44.76251137692657,-705306.9636881837,76.1761541948311,237.33711053005743,584.4822908017469,90.38840554800117
137,field_size_scaled,True,independent,inverse_sqrt,evidence_decay,365.0,730.0,1.5,20,300.0,75.0,0.25,0.8,2.0,15.0,5.0,4,28430,2843700,2842872,0.15364898231055682,0.4707333579172999,0.7670658404599292,7438,16470298,16465002,0.14030204800010745,0.43395342597265646,0.7879530169507419,1578.414825308986,1524.4971481358155,328.32318126137693,1115.2288754592973,2200.253870354355,1085.0249948950577,510.7722762678934,53.479520755514386,-208095.07645825553,48.68985293431725,154.6403595581081,549.9498033339601,160.85731679599849
138,field_size_scaled,True,independent,inverse_sqrt,evidence_decay,365.0,180.0,4.0,10,100.0,5.0,0.25,0.8,1.25,20.0,5.0,4,28430,2843700,2842872,0.1538084202240335,0.4708620459144882,0.7664270498284833,7438,16470298,16465002,0.1409647749840748,0.43516521272207764,0.7865359506181657,1568.7309628174496,1521.747515261049,326.3184157793586,1099.7579550667356,2180.461039396894,1080.7030843301586,520.454235840785,50.73179115134394,-450607.77964338154,45.808650521552345,147.97595511143464,412.59955622760253,158.74661885699607
139,field_size_scaled,True,modifiers,inverse_sqrt,evidence_decay,365.0,730.0,3.0,5,200.0,30.0,0.0,0.7,1.25,15.0,5.0,3,28430,2843700,2842872,0.1538534280845401,0.4709498195727227,0.7686473397324959,7438,16470298,16465002,0.14060992446468631,0.4347006034270719,0.7886105935486677,1565.246130027413,1514.68447296054,348.47884458880594,1061.603422630217,2218.5179675763925,1156.9145449461755,539.9307742052163,50.687581029437865,-533909.4904203994,54.71276439475887,178.87436057992795,570.0529472074406,177.453542903997
140,field_size_scaled,False,ignore,none,none,180.0,365.0,3.0,999999999,150.0,75.0,0.1,0.7,1.25,15.0,10.0,0,28430,2843700,2842872,0.15470398108897673,0.4709978054492836,0.7463308231956979,7438,16470298,16465002,0.19065557790586415,0.5725438462644764,0.6965955424724516,1563.800811789261,1519.6367086954672,306.3728942604714,1133.8667895833994,2135.2719776761196,1001.4051880927202,500.21186934967795,35.00289723079845,-380996.1243502706,53.749039650951616,153.25684137359488,360.75166688868654,70.28070306600421
141,field_size_scaled,True,ignore,inverse_sqrt,none,365.0,180.0,4.0,20,200.0,75.0,0.1,0.7,1.25,20.0,5.0,3,28430,2843700,2842872,0.15305187321394742,0.4710939730834741,0.7706080330032447,7438,16470298,16465002,0.13992265233299817,0.43639189064733713,0.791210350293307,1582.8502896193072,1527.3468605671355,397.1827382813045,1001.5897515083391,2315.037456888905,1313.447705380566,508.6938452664019,75.69587522475808,-549318.2071047095,70.70204140082829,241.40010244950255,767.5170117652434,110.76340258998971
142,field_size_scaled,False,modifiers,inverse_sqrt,evidence_decay,180.0,365.0,1.0,5,300.0,30.0,0.0,0.5,2.0,15.0,5.0,7,28430,2843700,2842872,0.1544025328578593,0.4711645147026796,0.7663088594913876,7438,16470298,16465002,0.1903828401897674,0.5705249556344946,0.7049035281016061,1573.3997006812199,1516.681855741158,278.9089199471836,1197.5387311395539,2116.708169463631,919.169438324077,510.80238070572864,29.102178668788156,649.7185946513572,43.92390008033183,121.03906838721157,293.4002791262872,119.39204226899892
143,field_size_scaled,False,independent,inverse_sqrt,none,180.0,180.0,2.0,5,300.0,75.0,0.0,0.5,1.25,20.0,5.0,0,28430,2843700,2842872,0.15411190730914529,0.4711932291316142,0.7447880171882518,7438,16470298,16465002,0.1948175623278943,0.597916780779,0.6956291289852258,1584.5282283960107,1532.9856190382852,348.66007330584375,1087.8240497708052,2237.33216362864,1149.5081138578348,497.1909493544995,41.432829003347024,-212774.59339362246,75.90054206965229,230.59561360910453,589.0145941819166,72.1634357310104
144,field_size_scaled,True,independent,none,evidence_decay,180.0,365.0,2.0,5,200.0,75.0,0.5,0.5,1.5,10.0,10.0,6,28430,2843700,2842872,0.15381151620274455,0.4712940244270596,0.7670556395082156,7438,16470298,16465002,0.14038553006189503,0.4339649797091108,0.7878172744831735,1560.373455237139,1513.5398841379513,319.686336806488,1106.1142795994801,2159.312330381118,1053.198050781638,483.41197143714635,43.735297445942365,-401696.7939160282,41.840713079935234,130.91379491268606,447.99206380644455,133.81442356400657
145,field_size_scaled,False,independent,inverse_sqrt,none,180.0,180.0,2.0,10,300.0,75.0,0.75,0.667,1.75,20.0,10.0,0,28430,2843700,2842872,0.15488675899437043,0.47139708596571,0.7428368213553055,7438,16470298,16465002,0.19201718132133833,0.5774234760663964,0.6933658435024788,1567.1150272521252,1518.3137852358786,287.39164277301074,1167.5074742429445,2112.7120292982786,945.2045550553341,442.3955720379299,31.062569014113365,-183387.99076729632,53.755419456385546,158.6186911953301,496.56930276300585,73.0879330609896
146,field_size_scaled,True,ignore,none,evidence_decay,365.0,730.0,3.0,5,150.0,30.0,0.0,0.8,1.75,10.0,10.0,5,28430,2843700,2842872,0.15412219118956644,0.4716823647142476,0.7673989542969223,7438,16470298,16465002,0.14177904789496834,0.43713971731729,0.78573983774797,1548.9853727821128,1505.7490104518192,341.8817175820122,1056.518865005743,2181.7159751847007,1125.1971101789577,576.8009798256533,42.35895633300413,-664891.9432587051,42.91239418893796,133.1615366515589,423.6931126912501,122.76214537199121
147,field_size_scaled,False,modifiers,inverse_sqrt,none,180.0,365.0,2.0,999999999,150.0,75.0,0.1,0.667,1.75,20.0,5.0,2,28430,2843700,2842872,0.15457817269002969,0.4723150737190686,0.7672508646185969,7438,16470298,16465002,0.18839783960047798,0.5604389345731218,0.7052799021828239,1557.5981461207184,1509.7337261916387,236.57717926116183,1236.7801903629465,2017.2540632612158,780.4738728982693,412.0625403889237,25.972287714529102,-165239.4370089348,32.072189356452334,90.14977485976726,238.85960574728642,81.02451209700666
148,field_size_scaled,True,modifiers,inverse_sqrt,evidence_decay,180.0,180.0,1.0,999999999,300.0,10.0,1.0,0.5,2.0,15.0,5.0,3,28430,2843700,2842872,0.1541868695034054,0.47231727833497356,0.767632169158513,7438,16470298,16465002,0.1403162031549602,0.4344249390260809,0.7887153612249789,1593.9999646856675,1527.0559645903245,366.0815216469385,1086.1241124499093,2293.25123849753,1207.1271260476205,581.9035337274995,58.570442712552676,-445.89667609536076,64.78297883905769,204.5266103652349,554.6462778829293,151.09480528598942
149,field_size_scaled,True,independent,inverse_sqrt,none,365.0,365.0,1.5,5,300.0,75.0,0.25,0.7,2.0,10.0,5.0,4,28430,2843700,2842872,0.15425349743977265,0.4723348265921626,0.766437250780197,7438,16470298,16465002,0.14070604472895365,0.43506604878269056,0.7875340677152666,1569.7311334384622,1518.2462720484455,316.99169618775903,1119.0009222086733,2169.0118662086415,1050.0109439999683,482.600161039426,49.6122241121692,-259712.42876955622,46.80533377026404,149.52144251129337,546.0798896835917,174.53851691599994
150,field_size_scaled,True,modifiers,inverse_sqrt,none,180.0,180.0,3.0,20,200.0,5.0,0.0,0.667,1.75,10.0,10.0,3,28430,2843700,2842872,0.15439631605018417,0.4723677607728918,0.7679311625708086,7438,16470298,16465002,0.14122930441273007,0.43635933604017013,0.7877454251144337,1555.3360412212694,1507.4782285348888,334.85039055752287,1070.3178897472735,2181.6914619830723,1111.3735722357987,500.2910304313468,47.19998268526194,-674098.8696519808,52.13352651371844,171.99388393014985,568.3679238835191,121.286118464006
151,field_size_scaled,False,modifiers,none,evidence_decay,365.0,365.0,1.5,999999999,300.0,5.0,0.5,0.667,1.5,20.0,5.0,0,28430,2843700,2842872,0.1533758331315309,0.47244299203423684,0.7516465743093604,7438,16470298,16465002,0.1928879544508261,0.6002971315772052,0.7036378738368814,1593.3983728951303,1535.4542958655386,394.1892174761762,1050.5111893412652,2326.3613963964644,1275.8502070551992,559.3903831783712,48.62569318025862,-172695.4770319631,91.71688277857484,253.54213694419434,617.3189155492327,94.88954165999894
152,field_size_scaled,False,independent,inverse_sqrt,none,180.0,365.0,1.0,999999999,200.0,30.0,0.5,0.667,1.75,20.0,10.0,4,28430,2843700,2842872,0.15458780336208447,0.4733565131780766,0.767874881457906,7438,16470298,16465002,0.18741248939212693,0.5565065569453732,0.7052231758004038,1565.9910462349776,1513.4894126291558,224.52084590644566,1271.0688910168803,2011.4970588013643,740.428167784484,438.5038565785419,23.93822527309669,461.0223811520878,24.762021217714658,66.91908046105357,287.10553172934516,86.12811941100517
153,field_size_scaled,False,ignore,none,evidence_decay,180.0,365.0,1.5,5,300.0,20.0,0.0,0.7,1.25,10.0,5.0,0,28430,2843700,2842872,0.15513987261399434,0.47340377037202014,0.7458650969864278,7438,16470298,16465002,0.1931802217449799,0.5883626191391982,0.6967996116854405,1581.831039999527,1531.6299076051116,361.5081479986693,1077.180143332184,2248.907250090726,1171.727106758542,611.8823384510956,42.276124787655135,-238796.87210890846,71.67742976814822,198.6591529892611,428.1920181251245,88.96139672100253
154,field_size_scaled,False,independent,inverse_sqrt,none,365.0,365.0,1.0,10,150.0,10.0,0.25,0.7,1.5,10.0,5.0,5,28430,2843700,2842872,0.1545549874864406,0.47352630084423764,0.7676912643270608,7438,16470298,16465002,0.18695283914433425,0.5554647625511193,0.7060421249872912,1564.3839797458365,1513.5312860448812,223.63716543899235,1267.3276849822603,2003.4049375845955,736.0772526023352,435.527958966637,21.00827120667998,417.9577677886947,24.237963212441283,64.17093043183053,208.2517835534032,76.59340597198752
155,field_size_scaled,True,ignore,inverse_sqrt,none,180.0,365.0,4.0,999999999,75.0,10.0,0.1,0.7,2.0,15.0,5.0,6,28430,2843700,2842872,0.15460815192254512,0.47372470697223545,0.768412366086127,7438,16470298,16465002,0.14254618380577172,0.4399430201962861,0.7857372261479227,1552.546467370825,1504.302910431944,292.18064469715745,1131.995669491174,2100.3160187093545,968.3203492181804,494.1461247960906,40.64531181213715,-455525.42771452107,30.607719000267288,99.94837613964818,300.4784762604299,121.69264941199799
156,field_size_scaled,True,modifiers,inverse_sqrt,evidence_decay,365.0,180.0,2.0,20,150.0,50.0,0.25,0.8,1.25,15.0,5.0,6,28430,2843700,2842872,0.15464892786836532,0.4738671353528052,0.7684665366572958,7438,16470298,16465002,0.1422454894667006,0.43897593613478586,0.7860973840148942,1563.2012294069314,1508.941036588917,291.07789271182133,1152.82036811091,2118.2372477991453,965.4168796882352,523.2350381272558,38.27826688490097,-271092.5825966499,30.988105796066023,97.05115978777557,277.2156518317478,190.5377763400029
157,field_size_scaled,False,independent,inverse_sqrt,evidence_decay,365.0,180.0,1.5,5,150.0,10.0,0.1,0.667,2.0,15.0,5.0,3,28430,2843700,2842872,0.15510351656471327,0.47416424931539397,0.7659212233262701,7438,16470298,16465002,0.18864117246594636,0.5608618917040795,0.7042571874573716,1561.818747613799,1514.857842249139,235.19706924329785,1241.821704677041,2016.894112177291,775.0724075002499,421.4740768420936,26.033030766170327,-123772.76997716028,30.86545044324978,84.99419982507592,215.3633063451974,182.18481426499784
158,field_size_scaled,True,ignore,inverse_sqrt,none,180.0,730.0,2.0,10,150.0,10.0,0.1,0.667,2.0,10.0,5.0,5,28430,2843700,2842872,0.1548724806812523,0.47429962445112583,0.7679526197451029,7438,16470298,16465002,0.1422388245814264,0.4389953693450251,0.786135829196984,1555.6642176985742,1505.0471944998285,295.6910285264234,1136.3974033258476,2114.777850817021,978.3804474911733,512.674061174275,41.747604652663654,-350575.5003504247,33.728710789718875,105.27356943676779,298.0936084195773,119.11747497900797
159,field_size_scaled,True,independent,none,evidence_decay,365.0,365.0,1.5,20,200.0,30.0,0.1,0.667,1.25,15.0,5.0,6,28430,2843700,2842872,0.15508190311096068,0.4743559270232155,0.7642116845218497,7438,16470298,16465002,0.14219541563419993,0.43803452421392347,0.7838543232487916,1571.1861927262337,1520.583198512632,322.7908272826957,1117.1093321362025,2182.63736477039,1065.5280326341874,597.5782735474834,41.46503713495201,-196041.15589209177,40.15374536956029,113.77070430638544,277.77687913146355,134.99193597500562
160,field_size_scaled,False,independent,none,none,180.0,365.0,3.0,20,300.0,5.0,0.25,0.667,1.5,10.0,5.0,4,28430,2843700,2842872,0.14893796473181337,0.4744876562592768,0.777778246787052,7438,16470298,16465002,0.19519376769573088,0.6436111099307616,0.72066805700965,1645.663243443335,1606.8978048075887,526.4269311468703,868.4122041005364,2578.3952302905664,1709.98302619003,480.58904062437136,59.664652674764454,-721514.1288764796,123.61355780065526,389.7891801953226,1217.1308770708904,109.6975202899921
161,field_size_scaled,True,independent,inverse_sqrt,evidence_decay,180.0,180.0,1.5,20,300.0,5.0,0.25,0.8,1.75,10.0,10.0,3,28430,2843700,2842872,0.154731159079511,0.4748316338330357,0.7655511750089347,7438,16470298,16465002,0.14083737768192017,0.437614575185084,0.788004763072607,1587.024137960189,1533.0813806147908,385.7849998661341,1031.132123202627,2301.517088492462,1270.3849652898348,516.4023938156206,66.99975496114439,-312005.32560552354,74.9478151140087,245.43397086704564,664.3282476851547,146.21672838799714
162,field_size_scaled,False,independent,none,evidence_decay,180.0,365.0,4.0,999999999,100.0,100.0,0.0,0.5,1.75,15.0,10.0,0,28430,2843700,2842872,0.1563036112958569,0.47507243031660695,0.7403632664432307,7438,16470298,16465002,0.1923746592208234,0.5776769671747976,0.6923658436239486,1563.868099553992,1522.726017246613,309.7399168773822,1121.3810193162149,2132.278491765964,1010.8974724497493,501.1560702860529,32.08227432452509,-428859.08270143904,58.41438750354491,169.23076923076925,385.1405767240102,99.33772142899397
163,field_size_scaled,True,modifiers,none,none,180.0,730.0,2.0,5,200.0,100.0,1.0,0.667,2.0,10.0,10.0,4,28430,2843700,2842872,0.15519293550153365,0.4752116970714574,0.7672114678395651,7438,16470298,16465002,0.14178112063261963,0.438653382255827,0.7873106848089055,1555.6581674551135,1505.185847687028,321.5802687259328,1101.2649700799263,2156.5198068927616,1055.2548368128353,423.7741258291751,46.84135434516634,-456349.10957915196,44.570713424944614,140.5242474133994,627.3786146702037,113.88581554598932
164,field_size_scaled,False,modifiers,none,none,365.0,180.0,4.0,5,100.0,100.0,1.0,0.667,2.0,15.0,5.0,2,28430,2843700,2842872,0.15584194507008148,0.47531083288221515,0.7642669103638855,7438,16470298,16465002,0.1896436084123799,0.5639927744343625,0.7032687879418418,1552.8568318946143,1514.2496905559115,258.8953420343473,1188.3005245899337,2035.4267653131255,847.1262407231918,449.3584579910446,24.889844843906303,-406023.0876510742,36.48380978019317,102.57858739833998,255.91231102520584,78.2187960579904
165,field_size_scaled,False,ignore,none,evidence_decay,365.0,180.0,1.0,20,150.0,5.0,0.0,0.8,2.0,10.0,5.0,1,28430,2843700,2842872,0.15544795971312161,0.4753957815124165,0.7665466471934016,7438,16470298,16465002,0.1885428858703697,0.5613451829975873,0.7053838803056325,1573.533265715308,1523.739114396224,268.6617590182366,1206.0086121588606,2079.6428859091534,873.6342737502928,571.3564263224903,23.732549901489847,580.3245807621121,28.107507596810724,68.82436037107608,147.5057305356516,153.9248110190092
166,field_size_scaled,False,independent,none,none,180.0,730.0,2.0,5,200.0,5.0,0.0,0.7,1.75,20.0,5.0,0,28430,2843700,2842872,0.15631082895617227,0.4754437441146344,0.7403977386248836,7438,16470298,16465002,0.1928506269065642,0.5821371640551946,0.6929775046489518,1573.089212545508,1527.454896627166,325.1325832148239,1116.7142321085666,2173.377469969625,1056.6632378610584,539.3054144929604,34.3543970828091,-222461.71470868663,63.97147357056384,177.01238357781128,384.9254836196638,72.82570212100109
167,field_size_scaled,True,independent,inverse_sqrt,none,180.0,180.0,2.0,5,150.0,10.0,0.1,0.667,2.0,10.0,5.0,6,28430,2843700,2842872,0.1554355543262762,0.4756839584822664,0.7650516801319229,7438,16470298,16465002,0.14266263341619825,0.44004586553035313,0.7844142381519298,1555.5608077453307,1510.4014170029823,288.16794831288587,1141.261762839753,2100.2761407833523,959.0143779435994,489.7336784320412,40.19055953100769,-353589.01877590624,34.50743664093571,108.1447289669424,301.5808008940191,157.9097514120076
168,field_size_scaled,True,independent,none,evidence_decay,180.0,730.0,1.5,10,300.0,5.0,0.1,0.8,1.5,15.0,5.0,3,28430,2843700,2842872,0.15551368330174656,0.4757182085330646,0.7633537493070388,7438,16470298,16465002,0.14128645430713296,0.436993269042758,0.7860744869633177,1584.9948304828415,1535.9290117227981,388.94073103159866,1032.762209431165,2308.3141845058526,1275.5519750746876,616.316971179619,58.56195690614095,-264133.67714387603,71.53686013875956,213.7316457508732,520.4250223194996,147.77464305900503
169,field_size_scaled,True,modifiers,none,evidence_decay,180.0,365.0,3.0,5,75.0,30.0,1.0,0.5,1.75,15.0,10.0,5,28430,2843700,2842872,0.1554530181022576,0.4758160143907179,0.7669483536367449,7438,16470298,16465002,0.14240855753393555,0.4391642105330938,0.7854083467466326,1551.1186233650449,1503.83552324779,297.0152355904242,1130.9425351551336,2111.4504380056746,980.5079028505411,508.20775684178557,34.92541010242451,-428410.9920895323,32.990574743335486,105.77626434030623,318.5480362663781,128.44596434899722
170,field_size_scaled,False,ignore,inverse_sqrt,evidence_decay,365.0,180.0,1.0,20,200.0,100.0,0.1,0.667,1.75,20.0,10.0,4,28430,2843700,2842872,0.15547056920442184,0.47589992911612655,0.7684971395124367,7438,16470298,16465002,0.18815215489094667,0.558781676216279,0.7053500509747889,1568.8317597384073,1514.7172527312282,236.6901160555331,1252.9712212612812,2032.2401777458135,779.2689564845323,490.1625831182869,26.289625150390293,418.9460316201036,24.545145140676755,64.73680619286765,173.8325006899797,110.28648346500995
171,field_size_scaled,False,independent,inverse_sqrt,none,180.0,730.0,1.5,999999999,300.0,5.0,0.75,0.5,2.0,10.0,10.0,0,28430,2843700,2842872,0.15412955756229565,0.47597656260733984,0.747343883227947,7438,16470298,16465002,0.1947227231115635,0.6092569662580575,0.7009806618912041,1594.5870725901052,1531.777488564733,379.226801297107,1061.4840646850623,2309.0406582193145,1247.5565935342522,388.75867338950206,47.8934330574981,-231671.11008747373,88.90814838793526,280.6199961411587,807.2534183854449,72.07673427500413
172,field_size_scaled,False,modifiers,inverse_sqrt,none,365.0,365.0,4.0,5,50.0,20.0,0.5,0.5,1.75,10.0,5.0,6,28430,2843700,2842872,0.15537923420393096,0.4762006007390885,0.7686445256768507,7438,16470298,16465002,0.18594419364318418,0.550377587744519,0.7065563672570462,1541.5826133717064,1503.2633299806773,195.01916451678235,1269.619335667427,1919.74706746547,650.127731798043,313.84953447816565,18.38504783565645,-317017.198385769,16.965424705834508,53.279917102315856,280.2891495410961,84.61569340700225
173,field_size_scaled,False,independent,none,none,365.0,365.0,2.0,10,200.0,100.0,1.0,0.667,2.0,15.0,10.0,2,28430,2843700,2842872,0.15632542472539093,0.4763597238949281,0.7611253689930465,7438,16470298,16465002,0.19032971961015738,0.5674126114026171,0.7019227814245027,1563.2316222415295,1521.2138254992751,270.45391547529493,1188.974493492595,2071.168434752087,882.1939412594918,481.3111835910804,26.42035456508063,-242890.15972431985,41.667286394589524,111.2434211350267,261.00775325352265,88.7329114430031
174,field_size_scaled,True,ignore,inverse_sqrt,none,365.0,365.0,3.0,999999999,100.0,100.0,0.75,0.8,1.25,20.0,5.0,1,28430,2843700,2842872,0.15551590836375337,0.4763662179612806,0.767302924648032,7438,16470298,16465002,0.1431099120113723,0.44133422871872235,0.7846642836727259,1562.0218417654492,1510.4739364921033,289.44636386380597,1147.1843385021086,2111.229832522148,964.0454940200395,538.7920688561096,39.9722685391348,-287970.73530618544,26.28819040653681,85.4501693038468,285.79097776082506,102.28477119300805
175,field_size_scaled,True,independent,none,evidence_decay,180.0,365.0,1.0,5,300.0,50.0,0.0,0.667,2.0,15.0,5.0,6,28430,2843700,2842872,0.15595293052222176,0.4764221993442981,0.7622407902993874,7438,16470298,16465002,0.1430330259941619,0.43992567176819103,0.781940202618864,1583.9453048542543,1529.126261561386,337.9933496601603,1114.5613448385288,2228.362554068567,1113.8012092300382,670.8412632170941,39.511394391356816,-2351.0123104411173,43.33889879762899,117.30646969917495,292.48024738552635,139.6997557279974
176,field_size_scaled,True,modifiers,inverse_sqrt,none,365.0,365.0,4.0,20,75.0,75.0,0.75,0.7,1.75,15.0,5.0,6,28430,2843700,2842872,0.15555786678435618,0.476468693406371,0.7681270911951013,7438,16470298,16465002,0.14274401998364517,0.44087640868469874,0.786296776641752,1549.5228202458386,1502.2611881619746,273.9836320099948,1155.1303025002535,2067.4268518660947,912.2965493658412,415.4914670059811,39.7619878169495,-451763.69935536303,28.49000502333675,98.08248463465299,384.9718542311098,115.51905773500039
177,field_size_scaled,False,ignore,inverse_sqrt,evidence_decay,180.0,730.0,1.0,20,300.0,50.0,0.5,0.7,1.75,15.0,5.0,7,28430,2843700,2842872,0.15640501815454744,0.4766667502121219,0.7647488173931152,7438,16470298,16465002,0.1898363184975318,0.5647472710934085,0.7031137317809011,1562.3131456954077,1508.3735847472353,245.0678513106119,1235.5608057181453,2040.6999484840358,805.1391427658905,465.3313189285277,26.92287467626943,551.9008256019507,34.34830726514781,93.95395892636331,336.26328960929413,92.99935700900096
178,field_size_scaled,True,independent,none,none,180.0,365.0,3.0,20,100.0,30.0,1.0,0.7,1.75,10.0,5.0,4,28430,2843700,2842872,0.15600902229701485,0.47674605893947347,0.7633234982088536,7438,16470298,16465002,0.14226210137082165,0.4387084566187481,0.784632883737275,1547.2978272706328,1506.7102418765135,310.62170550872895,1098.8247991071494,2122.9842515588016,1024.1594524516522,463.5459588698027,39.20278161092028,-644007.8296778868,43.02649717383484,138.14449280241584,431.4316068012085,107.62208561999432
179,field_size_scaled,True,modifiers,none,evidence_decay,365.0,730.0,4.0,5,150.0,50.0,0.1,0.7,1.75,10.0,10.0,2,28430,2843700,2842872,0.15607122306335974,0.47689088465831225,0.7644575626338436,7438,16470298,16465002,0.14216061817581727,0.4393133449649145,0.7858286928844588,1543.5045143484356,1502.9242168630694,357.6611785508976,1020.8719405133326,2198.714188179791,1177.8422476664587,511.32333518812607,45.45926621783701,-917702.7561898452,60.588437322647295,198.6181225433083,558.1810145887174,127.7349552079977
180,field_size_scaled,True,modifiers,none,none,365.0,730.0,3.0,5,200.0,50.0,0.75,0.7,1.25,10.0,5.0,2,28430,2843700,2842872,0.1559841707975452,0.4770324124316832,0.7648008774225502,7438,16470298,16465002,0.14173086933873894,0.4386556050716449,0.7867301200449293,1550.2475516822085,1507.9024200053645,363.053783025689,1020.65721038912,2214.053026162272,1193.3958157731522,487.36059350888195,47.96762080677502,-802171.9377367123,62.82475587044295,206.11083690455555,578.8426330295858,104.88497417001054
181,field_size_scaled,True,ignore,none,evidence_decay,365.0,730.0,4.0,10,100.0,10.0,0.0,0.667,1.25,15.0,10.0,4,28430,2843700,2842872,0.15619849065376407,0.47710347258136604,0.7644607284464443,7438,16470298,16465002,0.14346628836060857,0.4415406102454117,0.7831103209097697,1550.2574046587806,1506.771956246157,326.3729417917636,1081.905374080375,2156.6052075828047,1074.6998335024298,564.1905692736607,41.23233069230844,-610332.2144901791,40.58020372039884,124.79518877086889,373.8571408858697,124.16860580899811
182,field_size_scaled,True,ignore,none,none,365.0,180.0,2.0,20,300.0,10.0,0.25,0.667,1.5,10.0,10.0,3,28430,2843700,2842872,0.15491205037515604,0.47720187145462895,0.7675196069327075,7438,16470298,16465002,0.14122247268451588,0.4410747457040243,0.7892230441271735,1584.0857044432994,1534.5245714496698,446.21023431031966,937.2020619118632,2395.824173822342,1458.6221119104787,597.8543705552588,74.46007169656912,-639188.0263928561,87.3260953886607,278.0890245078326,766.5166708707443,126.97568948399567
183,field_size_scaled,False,independent,none,evidence_decay,180.0,180.0,1.5,20,200.0,10.0,0.1,0.667,1.5,15.0,10.0,0,28430,2843700,2842872,0.1570402437923009,0.4772065542587938,0.739686837817531,7438,16470298,16465002,0.19107279269748598,0.5719773466812983,0.6926166786982474,1565.0417714085318,1518.030097516872,287.80200815118684,1169.6724815341017,2109.812934152794,940.140452618692,500.8152170884466,28.881625362074487,-148603.68771921305,51.969989618183476,135.1968204772955,310.0571057400794,114.89060566399712
184,field_size_scaled,True,ignore,none,evidence_decay,365.0,180.0,3.0,5,100.0,100.0,0.75,0.8,1.5,15.0,10.0,6,28430,2843700,2842872,0.1559748844775947,0.4772369584623712,0.7662634828441097,7438,16470298,16465002,0.14329072057702338,0.44173699166902597,0.7843157261687548,1551.350262685035,1504.882230173491,296.0728179251151,1131.1147383725827,2105.718656880697,974.6039185081142,517.5114965061953,38.35526962215238,-441292.6773849409,31.329123663016876,96.44891373849802,332.69903556133283,127.53840552999463
185,field_size_scaled,False,independent,none,evidence_decay,180.0,365.0,1.0,999999999,150.0,50.0,0.0,0.667,1.5,10.0,5.0,1,28430,2843700,2842872,0.15639973361915335,0.477901697461165,0.7633016892776038,7438,16470298,16465002,0.18934041604700494,0.5632090243762858,0.7028962401583674,1570.775127153743,1523.739726606558,257.52763269432614,1217.8467339203344,2058.564833686421,840.7180997660867,539.3256114575834,21.242862546081938,704.8126263221995,28.301169935485632,69.19235114847571,145.97061412570494,105.70892216599896
186,field_size_scaled,True,independent,inverse_sqrt,none,180.0,730.0,4.0,20,150.0,50.0,0.1,0.8,1.75,20.0,5.0,2,28430,2843700,2842872,0.15653907715470017,0.4781412314597637,0.7621866197282186,7438,16470298,16465002,0.14210415733675433,0.43925142615193646,0.7850492213727032,1564.9820037620777,1519.7509785854922,337.40253995602234,1071.858214400965,2189.9090063930585,1118.0507919920935,466.5450807725774,56.3955103332504,-493274.7206685681,59.89767073493615,198.6459819215164,570.3396998387911,143.0049380470009
187,field_size_scaled,True,independent,inverse_sqrt,none,180.0,730.0,4.0,5,75.0,75.0,0.75,0.5,2.0,15.0,10.0,1,28430,2843700,2842872,0.15642245491792484,0.478686936334553,0.7648800227375696,7438,16470298,16465002,0.14277096755392613,0.4408383154428211,0.7851508915698887,1551.0153571082444,1506.4046157035318,273.2584369347496,1149.5264940777433,2075.065724344755,925.5392302670116,393.4599695217271,42.80791452096764,-423220.9502190846,28.225281654739625,101.78560389585185,455.536896367329,130.70117104299425
188,field_size_scaled,True,ignore,inverse_sqrt,none,180.0,180.0,4.0,20,200.0,75.0,0.75,0.8,1.25,20.0,5.0,2,28430,2843700,2842872,0.1556339916709,0.4789566862692084,0.7667995604445083,7438,16470298,16465002,0.14160986930091343,0.44227474703459435,0.7886329439862807,1576.3577879032423,1523.4976925214087,392.49717808754866,998.4739057336564,2297.379716098618,1298.9058103649613,440.4383772467604,71.42373387401892,-555319.5536024905,74.09162795090286,256.8601125838096,825.8562412237842,99.08864464498765
189,field_size_scaled,True,modifiers,inverse_sqrt,none,180.0,730.0,1.5,999999999,200.0,30.0,0.1,0.8,1.25,10.0,5.0,4,28430,2843700,2842872,0.15686042489546095,0.47937209855892643,0.7651494685655914,7438,16470298,16465002,0.14372368196743865,0.44287002666346625,0.7839629779577312,1556.2207104013241,1505.1343204014672,277.59064649352507,1168.6189521814613,2087.7191048609484,919.1001526794871,488.92119842814395,36.53875008618763,-222413.84781419186,34.12085166983702,102.58148217180538,266.4192330352789,105.85849981699721
190,field_size_scaled,True,modifiers,none,none,365.0,365.0,1.5,999999999,150.0,20.0,0.75,0.5,1.25,10.0,5.0,1,28430,2843700,2842872,0.15683516472517375,0.4794164789793933,0.7643724374505781,7438,16470298,16465002,0.14415299446717275,0.44356452671595054,0.7821415994969207,1551.7160530165345,1504.4887601589517,293.28321508224866,1143.2347159170417,2105.3727299822217,962.13801406518,547.2470856583743,32.43778499361849,-213801.00277808838,30.867851097805943,87.62796712596798,227.29141889514952,107.45477210800163
191,field_size_scaled,True,independent,inverse_sqrt,evidence_decay,365.0,730.0,1.5,10,200.0,5.0,0.75,0.7,1.25,10.0,10.0,4,28430,2843700,2842872,0.1570598078440324,0.4795163113613912,0.762003354354329,7438,16470298,16465002,0.1436987278829846,0.44243994106264206,0.7823858144687744,1562.197299022533,1514.0941325906074,294.53664990331157,1144.2149986210604,2122.8624760504745,978.647477429414,513.5418172836362,41.41965715502954,-234123.4040692935,39.28445871076251,118.07534630178804,306.493237787156,157.3189798730018
192,field_size_scaled,True,independent,none,evidence_decay,180.0,730.0,4.0,10,300.0,100.0,0.25,0.667,1.75,10.0,5.0,6,28430,2843700,2842872,0.1524659007507931,0.4795316552700936,0.771774107311198,7438,16470298,16465002,0.1411241528362009,0.4545245770725323,0.7925323665311429,1585.2743809306453,1548.1685713679299,490.03962894568235,841.9864257781851,2450.994478286108,1609.008052507923,453.4961903630067,80.86324186585057,-1064900.7571725878,96.54876857015176,346.8952673395457,1555.1487464298623,143.84203695700853
193,field_size_scaled,False,ignore,none,evidence_decay,365.0,365.0,2.0,20,75.0,20.0,0.25,0.7,2.0,15.0,10.0,6,28430,2843700,2842872,0.15701952061934285,0.4804513222877729,0.7661076545127603,7438,16470298,16465002,0.18734909588940357,0.5548711145422979,0.7048775943057888,1553.8657268987356,1511.6234756431763,219.69744670878694,1252.625650798462,1973.6449822248205,721.0193314263586,439.00271751657283,19.589949420791527,-176333.54169320647,20.105433242279346,50.97650471355348,148.06433742410843,92.99467181799992
194,field_size_scaled,False,independent,inverse_sqrt,none,180.0,730.0,2.0,5,100.0,30.0,0.0,0.667,2.0,15.0,5.0,4,28430,2843700,2842872,0.15719906873509581,0.4804559786600741,0.7636098283707462,7438,16470298,16465002,0.18991440236500115,0.5628224145949237,0.7010101790452258,1556.9022377042816,1514.371033445876,221.47529945044283,1250.298952574952,1983.1315259499884,732.8325733750364,414.42968842554296,21.016059320948216,-178837.0403575986,24.969713131368845,69.60663830256004,182.02016101359115,75.30105990999436
195,field_size_scaled,True,ignore,none,evidence_decay,180.0,365.0,2.0,999999999,200.0,30.0,0.0,0.667,1.5,15.0,10.0,3,28430,2843700,2842872,0.1577202078659475,0.48071423769404564,0.7619111940319507,7438,16470298,16465002,0.1438827779861081,0.44239620138428565,0.7823753680685858,1563.3847126844953,1513.463320847163,336.9767914056089,1086.19568841155,2197.187305878484,1110.991617466934,613.7398601325581,44.164863976514766,-369865.2543698417,47.83905201621613,139.3430818831722,373.95937113752467,179.57453349199204
196,field_size_scaled,False,ignore,inverse_sqrt,evidence_decay,180.0,180.0,3.0,10,100.0,75.0,0.1,0.8,1.75,10.0,10.0,7,28430,2843700,2842872,0.15785906112736084,0.48081356043301465,0.7628127471092614,7438,16470298,16465002,0.19013985999270075,0.5631648063301895,0.7012032552440626,1545.5253232389177,1504.2452141228403,225.4459820147952,1231.1313431946953,1983.0781013152296,751.9467581205342,393.9013883253383,24.13485172077685,-343828.64362323773,29.71287921057085,86.38641635675842,231.74003373110804,93.65740742300113
197,field_size_scaled,False,modifiers,none,none,365.0,730.0,3.0,10,100.0,100.0,1.0,0.667,1.75,10.0,10.0,4,28430,2843700,2842872,0.15735247497940705,0.48087091710481883,0.7647839930886793,7438,16470298,16465002,0.18942945374117182,0.5611339377554893,0.7022500209839027,1545.14092522517,1509.8234398598534,229.34387354381414,1223.3575781209547,1974.3349994588439,750.9774213378892,419.5409160094887,20.820760626743095,-362151.1279101118,26.140564791758948,72.57849801186529,187.0758249744461,73.5796076520055
198,field_size_scaled,True,modifiers,inverse_sqrt,evidence_decay,180.0,365.0,2.0,10,300.0,5.0,0.1,0.8,1.75,20.0,10.0,7,28430,2843700,2842872,0.15668205836111812,0.48104129949064706,0.765069267979705,7438,16470298,16465002,0.14235453316163768,0.4433218462283831,0.7871495551594831,1581.0489104539993,1523.2636896546605,393.3763218080388,1011.7086593982706,2312.439899218495,1300.7312398202246,510.8619131470182,65.79544827690313,-330886.4167528526,79.78955416160193,265.3765244389317,771.9705955297989,146.55924323099316
199,field_size_scaled,False,independent,none,none,365.0,730.0,2.0,999999999,100.0,75.0,0.1,0.8,1.25,10.0,10.0,6,28430,2843700,2842872,0.1574457181701435,0.4812499566319166,0.7624708393483772,7438,16470298,16465002,0.18891029840335805,0.5596503261002714,0.7018056845665734,1552.4639914056636,1516.3269037837445,225.53087665919506,1238.06026565588,1980.293017891384,742.232752235504,428.5383165971316,19.446908519778503,-226348.5143406313,24.45505534640999,64.09537677503685,143.33574342954162,106.50454937100585
200,field_size_scaled,True,modifiers,none,none,180.0,730.0,1.5,999999999,300.0,20.0,1.0,0.7,1.75,20.0,5.0,2,28430,2843700,2842872,0.15671394534721922,0.4812890597775803,0.7639858565563276,7438,16470298,16465002,0.1420939670985326,0.44218820551808147,0.786655416136603,1587.8655545157167,1534.8384516142278,411.532368892159,995.3696646212179,2345.115207071094,1349.7455424498762,585.9105083163222,64.44912950328558,-253308.39849465163,84.597498989508,265.5813504763226,675.9270779415449,106.43099698099832
201,field_size_scaled,True,ignore,none,evidence_decay,365.0,180.0,2.0,20,100.0,10.0,0.75,0.7,1.25,20.0,10.0,1,28430,2843700,2842872,0.15750777041729408,0.48129399823014135,0.763402643523873,7438,16470298,16465002,0.14529424636817082,0.4465597007245281,0.7802517120860356,1564.4009911830124,1511.1565526896045,306.98509861294093,1134.6299194658823,2146.188387708204,1011.5584682423219,619.0109654389289,33.5449153488629,-234852.9205978388,28.29397886205984,80.10350455964249,207.1809894733816,111.27608992900059
202,field_size_scaled,False,modifiers,none,none,365.0,180.0,3.0,999999999,75.0,20.0,0.5,0.7,2.0,20.0,10.0,0,28430,2843700,2842872,0.15836593670828036,0.48131914227876166,0.7441576687237413,7438,16470298,16465002,0.18918080778039092,0.5603041459676212,0.6935322570868804,1542.6970678870623,1501.7199152436474,218.27810069308805,1248.5033042239,1968.1866167737653,719.6833125498654,372.7615467073804,21.339801353706434,-233726.36058891792,32.19217864303754,84.90023168954946,303.9348127562562,72.67928364900581
203,field_size_scaled,True,modifiers,none,none,365.0,365.0,1.5,999999999,300.0,100.0,0.0,0.8,2.0,15.0,10.0,2,28430,2843700,2842872,0.15803949014987978,0.48133134735416544,0.760428186706964,7438,16470298,16465002,0.14353834513678657,0.44153380894383754,0.7821588482042091,1563.9127005473265,1516.0231705145811,339.4038050841136,1080.3656113272768,2199.0428458967717,1118.6772345694949,589.0421027195418,41.977837450036304,-252000.04948545335,57.34094390055886,165.92372196265825,424.2623807890318,137.00565510199522
204,field_size_scaled,True,modifiers,none,none,180.0,180.0,3.0,10,150.0,100.0,0.0,0.5,1.75,20.0,10.0,2,28430,2843700,2842872,0.15816356215714925,0.481634706808142,0.7606153214073655,7438,16470298,16465002,0.143907546843001,0.4425332637158883,0.7819309101814867,1556.7052803889337,1510.388239746973,335.46259483611067,1076.1369205780986,2184.9029866223345,1108.766066044236,582.1777228761148,40.49907616836572,-458656.46752426465,52.40439371512258,157.62702383826246,420.08859279590763,105.41808328400657
205,field_size_scaled,False,independent,none,evidence_decay,180.0,730.0,1.0,10,300.0,50.0,0.0,0.5,2.0,10.0,10.0,0,28430,2843700,2842872,0.15867347682383662,0.4817370475290295,0.7371344893473923,7438,16470298,16465002,0.1929758505209758,0.579379740807868,0.690405260807135,1571.3877063583814,1521.3267698962406,301.943018358583,1159.5219852623306,2139.133091589917,979.6111063275864,555.7072924679023,31.121013623608064,1448.4187843118489,56.28868400712321,144.87254199486387,293.3434713796494,96.21389244600141
206,field_size_scaled,False,modifiers,inverse_sqrt,none,180.0,365.0,4.0,20,50.0,50.0,0.1,0.7,1.75,20.0,5.0,4,28430,2843700,2842872,0.15759316841380322,0.482115340302439,0.7664013715707214,7438,16470298,16465002,0.18891743300453578,0.558909202860019,0.7026851864336244,1550.0468977570051,1507.211366853017,206.96994026854756,1264.3932082740357,1951.0050335533267,686.611825279291,390.3063996240983,19.662890789756602,-230219.58997788478,20.025254386209596,57.468104609874764,156.59329219091512,119.67336487100692
207,field_size_scaled,True,independent,none,evidence_decay,365.0,730.0,4.0,20,75.0,100.0,0.1,0.7,1.75,15.0,10.0,1,28430,2843700,2842872,0.15792280585723642,0.4824631262526788,0.7612326548645173,7438,16470298,16465002,0.14539198204752946,0.44724262767475065,0.7797165162810183,1544.219408618879,1504.4244430405306,285.78495424674344,1128.4683192714087,2079.3115560672413,950.8432367958326,518.2034433016161,33.01567328259409,-461650.2539777496,29.12972262877697,91.09868468083795,239.43638817726486,142.11712871100463
208,field_size_scaled,False,independent,inverse_sqrt,evidence_decay,180.0,730.0,4.0,10,50.0,75.0,0.0,0.7,2.0,10.0,10.0,1,28430,2843700,2842872,0.15790514488429036,0.4825567007674249,0.7614018499601811,7438,16470298,16465002,0.18961325378694238,0.5607336136510495,0.7001707622021546,1545.6917163255735,1513.3063828900054,211.0030802518302,1237.4749326028127,1935.8741394533586,698.3992068505459,367.9877801698385,17.589013384666487,-333672.930615671,19.641714714567613,60.384171559031316,181.99865679183677,103.36877896900114
209,field_size_scaled,False,independent,none,evidence_decay,365.0,365.0,2.0,5,150.0,100.0,0.5,0.7,1.5,10.0,5.0,3,28430,2843700,2842872,0.158328216900949,0.48271123558832346,0.7610701431510106,7438,16470298,16465002,0.19029231768368307,0.5643003440285617,0.7006370846477881,1553.0257187990005,1514.960665342203,237.93876955223405,1225.2642748210872,2001.4910547860823,776.2267799649951,439.76220437392317,22.470931079676234,-273517.46419477835,31.99645090222347,84.419663554681,195.3795529884344,135.82226630099467
210,field_size_scaled,True,ignore,inverse_sqrt,evidence_decay,180.0,730.0,4.0,5,75.0,30.0,0.0,0.667,1.5,15.0,10.0,6,28430,2843700,2842872,0.15807336700125676,0.4830756335465856,0.7638303799819338,7438,16470298,16465002,0.14624235595902405,0.4500610811006782,0.7802135705783698,1547.1999601983098,1502.2648231105304,271.7265050039149,1158.7515152984995,2059.512763205763,900.7612479072634,493.4685936881142,35.533955225692125,-409816.9471071217,26.240147207044203,83.11751730575645,274.3394717745732,146.30091682200145
211,field_size_scaled,False,ignore,none,none,365.0,730.0,1.5,999999999,100.0,100.0,0.0,0.667,2.0,15.0,5.0,5,28430,2843700,2842872,0.1581616041093429,0.48312894710205223,0.764235955751789,7438,16470298,16465002,0.18964979878137467,0.5622448397182408,0.702390500772487,1561.2856806766954,1518.6661715681112,239.44021284955332,1232.4038364695527,2015.323205059385,782.9193685898322,500.5291324503212,21.312591386848226,-121815.71275870375,24.465282011645417,61.208856897123745,133.06098692359356,82.82497741898987
212,field_size_scaled,True,ignore,none,evidence_decay,365.0,180.0,1.5,10,200.0,75.0,1.0,0.667,2.0,10.0,5.0,3,28430,2843700,2842872,0.15868089454912937,0.48374878905137947,0.7621690318804364,7438,16470298,16465002,0.14377400324377798,0.4429007198311423,0.7839146937243008,1557.9520793533675,1507.4429742078032,303.13832528798946,1136.8507234374224,2131.978940443876,995.1282170064537,457.77667175445276,44.543369760168844,-274809.8742012208,42.10269168710255,130.44896826216498,446.7418349069809,125.30093334399862
213,field_size_scaled,True,modifiers,none,none,180.0,730.0,3.0,999999999,75.0,10.0,0.1,0.5,1.75,15.0,5.0,5,28430,2843700,2842872,0.15834483720021864,0.48379599694563374,0.7635102811522995,7438,16470298,16465002,0.14585593792705762,0.44880966913540704,0.7806432091535731,1542.3344478942156,1501.1955466823156,270.1478993985471,1160.9948497976868,2050.0189460475362,889.0240962498494,489.95232847055263,30.63955751435458,-423607.984990494,29.108405509671737,86.32281974073176,219.78627778081488,105.47037328299484
214,field_size_scaled,True,ignore,inverse_sqrt,evidence_decay,180.0,730.0,1.5,20,200.0,30.0,0.5,0.7,1.5,15.0,5.0,2,28430,2843700,2842872,0.15896106807506888,0.4839570927448571,0.7605949195039383,7438,16470298,16465002,0.14406492953489317,0.4433318383140878,0.7824568135491268,1559.8637714107904,1506.8842414426335,294.5131801905653,1142.0101983675988,2122.4883903011564,980.4781919335576,509.5172929849052,44.93989597792074,-189630.2969813565,41.973812659903096,131.37546426918684,359.6438429056882,147.3472172049951
215,field_size_scaled,False,ignore,none,none,365.0,730.0,4.0,999999999,300.0,100.0,0.75,0.667,2.0,20.0,5.0,0,28430,2843700,2842872,0.1559227751503653,0.4847014290375107,0.7492243759128093,7438,16470298,16465002,0.19891441247161468,0.6333513404419765,0.7003066868743776,1604.727822963495,1564.4392119220984,469.4427708120962,924.4225850586679,2437.18872593627,1512.7661408776023,641.4299895100467,65.57032445531922,-487759.9741582081,112.47647051192637,346.0406857957647,942.4345369109417,70.45038299300359
216,field_size_scaled,True,independent,none,none,365.0,180.0,4.0,999999999,100.0,30.0,0.5,0.667,2.0,15.0,5.0,7,28430,2843700,2842872,0.15889431306348217,0.484710693905169,0.759151660714939,7438,16470298,16465002,0.14355656337537426,0.4437263377261044,0.7832587569682652,1552.0500835580758,1510.8223296437532,339.5005117904343,1058.1405305242322,2178.432379983378,1120.2918494591456,411.1308450844233,53.366440224834264,-687736.0476087047,62.15635569359156,206.0143404691933,623.5674433843435,105.05372693500249
217,field_size_scaled,True,ignore,none,evidence_decay,365.0,365.0,3.0,20,150.0,10.0,1.0,0.667,2.0,10.0,10.0,7,28430,2843700,2842872,0.15790827141499278,0.4849499888555955,0.763099077271154,7438,16470298,16465002,0.14330429807601544,0.44630378085281575,0.7857827165766514,1562.5669708332512,1517.1433729322425,423.7088263296007,939.81368872228,2332.79712425483,1392.9834355325502,525.2685584577719,64.2101897817654,-911953.8100697912,84.91161989215661,284.8189578454787,773.2965944150858,129.80738142000337
218,field_size_scaled,True,independent,inverse_sqrt,evidence_decay,365.0,730.0,3.0,10,200.0,30.0,0.75,0.7,2.0,20.0,10.0,3,28430,2843700,2842872,0.15615205958976217,0.48495536159556846,0.7659440875283868,7438,16470298,16465002,0.1425264031867241,0.4507739655529929,0.788705643643408,1593.7540407098566,1539.2167033314151,416.5828650800922,976.0223364386788,2360.4593158664197,1384.4369794277409,370.63898566241255,80.4153512905857,-505099.88545926707,87.5627596043929,317.38133986668157,1024.8658538488323,138.81305629400595
219,field_size_scaled,True,independent,none,none,365.0,730.0,3.0,5,100.0,10.0,1.0,0.8,2.0,10.0,5.0,7,28430,2843700,2842872,0.1594426704573043,0.4850484858516681,0.757418202437535,7438,16470298,16465002,0.144452678141466,0.4445051757177014,0.7807639501045915,1548.7685775124494,1508.9047134229686,338.8020626525271,1056.3002602580557,2175.1076011398955,1118.8073408818398,502.5449878683032,41.709203446890115,-749158.247577231,60.25285381786175,193.5735023703347,495.8693701461733,138.95683512100368
220,field_size_scaled,True,modifiers,inverse_sqrt,none,180.0,365.0,3.0,5,100.0,100.0,0.25,0.8,2.0,15.0,5.0,4,28430,2843700,2842872,0.1588703481044443,0.4852097433415466,0.7637424407430232,7438,16470298,16465002,0.14590240075808225,0.4493663559434277,0.7817432393873988,1545.4952380050736,1499.9102467358757,258.32173559350576,1178.1629989534601,2037.6346442203255,859.4716452668654,459.6197749962894,33.99402875029648,-381510.71740940993,27.928436693105144,88.32625458759605,306.0078013882425,118.99721665499965
221,field_size_scaled,True,independent,none,none,180.0,730.0,2.0,10,150.0,100.0,0.0,0.8,1.25,20.0,10.0,4,28430,2843700,2842872,0.15921384843622408,0.48524255611067235,0.7587077434369187,7438,16470298,16465002,0.14596665913610882,0.4482426030986267,0.778412356099319,1561.178261911001,1514.7859444443873,301.02574300647814,1136.0962525115658,2128.7510431877863,992.6547906762205,567.0857861624777,34.859675408035514,-268033.5717607178,37.64243079357061,106.83288662730588,276.3826567458938,121.06402155000251
222,field_size_scaled,True,independent,none,none,180.0,730.0,1.5,10,150.0,10.0,0.75,0.8,2.0,15.0,10.0,2,28430,2843700,2842872,0.15956417010513504,0.48527132088813946,0.7564543883790759,7438,16470298,16465002,0.1444046128018734,0.44377426343184023,0.7798870598375877,1564.3166297640446,1516.318628588418,324.8249520487866,1103.568427740111,2177.1861357796547,1073.6177080395437,559.4412632834958,41.703239157685175,-235089.89973929006,53.46974501263934,155.65255262955895,367.54660463349524,119.26986109100108
223,field_size_scaled,True,modifiers,inverse_sqrt,evidence_decay,365.0,730.0,4.0,5,150.0,100.0,0.25,0.667,2.0,15.0,5.0,0,28430,2843700,2842872,0.15940059846158988,0.48537436343677826,0.7437763641838254,7438,16470298,16465002,0.14456182197896028,0.44599468796596103,0.7739578774421042,1543.2528395615695,1500.071846853698,315.045280181177,1080.5670665443906,2134.4571468005324,1053.8900802561418,415.24774634193113,47.52534986545561,-589684.4721445817,54.93752212225359,187.07563224140435,735.3605602031475,122.15647820099548
224,field_size_scaled,True,ignore,none,evidence_decay,365.0,180.0,4.0,5,50.0,30.0,0.5,0.667,1.5,20.0,5.0,5,28430,2843700,2842872,0.15893473110139122,0.48539297925891806,0.7626910392026092,7438,16470298,16465002,0.1460117101063114,0.44924213299822374,0.7804586358386109,1547.5978820242387,1503.5697308059605,272.640672734103,1164.5448374657904,2065.54476807519,900.9999306093996,505.0498244979344,31.973149005621963,-395640.10589229927,26.80337700037823,81.59171506903537,233.34339729539874,123.46765682099795
225,field_size_scaled,True,independent,none,none,365.0,365.0,1.0,20,150.0,20.0,0.25,0.667,2.0,10.0,5.0,1,28430,2843700,2842872,0.15910374352778994,0.48555953871802854,0.7600433645974916,7438,16470298,16465002,0.14521131751554348,0.44657052698406347,0.7801937102710342,1561.388858472681,1511.6996285971206,281.3657323851412,1173.2029530598315,2102.0500520685923,928.8470990087608,567.6051123244358,32.46447221673532,-3263.8859364227355,30.041271003195153,80.4324800176413,253.12248798146425,115.9590427600051
226,field_size_scaled,False,independent,inverse_sqrt,none,180.0,365.0,2.0,5,150.0,100.0,0.25,0.5,1.25,10.0,5.0,3,28430,2843700,2842872,0.15915724454756747,0.4856373470767293,0.7626836523065407,7438,16470298,16465002,0.18941546687116656,0.5599997233971293,0.7009236318343599,1545.4125490755916,1506.9415590616582,196.14859027398498,1279.0051218676695,1930.5505816400291,651.5454597723597,346.599271163152,20.145016442585074,-213412.66957153392,23.183441769449946,65.51389976475794,195.57368977086907,75.05432687400025
227,field_size_scaled,False,independent,none,none,180.0,730.0,4.0,5,75.0,75.0,1.0,0.8,1.5,10.0,10.0,2,28430,2843700,2842872,0.15969930864578613,0.4857612480637264,0.7572669469466089,7438,16470298,16465002,0.1914305197981485,0.5664735008033894,0.6975017069539378,1543.8568529403694,1511.007497241636,230.432354444169,1220.1038215338508,1975.6591443176408,755.55532278379,393.977631245122,20.53932656129234,-471441.65823899204,32.34585499737485,92.26596886628448,250.0002538288144,100.81248216600216
228,field_size_scaled,True,ignore,none,evidence_decay,180.0,730.0,1.5,20,300.0,10.0,0.5,0.8,2.0,10.0,5.0,2,28430,2843700,2842872,0.1576840420464894,0.4858918689620128,0.7634033470377843,7438,16470298,16465002,0.14307550561136675,0.44730180881400583,0.7861777970023933,1591.915368357876,1536.8581259854095,450.1854651106357,945.3556695134264,2414.3097043684284,1468.954034855002,611.2222874984197,78.06374219899953,-393016.14848005347,95.14410204185377,299.61819508670237,768.7481833082628,171.3209717909922
229,field_size_scaled,False,modifiers,none,evidence_decay,180.0,365.0,4.0,999999999,200.0,10.0,0.75,0.5,2.0,10.0,5.0,2,28430,2843700,2842872,0.15190034495768315,0.485924244234615,0.7760824265039017,7438,16470298,16465002,0.19411642662064454,0.6346385838274891,0.7211439148321999,1610.3602997888468,1555.5544598940119,457.2905937171648,951.9486268748517,2446.4305837691345,1494.4819568942828,198.73463038701743,51.85347389718686,-804083.8591481566,107.81537179918512,357.7094136223661,1501.307316717044,100.64107579800475
230,field_size_scaled,True,modifiers,inverse_sqrt,none,180.0,180.0,3.0,10,100.0,5.0,0.0,0.7,1.75,10.0,10.0,6,28430,2843700,2842872,0.15914442944576054,0.48597036671541727,0.7626052105054325,7438,16470298,16465002,0.1472080931737452,0.45291005301072756,0.7791107465398425,1537.9093249085302,1497.462850923794,260.01779749749835,1166.8762425496107,2031.023413727807,864.1471711781965,463.71569306343326,29.60233340065838,-455096.86996943183,26.30758576243387,82.74021835037826,272.1300361454824,103.81604680400051
231,field_size_scaled,False,modifiers,inverse_sqrt,none,365.0,180.0,4.0,10,50.0,20.0,0.5,0.7,1.5,15.0,5.0,2,28430,2843700,2842872,0.15949477271517265,0.4862788517623519,0.7631247555289158,7438,16470298,16465002,0.18920178742719312,0.5587402883492223,0.7010147948964719,1540.3912901786462,1500.8525024845544,190.88528333706893,1279.7877752360678,1918.533675454762,638.7459002186943,333.5096526481491,18.24587699078029,-270543.75075349846,21.442127882171857,64.26862679957307,217.9680425359008,78.77953734999755
232,field_size_scaled,True,ignore,none,evidence_decay,365.0,365.0,2.0,5,200.0,50.0,0.1,0.667,1.75,15.0,10.0,7,28430,2843700,2842872,0.16007079196191007,0.48644597559280717,0.7581171435083958,7438,16470298,16465002,0.14506900781328366,0.4455861668519337,0.7803586662182003,1554.868540787495,1506.5969062362929,322.67124203024696,1096.956179823188,2163.0347570952445,1066.0785772720565,570.3122017000501,43.21279589535061,-379791.55619944126,50.270820349840236,147.60190359169295,389.7504836798202,139.43754790899402
233,field_size_scaled,False,ignore,none,evidence_decay,365.0,730.0,3.0,999999999,75.0,10.0,0.0,0.7,1.25,10.0,5.0,2,28430,2843700,2842872,0.15992813020410762,0.4865861127086322,0.7595224125461857,7438,16470298,16465002,0.19126198467904448,0.5662125050907635,0.6990460736050927,1544.487664869972,1507.8445925817773,235.82736544895076,1214.8671176567136,1985.701110179196,770.8339925224823,426.6831819795532,21.923856983196174,-410195.92371896846,30.74873961002673,84.60432982103737,196.80966588312464,110.07922549999785
234,field_size_scaled,False,independent,inverse_sqrt,none,180.0,365.0,3.0,5,75.0,75.0,0.75,0.7,2.0,15.0,10.0,6,28430,2843700,2842872,0.15939214645742472,0.4868379941164723,0.7611285348056472,7438,16470298,16465002,0.1902311836011639,0.5619053325896181,0.6988185607265641,1548.8662544323686,1511.5256180425574,198.201219752868,1267.3614388641056,1929.1924278030658,661.8309889389602,377.12063986693533,19.83480073296346,-215756.83669505006,18.605043527632827,53.88323222520006,172.54105226699957,81.70288423998863
235,field_size_scaled,True,modifiers,inverse_sqrt,evidence_decay,365.0,730.0,4.0,10,200.0,20.0,1.0,0.5,1.5,15.0,10.0,2,28430,2843700,2842872,0.15648168175276295,0.4869703531921546,0.7671991563461176,7438,16470298,16465002,0.14270880686080276,0.45219726527213294,0.7891995397267489,1583.1499610189776,1527.7131766703521,440.32260523649126,918.7127591459098,2387.2012995079863,1468.4885403620765,409.6662210581958,81.3770626091133,-781733.1412269141,94.61505772968025,344.12218479151545,1082.7186370552665,127.73110561599606
236,field_size_scaled,True,ignore,none,evidence_decay,180.0,365.0,4.0,5,75.0,75.0,0.25,0.7,1.5,20.0,5.0,3,28430,2843700,2842872,0.1598558179264042,0.4870505484021113,0.7610711984218776,7438,16470298,16465002,0.1457080470928529,0.44810690552613214,0.7811241687064477,1546.8274744327487,1500.8836316016318,279.7150705158035,1152.2523001518462,2075.8685897647424,923.6162896128963,501.82745394651033,37.83665295296612,-434482.22358261526,34.329507138152835,102.4377404818104,308.6965863978286,152.4885216900002
237,field_size_scaled,True,ignore,none,evidence_decay,365.0,180.0,2.0,10,200.0,75.0,0.0,0.667,1.25,10.0,10.0,2,28430,2843700,2842872,0.16028860030483735,0.4871035433731929,0.7571913192011459,7438,16470298,16465002,0.1458598650828252,0.44760457482118393,0.7787002394533569,1551.7997118053663,1504.907165102804,321.506245579317,1093.1462340464923,2156.59637846498,1063.4501444184875,582.1113973163797,41.77836707322206,-465954.14210570895,47.18154830255268,138.72211854097367,371.4851146892989,144.43512383499183
238,field_size_scaled,False,ignore,none,none,180.0,730.0,1.0,10,150.0,5.0,0.1,0.8,1.5,15.0,5.0,2,28430,2843700,2842872,0.16011946116483822,0.487190279478748,0.7605150706750076,7438,16470298,16465002,0.19044509342725435,0.5649688595718121,0.7011222349077152,1561.041790838204,1512.5943106327118,242.5876960742427,1237.5237653791146,2030.2432398690385,792.7194744899239,506.5655810286253,23.875888045308557,610.2897629516067,31.588422626457646,74.57256992709034,176.4093375927734,69.47993181100173
239,field_size_scaled,False,ignore,none,evidence_decay,180.0,730.0,3.0,999999999,50.0,50.0,0.75,0.8,1.5,20.0,5.0,1,28430,2843700,2842872,0.15962074505800858,0.4872722179133871,0.7623624982060395,7438,16470298,16465002,0.18964616821366928,0.5605472726724361,0.7009276403367579,1552.7278781409489,1514.548935928242,219.104587936072,1243.1620535578618,1964.1757304956714,721.0136769378096,463.3495304717321,20.335569324858852,-200630.9282416927,17.51684777326611,47.22911424641809,148.56807758285635,112.11751358899346
240,field_size_scaled,False,ignore,inverse_sqrt,none,365.0,365.0,1.0,20,300.0,75.0,0.5,0.5,1.5,10.0,5.0,7,28430,2843700,2842872,0.1604019514838618,0.4877297128365034,0.7612126047180457,7438,16470298,16465002,0.19078537272216076,0.5643367523935154,0.6997307379616474,1551.4687203178812,1503.144607960164,211.44360355277493,1273.3455856496198,1972.7836296189219,699.438043969302,423.7106910101181,21.673609052692882,409.5198577392174,26.565206129071065,71.49573634938908,270.567244162269,72.52983462398697
241,field_size_scaled,False,modifiers,none,evidence_decay,180.0,730.0,1.0,999999999,200.0,75.0,1.0,0.5,1.5,20.0,10.0,5,28430,2843700,2842872,0.15990606825315898,0.48799642770122154,0.7635982203912101,7438,16470298,16465002,0.19004314988952398,0.5622278918267196,0.7011569752618311,1557.9626258547544,1512.1817371143131,213.27537267703872,1276.9535844571396,1969.3887798914132,692.4351954342735,474.1578917558131,17.547602191549004,393.148314845863,20.81495723947677,49.355543172544984,218.84655069152234,100.91950811300194
242,field_size_scaled,True,independent,inverse_sqrt,none,180.0,365.0,4.0,5,50.0,5.0,1.0,0.7,1.5,15.0,10.0,5,28430,2843700,2842872,0.1599786984337776,0.488200810067675,0.7597253763095911,7438,16470298,16465002,0.14748182383650266,0.45356911931861854,0.7778220737537718,1544.0659103177115,1504.2808502477246,254.0250833147589,1176.752891152615,2028.9013900678506,852.1484989152357,455.15399628246814,30.79331633701611,-423658.46875313803,27.167701471548845,85.79056406985609,233.8036061101186,104.87649974500528
243,field_size_scaled,True,modifiers,none,none,180.0,730.0,1.0,20,200.0,30.0,0.1,0.5,1.25,20.0,5.0,4,28430,2843700,2842872,0.16030004158835606,0.48851297681183214,0.7602523082291429,7438,16470298,16465002,0.1468961265210845,0.4510670745032958,0.7787951680783276,1567.488647939305,1512.4826629783997,285.9064354549959,1177.7162799164698,2118.7429567994636,941.0266768829938,593.1383596439807,29.42000287471501,-6630.1143438905065,32.15940043926528,83.37149266506394,213.8821978047601,104.1037918029906
244,field_size_scaled,False,modifiers,inverse_sqrt,evidence_decay,180.0,180.0,4.0,5,300.0,100.0,0.1,0.8,2.0,20.0,5.0,0,28430,2843700,2842872,0.15539690736149514,0.4886527274100062,0.7532716914444266,7438,16470298,16465002,0.20066742858923087,0.6506824586284614,0.7024113328379796,1614.2010837909552,1554.2635153859583,462.5520055724844,945.733585854965,2459.078158661291,1513.3445728063261,485.153678149426,56.487356086436876,-412564.92369559786,117.1404059345728,383.34102885864684,1015.3450894474406,94.88290039000276
245,field_size_scaled,False,independent,inverse_sqrt,evidence_decay,180.0,180.0,3.0,20,100.0,100.0,0.75,0.5,2.0,20.0,10.0,4,28430,2843700,2842872,0.1601743738928669,0.4888581767223554,0.761475718920866,7438,16470298,16465002,0.1905940938423267,0.5628922809350753,0.6986224477834865,1549.2366974460042,1509.392725552256,196.99797323498422,1277.6358114661627,1933.6805115273062,656.0447000611434,391.23149263305595,20.20082705453092,-182661.3815987393,19.865085176712896,55.72897985095817,185.61342030241187,143.73507809000148
246,field_size_scaled,False,ignore,none,none,180.0,180.0,3.0,999999999,50.0,30.0,0.25,0.667,1.25,20.0,5.0,5,28430,2843700,2842872,0.16010577377585067,0.48904504346501465,0.7633428448414139,7438,16470298,16465002,0.18898422652446495,0.5585098818274375,0.7019613480763622,1547.7479314323152,1509.545964990156,202.2352397818886,1268.9191672815082,1934.0829004297636,665.1637331482555,414.02523560176246,18.272138387762652,-204793.56858154637,17.755869234430982,46.10850895210055,125.2517691177323,69.43119099400064
247,field_size_scaled,True,ignore,none,evidence_decay,180.0,365.0,3.0,20,100.0,10.0,0.5,0.5,1.75,15.0,10.0,0,28430,2843700,2842872,0.1612095303968382,0.48923373228313805,0.7383118198779263,7438,16470298,16465002,0.14576225142215854,0.44745256906334646,0.7699495572487631,1547.9424003455388,1502.0019504072143,333.8673402820899,1064.9814645533033,2175.9076821400945,1110.9262175867912,563.1252363420081,41.95547002425235,-536792.5904368436,57.13146800825965,177.36486486486487,441.35634536269214,122.65888890599308
248,field_size_scaled,False,independent,none,evidence_decay,365.0,730.0,1.0,5,150.0,50.0,0.25,0.8,1.75,20.0,10.0,4,28430,2843700,2842872,0.16081505273387792,0.4901185191107342,0.7602210018600908,7438,16470298,16465002,0.19085279538167,0.564887626702303,0.699362866764304,1560.6583303302095,1514.7150512549347,223.26464123882835,1261.353381264893,1994.6782384177386,733.3248571528457,488.31509716189544,19.854941582378842,530.7042340914898,24.585753093406414,58.22356508622467,141.16044733917093,147.76380819399492
249,field_size_scaled,True,modifiers,inverse_sqrt,evidence_decay,180.0,180.0,3.0,10,100.0,5.0,0.5,0.667,1.5,15.0,5.0,0,28430,2843700,2842872,0.1616240386929895,0.49021886255266506,0.7394349798372913,7438,16470298,16465002,0.14672390246502318,0.45012649682481404,0.7694120535181229,1543.7267022816313,1498.8861807316757,290.8371193845339,1119.5642113385245,2097.765042312174,978.2008309736495,502.86801537106,35.71325152833106,-416647.0771324203,46.256690098294584,145.81415724454385,373.9377474131654,170.66829974400753
250,field_size_scaled,True,independent,none,none,365.0,730.0,3.0,999999999,100.0,5.0,1.0,0.7,1.25,20.0,5.0,2,28430,2843700,2842872,0.1614699474986001,0.4902610320334488,0.7538999293672033,7438,16470298,16465002,0.1467606778982664,0.4500683622437977,0.7765325506793136,1552.0484715129974,1509.3146102877386,301.1217383177646,1121.0439308118769,2120.1675538627273,999.1236230508505,538.9019515509522,34.04544932818999,-408183.87312992674,45.19912123473646,131.8343932579987,305.05912406370396,140.9893540799967
251,field_size_scaled,True,independent,inverse_sqrt,none,365.0,180.0,4.0,999999999,75.0,10.0,0.5,0.667,1.5,15.0,10.0,7,28430,2843700,2842872,0.16158556002762614,0.4905100807220678,0.7550758528699146,7438,16470298,16465002,0.14670249245977504,0.4503312546765387,0.7777946823207188,1543.113651352956,1503.1285832516774,275.25340680084867,1139.4231337805602,2064.4211683199246,924.9980345393644,443.93895628224277,36.2522181707476,-516489.81043345993,42.39841775390497,136.1040477514159,361.9876748751968,106.26555334599107
252,field_size_scaled,True,ignore,none,evidence_decay,180.0,730.0,1.5,5,150.0,75.0,1.0,0.7,2.0,15.0,10.0,3,28430,2843700,2842872,0.16126068057050946,0.4906004040604537,0.7592065348000191,7438,16470298,16465002,0.1462163643803884,0.4493398963782289,0.7805235614304814,1554.0842514022042,1504.6382989905744,273.8079875386001,1176.569007460666,2077.7819457991523,901.2129383384863,471.6157894812425,38.64372157507739,-197772.40683833012,33.88764246893598,101.79067919542034,338.1886952996105,170.4371102150035
253,field_size_scaled,False,ignore,none,none,365.0,180.0,3.0,20,50.0,30.0,0.75,0.7,1.5,15.0,5.0,5,28430,2843700,2842872,0.16073057926078152,0.4907863968479379,0.7628271691444427,7438,16470298,16465002,0.18944356602595797,0.559376438215064,0.7008133372835302,1542.3105477338336,1506.5401897641614,193.1380232440032,1278.1700044032136,1912.137671078005,633.9676666747914,388.5144669938459,16.86192243545338,-235409.52846752713,17.05556774513931,45.5279389040063,151.3588012975784,69.7899586729909
254,field_size_scaled,False,modifiers,inverse_sqrt,evidence_decay,180.0,365.0,1.0,10,150.0,75.0,0.75,0.8,1.75,10.0,5.0,5,28430,2843700,2842872,0.16107990562843819,0.49138868017653614,0.7629819422049252,7438,16470298,16465002,0.19117083751591285,0.564968364316653,0.6994958761620558,1555.3943016278906,1508.133611946794,203.36235136852372,1284.61288353379,1955.933864620515,671.3209810867249,442.4203096700753,16.697207825958685,292.7980187989845,19.037747924298312,49.04297439393764,139.71297389464473,154.21437709500606
255,field_size_scaled,True,modifiers,none,evidence_decay,365.0,730.0,1.5,10,75.0,10.0,1.0,0.667,2.0,10.0,10.0,6,28430,2843700,2842872,0.16127093545689145,0.4914256776692135,0.7591826153270355,7438,16470298,16465002,0.1485479249512516,0.45601828848387727,0.7766022135921999,1546.9757763704104,1500.5328533010993,264.0879250252115,1183.317696506491,2055.150829954976,871.8331334484849,520.6291513016461,25.7361976192567,-192718.97344787657,26.445741513404563,72.7576594403567,181.30213897988895,128.82960846200876
256,field_size_scaled,False,modifiers,inverse_sqrt,evidence_decay,365.0,730.0,3.0,999999999,50.0,20.0,0.5,0.5,1.5,10.0,5.0,6,28430,2843700,2842872,0.16098513538467707,0.4918008261377187,0.7634673668037112,7438,16470298,16465002,0.1886528465444204,0.5569478948850897,0.7018082354317358,1534.1233865112872,1500.0420085940984,167.7648229613333,1305.7397727957725,1866.2175757979069,560.4778030021344,295.7176384584866,13.550329270476823,-235629.148346259,13.784562412281602,41.34100722049409,174.87655994039233,97.30500907900569
257,field_size_scaled,True,modifiers,none,none,365.0,180.0,1.5,5,200.0,50.0,0.75,0.667,2.0,10.0,10.0,0,28430,2843700,2842872,0.16217823530342257,0.4919049042133162,0.7387265413286283,7438,16470298,16465002,0.14607120214762542,0.4485715578735638,0.770549982320075,1546.0785852308516,1499.9876111769267,301.2934937973216,1116.111213232692,2119.5062946770804,1003.3950814443883,454.41618106494434,35.602096507423425,-293755.7479244097,49.562614532293956,155.23200682829827,471.8520923716294,150.9862583380018
258,field_size_scaled,True,independent,inverse_sqrt,evidence_decay,180.0,365.0,1.0,5,150.0,30.0,0.25,0.8,1.5,15.0,5.0,1,28430,2843700,2842872,0.161357830297767,0.4919504366557529,0.7582895044166603,7438,16470298,16465002,0.14797165931762404,0.4545727511837726,0.777172210486218,1563.0509578305189,1510.1771336664601,255.64046669123977,1207.3094251114155,2066.4940833040628,859.1846581926472,542.6426555293099,29.806906767475766,166.63796430347242,23.28037777485752,66.85121600940502,200.72697213410748,162.79247910199047
259,field_size_scaled,True,modifiers,none,none,180.0,180.0,1.5,5,300.0,50.0,0.75,0.8,2.0,20.0,5.0,0,28430,2843700,2842872,0.160983168451613,0.4919592953792599,0.7417748671062222,7438,16470298,16465002,0.14533284571483876,0.4507327742106673,0.7734783147915804,1565.4660462483935,1514.5512091873302,376.16770139479854,1025.7528854336338,2263.5170930951494,1237.7642076615157,460.3565776472658,54.20249265980385,-244082.07663834028,76.6253416934307,243.82451250916537,739.4916536073011,101.25124828000844
260,field_size_scaled,False,modifiers,none,none,180.0,365.0,2.0,20,100.0,50.0,0.75,0.8,1.5,20.0,10.0,7,28430,2843700,2842872,0.1620219647047935,0.4921307156799554,0.7584615135679693,7438,16470298,16465002,0.19161777673239386,0.5661917822829419,0.697976167874137,1546.5711975237386,1504.6269934207733,215.66203414421344,1253.1859467190561,1963.8114691453618,710.6255224263057,435.50394872727657,19.243761234977455,-166373.06758225293,27.957065291381515,71.0155333187408,204.62615515679258,73.25374987100076
261,field_size_scaled,True,ignore,none,none,365.0,365.0,4.0,999999999,200.0,30.0,1.0,0.667,2.0,15.0,10.0,6,28430,2843700,2842872,0.15422467296305284,0.4922210056454817,0.7733074158808416,7438,16470298,16465002,0.14279518075583583,0.46813848241661105,0.7932703561165677,1617.1273624134737,1571.4097481282788,540.450433938263,795.4151797437592,2570.225901267602,1774.8107215238426,429.39335595797866,94.49392880188338,-883963.9760912773,109.34756901970277,400.1478608598065,1433.2223405989794,102.48019584300346
262,field_size_scaled,True,independent,inverse_sqrt,evidence_decay,365.0,730.0,1.0,5,200.0,75.0,0.75,0.8,1.75,10.0,10.0,4,28430,2843700,2842872,0.1618259224203825,0.4925524633871315,0.7575071969473124,7438,16470298,16465002,0.147189425293063,0.4523692932476932,0.7787487058914417,1557.7155946724222,1508.699042055631,249.06140483006132,1213.3404613567423,2046.0976145171685,832.7571531604262,467.0744172128225,35.942530487336626,-484.56872752777826,29.258760637827244,87.21134780117171,300.5840003419361,136.82205820499803
263,field_size_scaled,True,independent,inverse_sqrt,none,180.0,730.0,4.0,20,300.0,50.0,1.0,0.8,1.25,20.0,10.0,4,28430,2843700,2842872,0.15570534439050768,0.49272211505659996,0.7685481442710048,7438,16470298,16465002,0.14342700507358333,0.46516208110343316,0.7903367397100832,1622.439654551663,1568.4153388660457,498.74668703338824,865.510613928263,2515.39420386286,1649.8835899345972,398.2310919380732,98.70920724359837,-655199.7192368404,112.55778099871503,408.5105183198786,1352.0833010361516,120.28508515401336
264,field_size_scaled,True,modifiers,none,evidence_decay,365.0,180.0,1.5,999999999,150.0,5.0,0.75,0.667,1.75,20.0,10.0,0,28430,2843700,2842872,0.1626784556774947,0.49280038562885414,0.7367169538410453,7438,16470298,16465002,0.1473001483328458,0.4511401505479817,0.7675074682651116,1549.9284291702136,1503.6587054282427,303.91664407189677,1117.8399551052732,2125.9139169033924,1008.0739617981192,547.3263709425037,33.229076089937166,-197412.46915922963,52.02383950506798,147.30020048129904,333.70410556905085,133.60157250500924
265,field_size_scaled,True,ignore,none,none,365.0,180.0,2.0,999999999,75.0,5.0,0.75,0.8,2.0,10.0,10.0,3,28430,2843700,2842872,0.1622036365911506,0.49291248537287374,0.756822677911633,7438,16470298,16465002,0.14836112974472188,0.454910620367932,0.7765055236555696,1544.1955019069821,1499.165023097536,278.34594797149913,1155.487888028753,2073.9231491518576,918.4352611231045,520.8484831890171,32.04010393986607,-392082.9394012454,34.22706104286522,96.98608908129006,236.0880509263828,100.86954364200938
266,field_size_scaled,False,modifiers,inverse_sqrt,none,365.0,180.0,2.0,20,50.0,10.0,1.0,0.667,1.5,20.0,5.0,5,28430,2843700,2842872,0.16164918339322376,0.49342717104888145,0.7630681226590574,7438,16470298,16465002,0.18914933362193972,0.5585755653900234,0.7017875855708976,1547.5027856067609,1504.5342244800697,181.09144972662068,1305.0321026524016,1905.75963211467,600.7275294622684,365.80791149044217,14.726549019438153,-110609.6081559617,14.348363790842907,40.392123377442,119.3183876594344,74.54867642700265
267,field_size_scaled,False,modifiers,none,none,365.0,180.0,2.0,10,75.0,20.0,1.0,0.667,2.0,10.0,10.0,7,28430,2843700,2842872,0.16242388462263602,0.493497715011715,0.7593736193539491,7438,16470298,16465002,0.19033601889619683,0.5613678549670192,0.6989269117610797,1537.9375262923702,1498.866486817286,187.94241374487916,1289.2900061561659,1912.7627676459458,623.4727614897799,340.5430377508851,15.973926166625688,-210042.0200528868,22.311279627480427,59.033301326180904,206.94010510464497,96.66280175700376
268,field_size_scaled,True,modifiers,inverse_sqrt,evidence_decay,365.0,365.0,2.0,20,75.0,50.0,1.0,0.7,1.75,20.0,10.0,6,28430,2843700,2842872,0.16192688854219126,0.4936423429003724,0.7601791427823694,7438,16470298,16465002,0.1487017358197269,0.45720491910204714,0.7779773728542517,1551.6468255602604,1502.1508850966175,238.04415131625373,1219.435895599469,2013.3373655375776,793.9014699381087,462.62519720966225,28.460578690315856,-178278.6175935799,20.478660705679406,65.66199495196423,193.25509170651677,129.57981580100022
269,field_size_scaled,False,independent,none,evidence_decay,365.0,730.0,2.0,20,100.0,30.0,0.25,0.5,1.75,15.0,5.0,7,28430,2843700,2842872,0.16277162670158843,0.49417164224817556,0.7558444418179925,7438,16470298,16465002,0.1910018204084216,0.56398569526572,0.6974575526926751,1543.26944826074,1504.9967869499617,202.00139919030008,1271.7721776705816,1938.2601123452353,666.4879346746536,383.2061333354361,18.53944256374541,-189961.06079610792,26.660244051877065,65.6258082998884,175.98997562091532,106.2471278640005
270,field_size_scaled,False,independent,none,evidence_decay,180.0,365.0,3.0,20,300.0,5.0,0.1,0.8,2.0,20.0,10.0,7,28430,2843700,2842872,0.15594394793167177,0.49422712579272243,0.7680813627908678,7438,16470298,16465002,0.20049955213408271,0.6593172981639436,0.7120320422675928,1632.801454561034,1589.246189965132,523.6976068247053,872.1049975101711,2567.0151461095043,1694.9101485993333,619.9113713629886,62.24857416774125,-437804.3262321309,139.00807441885084,418.5327345812318,1023.590569915629,102.46282750699902
271,field_size_scaled,False,modifiers,none,evidence_decay,365.0,365.0,3.0,10,50.0,30.0,0.25,0.8,1.5,10.0,10.0,6,28430,2843700,2842872,0.16200396898542394,0.494294920493901,0.7607982350242993,7438,16470298,16465002,0.19045232141131363,0.5619577422436679,0.6990094504695474,1535.7102937169386,1503.2812961021918,189.6735560727208,1272.3801432362075,1896.4540174371436,624.0738742009362,368.77303286574966,14.478909136431184,-282512.09048716276,17.3619393337722,47.165245216039835,137.16509256405504,108.88969471400196
272,field_size_scaled,True,modifiers,inverse_sqrt,evidence_decay,365.0,180.0,1.5,5,150.0,50.0,0.5,0.5,2.0,10.0,10.0,2,28430,2843700,2842872,0.16288412934456709,0.49464242391082075,0.7568279542659676,7438,16470298,16465002,0.14754175667300645,0.4532176742960554,0.7787377736121744,1544.4520434795843,1498.807360115731,246.42635225554685,1193.9875659028635,2025.7354474347135,831.74788153185,417.0007512746265,32.0997189406371,-209251.95045054218,31.036754367268934,100.89991582151175,327.07187531647776,155.64476998298778
273,field_size_scaled,False,independent,inverse_sqrt,evidence_decay,180.0,180.0,1.0,20,75.0,5.0,0.5,0.667,1.75,15.0,5.0,5,28430,2843700,2842872,0.16228900998310902,0.4946712307649364,0.7603476343641219,7438,16470298,16465002,0.1903985201044906,0.5624142689134218,0.6996588278580227,1553.2330412816837,1506.830338801084,188.63195356038494,1306.2413783821976,1929.8792908017733,623.6379124195757,401.3810156904883,14.812409687585955,288.76794408651756,16.805820639840405,43.58127373097596,118.54810116162761,111.39863401300681
274,field_size_scaled,True,independent,inverse_sqrt,none,365.0,365.0,4.0,999999999,300.0,30.0,0.1,0.667,1.25,15.0,5.0,3,28430,2843700,2842872,0.1572184416033316,0.4948420705453077,0.766174840091288,7438,16470298,16465002,0.1441182602814599,0.4639548562217576,0.7886927071129417,1600.4897386602827,1554.344582669266,478.52027064854707,868.3324075309635,2459.990588809353,1591.6581812783897,384.1909624168927,94.5220256926458,-834521.2847561669,113.08298340949914,408.201275598753,1304.8146411781909,134.22263740599738
275,field_size_scaled,True,modifiers,none,none,365.0,365.0,3.0,10,50.0,20.0,0.75,0.7,1.75,15.0,10.0,4,28430,2843700,2842872,0.16263523120795803,0.4950370409357323,0.7579824205943848,7438,16470298,16465002,0.14937132805257164,0.4584521824700037,0.7759788307344269,1537.376430348685,1495.643743393282,249.42848318786014,1185.7420152359891,2013.3081887493138,827.5661735133247,463.412663125913,25.805169843787326,-389989.9394858574,25.731787925241715,76.52177561337773,203.51819936756198,103.43810090899933
276,field_size_scaled,True,independent,none,evidence_decay,365.0,730.0,1.5,20,150.0,20.0,1.0,0.667,1.5,10.0,5.0,2,28430,2843700,2842872,0.1632547845491762,0.4951189613962742,0.7520707931978647,7438,16470298,16465002,0.1479692026879363,0.4534751984701537,0.7751442119472564,1549.9880303800019,1505.3015128156935,276.90656504926994,1159.3443183387133,2078.875580584846,919.5312622461327,504.99277002313215,30.10080627572529,-252684.76898071173,39.861272452742966,113.42360497542067,268.9585882857508,170.84088623199204
277,field_size_scaled,True,independent,none,none,180.0,730.0,1.0,10,200.0,5.0,0.75,0.667,1.5,10.0,5.0,2,28430,2843700,2842872,0.16339764266421922,0.4953207684479921,0.7511407478071471,7438,16470298,16465002,0.14815781819537296,0.4537161963018611,0.7743377741466415,1561.8223210774142,1513.5376759483217,295.0284592809048,1151.813796085672,2127.571672182949,975.757876097277,575.0798825530744,31.936322049968,-3390.633524808699,44.433553603622045,117.2333221150637,284.2029411166352,106.06168141400849
278,field_size_scaled,True,independent,inverse_sqrt,evidence_decay,365.0,365.0,3.0,5,75.0,100.0,0.0,0.8,1.75,20.0,5.0,6,28430,2843700,2842872,0.16265045019600802,0.4954058638722993,0.7564406698578058,7438,16470298,16465002,0.15049446754322257,0.46183018321316915,0.7736144216684577,1548.7673244041298,1506.795118389381,241.6077308655518,1203.7961474504748,2015.5512586895384,811.7551112390636,477.5541085067948,26.737639358589945,-265395.80535111536,23.034848041557392,69.47504500272923,199.65904570325785,168.58830834800028
279,field_size_scaled,True,modifiers,none,none,365.0,730.0,4.0,5,75.0,75.0,0.1,0.5,2.0,15.0,5.0,2,28430,2843700,2842872,0.16324238677205047,0.4955384512954371,0.755128616413261,7438,16470298,16465002,0.1490270488403486,0.45689500620654955,0.775444181543373,1533.7754761142478,1492.442247678559,262.631124808767,1157.10133386438,2029.0043775172853,871.9030436529054,479.0208624294453,28.710177531768522,-525355.5470844945,33.609814792075014,99.91110724421682,252.92663737713775,104.46555452200118
280,field_size_scaled,False,modifiers,none,evidence_decay,365.0,365.0,3.0,20,300.0,10.0,1.0,0.7,2.0,20.0,5.0,1,28430,2843700,2842872,0.14896769268144527,0.4957769157309491,0.7846895674515068,7438,16470298,16465002,0.1947561032871523,0.675031527227848,0.7292601604299835,1730.4520008830048,1672.7200325666402,598.7857177516411,856.7048988547115,2792.192373718138,1938.6477049785603,392.1092721595321,79.6125931014194,-352084.2352518422,127.25906304804819,420.4905410398217,1725.8263034075094,121.87251526401087
281,field_size_scaled,False,modifiers,inverse_sqrt,evidence_decay,365.0,180.0,1.5,5,100.0,75.0,0.25,0.5,1.5,15.0,5.0,1,28430,2843700,2842872,0.16258112692677318,0.49580792282215447,0.7615042112342729,7438,16470298,16465002,0.19039922155615246,0.5618811954858887,0.6998758336014779,1548.0565127695531,1505.1850845308409,185.76470926614869,1293.382892165099,1909.6228752312704,616.2399830661714,403.40609308883927,14.465184456714269,-76972.74641830495,13.492703319800865,36.466205514803576,113.40264988500428,102.29639347399643
282,field_size_scaled,True,independent,inverse_sqrt,none,365.0,180.0,3.0,5,150.0,75.0,0.0,0.7,2.0,10.0,5.0,0,28430,2843700,2842872,0.16387981355277118,0.4959176455144768,0.7318000951150808,7438,16470298,16465002,0.14877544718432542,0.45553236523690005,0.7642123578241897,1537.4091211103282,1500.778574306671,275.87659853599973,1128.0053664655545,2055.9287859852197,927.9234195196652,455.8415237989125,32.02102265178155,-581356.9076292104,45.33988823814952,146.45328465740891,428.9314403359667,126.76924732299813
283,field_size_scaled,True,modifiers,none,evidence_decay,180.0,180.0,4.0,20,50.0,20.0,0.1,0.667,1.75,10.0,10.0,6,28430,2843700,2842872,0.1628472318712303,0.4960477558756058,0.7581357866270447,7438,16470298,16465002,0.1506686787704125,0.4625166775855776,0.7744337959995389,1527.2606176693268,1490.7072845874886,240.5704247068845,1187.0020731790703,1984.5784373378774,797.5763641588071,445.8702925257853,22.388637187612858,-492917.30900632706,22.91711894035213,69.4455554824869,178.6782089658736,132.09169423299318
284,field_size_scaled,False,independent,none,evidence_decay,180.0,365.0,1.5,999999999,75.0,20.0,1.0,0.667,1.25,20.0,5.0,6,28430,2843700,2842872,0.16318975487077064,0.4970503917773399,0.7584787496587958,7438,16470298,16465002,0.19048715371776825,0.5621234438152389,0.6986552446212883,1549.626492030444,1509.301911687748,188.93256816134092,1298.3742982697522,1921.4866518237502,623.112353553998,398.6951504887163,14.93956354725833,-77073.54524302098,16.514796536589134,39.40414721826848,108.05231431956628,131.1909952279966
285,field_size_scaled,False,ignore,none,evidence_decay,365.0,365.0,1.0,5,200.0,100.0,0.1,0.8,2.0,15.0,5.0,0,28430,2843700,2842872,0.164343874396324,0.4972199040337427,0.735200881362228,7438,16470298,16465002,0.19337261322458096,0.5719460237706343,0.6864553675729891,1552.4886205260727,1505.3146706337648,232.63882821932953,1241.0108247737921,2004.2425069968624,763.2316822230703,485.43441118041073,21.58531792485519,604.2490367480539,33.01463055200509,79.3892789143141,174.2231851790529,88.82125568200718
286,field_size_scaled,False,modifiers,none,evidence_decay,365.0,730.0,1.0,20,100.0,20.0,0.0,0.7,2.0,20.0,10.0,5,28430,2843700,2842872,0.16371853914868537,0.49815368949613525,0.7595544224291492,7438,16470298,16465002,0.1925534554574183,0.5685675217689427,0.6976478350868102,1557.689510701026,1512.470594873457,212.38408304363466,1275.0854119031274,1967.0378234691364,691.952411566009,482.6091839827063,14.206439011190014,325.7230842533217,19.83744920628512,46.42931274146297,96.59924228379198,121.5762879630056
287,field_size_scaled,False,modifiers,inverse_sqrt,evidence_decay,180.0,730.0,1.0,20,200.0,50.0,0.25,0.667,2.0,15.0,10.0,0,28430,2843700,2842872,0.16472863200769314,0.49882047357945514,0.7384254373745986,7438,16470298,16465002,0.19286426055820208,0.5686278195397252,0.6867385136060111,1543.836850920786,1500.1343977442175,192.27317720717767,1292.7061756924315,1935.0075730274782,642.3013973350467,397.15948605199424,15.315950536056562,325.48236607043646,24.299778310658358,64.3493462830317,190.82258223284538,118.12563975200464
288,field_size_scaled,True,ignore,none,evidence_decay,180.0,730.0,2.0,999999999,75.0,30.0,0.5,0.7,1.5,10.0,10.0,6,28430,2843700,2842872,0.1640580231149732,0.49906372571528484,0.7563485095354275,7438,16470298,16465002,0.150923898655147,0.463025911203574,0.7741283602637886,1537.651132689321,1496.2797332128011,240.95239375751,1201.990677318988,2001.9055672688128,799.9148899498248,469.9564892275496,24.847164489705733,-287633.94106909813,21.935866302955638,62.42568109700353,171.27450266687734,125.87101058999542
289,field_size_scaled,True,independent,none,evidence_decay,365.0,365.0,3.0,999999999,75.0,100.0,0.75,0.7,2.0,20.0,5.0,3,28430,2843700,2842872,0.16479651031314327,0.5001644661630291,0.7538928942280905,7438,16470298,16465002,0.14996553745544064,0.4599614253625697,0.7751484633891936,1540.8306636019386,1500.2634936591717,236.83287563398898,1209.5739181661488,1993.725772125389,784.1518539592403,407.5717362508508,28.979204024054752,-332538.5195318757,28.701834005332234,83.47414569788103,312.20093656517236,136.5672099839867
290,field_size_scaled,True,independent,none,evidence_decay,180.0,730.0,3.0,20,300.0,30.0,0.25,0.5,1.5,10.0,5.0,7,28430,2843700,2842872,0.1604979953740121,0.5002279598051531,0.7604594930760161,7438,16470298,16465002,0.14596293035153446,0.4642383826834222,0.7843241683177445,1574.540448354299,1537.6479882170636,462.7227347221895,882.9453798553163,2394.585299162606,1511.6399193072898,383.8727734117065,75.94471727286327,-984443.6254648765,111.08916744692644,379.7212075154403,1148.2409967286403,131.4509574519907
291,field_size_scaled,True,independent,inverse_sqrt,none,365.0,180.0,4.0,20,50.0,50.0,0.25,0.5,1.75,10.0,10.0,1,28430,2843700,2842872,0.16462539093302597,0.5008277995045471,0.75434736421478,7438,16470298,16465002,0.15151371220866772,0.4652179903844107,0.7731822929629769,1526.8459205906595,1495.6449669437916,215.62252829117136,1209.9599237945135,1939.9118673921769,729.9519435976633,387.00130633798267,25.96910272485684,-442620.49429924466,19.029074221454206,63.257595694635064,223.16482904794844,116.83016181900166
292,field_size_scaled,True,ignore,none,none,365.0,730.0,2.0,5,100.0,75.0,0.5,0.8,2.0,20.0,10.0,2,28430,2843700,2842872,0.16540733038456815,0.501315956870237,0.7531390790721496,7438,16470298,16465002,0.15022131328211216,0.4603411055968692,0.7746174582912289,1542.6052438365398,1497.1433261548782,246.2061120615317,1198.1952671880738,2015.4958004166324,817.3005332285586,467.26835821390523,30.71580242720529,-245845.83360731482,29.494350703828804,83.13591931320349,284.0796796907478,107.82439849599905
293,field_size_scaled,True,independent,inverse_sqrt,evidence_decay,180.0,365.0,1.0,20,300.0,50.0,0.1,0.5,1.75,15.0,5.0,0,28430,2843700,2842872,0.1661299068703967,0.5018161136053838,0.7286166946665203,7438,16470298,16465002,0.15014936723780564,0.45919072844013187,0.7622669587285807,1548.7906475088487,1503.4944938246042,256.42247811933277,1186.6373819569744,2051.69204468398,865.0546627270055,480.0136523361107,30.67409753008417,830.2166884054083,40.2896507944402,116.15124854764531,316.983434647319,127.31989615800558
294,field_size_scaled,False,modifiers,none,none,180.0,180.0,4.0,999999999,50.0,100.0,0.5,0.5,1.25,20.0,5.0,5,28430,2843700,2842872,0.16485655049511222,0.5019478679319259,0.7588822148869172,7438,16470298,16465002,0.19216978012304695,0.566140213278395,0.6965411240156545,1536.5785377259983,1504.6212945707862,176.06702920225976,1295.5336979795215,1872.5128761196004,576.9791781400788,365.8962049742415,14.309752608789495,-220543.71928388454,15.297170520622124,40.76810319323336,123.13532632687286,85.12288737601193
295,field_size_scaled,True,ignore,none,none,365.0,730.0,1.5,999999999,150.0,50.0,0.25,0.667,1.25,10.0,10.0,2,28430,2843700,2842872,0.1657190510347879,0.5019783780704922,0.751776724382948,7438,16470298,16465002,0.15070929519383558,0.4613964888984425,0.7731429974924996,1543.4718876518311,1497.0950486400811,253.98397648581303,1187.1003890997351,2031.748916093552,844.6485269938169,501.7226323617192,28.663069252802075,-226579.8767473684,31.117725896479513,84.99436227131478,197.48253815873787,100.81923393100442
296,field_size_scaled,False,independent,inverse_sqrt,evidence_decay,365.0,730.0,4.0,999999999,50.0,5.0,0.0,0.7,1.5,20.0,10.0,0,28430,2843700,2842872,0.16615259434136773,0.5023086974275573,0.7301939728556193,7438,16470298,16465002,0.19473102838872358,0.5732867891069386,0.6810748033920676,1537.8431525911888,1502.66522463609,191.78223563801575,1270.1840585193147,1911.8869195751577,641.702861055843,360.3390529515625,17.011374034535038,-225168.30110151955,26.581770468719007,74.20906878549822,177.00015580423778,125.89088222799182
297,field_size_scaled,True,independent,inverse_sqrt,none,180.0,180.0,4.0,10,50.0,5.0,0.25,0.7,1.5,10.0,5.0,3,28430,2843700,2842872,0.16558296471646705,0.5023524812143981,0.752471444370341,7438,16470298,16465002,0.15196182718893864,0.46566384237311353,0.7721137841343718,1530.792335772011,1497.6414927005078,226.90933746350044,1200.9980235111616,1965.691780542525,764.6937570313635,393.8762584126771,25.629251547355125,-546757.2177464657,27.294325089513077,85.85847958539301,230.4853983342452,109.1513101199962
298,field_size_scaled,False,independent,inverse_sqrt,none,180.0,180.0,3.0,10,50.0,75.0,0.5,0.8,2.0,15.0,10.0,1,28430,2843700,2842872,0.16515319738512568,0.5024248400030792,0.7549886171449154,7438,16470298,16465002,0.19297963206902752,0.5682378097820057,0.6940554881195884,1541.661320059887,1507.992805626073,178.28259877899382,1286.0478149241094,1879.9154174480523,593.8676025239429,361.78359048977154,14.110361405916706,-181982.58694273257,14.167036229935393,40.84688593575896,105.77041049393398,76.51771385100437
299,field_size_scaled,False,independent,none,none,180.0,365.0,1.0,5,150.0,30.0,0.1,0.8,1.25,20.0,10.0,7,28430,2843700,2842872,0.1660467159273476,0.5026465695628864,0.7521246120120779,7438,16470298,16465002,0.19343684805021097,0.5708912898592258,0.6943394844409979,1549.247401336835,1507.0314052390245,208.20518212363598,1271.6655008930936,1957.056594081255,685.3910931881614,444.70888725128543,17.579136802154153,504.21768859089127,27.5058035811319,62.99939662533363,146.05334887413014,70.58879751799395
300,field_size_scaled,True,ignore,inverse_sqrt,evidence_decay,180.0,180.0,4.0,5,30.0,30.0,0.75,0.7,2.0,15.0,10.0,5,28430,2843700,2842872,0.16540892730197795,0.5030473662446262,0.756451222566475,7438,16470298,16465002,0.15216085243918379,0.4671676766861811,0.7740092591546603,1535.658618273903,1496.509873721466,215.3060433195049,1228.8024485094227,1951.3052970548806,722.5028485454579,414.95317095515156,25.057242130371947,-309506.497049739,17.88574335142161,59.096222334663956,171.47450875725076,144.8956048139953
301,field_size_scaled,False,modifiers,none,none,365.0,365.0,1.0,20,100.0,5.0,0.0,0.5,1.25,20.0,10.0,4,28430,2843700,2842872,0.16561309988775955,0.5030634880369754,0.7579535765240222,7438,16470298,16465002,0.19338897444072842,0.570392246754211,0.6963754392498708,1553.211654015926,1509.157523858401,205.15202400210563,1280.6130827161332,1947.563327882955,666.9502451668218,462.439176549889,14.162140933682167,330.2225205301512,20.063480505015722,46.66988884915459,96.63136078362294,72.57631861099799
302,field_size_scaled,True,modifiers,inverse_sqrt,evidence_decay,365.0,365.0,2.0,5,150.0,10.0,0.0,0.667,1.75,20.0,10.0,0,28430,2843700,2842872,0.16649803503065283,0.5030994243533073,0.7327804417504552,7438,16470298,16465002,0.15169250655480435,0.46369866241113317,0.7624726677834597,1538.7014709665848,1496.8557708706805,249.32710870748778,1177.1621795650553,2021.716944327895,844.5547647628396,481.76749757258744,27.391021560615513,-222939.04683892772,34.8507698844595,102.58650058865769,282.22483306950204,123.58636790599849
303,field_size_scaled,True,modifiers,none,evidence_decay,180.0,365.0,2.0,5,100.0,50.0,0.75,0.7,1.5,10.0,5.0,2,28430,2843700,2842872,0.16608973952147935,0.5032199655878267,0.7523560680888904,7438,16470298,16465002,0.15102331593883908,0.4625733878065581,0.7734631310703758,1534.2805954034443,1493.3117423733745,238.78311259762245,1195.003593541128,1991.636029585102,796.6324360439739,451.89151398791546,24.127719344738466,-337008.38817291375,28.56730335232718,82.94488313843715,210.86866493091497,130.80146962999424
304,field_size_scaled,False,ignore,inverse_sqrt,evidence_decay,365.0,180.0,3.0,5,75.0,75.0,0.75,0.7,1.25,15.0,10.0,7,28430,2843700,2842872,0.1660603206253275,0.503300819364818,0.7550079637774757,7438,16470298,16465002,0.19374136261468838,0.5700603302353598,0.6934354456804803,1535.7063336527424,1499.9157469070788,181.73169368000154,1285.2599578940321,1894.0586611546755,608.7987032606434,368.11218883851825,17.641475565372502,-224828.01515755474,20.683204432624166,57.655504203717456,169.82173047152426,92.16481751100218
305,field_size_scaled,True,ignore,none,none,180.0,730.0,1.0,999999999,75.0,5.0,1.0,0.5,2.0,20.0,10.0,5,28430,2843700,2842872,0.16585350391657772,0.5035370710677268,0.7540473155316173,7438,16470298,16465002,0.1530581910295108,0.4681763038938244,0.7709273888943348,1559.3600821477107,1507.7375571873254,254.8179743602074,1215.4905840152483,2060.785181299921,845.2945972846728,577.9999517700023,22.31278043637019,-4631.575680591886,22.843522000887944,57.03084063552041,138.75740264464602,99.66051149899431
306,field_size_scaled,True,modifiers,none,evidence_decay,365.0,180.0,1.5,20,75.0,20.0,1.0,0.8,1.5,10.0,10.0,1,28430,2843700,2842872,0.16580744516485865,0.5037656256136026,0.7541296266592376,7438,16470298,16465002,0.15303594259467176,0.4686334029237737,0.7710804408040765,1539.312097337052,1496.2036877878045,237.63153819831032,1211.1772347418084,1998.982204996707,787.8049702548985,502.3991054558378,18.97587953519394,-159461.12013661859,20.128609457739113,54.068754424008276,130.07434822338405,145.26680936300545
307,field_size_scaled,False,ignore,inverse_sqrt,none,180.0,365.0,1.5,999999999,100.0,10.0,0.5,0.5,1.25,10.0,5.0,0,28430,2843700,2842872,0.16656446552240792,0.503829706702943,0.7349279179646498,7438,16470298,16465002,0.1930430499969393,0.5682154603400089,0.6851298287118337,1536.6065462526292,1498.1388342695575,180.58791957649407,1296.998347255951,1903.7692060905238,606.7708588345727,361.32162321012856,15.510430269438075,-117590.2229508135,21.44279078524556,58.15006879841354,153.3409245064473,70.36531518799893
308,field_size_scaled,False,modifiers,none,evidence_decay,365.0,730.0,3.0,999999999,50.0,75.0,0.5,0.667,1.75,20.0,5.0,5,28430,2843700,2842872,0.16564669146486294,0.5039611690586744,0.7580868924102105,7438,16470298,16465002,0.19276661375535392,0.5677824384835027,0.6958973342365825,1538.1234271906103,1505.3536089138588,178.28156799402382,1294.9720945920133,1878.9742401190524,584.0021455270391,377.14511137535715,13.581394527144084,-190390.23507619664,15.595042144214387,40.443761572763364,106.43445797257274,104.30723434999527
309,field_size_scaled,True,ignore,none,evidence_decay,365.0,365.0,1.5,999999999,100.0,30.0,0.75,0.667,1.25,10.0,10.0,5,28430,2843700,2842872,0.1660106880272224,0.5041300434967749,0.7541461592361527,7438,16470298,16465002,0.15271554285947675,0.467798234284426,0.7718980538234979,1542.0753881679188,1498.272685876202,237.5090578091803,1214.9044262555935,2004.6201010792463,789.7156748236528,496.256380129372,22.170104624398732,-176147.40643212755,21.968840463405726,58.83270140459981,143.98155577697804,138.64083719300106
310,field_size_scaled,False,independent,none,evidence_decay,365.0,730.0,1.0,999999999,75.0,20.0,0.5,0.8,1.75,20.0,5.0,1,28430,2843700,2842872,0.16594864292278452,0.5041737057861895,0.7561867013358322,7438,16470298,16465002,0.19239218491104157,0.5670247187707139,0.6963955424967455,1550.9289122756823,1508.7165318825914,186.19523397933386,1304.0578741209079,1917.87740483384,613.8195307129322,435.2811524521842,14.452560796147736,245.7806638079651,14.701014429811348,33.26182832819026,113.1520700400081,136.79521646699868
311,field_size_scaled,True,independent,none,evidence_decay,180.0,730.0,3.0,10,300.0,50.0,0.75,0.7,1.75,15.0,5.0,3,28430,2843700,2842872,0.1595228777508304,0.5043496476785772,0.7633674678283089,7438,16470298,16465002,0.14603529535598395,0.4735260815411252,0.7867183982121594,1599.6154951501178,1555.249295168542,489.62354205059984,865.5863282702894,2469.7037120451414,1604.117383774852,331.30445651836226,87.62501152860796,-761346.4159334151,115.59663758748488,401.8875390733738,1381.808698301877,143.5745327409968
312,field_size_scaled,False,independent,none,none,365.0,730.0,1.5,20,75.0,50.0,0.1,0.7,1.75,15.0,10.0,6,28430,2843700,2842872,0.16602467289997014,0.5045642171647443,0.7550501746121527,7438,16470298,16465002,0.19297794481804467,0.5685945797069633,0.6949295845818907,1545.628326362418,1509.2468174962041,186.4092511046954,1292.573342515754,1906.3520975624513,613.7787550466974,402.525566592107,14.593433345902554,-91877.79651528204,16.97847906483403,40.251955136105806,81.1067509621872,85.18153676298971
313,field_size_scaled,False,independent,none,evidence_decay,180.0,180.0,3.0,20,300.0,10.0,0.5,0.5,1.75,20.0,5.0,2,28430,2843700,2842872,0.15595802839244619,0.5051491285106869,0.7699801468374236,7438,16470298,16465002,0.19913026006864584,0.6672984000716023,0.7166685433746075,1644.8448641366333,1587.865794672096,518.9464110544537,902.7378901140122,2593.079116653763,1690.3412265397506,403.5838414200482,68.45536469299873,-416644.2651448873,137.4076566915241,419.32896291519125,1520.5731602647022,115.72122494500945
314,field_size_scaled,False,independent,inverse_sqrt,evidence_decay,180.0,365.0,1.0,999999999,100.0,100.0,0.0,0.7,2.0,20.0,10.0,5,28430,2843700,2842872,0.166404978805507,0.5054179008289758,0.7554620820072097,7438,16470298,16465002,0.1942383483062771,0.5721156765008159,0.6936546378797889,1551.8720221787419,1508.8004664231494,184.56449977666372,1307.0715621306585,1915.4202243625232,608.3486622318646,411.17419429325014,14.296460900121815,239.8710161043178,16.18530162398417,40.85026154143685,96.15082967014271,124.18867494800361
315,field_size_scaled,True,independent,none,none,365.0,730.0,4.0,5,75.0,100.0,0.25,0.7,1.5,10.0,5.0,7,28430,2843700,2842872,0.16711806873813748,0.5054503522724103,0.748590861635698,7438,16470298,16465002,0.15201355223518143,0.46505353353773116,0.7708673828281345,1526.588552861219,1491.321402634508,235.485226928524,1184.7338638287285,1974.0333798338393,789.2995160051107,415.975356789173,23.563771916589303,-630996.1015039016,32.00657636510928,97.11031984039425,312.95750409636537,104.03806225500011
316,field_size_scaled,False,modifiers,none,none,365.0,365.0,1.0,20,100.0,50.0,0.0,0.5,1.5,10.0,10.0,4,28430,2843700,2842872,0.16658609021713572,0.5056048120458035,0.7569391094639505,7438,16470298,16465002,0.19380742022433456,0.5713126038912535,0.6956617436183731,1548.121826029605,1506.480698734727,198.32332941957824,1284.8618703581321,1932.0295291924376,647.1676588343055,445.04481409059576,14.21708006772269,327.1539883684404,20.177284663124095,46.74795909268792,96.69683520614034,92.5704668690014
317,field_size_scaled,True,modifiers,none,evidence_decay,180.0,730.0,2.0,10,100.0,10.0,0.0,0.8,2.0,20.0,10.0,3,28430,2843700,2842872,0.16692713303695483,0.5058137957407352,0.7522522997869759,7438,16470298,16465002,0.15345328533650102,0.4692207513016409,0.7705155456403832,1542.6813701708911,1498.9404963958134,244.72744178758455,1202.4057943980567,2014.2449783581378,811.8391839600811,509.72601008272727,20.243661627105098,-224804.31905784132,26.968436127444672,72.59579048099697,178.59120890720214,128.71199311800592
318,field_size_scaled,True,ignore,inverse_sqrt,evidence_decay,180.0,365.0,3.0,999999999,300.0,75.0,0.75,0.8,1.75,20.0,5.0,7,28430,2843700,2842872,0.1611285945846984,0.5059990987813504,0.7622735036962621,7438,16470298,16465002,0.14708676877095828,0.4730030727025483,0.784970812636403,1587.6872668281662,1528.5570167877215,444.1227083892093,924.44696955413,2395.776345429091,1471.3293758749612,248.81284381739283,83.65792521569131,-516867.6343856884,100.83820813042517,360.0,1407.6540950806054,128.5687647750019
319,field_size_scaled,True,modifiers,none,evidence_decay,180.0,730.0,1.5,999999999,75.0,5.0,0.1,0.8,2.0,10.0,10.0,1,28430,2843700,2842872,0.1667871944799562,0.5064588622986489,0.753571036613678,7438,16470298,16465002,0.15411926576955007,0.471765160869644,0.7701445162290294,1535.3215638149127,1495.3586542308751,225.00732050663416,1225.4255953175752,1967.0912434923353,741.66564817476,475.3784653636078,18.297259027837754,-152657.70611238602,19.315407318397156,50.85195800119522,115.32445882134925,130.50520010199398
320,field_size_scaled,True,ignore,inverse_sqrt,evidence_decay,365.0,180.0,4.0,5,200.0,10.0,0.25,0.667,2.0,20.0,5.0,2,28430,2843700,2842872,0.1597463947913197,0.5066620769133003,0.7651371570721439,7438,16470298,16465002,0.14620230220378092,0.47536917458414535,0.787363645628467,1602.3719279424806,1544.6296092689363,489.5565803911654,867.6349512683366,2490.43965656663,1622.8047052982936,341.8970025107699,99.6967343504515,-659543.0454626111,116.3632450711764,421.98665527302217,1413.9523822334909,180.04982489500253
321,field_size_scaled,True,ignore,inverse_sqrt,evidence_decay,365.0,180.0,1.5,10,150.0,5.0,0.5,0.667,1.25,10.0,5.0,0,28430,2843700,2842872,0.1679800651596682,0.506876349573309,0.7294996046251818,7438,16470298,16465002,0.15303451760749856,0.4672766542757247,0.7599738524173881,1538.6932165791638,1496.315584617499,243.33165007090912,1189.8510114915655,2011.8992571710332,822.0482456794678,476.42114516646484,27.130565767667463,-205924.82063482876,32.831598135100315,95.18491426320671,221.84734366674905,124.2831121289928
322,field_size_scaled,True,independent,none,evidence_decay,180.0,365.0,4.0,10,50.0,50.0,0.0,0.7,1.25,10.0,5.0,1,28430,2843700,2842872,0.16711808273863576,0.5070954961046874,0.7496799011703658,7438,16470298,16465002,0.1548445850026282,0.4736536403999397,0.7670331288146822,1524.6948181055843,1491.7362207222527,230.8521081846601,1189.739982055136,1960.9353543423035,771.1953722871676,444.641976972684,18.924887149738538,-460621.36131681164,20.742697925389884,63.97260462158516,172.74365747792527,153.17161677900003
323,field_size_scaled,True,ignore,none,none,365.0,730.0,2.0,20,75.0,50.0,0.25,0.5,2.0,15.0,5.0,4,28430,2843700,2842872,0.16716965080257606,0.5071935215787096,0.7537648546962368,7438,16470298,16465002,0.15348385272436804,0.47011891692348684,0.7717227729459127,1538.0213492386688,1495.9220199611366,223.4979811674253,1227.9374620408237,1970.0884103695944,742.1509483287707,455.9225670457697,23.244954169822677,-239762.9582096559,20.780448053106344,57.516570552378504,166.00278875899005,106.25422855399665
324,field_size_scaled,True,ignore,none,none,365.0,180.0,3.0,5,50.0,5.0,0.25,0.5,1.75,15.0,5.0,7,28430,2843700,2842872,0.16785235028423132,0.50725032373246,0.7485359875506178,7438,16470298,16465002,0.1531223590557963,0.46778629846501735,0.7694967179475594,1533.2029505988373,1491.8715626091293,243.86472633147432,1184.3961127460634,1999.5516967315984,815.155583985535,475.0125864302713,25.33298079603867,-413213.1077172049,30.000333894357052,85.22263924872227,201.61101524585354,99.72692211900721
325,field_size_scaled,True,independent,inverse_sqrt,evidence_decay,180.0,365.0,1.5,5,100.0,50.0,1.0,0.667,1.25,10.0,10.0,1,28430,2843700,2842872,0.1672887164665931,0.5078206361649199,0.7518456687462538,7438,16470298,16465002,0.15374504205074424,0.4710899466009137,0.7705542944968972,1539.9718313589167,1500.5685231248756,213.53183635294388,1237.5841226112789,1957.6521734127168,720.068050801438,444.4046635567115,19.92156273514854,-134371.52547418978,17.817529449668758,52.772116470632184,142.76425698642294,142.1608826310112
326,field_size_scaled,True,ignore,inverse_sqrt,none,365.0,180.0,1.5,5,100.0,100.0,0.75,0.7,1.5,10.0,5.0,1,28430,2843700,2842872,0.16738634531632546,0.5080880285385961,0.7537796284883738,7438,16470298,16465002,0.15397863164371828,0.47195026691029396,0.7715148167002955,1537.8952233715174,1496.7052137200812,211.97573408631908,1242.42567863597,1948.6797413371173,706.2540627011474,442.70023642821775,23.57592531075784,-134212.4191940176,16.335145696580515,49.284287166911895,158.64234387255556,102.70873200200731
327,field_size_scaled,True,modifiers,none,evidence_decay,365.0,365.0,1.0,20,200.0,75.0,0.1,0.7,1.75,10.0,10.0,7,28430,2843700,2842872,0.168286655636319,0.5084283797428218,0.7486647305963828,7438,16470298,16465002,0.15320935750199013,0.46795825023440285,0.7700056155474503,1546.7782541718357,1499.3342630769946,245.01160509458623,1206.7597941481083,2026.5719124852203,819.812118337112,520.9610198834941,22.002113475366286,-6487.8810685988365,31.093244348384744,78.96903263466928,196.03194516228893,129.837355258991
328,field_size_scaled,True,modifiers,none,evidence_decay,365.0,365.0,4.0,5,50.0,30.0,0.0,0.7,1.5,10.0,5.0,5,28430,2843700,2842872,0.16772067983902852,0.5088110585644645,0.7520908433443363,7438,16470298,16465002,0.1556407911395399,0.47613413451833014,0.7679025486908535,1520.2121851927905,1487.1156749880392,221.84073305878974,1204.3007317934791,1941.0700991469123,736.7693673534332,429.8981665836802,18.923048178100657,-497177.13662301714,20.697883358256558,62.43215244763417,172.75571075288298,132.7841935960023
329,field_size_scaled,False,ignore,none,none,365.0,730.0,2.0,10,50.0,20.0,0.1,0.5,1.5,15.0,5.0,5,28430,2843700,2842872,0.16754947335053472,0.5088965616479498,0.7563319769585124,7438,16470298,16465002,0.1933896749075687,0.5693366059444304,0.6953537570174604,1539.534789831817,1504.6489290977142,178.91068590661504,1295.2353270494982,1882.243534431944,587.0082073824458,388.8096526783829,14.019647692171247,-151032.07887642013,15.068952483610172,36.68294793034636,76.41519855898936,79.90238285899977
330,field_size_scaled,False,ignore,none,none,365.0,365.0,2.0,10,75.0,75.0,0.0,0.667,1.25,20.0,10.0,0,28430,2843700,2842872,0.16877982365525976,0.5092705349144122,0.7305281419634791,7438,16470298,16465002,0.19562608979394858,0.5755388756241607,0.6813218729035077,1539.6054610257977,1500.9600422826609,202.35850473320448,1261.113879534215,1931.9789565536958,670.8650770194809,424.57129522616196,18.832925447630714,-158837.07706582276,26.303243473254657,65.89310028010625,130.0743733381679,68.70530696600326
331,field_size_scaled,True,modifiers,inverse_sqrt,evidence_decay,365.0,730.0,1.5,10,75.0,10.0,0.1,0.8,1.5,15.0,10.0,1,28430,2843700,2842872,0.16789897407824964,0.5096280338182527,0.753418725851885,7438,16470298,16465002,0.1555727617592518,0.4761754945631768,0.7693144525582202,1543.5252395642422,1498.88533603747,216.12928396380863,1240.087978467126,1967.6283107900038,727.5403323228777,486.0161689500553,19.733919905216,-109151.23387755781,15.956998754199887,45.281356363331334,111.1250837652873,127.58414845399966
332,field_size_scaled,True,ignore,none,none,365.0,365.0,1.0,999999999,100.0,30.0,1.0,0.5,1.5,15.0,10.0,5,28430,2843700,2842872,0.1681423172599524,0.5096449320520287,0.752118632143832,7438,16470298,16465002,0.15443884977763234,0.47233739007013587,0.7701006049073058,1550.696640525169,1501.8844402901436,230.78704711804633,1237.2276182733099,2001.3094019328473,764.0817836595375,511.8063874771924,19.486849766799082,-4880.091760255201,19.82235506515271,52.49328840755144,134.2229079013994,111.24203498999123
333,field_size_scaled,True,ignore,inverse_sqrt,none,365.0,180.0,2.0,20,100.0,100.0,0.25,0.5,2.0,15.0,5.0,3,28430,2843700,2842872,0.16824363621891486,0.5096606663171696,0.7529765673586429,7438,16470298,16465002,0.15410182100134184,0.47192946802706875,0.7718714519439476,1536.8940507905904,1496.2797969610824,209.03892868739092,1242.1689425449295,1944.482567711762,702.3136251668325,417.6907038980262,24.41132365303895,-213753.1804323672,20.94664767254444,62.75661204427945,192.2386553819426,100.7574496580055
334,field_size_scaled,True,modifiers,none,none,365.0,180.0,1.0,10,200.0,50.0,0.75,0.8,1.25,20.0,10.0,0,28430,2843700,2842872,0.1690655464959993,0.5098099385288928,0.7292160885189344,7438,16470298,16465002,0.15325264523435386,0.4675977724831443,0.7601519878345596,1543.469166510617,1498.295510247926,247.01341601168915,1199.9297168305368,2026.3524047247015,826.4226878941647,513.3728391485508,21.571758772433896,-6375.286585230626,33.51134826117297,87.38141762315635,224.6220253749684,135.6059451619949
335,field_size_scaled,True,independent,none,evidence_decay,365.0,365.0,1.0,5,100.0,50.0,0.5,0.7,2.0,15.0,10.0,6,28430,2843700,2842872,0.16824808902709693,0.509929177207367,0.7509479849954553,7438,16470298,16465002,0.15399435476910567,0.4712426001951597,0.7703889741404222,1548.3792662106753,1503.3394839407215,218.49476966602745,1252.2006595882121,1976.313714395656,724.1130548074439,466.413503857392,22.695286685188307,-3487.9996368341717,19.625818934371786,52.64369838366481,163.25867868947967,160.35610764299054
336,field_size_scaled,False,independent,none,evidence_decay,365.0,180.0,4.0,20,20.0,5.0,0.75,0.5,1.5,15.0,5.0,5,28430,2843700,2842872,0.16804404254584837,0.5102910416162032,0.753437368970534,7438,16470298,16465002,0.193403140219086,0.5692105741440263,0.6938608328137464,1533.5179875251326,1503.3440624401585,167.04421117905432,1303.4059012354865,1855.4679144373308,552.0620132018444,330.48319539941144,12.523845772713344,-247420.69841939822,14.759128277997858,38.99306903008579,97.95351024434723,117.37424010799441
337,field_size_scaled,False,ignore,none,none,365.0,365.0,1.0,20,150.0,50.0,0.5,0.5,2.0,10.0,10.0,2,28430,2843700,2842872,0.1686543279349389,0.51035090562735,0.754460278197541,7438,16470298,16465002,0.19355948539984252,0.5694555448299103,0.6945743462405896,1541.2203096171086,1501.0679978356625,177.40486443770973,1310.1735023038975,1896.6823825331414,586.5088802292439,400.2052806331121,15.899334179764764,281.9884509641567,18.92090938614009,43.044183326461734,158.13712971266395,85.12126074700791
338,field_size_scaled,True,ignore,inverse_sqrt,none,365.0,730.0,3.0,20,75.0,20.0,1.0,0.8,1.25,15.0,10.0,0,28430,2843700,2842872,0.16922568950213454,0.5103535269730071,0.7282550885161203,7438,16470298,16465002,0.15435143824389616,0.47114543578504525,0.7585471899730106,1530.1311838228191,1493.7970103791718,226.54656892002004,1198.9317560425814,1968.7430098510688,769.8112538084874,431.51555241938286,25.899115371514313,-348035.91153861565,29.031580558020572,88.44635349393428,214.4805162443438,143.25763992700377
339,field_size_scaled,False,ignore,none,none,365.0,180.0,2.0,999999999,50.0,5.0,0.0,0.667,1.25,10.0,10.0,1,28430,2843700,2842872,0.16828222595928896,0.5106333340324598,0.7538900801724453,7438,16470298,16465002,0.1942844916683476,0.5716325019618202,0.6935974863531751,1535.8129675284033,1503.2676817577076,183.66921683839502,1279.8529970422421,1879.9462254249956,600.0932283827535,390.2141557649984,13.37093188783524,-176945.43559409032,14.80461731614132,37.5,84.73360961604955,82.99747005899553
340,field_size_scaled,False,ignore,none,none,365.0,365.0,1.5,5,50.0,5.0,1.0,0.5,2.0,15.0,10.0,0,28430,2843700,2842872,0.1692661352296452,0.5107919289775913,0.7313885394769796,7438,16470298,16465002,0.19406318024949512,0.5709006111094714,0.6836033181168153,1536.843541358528,1497.974375238452,184.24730724168035,1294.6972343151392,1904.578276262062,609.8810419469228,388.1692274282277,16.082643984959304,-104341.6031565289,22.0000007523795,55.25480797191234,117.08312067622425,68.8594028929947
341,field_size_scaled,True,modifiers,none,none,180.0,365.0,3.0,999999999,75.0,50.0,0.1,0.667,1.25,20.0,5.0,0,28430,2843700,2842872,0.1696186352996858,0.5114757109876559,0.728922723217929,7438,16470298,16465002,0.15459428241492482,0.47156298777962075,0.7585019424838212,1529.0498287320318,1492.4469807271553,227.4089733581492,1200.818625691025,1963.2117924890026,762.3931667979775,438.6612754740943,20.692291647784828,-331029.8829527387,30.596520183821525,85.34172626507245,206.46972711158807,130.611361837
342,field_size_scaled,True,independent,none,none,365.0,180.0,1.5,5,75.0,20.0,0.25,0.8,1.5,15.0,10.0,5,28430,2843700,2842872,0.16894258598095524,0.5119264924935631,0.7495423642007097,7438,16470298,16465002,0.15545198990803236,0.47533330773346916,0.7679457311939591,1541.4632938829131,1501.0759510184062,217.8041808255296,1239.8453864907817,1963.6507669529956,723.8053804622139,459.0798047925814,17.52482968430934,-135831.20576281293,20.18735074161704,52.53513845285971,118.41706348495399,106.63432293699589
343,field_size_scaled,False,ignore,none,none,365.0,365.0,1.0,5,100.0,5.0,0.0,0.7,2.0,15.0,5.0,3,28430,2843700,2842872,0.16918094888645718,0.5119386508375564,0.7540536471568189,7438,16470298,16465002,0.19509781500622275,0.5742738310718594,0.6936749233313182,1547.708752033937,1506.8055592183425,195.84450476242773,1286.5242541816378,1928.5018085272986,641.9775543456608,450.5057445368095,16.496626108840246,312.1061239352052,20.525821321430524,47.222524737349794,96.63546806530717,74.19571064499905
344,field_size_scaled,False,modifiers,none,none,365.0,365.0,1.0,5,150.0,100.0,0.25,0.667,1.25,20.0,5.0,7,28430,2843700,2842872,0.16973431509174508,0.51279635016589,0.75215591838113,7438,16470298,16465002,0.195156805909055,0.5740328330637806,0.6924157069643843,1542.3528749654195,1501.3617559138418,186.96400188703086,1295.0853319250696,1911.101987037714,616.0166551126445,423.5530311428322,13.732178550064418,329.31511744654637,21.585578076384667,49.37507290922143,117.40466255083021,74.88146768599108
345,field_size_scaled,True,modifiers,inverse_sqrt,none,365.0,365.0,1.5,999999999,100.0,100.0,0.1,0.5,1.75,10.0,5.0,6,28430,2843700,2842872,0.16919762306722694,0.5129279825846211,0.7521323506651021,7438,16470298,16465002,0.1567505259121992,0.4796044271428519,0.7684192203560012,1535.3971380382777,1496.8488592126018,197.90381338245885,1260.2741517690818,1922.241676169073,661.9675243999911,414.4112954010534,17.776059871421126,-136951.61812494163,16.745180337640072,47.12783991017228,113.62421888723068,103.72428659000434
346,field_size_scaled,True,ignore,inverse_sqrt,none,365.0,730.0,1.0,5,100.0,20.0,1.0,0.8,2.0,20.0,5.0,2,28430,2843700,2842872,0.1698580424126732,0.5129860906583738,0.74823312481181,7438,16470298,16465002,0.1548775060746222,0.4732310402986594,0.7690605807396804,1545.7324451357842,1499.3721910175773,219.12771314170453,1241.2753424800894,1981.416153225382,740.1408107452926,469.0981670096762,21.540886924206234,-485.7063768270661,23.621771645388467,67.73314550888149,178.92277732099032,113.30138721399999
347,field_size_scaled,True,independent,inverse_sqrt,none,365.0,180.0,2.0,999999999,100.0,20.0,0.1,0.5,1.25,20.0,10.0,7,28430,2843700,2842872,0.1700282568056345,0.5131176738690004,0.7455654000602208,7438,16470298,16465002,0.15499505047332898,0.47337435024279956,0.7676008785179619,1536.9812082585356,1499.4450817275556,214.11584460438007,1230.347640148999,1957.4641971121323,727.1165569631332,423.4198703068762,21.841197225308065,-195903.67652137185,26.849507867375102,77.450881823201,177.19504757201005,105.0044471489964
348,field_size_scaled,True,modifiers,inverse_sqrt,evidence_decay,365.0,180.0,1.0,5,200.0,75.0,0.25,0.7,2.0,10.0,10.0,0,28430,2843700,2842872,0.17025929021474165,0.5131425895294222,0.7292058875672207,7438,16470298,16465002,0.1546260851189555,0.47197906837896636,0.7598594886292755,1538.3742058689552,1496.1676353001026,217.89385160255733,1228.5474000644786,1973.0707362331311,744.5233361686526,456.41729736845855,20.343975699975886,-342.4110652228704,27.437785904206745,78.3149663059304,257.72058638610525,148.4023174400063
349,field_size_scaled,False,ignore,none,none,180.0,180.0,1.0,999999999,75.0,10.0,0.1,0.8,2.0,10.0,5.0,5,28430,2843700,2842872,0.16947968936797966,0.513550673585133,0.7551268576284828,7438,16470298,16465002,0.1945364207553826,0.5724271659910489,0.6945772615150608,1544.1493122386892,1505.4792249601328,180.13544671688686,1305.4569321767053,1896.9915671219094,591.5346349452041,421.94910981645876,13.377085961919647,202.20479874150325,15.797236113615774,34.826325819084616,77.81332447004397,73.8270467580005
350,field_size_scaled,True,independent,inverse_sqrt,evidence_decay,365.0,180.0,4.0,999999999,50.0,10.0,0.1,0.8,1.5,10.0,5.0,2,28430,2843700,2842872,0.16996939494829683,0.5135549394984271,0.7464972042357165,7438,16470298,16465002,0.155701924991927,0.47584843579549296,0.766918339882376,1525.9179953569055,1494.930343500746,204.166437814409,1227.1288800826005,1921.6176774872015,694.488797404601,374.3336299343955,21.693847398003754,-495786.55133433035,24.34295892447614,75.48592188376904,203.79721990685243,143.96781367399672
351,field_size_scaled,False,modifiers,inverse_sqrt,none,180.0,180.0,3.0,20,300.0,5.0,0.25,0.667,2.0,20.0,10.0,0,28430,2843700,2842872,0.15887406585031608,0.5139092661194141,0.7524320475913091,7438,16470298,16465002,0.20364421370321395,0.6837593540666838,0.7040402424488014,1627.6151736755016,1557.3357201665783,490.1336823081499,921.4617729071009,2533.6624318850754,1612.2006589779744,338.35613519548633,60.540888391778935,-365259.55846243,133.46867826654713,441.2275263453247,1549.0909098129541,76.44017830300436
352,field_size_scaled,False,ignore,none,evidence_decay,365.0,365.0,4.0,5,20.0,20.0,1.0,0.7,1.75,20.0,5.0,6,28430,2843700,2842872,0.1695713914073624,0.5143585876859519,0.7547884674371551,7438,16470298,16465002,0.19361747217544265,0.5692670975078451,0.6942405473136293,1531.88860154136,1499.6451232709521,152.7967014435861,1323.365426702927,1833.4108805549563,510.04545385202937,324.8924095796042,12.595895425090703,-181154.8119797625,10.894963810807248,28.624630647290914,98.08227225898533,94.720715346004
353,field_size_scaled,False,ignore,none,none,365.0,180.0,1.0,20,100.0,50.0,0.5,0.5,1.25,10.0,5.0,1,28430,2843700,2842872,0.16979495111241175,0.5145503964521274,0.7551919326652765,7438,16470298,16465002,0.1939932252184869,0.5706412085407393,0.6952330768013268,1540.650976123218,1502.926259530851,168.14790048298656,1320.0750726029637,1871.0396536761325,550.9645810731688,397.74794450110494,11.76034969045736,151.21459553972514,12.714702807915076,28.471645540339786,96.4191503800532,91.6088702929992
354,field_size_scaled,False,independent,none,none,365.0,365.0,3.0,999999999,50.0,100.0,0.75,0.8,1.25,10.0,10.0,4,28430,2843700,2842872,0.17001810036836998,0.515114363616445,0.7508347192557385,7438,16470298,16465002,0.19549900465735076,0.5744366798703862,0.6903663297459667,1531.1720968113887,1503.0024068882476,169.7167390920954,1293.6979327775894,1855.107861384989,561.4099286073997,338.9844355769269,12.650878207076744,-281329.3851253914,17.167832729757343,45.67025542522435,102.44770352235632,75.27317299399874
355,field_size_scaled,True,modifiers,inverse_sqrt,none,180.0,180.0,1.0,10,150.0,30.0,0.5,0.667,1.25,10.0,5.0,2,28430,2843700,2842872,0.17067559949713781,0.5152440246200226,0.7478563931123174,7438,16470298,16465002,0.15604749699627796,0.4765572559135358,0.7680070734276254,1542.6362223986987,1497.8617419027314,211.8844671335541,1247.8655565176066,1964.0510397584565,716.1854832408499,455.9479849908362,18.108676113781257,-422.78686248754457,23.01772545583093,63.85006745883072,165.50214733812248,106.05738680200011
356,field_size_scaled,True,ignore,none,evidence_decay,180.0,730.0,3.0,999999999,300.0,5.0,0.25,0.7,2.0,15.0,5.0,6,28430,2843700,2842872,0.15769287688460745,0.5152923922196542,0.7711704923753162,7438,16470298,16465002,0.1462267337073469,0.49344433760775497,0.791415026855144,1649.601739103245,1607.5344427715265,631.0425303498823,688.2138961308531,2747.221595070423,2059.00769893957,523.8894420368852,116.15175285562833,-843553.039615811,146.82455806374813,509.16818966998403,1596.5693993317946,148.8688891549973
357,field_size_scaled,True,modifiers,inverse_sqrt,evidence_decay,365.0,180.0,3.0,5,50.0,10.0,0.25,0.8,1.25,10.0,10.0,4,28430,2843700,2842872,0.17023502034226654,0.5154219097416595,0.7507196947312437,7438,16470298,16465002,0.1578641237373353,0.48256566800728473,0.7666486769937836,1525.591906675235,1492.261063639993,198.32140802261665,1241.8659076117835,1911.0094700947736,669.1435624829901,394.03534659134766,16.50140921155173,-354094.96279128396,17.997557916488905,53.91625430030196,141.90041192011606,148.03319907998957
358,field_size_scaled,True,modifiers,none,evidence_decay,180.0,180.0,1.0,10,200.0,5.0,0.0,0.8,1.25,10.0,10.0,0,28430,2843700,2842872,0.17130752318716952,0.5155801375414538,0.7261329388027319,7438,16470298,16465002,0.156187213657048,0.47544966523779997,0.7559327353862453,1542.1518117457276,1497.1895013800079,243.21316763616966,1202.0038137809788,2013.9952946441192,811.9914808631404,521.9388850412417,20.444887153470063,-6489.251977125787,32.36454766638351,82.22837978302705,185.97515032540036,141.6525017870008
359,field_size_scaled,False,modifiers,inverse_sqrt,evidence_decay,365.0,730.0,2.0,10,50.0,100.0,0.0,0.5,1.75,10.0,5.0,6,28430,2843700,2842872,0.17035945980488634,0.5164727637616966,0.7538482210947239,7438,16470298,16465002,0.195634124317321,0.5747163290303111,0.691668121267158,1533.0073462563648,1500.582629806603,158.6922182505331,1314.7331657911654,1841.3994654237072,526.6662996325417,334.38974028106327,10.818802581034788,-149439.19316517145,12.569990355587755,33.90275821894368,82.57050398336528,132.13636609300738
360,field_size_scaled,True,modifiers,inverse_sqrt,none,365.0,730.0,2.0,20,75.0,100.0,0.1,0.8,1.5,20.0,10.0,4,28430,2843700,2842872,0.1706347600820503,0.5165053103272854,0.7509666281141043,7438,16470298,16465002,0.15799440099754392,0.4828149035178616,0.767092284592495,1538.3463286109838,1497.7409228079591,198.78038457762364,1260.5386349847506,1928.0867962224893,667.5481612377387,427.9518499322596,18.635462462855003,-160055.6593215684,16.934208472764805,48.06832802331688,113.71227416201226,123.5024974810076
361,field_size_scaled,False,ignore,none,evidence_decay,365.0,730.0,4.0,999999999,30.0,20.0,0.5,0.5,1.5,10.0,10.0,3,28430,2843700,2842872,0.1705661486644617,0.5166170690601302,0.7547645479641715,7438,16470298,16465002,0.19394587333870864,0.5699147717031449,0.6938531194833745,1523.9815007020254,1495.322621265968,146.35090119127264,1326.2485220945368,1813.085681722891,486.83715962835413,281.11891749141205,12.696827207312253,-295046.4527886349,13.5790125063999,36.932732832744094,114.27129213930439,121.0447040709987
362,field_size_scaled,True,modifiers,inverse_sqrt,evidence_decay,180.0,180.0,3.0,5,30.0,30.0,1.0,0.667,2.0,20.0,10.0,4,28430,2843700,2842872,0.1707691055998247,0.5168042093433132,0.7506704487574537,7438,16470298,16465002,0.15729918301702822,0.4810160165105508,0.7680336753071758,1534.517568542167,1496.8084706202342,194.39353215156933,1260.2833582550686,1914.4516987369161,654.1683404818475,398.86650339106154,17.95606793503009,-205609.17515657653,15.959015508897277,50.25041274500927,134.65957623373657,151.26770739699714
363,field_size_scaled,True,ignore,inverse_sqrt,evidence_decay,365.0,180.0,3.0,5,50.0,20.0,0.75,0.8,1.5,15.0,10.0,7,28430,2843700,2842872,0.17145830469282713,0.5170302668665407,0.7458921822720123,7438,16470298,16465002,0.15697106138526284,0.47902586426333976,0.7661152425004261,1529.0577702819733,1493.3768192092055,205.08568429376385,1230.2552434608513,1930.8363487324605,700.5811052716092,409.44710594374874,20.319936120926627,-308406.63363995583,22.672841404671065,68.14189609165666,167.52728480043356,165.38388199498877
364,field_size_scaled,True,modifiers,inverse_sqrt,none,365.0,730.0,1.0,10,150.0,75.0,0.0,0.5,1.25,15.0,5.0,3,28430,2843700,2842872,0.17155276932904695,0.5180320914843171,0.7489123674931548,7438,16470298,16465002,0.15821316191165782,0.4826909736639918,0.7664631926555491,1544.7441882077253,1499.6437398764588,209.23317585850202,1256.6783886780102,1958.971501545882,702.2931128678717,471.51713815910375,16.887776718279838,-272.68575345971306,20.727634063893415,54.98327452839576,137.23214089861497,115.5511192529957
365,field_size_scaled,True,modifiers,none,none,180.0,730.0,2.0,10,75.0,100.0,0.25,0.8,1.75,10.0,5.0,4,28430,2843700,2842872,0.17134868936167996,0.5182212948905285,0.7495982935566567,7438,16470298,16465002,0.1581026533398223,0.4829761041227338,0.7665763417459651,1527.6747729634892,1491.044039277611,200.262787013608,1249.8533168881588,1914.8067281049398,664.953411216781,415.8583021922818,16.125536526153496,-262158.873673028,18.470466572917093,49.973594098126,134.20578795795723,151.4956497200037
366,field_size_scaled,False,ignore,none,none,365.0,180.0,2.0,999999999,30.0,10.0,0.5,0.7,1.5,20.0,5.0,1,28430,2843700,2842872,0.17113680361610606,0.518225641218546,0.7529343565239659,7438,16470298,16465002,0.19424800734277098,0.571126075686261,0.694414249084209,1537.1286558505344,1502.4397764521436,161.52753254859252,1316.5440331329773,1852.4046735162233,535.8606403832459,363.7652441843916,10.562553123618727,-101854.82348766191,10.570412561543812,25.663514190519635,62.334333338412314,75.19684873300139
367,field_size_scaled,True,ignore,inverse_sqrt,evidence_decay,365.0,180.0,1.5,5,50.0,20.0,0.75,0.667,1.75,15.0,10.0,1,28430,2843700,2842872,0.1712870186774841,0.518282161884364,0.7492398532188576,7438,16470298,16465002,0.15858945356279167,0.484355889999186,0.7657426947169518,1539.429807656189,1497.4307885509716,202.71190104375847,1255.8278063840662,1941.4787048780136,685.6508984939474,463.9290695885079,16.694989988508837,-95768.28013639626,13.703401724268511,39.82596570170783,99.12184422621668,147.0560580159945
368,field_size_scaled,True,independent,none,none,180.0,730.0,3.0,5,50.0,5.0,0.0,0.7,1.25,15.0,5.0,6,28430,2843700,2842872,0.1714051865106207,0.5183366658986305,0.7455822843940916,7438,16470298,16465002,0.159185836057355,0.48557910145424443,0.7624143015591496,1530.694590861173,1496.7427645596433,207.97586764842453,1234.769457201427,1931.1674712137892,696.3980140123622,431.6310426739053,15.564643590856463,-298836.538760291,18.355724575502418,51.635445617311206,125.69021262627362,106.68420642199635
369,field_size_scaled,True,independent,none,none,180.0,180.0,4.0,999999999,300.0,75.0,0.25,0.7,1.75,10.0,5.0,0,28430,2843700,2842872,0.16446377739528123,0.5184476293404401,0.7381222228788352,7438,16470298,16465002,0.1498585743336158,0.4847214078227468,0.7714082877123246,1565.818880497361,1535.5822696202044,482.7600778748631,833.3772225840044,2412.81722024815,1579.4399976641457,327.77655605479436,76.05928154498076,-1224348.114414352,124.69124285947503,440.9413261387833,1667.9153387579493,140.70883073699952
370,field_size_scaled,True,independent,inverse_sqrt,none,365.0,180.0,1.5,5,100.0,75.0,0.0,0.5,1.25,10.0,10.0,5,28430,2843700,2842872,0.17156293896000388,0.5188315177565451,0.7471184070193804,7438,16470298,16465002,0.15884758028220158,0.4850327663957744,0.7646452760831732,1536.3937709875015,1500.3431910334132,197.23713685490867,1258.8438822708592,1924.4655256311298,665.6216433602706,423.35005875673005,15.196812123253721,-139781.17463356451,17.90701840470899,49.49667441353279,126.61533500319723,104.43496042001061
371,field_size_scaled,True,modifiers,none,none,180.0,730.0,1.0,5,75.0,50.0,0.5,0.8,1.75,20.0,5.0,1,28430,2843700,2842872,0.1716152184968984,0.5189542788805128,0.7492451295731922,7438,16470298,16465002,0.15825796930413719,0.4829362450927014,0.7662293633489993,1546.0502444809777,1500.1559790810988,212.06987708726135,1256.5390412590523,1963.6812315955935,707.1421903365413,501.2854148818501,15.59030592447641,-3722.608608733522,14.844238064205472,38.16458833633617,112.17842365529917,102.23508625199611
372,field_size_scaled,False,ignore,inverse_sqrt,evidence_decay,180.0,180.0,4.0,10,20.0,5.0,1.0,0.667,1.25,15.0,5.0,5,28430,2843700,2842872,0.17143612720059015,0.5194796847554424,0.7536069158231535,7438,16470298,16465002,0.19539582931768953,0.5740005388764341,0.692315919548628,1530.1756158221397,1499.245017639024,150.9815044068188,1320.1280890331575,1823.0430457825837,502.9149567494262,321.1506206550846,12.030335967192741,-191966.34443357418,10.93853696514938,30.476181737726918,79.459879199751,127.94297712200205
373,field_size_scaled,True,independent,none,none,365.0,730.0,2.0,10,75.0,20.0,0.0,0.667,1.75,10.0,10.0,5,28430,2843700,2842872,0.17223241743049972,0.5204047496547468,0.7450732920792775,7438,16470298,16465002,0.15947082968276338,0.48634188646246274,0.7626155769674368,1530.6640798792482,1495.5895562285482,206.3470703365097,1241.915043208397,1928.7723009198276,686.8572577114305,432.22165712477454,14.65971468978637,-254053.42432757455,19.350627674966805,52.306660275622264,125.53886715271742,139.1602307360008
374,field_size_scaled,False,modifiers,none,none,365.0,730.0,2.0,5,50.0,50.0,0.75,0.667,1.25,20.0,5.0,5,28430,2843700,2842872,0.1721293305028937,0.520976823172893,0.7534349066718445,7438,16470298,16465002,0.19613031162162084,0.5758417019823071,0.6915999767263922,1534.9238444282203,1501.9652078208146,157.0206967274924,1323.9294172304049,1841.8668281141413,517.9374108837364,364.4485711943021,11.295762419832727,-111835.55816594578,12.209204699057238,29.493333797541297,83.67365637821281,89.97542776999762
375,field_size_scaled,False,independent,none,none,180.0,365.0,2.0,10,30.0,5.0,0.75,0.8,1.5,15.0,5.0,5,28430,2843700,2842872,0.17258731334638347,0.5219655717255803,0.7502026120064498,7438,16470298,16465002,0.19603068152075823,0.5757452574115922,0.6908104839586415,1534.15573133103,1502.7142202142466,156.18388742184177,1325.2947287885022,1840.9845143042644,515.6897855157622,338.837585767654,10.39389431730433,-129611.42682916712,13.272544717587158,31.46595203055834,72.44172765908027,83.13678684200568
376,field_size_scaled,True,ignore,none,evidence_decay,365.0,365.0,3.0,20,300.0,5.0,0.75,0.8,1.75,15.0,10.0,3,28430,2843700,2842872,0.1621697487874356,0.5232655293253832,0.7641845992362652,7438,16470298,16465002,0.14837776668341765,0.49108562662316185,0.7867539888546627,1622.3153801638286,1581.1205986152886,612.4289434975237,693.0167600600064,2683.6329726340387,1990.6162125740323,562.8486519824723,110.3603161411072,-941234.8754542614,156.86364943171355,527.3395257347538,1406.037147822215,123.00396825101052
377,field_size_scaled,True,ignore,none,evidence_decay,180.0,365.0,4.0,10,300.0,5.0,0.1,0.667,1.5,15.0,5.0,3,28430,2843700,2842872,0.16165461608041595,0.5235095626917238,0.7651888653446233,7438,16470298,16465002,0.1483540373098647,0.49460734766623543,0.7874335514808927,1616.866869073975,1580.1761630592232,603.9924702747634,698.5796037992712,2666.570004390896,1967.9904005916246,506.30961428850605,108.06125945322697,-1071678.969668509,152.97143345892047,528.684472569977,1603.3274716450853,160.94936999300262
378,field_size_scaled,False,modifiers,none,evidence_decay,365.0,730.0,2.0,10,50.0,30.0,0.1,0.667,1.5,20.0,10.0,2,28430,2843700,2842872,0.17372667219070037,0.523975276410825,0.7497530666171393,7438,16470298,16465002,0.1969169073091094,0.5776707437576886,0.6895702168757708,1532.2684468316788,1499.2578212179565,160.3536811860187,1317.0017482970788,1851.7380764826685,534.7363281855896,362.70958182022105,11.654632971786668,-127281.34967921652,16.249975444097878,38.1382602891338,76.68763020364045,142.8991314550076
379,field_size_scaled,True,ignore,inverse_sqrt,evidence_decay,180.0,730.0,3.0,999999999,20.0,5.0,0.5,0.667,2.0,20.0,10.0,1,28430,2843700,2842872,0.17349859695377126,0.5240711791729884,0.7467086101660574,7438,16470298,16465002,0.16172379887183583,0.49292712236265557,0.7618325828323617,1533.570589344274,1495.594681733397,192.0763875836345,1260.8188915715848,1908.9473253090093,648.1284337374245,432.92712186544577,14.347598825041928,-178280.88251319982,12.155448341266341,35.832167998303476,89.28793629576329,123.03956263700093
380,field_size_scaled,True,modifiers,none,evidence_decay,365.0,730.0,1.5,10,100.0,50.0,0.0,0.5,1.75,15.0,5.0,2,28430,2843700,2842872,0.17430481154111094,0.5245898401435749,0.742804811472342,7438,16470298,16465002,0.16039317154772526,0.4879835018968833,0.7616579700385095,1534.315180221338,1493.4482233921235,210.5011477075412,1241.5703044763588,1946.1362299599539,704.565925483595,468.08061342021915,14.912747856851638,-147497.08077539332,22.3490994527547,57.1680753543358,131.81747832385327,140.42327081500844
381,field_size_scaled,True,ignore,none,evidence_decay,365.0,365.0,1.5,10,100.0,30.0,0.25,0.667,1.25,15.0,5.0,0,28430,2843700,2842872,0.17496453071423795,0.5252612386454778,0.7212713059188033,7438,16470298,16465002,0.15960605500444833,0.48514013661586597,0.7518034920372314,1531.6617918188347,1492.1896004512662,211.87156286350353,1231.5391234754375,1945.5125079000786,713.9733844246412,457.47549466960913,17.75531815053705,-154999.51980250046,24.999370444327305,64.8666094224875,138.9144771979069,125.99763312700088
382,field_size_scaled,True,modifiers,none,evidence_decay,365.0,365.0,1.0,999999999,100.0,20.0,0.0,0.5,1.25,15.0,10.0,5,28430,2843700,2842872,0.17415931232388132,0.5252669333749649,0.7462126328586022,7438,16470298,16465002,0.1617434233900456,0.49210047637908017,0.7619377149179818,1540.075327642898,1499.4503298636942,200.8795393891579,1266.6890508062745,1933.96983097681,667.2807801705355,472.9888067708962,11.852916310505861,-3653.4401667951106,16.882530920339278,40.36033878675498,90.24418929708209,132.55798652498925
383,field_size_scaled,False,independent,none,evidence_decay,180.0,730.0,2.0,999999999,50.0,10.0,0.25,0.5,1.25,10.0,10.0,7,28430,2843700,2842872,0.1744679474233592,0.5254313851866201,0.7456769070151593,7438,16470298,16465002,0.19701733897544182,0.5776718764832286,0.6876867066277915,1528.9720414316896,1499.3831130563688,153.60757338402948,1322.735887534212,1834.7040703097769,511.96818277556486,323.05561235754453,11.720604399175727,-182793.01301636704,17.428344293336117,41.32713560298838,91.49656583784302,103.4273584420007
384,field_size_scaled,True,independent,inverse_sqrt,none,180.0,730.0,3.0,999999999,30.0,10.0,0.75,0.8,1.5,20.0,5.0,5,28430,2843700,2842872,0.17431208652635735,0.5261200266685997,0.744785906646518,7438,16470298,16465002,0.16200042405537074,0.4937469593656554,0.7613113560508525,1532.033507491899,1498.6249390303678,180.2469344748399,1276.7448980760114,1887.788519037454,611.0436209614427,389.09763668148116,13.538292456228191,-202777.45266913238,14.531668220330372,41.876142401710375,98.71820627319993,133.14990473400394
385,field_size_scaled,False,independent,inverse_sqrt,none,180.0,730.0,4.0,10,20.0,5.0,0.25,0.5,2.0,15.0,5.0,2,28430,2843700,2842872,0.17452629866697036,0.5263148964238764,0.7481775472128186,7438,16470298,16465002,0.19698797341838137,0.5773451533527394,0.687806415085768,1525.2818118983735,1499.0054348362025,133.9177426584868,1344.9161542009092,1792.8658128940137,447.94965869310454,265.40160624227474,12.654510567472244,-202309.26593479828,13.433703056628302,37.2189604598905,98.78032448532524,82.82796434899501
386,field_size_scaled,True,ignore,none,none,365.0,180.0,4.0,20,30.0,100.0,1.0,0.667,1.5,20.0,10.0,5,28430,2843700,2842872,0.17443680547904739,0.5263652045089224,0.7465963996972076,7438,16470298,16465002,0.1613411388549837,0.4920725369585428,0.7632101714898061,1526.1182024987168,1491.7497780977787,180.70868311032197,1274.6719055463477,1877.586564290685,602.9146587443372,381.66861404031874,15.85771296424025,-269443.6231234153,13.647795307687954,39.695515643379174,120.26958479033685,121.92258344299626
387,field_size_scaled,False,independent,none,evidence_decay,180.0,180.0,1.0,5,50.0,20.0,1.0,0.667,2.0,15.0,10.0,1,28430,2843700,2842872,0.1745206887491152,0.526474882183012,0.7500137185212701,7438,16470298,16465002,0.19654194180041903,0.5766363423723427,0.691162928495241,1536.4892834943491,1501.3565118666245,145.50176586262955,1346.965816452042,1829.3999467009135,482.4341302488715,348.32080342344625,9.136809259071583,145.21063154155638,10.086216997144108,24.989256444918126,87.83564673635512,112.35744970900123
388,field_size_scaled,False,independent,none,evidence_decay,365.0,730.0,3.0,999999999,50.0,100.0,0.75,0.7,2.0,15.0,5.0,2,28430,2843700,2842872,0.17508813677119756,0.5272948168256224,0.7447166105262566,7438,16470298,16465002,0.19827259252832932,0.5809185505084347,0.6855262453050416,1529.2679375220464,1501.1135058990258,157.35560932566776,1312.0973745231074,1835.7904519099463,523.6930773868389,336.84998498436835,11.616427771363874,-219186.11737467747,17.39400660866096,43.920089361920205,88.5877604312054,115.09439872000075
389,field_size_scaled,True,ignore,none,evidence_decay,365.0,180.0,4.0,10,50.0,100.0,0.0,0.8,2.0,10.0,10.0,0,28430,2843700,2842872,0.17577336087762813,0.5274274806991235,0.7195132246545043,7438,16470298,16465002,0.1615523099973519,0.49047946010106525,0.7483832677335842,1518.7713012425554,1485.3047459614274,208.35590416506835,1216.4867980651843,1920.5437376438272,704.0569395786429,424.69075911051664,15.805869111898915,-521603.43303051667,24.8008182224182,72.1979431471008,180.1310431678211,140.14922268199734
390,field_size_scaled,True,independent,none,evidence_decay,180.0,365.0,2.0,10,50.0,30.0,0.75,0.7,2.0,15.0,10.0,7,28430,2843700,2842872,0.17568611223048464,0.5277744163557958,0.7394304069968679,7438,16470298,16465002,0.15973286856335922,0.4861614452728116,0.7620446083152617,1528.3785719791072,1494.6910004841066,190.884744443459,1256.2553709486801,1903.206312221093,646.9509412724128,393.16594774219334,16.72445998165847,-217798.87251262943,21.69070899827493,61.574818981299074,139.5833431804415,180.56695133099856
391,field_size_scaled,False,independent,none,evidence_decay,180.0,365.0,2.0,20,75.0,75.0,1.0,0.7,1.75,20.0,5.0,0,28430,2843700,2842872,0.17577078295544282,0.5277830187007837,0.721555525538962,7438,16470298,16465002,0.19877421613820037,0.5820258383551598,0.6741519982809598,1530.7011191642193,1499.3467817454257,162.63186914198917,1310.3386132360804,1851.1298569157004,540.79124367962,358.29963605432386,11.208849668492235,-124924.22766333731,20.2134629618752,48.62651311964101,148.34230498060464,97.8037767640053
392,field_size_scaled,True,independent,inverse_sqrt,evidence_decay,180.0,730.0,3.0,10,30.0,50.0,1.0,0.667,1.75,20.0,5.0,6,28430,2843700,2842872,0.1750260172663668,0.5277994649820192,0.7444394260452106,7438,16470298,16465002,0.1615809782821883,0.49275321378576453,0.7625346173659742,1530.7190742968044,1498.5645133751402,171.34986143364654,1287.9243195350818,1871.580220610459,583.6559010753772,360.07327064402307,16.998682556240624,-184770.75004955902,12.805464409574883,40.35391794667399,107.69416911989154,163.94373776900466
393,field_size_scaled,False,modifiers,none,none,365.0,180.0,1.5,5,75.0,50.0,0.1,0.667,2.0,10.0,10.0,0,28430,2843700,2842872,0.1756895945381783,0.5279872350089925,0.7276905186023148,7438,16470298,16465002,0.19829384307837242,0.5808299472293172,0.6777274002153173,1529.2837282923404,1496.9499029172612,158.8908053697136,1315.5471851979053,1845.2040946802886,529.6569094823833,357.29524674836875,10.19042506451433,-109390.31413003996,18.104393446432272,42.08097060085552,82.00314541423586,71.26954455098894
394,field_size_scaled,True,modifiers,inverse_sqrt,evidence_decay,365.0,365.0,2.0,999999999,75.0,5.0,0.0,0.5,1.25,10.0,5.0,3,28430,2843700,2842872,0.17542445633995524,0.5282841200209392,0.7451643971307889,7438,16470298,16465002,0.162632268331906,0.4950899359689808,0.7616501959732529,1526.4870186587802,1493.6560496283757,176.78031868966133,1277.3581791911813,1874.638431106561,597.2802519153797,373.69034823449033,13.855073135028874,-225469.2008718767,17.126393714175272,48.0638085290968,125.26008457016724,187.95486261999758
395,field_size_scaled,False,independent,none,none,365.0,730.0,1.0,10,75.0,50.0,1.0,0.7,1.75,15.0,5.0,6,28430,2843700,2842872,0.17551019591216757,0.5290159119619691,0.7481673462611049,7438,16470298,16465002,0.19822147186468286,0.5809265880495691,0.6881549725897391,1537.3578131658767,1502.966662595064,151.31081228131035,1341.0495440653422,1836.7902628616184,495.74071879627627,363.40883153423283,10.391351902983047,162.55241387695997,12.203209030384361,26.462540127283063,94.74007109641532,76.19848345100763
396,field_size_scaled,False,independent,none,evidence_decay,365.0,365.0,1.5,5,50.0,75.0,0.0,0.667,1.75,10.0,5.0,6,28430,2843700,2842872,0.17554784161952575,0.5293633576224241,0.746795494134101,7438,16470298,16465002,0.19847461123119034,0.5817511540224122,0.6873004934952331,1532.8609139263199,1502.7825400754707,154.67726850012278,1324.5103164198836,1832.271167356805,507.76085093692154,344.7597473523829,9.579829257977849,-94618.39565894454,13.427001174574503,31.634828542033667,63.14994380120265,146.35036863399728
397,field_size_scaled,True,modifiers,none,none,180.0,180.0,3.0,5,30.0,30.0,0.75,0.8,2.0,10.0,5.0,3,28430,2843700,2842872,0.17597186659920988,0.5296852658163802,0.7440535486648713,7438,16470298,16465002,0.16190748935170376,0.49314214751980995,0.7621656529407042,1518.7487451170725,1488.1126794113375,177.7082676220206,1264.7876954291266,1867.5523980960836,602.764702666957,361.2784700772588,13.021789204109268,-357354.30106811685,16.700655703421898,48.992015506672935,119.01861041794255,103.42393523399369
398,field_size_scaled,True,modifiers,inverse_sqrt,evidence_decay,180.0,365.0,4.0,999999999,30.0,20.0,0.5,0.7,1.75,10.0,5.0,0,28430,2843700,2842872,0.1766273501436262,0.5301513066888265,0.7223842649264547,7438,16470298,16465002,0.1620113299368647,0.4926225752129962,0.7508619191178962,1516.9429078103594,1491.6272221724018,172.7554392087535,1260.5582644645176,1860.86762595807,600.3093614935524,345.1546500361203,14.079620527755196,-394355.1173432229,19.56861531576332,60.96739088556042,146.89279596519924,128.65658908999467
399,field_size_scaled,True,independent,inverse_sqrt,none,180.0,365.0,2.0,20,50.0,10.0,0.75,0.7,1.5,15.0,5.0,3,28430,2843700,2842872,0.17626805724594982,0.5302886430767639,0.7421417496109568,7438,16470298,16465002,0.16276196848999167,0.4952637052835565,0.7604560266679591,1530.4268174064853,1497.7800925693616,177.4814097075606,1279.3783002359824,1883.423620473202,604.0453202372196,380.86289055032216,14.559137760118006,-184866.4537090926,17.390120518081286,48.70396396966231,109.56363406338303,105.72581718899892
400,field_size_scaled,False,ignore,none,evidence_decay,180.0,180.0,4.0,10,20.0,20.0,0.25,0.667,2.0,15.0,5.0,4,28430,2843700,2842872,0.17577499551374504,0.5304740215356032,0.7509370805298304,7438,16470298,16465002,0.19730231648071692,0.5785563718386106,0.690186250812481,1524.2630076725115,1496.805709089724,137.791665728578,1337.2272284141045,1793.9488561976877,456.72162778358324,300.71946978671053,10.803527630060444,-208296.5950084832,10.82240456265754,27.19740337608278,72.12069390242299,127.8657210819947
401,field_size_scaled,False,independent,none,none,365.0,180.0,4.0,999999999,20.0,5.0,0.1,0.8,1.75,20.0,10.0,3,28430,2843700,2842872,0.17610245034914793,0.5305808417124386,0.747304486448915,7438,16470298,16465002,0.19829391897827753,0.5809302176701221,0.6871369344504179,1528.0242695787877,1500.4911003902967,145.34229977349557,1329.500670883352,1814.4406863486552,484.9400154653031,316.85858633019006,11.677282020574694,-195687.29907989,14.275659464223072,35.27385864882456,69.99674141301361,74.9550920160109
402,field_size_scaled,True,ignore,inverse_sqrt,none,180.0,365.0,1.0,999999999,100.0,5.0,0.0,0.8,1.25,10.0,5.0,5,28430,2843700,2842872,0.1762685668594382,0.5307133936773937,0.7446508319755515,7438,16470298,16465002,0.1639607994698067,0.49862127353307495,0.7607365003660491,1537.9322256904322,1497.786687370089,185.9990347249158,1280.917662749364,1908.8452127278988,627.9275499785349,445.8207218781556,13.136747651232781,-42.46449272551038,14.387350796052525,37.009986344350146,89.02495800903547,100.86776777901105
403,field_size_scaled,True,independent,inverse_sqrt,evidence_decay,365.0,180.0,1.5,5,75.0,50.0,0.1,0.5,1.75,10.0,10.0,5,28430,2843700,2842872,0.1761785421206806,0.530785095555048,0.743505511327981,7438,16470298,16465002,0.16325833539407467,0.4971671858118501,0.7609072868621577,1530.867900192857,1497.9753784611075,173.08015101211691,1288.7788406199406,1875.4679562893798,586.6891156694392,384.24861786889187,12.282057847871556,-119966.55134541924,14.391025979764978,39.39461592453559,88.58522514331908,152.4078225330013
404,field_size_scaled,True,ignore,inverse_sqrt,evidence_decay,365.0,180.0,4.0,5,30.0,50.0,0.25,0.7,1.5,10.0,10.0,5,28430,2843700,2842872,0.17614468738661188,0.5309775333173986,0.7451904271455064,7438,16470298,16465002,0.1635840578539459,0.49866710180502666,0.7614689023420708,1517.8840754134435,1491.2558820919373,164.49871188769083,1281.4478270862528,1838.4121497125632,556.9643226263104,334.76392951513435,14.457755334933609,-328466.77983916237,12.425517440027683,39.20684807833601,112.24180993529829,149.97459903800336
405,field_size_scaled,True,independent,none,evidence_decay,365.0,730.0,2.0,999999999,30.0,5.0,0.5,0.7,2.0,20.0,10.0,4,28430,2843700,2842872,0.17646562221251968,0.5310888722071894,0.7413640149820323,7438,16470298,16465002,0.16346777007664026,0.496894148846823,0.7586706032589611,1532.6201376705403,1497.1437672664488,188.1041179634659,1270.942279306706,1902.8639582138026,631.9216789070965,417.97816065404936,12.793795959948625,-165323.02105022184,16.452776391909723,42.19168280067304,89.82713052532714,167.1335133889952
406,field_size_scaled,True,modifiers,none,evidence_decay,180.0,730.0,1.0,20,75.0,10.0,0.5,0.8,1.25,10.0,5.0,5,28430,2843700,2842872,0.1765353887741964,0.531315692308756,0.7440725435404759,7438,16470298,16465002,0.1639298897445798,0.49810940444232743,0.7600614321212958,1536.7529802171775,1495.8810666966488,192.67351314911926,1275.658721879595,1920.38676525219,644.7280433725948,463.4604857476147,11.287410266973211,-3314.986431318248,15.571320553106803,36.35777498436287,81.69337252838248,157.00883226300357
407,field_size_scaled,False,independent,none,evidence_decay,180.0,180.0,1.0,20,50.0,10.0,0.25,0.7,1.5,20.0,5.0,5,28430,2843700,2842872,0.17644126156236906,0.5315020276422215,0.7486175951643268,7438,16470298,16465002,0.1981454293784682,0.5807934168876026,0.6892865849636702,1537.2815566417964,1502.5654685607487,147.2734307765087,1349.0893152254098,1833.0238401150025,483.9345248895927,355.8716148723488,8.971091973248235,141.8968987104771,11.364752133902526,24.21296721773693,63.993285822034565,106.4443466369994
408,field_size_scaled,True,ignore,none,none,365.0,730.0,4.0,5,300.0,100.0,1.0,0.667,1.75,15.0,10.0,7,28430,2843700,2842872,0.16516598700905716,0.5319063074816334,0.7589968876544565,7438,16470298,16465002,0.15109825006988334,0.5028096970691259,0.7825137828710862,1583.5619162567057,1540.279928131934,505.9472952159244,828.2048211373058,2483.2255920286366,1655.0207708913308,130.68389257491094,81.19572585581591,-997281.6568721269,123.29740899056885,431.77576235602476,1885.0466191141059,105.59983783400094
409,field_size_scaled,True,ignore,none,evidence_decay,365.0,730.0,2.0,5,50.0,5.0,0.1,0.667,1.25,20.0,10.0,3,28430,2843700,2842872,0.1769940930160737,0.5319864986993341,0.7422029553212385,7438,16470298,16465002,0.16366042838601783,0.49722112322056494,0.7594066493280718,1531.6517886185404,1493.688844784102,193.09203609220344,1264.681518456294,1911.5338132653349,646.8522948090408,440.761334749222,14.579138763337824,-177044.3966437099,17.504428744564827,44.47731606006468,93.12452118746745,185.47498456100584
410,field_size_scaled,False,modifiers,none,none,180.0,365.0,3.0,10,30.0,75.0,0.0,0.667,1.5,20.0,10.0,2,28430,2843700,2842872,0.1769514040369652,0.5322363449072652,0.7464166518928745,7438,16470298,16465002,0.19919620984458047,0.5831589268927118,0.6861208398274109,1527.9435977381984,1498.2354147805358,152.19505302702254,1319.1917780437552,1825.8925059903086,506.70072794655334,343.39001080708044,10.189942852189006,-174714.65596260456,15.238309298993805,37.57383181728925,75.25753225643534,92.09633810099331
411,field_size_scaled,True,independent,inverse_sqrt,evidence_decay,180.0,180.0,3.0,10,50.0,20.0,0.1,0.667,1.5,10.0,5.0,7,28430,2843700,2842872,0.1772827524768589,0.5322404492537538,0.7385552356912306,7438,16470298,16465002,0.16286996728456496,0.49524812659630246,0.759001183237026,1522.578680705416,1494.042544567882,173.8779844302966,1268.926695630359,1868.300338187537,599.3736425571778,358.76155459808933,14.275383298081124,-326300.4088266167,19.31123030259777,56.36108958684299,142.72515811341708,137.36800499400124
412,field_size_scaled,False,independent,none,none,365.0,365.0,1.5,999999999,50.0,75.0,0.1,0.5,1.25,20.0,10.0,5,28430,2843700,2842872,0.17680778865952917,0.5326064425058902,0.7471792609727065,7438,16470298,16465002,0.1988483717781247,0.5825460176009063,0.6875181673224212,1534.3633491549529,1502.760777789827,147.23833003706346,1340.1062188781002,1823.8243228386887,483.71810396058845,342.35375081323446,9.407014565622262,-64179.654252236774,11.829994499775918,26.554416513734523,50.58379903135364,113.99411375400086
413,field_size_scaled,True,ignore,none,evidence_decay,180.0,730.0,2.0,10,75.0,100.0,0.1,0.667,1.25,15.0,5.0,0,28430,2843700,2842872,0.17868836337220975,0.5349826359382611,0.7176879578116778,7438,16470298,16465002,0.1638477079124595,0.4968339774732774,0.7472328882802444,1525.1139264423941,1490.2177073005544,191.0097716469012,1253.5301860787745,1902.8058878454642,649.2757017666897,425.0789889689145,14.251903481184058,-214917.44798253183,21.172775504250854,54.80026778704353,125.29384449580682,123.52433451700199
414,field_size_scaled,True,modifiers,inverse_sqrt,evidence_decay,180.0,730.0,1.5,10,50.0,20.0,1.0,0.5,2.0,15.0,10.0,7,28430,2843700,2842872,0.17852226472805038,0.5352608431740961,0.7393899549469691,7438,16470298,16465002,0.16390375218026654,0.49787542834126497,0.7593990574674695,1528.0383575338924,1495.6641727522103,172.9498489702839,1281.294758516185,1879.5667495748392,598.2719910586541,390.69585858711525,12.441284237050013,-108054.63962555029,16.83479981059362,48.943781298149936,110.09563278974355,125.96006763901096
415,field_size_scaled,True,modifiers,inverse_sqrt,evidence_decay,365.0,180.0,1.0,999999999,75.0,20.0,0.5,0.7,1.5,15.0,5.0,3,28430,2843700,2842872,0.17879492667864288,0.5366333896534646,0.7424270245019825,7438,16470298,16465002,0.16530923401606049,0.5019458621371738,0.759864347420061,1533.9181882596538,1497.5245390994924,168.40432816066695,1303.6289124552175,1873.0546207651646,569.4257083099471,392.70142618019077,12.146427103370911,-180.53848229150688,14.753694961351865,39.3227034791936,97.9759596217883,153.73508075800783
416,field_size_scaled,True,ignore,none,none,180.0,730.0,3.0,10,30.0,30.0,0.75,0.8,1.25,15.0,10.0,5,28430,2843700,2842872,0.1784961959570512,0.5366442320747921,0.7416598425817272,7438,16470298,16465002,0.166111959173051,0.5046542768602024,0.757395049208011,1522.5922616602982,1490.8485282791257,172.55425097051562,1280.946094444998,1860.937704234433,579.9916097894352,381.3131761206628,10.420494165008336,-249317.74908448788,12.72726639384821,34.659370555598365,80.3624790835763,99.08182851700985
417,field_size_scaled,False,modifiers,inverse_sqrt,none,365.0,180.0,1.5,20,50.0,50.0,0.1,0.667,1.25,10.0,5.0,5,28430,2843700,2842872,0.17832502808697906,0.5368530712495125,0.7493844253276264,7438,16470298,16465002,0.1996363678373954,0.5844385581349874,0.6879982158520236,1527.881846980241,1498.7281670084942,130.62548464448818,1354.3872037665458,1787.5978243998793,433.2106206333335,300.857340443094,7.924140978832611,-73335.85297994433,9.566028568445475,24.303864521501602,52.542999705136396,76.14673325100739
418,field_size_scaled,True,independent,none,none,180.0,730.0,2.0,5,50.0,10.0,0.25,0.8,1.75,10.0,5.0,0,28430,2843700,2842872,0.17948622818628884,0.5370098413721429,0.7136128534805647,7438,16470298,16465002,0.1641702829758522,0.4976909452884259,0.7452099914716075,1522.658669610552,1491.6068980666028,181.19781975878078,1262.911361344094,1881.4111779997338,618.4998166556397,383.1118544125245,14.423928380959183,-268712.7492342167,21.43379687027492,57.07274404465141,121.71380265489285,108.6664962569921
419,field_size_scaled,True,independent,inverse_sqrt,evidence_decay,365.0,180.0,4.0,5,30.0,20.0,0.75,0.8,1.25,20.0,10.0,2,28430,2843700,2842872,0.17913420409448017,0.5371796448446398,0.7372273531836818,7438,16470298,16465002,0.16521339321739753,0.5016318498166287,0.7566090790635799,1524.9180340773053,1496.0120760517775,166.61253950169905,1285.4239614275753,1857.1658309920617,571.7418695644865,354.9748484604145,12.997196982165406,-243066.44415128743,16.872626108135304,48.18106840348768,107.74387089423591,156.33142560199485
420,field_size_scaled,True,ignore,inverse_sqrt,evidence_decay,180.0,365.0,3.0,999999999,300.0,20.0,0.75,0.7,2.0,15.0,5.0,7,28430,2843700,2842872,0.16526560579339175,0.5377197549517815,0.7607686874400255,7438,16470298,16465002,0.15109264602832656,0.506093845771164,0.783880257044609,1605.8354449777185,1548.3910686389406,539.8661400488029,778.6514007898539,2570.7019516525947,1792.0505508627407,266.0303358401479,106.45237253410943,-752005.6709497265,144.1259684517905,535.8288632118592,1704.9083326954453,122.56730825500563
421,field_size_scaled,True,ignore,inverse_sqrt,evidence_decay,365.0,180.0,1.0,20,75.0,20.0,0.25,0.667,1.25,15.0,5.0,4,28430,2843700,2842872,0.179601900313249,0.5389669085317458,0.741671802318219,7438,16470298,16465002,0.16698079084082645,0.5065259838584112,0.7579511985482905,1535.7439556520778,1497.431373338854,172.0966323363821,1299.5194554254756,1881.6286617623628,582.1092063368872,417.4464410706669,12.235322047674458,-109.55676046384048,12.87556156755257,33.200348342883345,79.8456660073153,138.43092149100266
422,field_size_scaled,True,independent,none,none,365.0,730.0,1.5,999999999,50.0,20.0,0.5,0.667,1.25,15.0,10.0,6,28430,2843700,2842872,0.17965951793825247,0.5393194630453922,0.7385052862035294,7438,16470298,16465002,0.1670792701942916,0.5066610638253906,0.7552694497091467,1530.1771172288209,1496.465583290248,172.84540752968192,1292.680927314877,1870.0406141623096,577.3596868474326,393.7965744267351,10.485535280011504,-101089.43713139695,13.232160969629346,32.66599471952775,69.12769101308412,105.88175418399624
423,field_size_scaled,True,modifiers,none,evidence_decay,365.0,730.0,4.0,999999999,300.0,20.0,0.5,0.7,2.0,10.0,5.0,1,28430,2843700,2842872,0.15901800926796172,0.5396922572390837,0.772221190401819,7438,16470298,16465002,0.14790780565308773,0.5245240230833427,0.7926388955191138,1623.8713362920003,1588.8336560237085,655.2124108710373,593.074885742366,2752.310290524158,2159.235404781792,241.2830886762515,103.08272287910074,-1345125.3400141604,153.36015599974138,585.3274340664371,2143.8023471154766,139.07334966599592
424,field_size_scaled,False,ignore,none,evidence_decay,365.0,365.0,2.0,5,20.0,5.0,0.25,0.8,1.75,20.0,5.0,6,28430,2843700,2842872,0.17965373975367493,0.5400759323344686,0.7474075512369182,7438,16470298,16465002,0.1997829312328187,0.5847042012086389,0.6879198071157234,1527.9966085515175,1498.7074841008734,132.09421521800965,1350.9005238868517,1790.1313311863241,439.2308072994724,314.0773257186047,8.001420066464789,-92850.47945715638,8.740631875091355,19.995193128379057,45.425812530181986,96.56562804599525
425,field_size_scaled,False,modifiers,inverse_sqrt,none,180.0,365.0,3.0,20,30.0,30.0,1.0,0.667,1.75,15.0,5.0,7,28430,2843700,2842872,0.18007967145800358,0.5401681169353204,0.7464518275884388,7438,16470298,16465002,0.20037336626644678,0.5854332049079268,0.6847639010308046,1520.7315105248256,1495.981546420256,116.07905919375547,1366.9831158477828,1757.485189992818,390.5020741450353,249.0283167815419,8.485985871860066,-142471.0956297794,10.506415238149764,29.44571584191533,96.67177364427634,72.56505387999641
426,field_size_scaled,True,independent,inverse_sqrt,evidence_decay,180.0,365.0,1.0,5,75.0,50.0,0.5,0.8,2.0,15.0,5.0,3,28430,2843700,2842872,0.18049329477118153,0.5407165065449627,0.739577793161282,7438,16470298,16465002,0.16580607750351062,0.5032203808489288,0.7592487386275446,1531.8338147275706,1498.9642324939223,158.95439374658156,1313.5094366772564,1856.0624776197587,542.5530409425023,362.6551585419195,14.143872446466958,72.01364232957249,14.229751915290144,40.04570609533813,118.20952388945953,146.63383482399513
427,field_size_scaled,True,independent,none,none,365.0,365.0,4.0,10,20.0,10.0,0.25,0.8,1.25,20.0,5.0,6,28430,2843700,2842872,0.1801530700746432,0.5407483131690575,0.737410970314527,7438,16470298,16465002,0.16829543317082032,0.5101925583566752,0.7533058908829772,1523.7386916146756,1494.117695724602,166.49477503533802,1287.4187932829127,1849.6678832935486,562.2490900106359,369.27755099774504,9.451532323453193,-232592.53983048763,12.566529562965275,33.77739153486377,71.81554951756391,110.6186692140036
428,field_size_scaled,False,modifiers,none,none,180.0,730.0,1.5,5,75.0,75.0,1.0,0.5,1.75,20.0,5.0,3,28430,2843700,2842872,0.18018514291152393,0.5407495687795433,0.7475127265666551,7438,16470298,16465002,0.20064870052755493,0.5866158556713819,0.6863380885104052,1528.1200230055817,1497.9556178160776,135.41732026885916,1349.0599460934943,1797.6265608598035,448.56661476630916,329.03024091149746,8.910264674243763,-65994.39206750004,11.735887531136752,26.468267636070525,95.3944424779441,88.13138845301
429,field_size_scaled,True,independent,inverse_sqrt,evidence_decay,365.0,365.0,1.0,10,75.0,75.0,0.5,0.5,1.75,10.0,10.0,6,28430,2843700,2842872,0.18032624807201497,0.5408158680121633,0.7401845739097644,7438,16470298,16465002,0.16633313232226885,0.5051024153823018,0.7589795008831459,1530.8476832598406,1498.811873048247,155.02913158230308,1320.0611351263826,1845.7661557994288,525.7050206730462,359.8261098884327,12.594349337266067,49.90681393333483,11.50529041318648,33.52643082682802,101.35126102671956,146.6923479570105
430,field_size_scaled,True,independent,inverse_sqrt,none,180.0,365.0,1.0,999999999,100.0,50.0,0.5,0.8,1.75,20.0,5.0,0,28430,2843700,2842872,0.18132004944063915,0.5414296838531018,0.7133525533333896,7438,16470298,16465002,0.16534115386651932,0.5009073408112601,0.7460862136548784,1527.0818370362304,1496.713916381512,164.17124422761486,1295.3468518740638,1864.7964268049077,569.4495749308439,365.6157928049213,14.096802730350532,233.34298448962397,18.171713350776496,50.725025945499944,149.55847115471437,102.78662931099825
431,field_size_scaled,False,independent,inverse_sqrt,evidence_decay,365.0,730.0,1.0,5,75.0,30.0,0.75,0.8,1.75,10.0,10.0,7,28430,2843700,2842872,0.18087248125813965,0.5414844062650553,0.7433904868034861,7438,16470298,16465002,0.20103445329461267,0.5871205205717082,0.6834202631739735,1526.5176417714852,1498.736639386937,124.37435345954316,1367.8679218015698,1781.711566997543,413.8436451959733,288.04820485946993,9.193818182668338,148.38727689515162,12.265400257644924,30.17273998982401,107.91199292017919,125.37352451500192
432,field_size_scaled,False,independent,inverse_sqrt,evidence_decay,180.0,180.0,1.5,5,50.0,50.0,0.5,0.5,1.5,20.0,5.0,1,28430,2843700,2842872,0.18037829609020842,0.5415938492756355,0.7453033411282675,7438,16470298,16465002,0.2005532731707207,0.5864172215892863,0.686074377640525,1529.7961216145243,1500.3233823891087,123.44253177776835,1363.819980156583,1779.6265646230022,415.8065844664193,303.0027258808241,8.462740800878919,-43033.94621537131,7.364891398153403,18.985064114629772,63.352079246456114,107.98972831900755
433,field_size_scaled,True,modifiers,none,evidence_decay,365.0,365.0,1.5,10,75.0,100.0,0.0,0.8,1.5,10.0,5.0,2,28430,2843700,2842872,0.18106678437188733,0.5418767681555903,0.7365685124057643,7438,16470298,16465002,0.16762769078895298,0.507519455973295,0.7544375639917931,1525.8728317586285,1490.8903715057277,178.05736462980738,1278.2567268930268,1879.6311488029075,601.3744219098808,416.88595610072593,10.790712538286925,-144304.5262282466,17.22175151221012,42.929745109631234,94.72089460353561,140.99359973201354
434,field_size_scaled,True,modifiers,none,none,180.0,365.0,1.5,20,75.0,100.0,0.1,0.5,1.75,20.0,5.0,7,28430,2843700,2842872,0.18116199081303852,0.5419108256346615,0.7365002715563698,7438,16470298,16465002,0.1669798738153594,0.5057036915495284,0.7555339501325296,1527.1783035014212,1492.2290644741124,174.62516421864055,1285.095194847745,1876.3221610262874,591.2269661785424,408.4773565828666,11.414415518410351,-106149.27949313252,17.165393534587043,41.90452891755427,89.91862432347492,103.61224989300536
435,field_size_scaled,True,independent,inverse_sqrt,evidence_decay,365.0,180.0,2.0,999999999,50.0,100.0,0.0,0.8,2.0,20.0,10.0,4,28430,2843700,2842872,0.18141040018244417,0.5436972777809903,0.7382059410342781,7438,16470298,16465002,0.16920906506837713,0.5125879962599542,0.7543044331242718,1529.003643762568,1497.9161478339765,159.651252519231,1305.533781029626,1846.7714617544748,541.2376807248488,365.6428790840205,10.192187337203222,-127232.73864749105,12.7988142730211,34.399400145246105,82.68483534138625,160.6285848589905
436,field_size_scaled,True,ignore,none,none,365.0,180.0,4.0,10,30.0,20.0,0.75,0.5,1.25,10.0,5.0,0,28430,2843700,2842872,0.1825275384962123,0.5448832079466717,0.7129536609456916,7438,16470298,16465002,0.1684253172037056,0.50931570199188,0.7414061049005642,1513.8984819503873,1485.664921206374,167.33502599570477,1269.1120530809412,1845.2052892983302,576.093236217389,360.72207481678424,11.200632370427797,-412004.36635924905,17.524056000859034,50.48961741664356,104.9840219731636,100.56941497900698
437,field_size_scaled,True,independent,inverse_sqrt,evidence_decay,180.0,365.0,1.0,999999999,100.0,100.0,0.0,0.667,1.5,10.0,5.0,3,28430,2843700,2842872,0.18218777645378215,0.5449343035093931,0.7366747430063683,7438,16470298,16465002,0.1689356752543512,0.5113008993080713,0.7547890367702355,1531.9738825330019,1498.8649543056088,162.90872677466038,1307.758055709709,1861.9165106484868,554.1584549387778,389.28157880037475,12.101439609843055,316.83122554038636,15.005450252657118,37.981969947289436,87.79377958326604,172.54311847100325
438,field_size_scaled,False,modifiers,inverse_sqrt,none,180.0,180.0,3.0,5,30.0,50.0,1.0,0.667,1.25,10.0,5.0,6,28430,2843700,2842872,0.18160970883066488,0.5453478591990437,0.7460775581876355,7438,16470298,16465002,0.20150205703991828,0.5889050570998932,0.6848765642421422,1519.0502771758272,1496.4395336604523,113.90560829748678,1361.8527157767185,1741.7104886924596,379.8577729157412,249.74497402344923,7.680001815098194,-158174.7021714459,7.808081939162394,22.035418589501333,74.38196201549881,101.96919217900722
439,field_size_scaled,True,ignore,none,none,180.0,365.0,1.0,999999999,50.0,30.0,1.0,0.7,1.5,20.0,10.0,5,28430,2843700,2842872,0.18237878433267427,0.5459232120751063,0.7387750837885069,7438,16470298,16465002,0.16946341300403928,0.5127552352522159,0.7551173695575621,1534.6517815466043,1496.4983897758543,170.09676605231422,1305.8946650088376,1874.9471311394836,569.052466130646,424.74651959252924,9.78435015594846,-2632.728520679741,11.36645855586591,27.50190285204266,64.29270808573557,100.60116356400249
440,field_size_scaled,False,independent,inverse_sqrt,evidence_decay,365.0,730.0,4.0,999999999,20.0,20.0,0.5,0.7,1.5,15.0,10.0,2,28430,2843700,2842872,0.18227902654571854,0.5459715811717991,0.7434464161594332,7438,16470298,16465002,0.20128698479329551,0.5878299587830446,0.6829940257523199,1519.283577970497,1497.895187718087,108.76211270519921,1373.8081574950143,1739.7601919833028,365.9520344882885,227.13610899441392,9.429828364261766,-166041.9363999349,10.008152238510453,27.98738287036021,76.66147271220487,157.06968788801169
441,field_size_scaled,False,independent,none,evidence_decay,365.0,365.0,4.0,20,20.0,75.0,0.1,0.667,1.5,10.0,5.0,1,28430,2843700,2842872,0.18199648755469416,0.5461876820746575,0.7411740662259856,7438,16470298,16465002,0.20144578468908544,0.5888020077524411,0.683154973197088,1518.1230968215932,1496.9879400830318,121.85355596862996,1347.2515965160324,1749.0281976198403,401.77660110380793,254.77759624098326,7.999982817419209,-215681.0231567664,9.026226017117592,24.5803059378948,48.42284557652682,109.42147175499122
442,field_size_scaled,True,ignore,inverse_sqrt,evidence_decay,365.0,180.0,3.0,5,30.0,100.0,0.5,0.7,1.25,20.0,10.0,5,28430,2843700,2842872,0.1824074931788673,0.5465813571771998,0.7400164340849676,7438,16470298,16465002,0.1702271497837778,0.5159590777475207,0.7554534764101456,1523.765003647717,1494.84831158357,147.76356345301429,1316.3610498753453,1818.063994502888,501.7029446275426,342.7267977253389,10.95303688296849,-155663.17418733006,9.59822774413772,28.05887707343674,71.6085214444162,124.36426656000549
443,field_size_scaled,False,ignore,inverse_sqrt,none,180.0,180.0,1.0,999999999,75.0,100.0,0.75,0.7,2.0,15.0,10.0,4,28430,2843700,2842872,0.18268919336871706,0.5470944931897777,0.7458281625060854,7438,16470298,16465002,0.2026581907280153,0.5915665392401331,0.6846493550380377,1530.1603696855718,1499.0885322845188,129.40155706240606,1359.9896105723328,1790.6492975256374,430.6596869533046,320.65849917214314,9.131227623863879,103.61273202624393,9.382379196075098,22.654398833641103,50.176097303072616,95.25577623699792
444,field_size_scaled,False,independent,none,none,365.0,365.0,1.0,10,30.0,10.0,0.5,0.8,2.0,20.0,10.0,1,28430,2843700,2842872,0.18275206813769726,0.5472128385540861,0.743805208254188,7438,16470298,16465002,0.20151331420800778,0.588776174112051,0.6861453767208774,1530.3201266006374,1499.9974774497528,125.27782595541551,1367.1733654957634,1786.1121375476132,418.9387720518498,318.4305597210555,5.985383427910165,81.82801598872955,7.8931469977602955,17.73958858782141,49.81550669914226,84.65578685500077
445,field_size_scaled,True,ignore,inverse_sqrt,none,180.0,730.0,2.0,20,50.0,10.0,0.25,0.7,1.25,15.0,10.0,0,28430,2843700,2842872,0.18413994229673192,0.5488501446777143,0.7126258234630332,7438,16470298,16465002,0.1704285972547705,0.5147186843362233,0.7410220174889744,1520.58366765702,1492.8748404476605,157.44447650235412,1292.6667250032806,1837.2750804586494,544.6083554553688,359.1099084984521,10.785218457815745,-161235.0676548765,15.69350922495776,42.71188894691166,87.48692080865767,111.01042853399122
446,field_size_scaled,False,independent,none,evidence_decay,180.0,180.0,3.0,999999999,20.0,50.0,1.0,0.8,2.0,20.0,5.0,6,28430,2843700,2842872,0.1833493904070913,0.5491498410189231,0.7418680826994672,7438,16470298,16465002,0.20272976693468545,0.5917163237092462,0.6823641442618713,1524.369633276307,1499.3559578325076,121.25623959307292,1359.8878349829947,1760.6583291579886,400.7704941749939,284.74815259915545,7.782181457409251,-120821.268751105,8.70645741144688,21.196147413190527,65.76548822098275,115.0875367760018
447,field_size_scaled,False,independent,inverse_sqrt,none,365.0,365.0,3.0,5,30.0,75.0,0.75,0.667,1.5,15.0,5.0,5,28430,2843700,2842872,0.18362062465008439,0.5500483744785393,0.7424199893628697,7438,16470298,16465002,0.20292149435425827,0.5922633993739579,0.6822488087156018,1522.19549015049,1499.4196983340476,112.50052607546577,1367.7576183036765,1743.8081954787842,376.0505771751077,252.59836519639657,8.15970747139852,-130778.64401275771,8.242890710772171,22.39267261683289,65.40616949587303,74.46907367599488
448,field_size_scaled,False,independent,none,evidence_decay,180.0,180.0,1.0,5,50.0,75.0,1.0,0.8,1.75,20.0,5.0,1,28430,2843700,2842872,0.18403767959985487,0.5501670700180208,0.7408965299879839,7438,16470298,16465002,0.20380276745598205,0.594313183482983,0.6821940865843806,1532.8021166651356,1501.2935052087678,136.63169890185333,1351.7803796844669,1802.9414097904225,451.16103010595566,348.18341092003266,6.868106491392041,90.19774034065219,9.065423325276354,19.43903413865433,56.91139924975399,119.6230718230072
449,field_size_scaled,False,ignore,none,none,365.0,180.0,4.0,10,20.0,20.0,1.0,0.667,1.25,10.0,5.0,2,28430,2843700,2842872,0.1839348781681419,0.5502138364086815,0.7428055149862534,7438,16470298,16465002,0.20216805042170513,0.5901287349005246,0.6828975787552288,1515.9235838839504,1494.108735394529,111.82920978807839,1364.717849407337,1737.9384716873399,373.2206222800028,236.82023015469508,9.029705250536836,-229431.96702230212,9.9938981842442,26.03186005917509,67.03817387209129,105.50296276601148
450,field_size_scaled,False,modifiers,inverse_sqrt,evidence_decay,180.0,180.0,3.0,999999999,20.0,10.0,0.75,0.7,1.25,10.0,10.0,4,28430,2843700,2842872,0.1836580572650696,0.5502523422731781,0.7463892148503345,7438,16470298,16465002,0.2019874131766781,0.5900941945582873,0.6858825768742695,1517.0075869224127,1496.2401886915754,104.96608518396548,1374.9578903114448,1726.4028762115277,351.4449859000829,225.81248816063362,7.07942184258377,-154403.85779840007,7.822274494653797,21.252527317412238,53.29017023747838,126.0209068969998
451,field_size_scaled,False,modifiers,inverse_sqrt,evidence_decay,365.0,365.0,4.0,20,20.0,50.0,0.1,0.8,1.75,10.0,5.0,4,28430,2843700,2842872,0.183721066251168,0.5504962143306216,0.7453483660185897,7438,16470298,16465002,0.2026313910448728,0.5916329164580767,0.6839778701514886,1516.785077473112,1495.512489283677,109.84650975472883,1366.7512509397661,1733.4454386285872,366.6941876888211,233.50456433012664,7.730547475646972,-199179.94137804944,8.29362608835898,23.465532080828496,54.14108351483918,107.9781017130008
452,field_size_scaled,False,independent,inverse_sqrt,evidence_decay,365.0,180.0,1.0,20,100.0,75.0,0.5,0.5,1.5,20.0,10.0,2,28430,2843700,2842872,0.18449740085306382,0.5508724383998299,0.7419806449252727,7438,16470298,16465002,0.2031297957008181,0.5922882943395485,0.6817083897104902,1525.2689406559641,1498.7636663808726,115.07534346266735,1378.9483782236434,1761.6665480322101,382.7181698085667,274.21134197497213,8.466154955290563,120.50231691565894,10.240481844458204,25.0,79.0941387827354,121.94156580799608
453,field_size_scaled,True,modifiers,inverse_sqrt,none,180.0,180.0,1.0,20,75.0,20.0,0.0,0.667,1.75,10.0,10.0,4,28430,2843700,2842872,0.18455631290026445,0.55125532621145,0.737819711896983,7438,16470298,16465002,0.17265594115720295,0.5213692771488525,0.7530685389531079,1529.3985513547536,1496.0284211792173,152.741725193632,1319.7759761635664,1838.3114198460107,518.5354436824443,379.29692761179376,8.54662718245254,41.91677892546743,11.430272374824296,28.42903097219558,65.31389330524513,104.29906213299546
454,field_size_scaled,True,modifiers,none,none,365.0,180.0,3.0,10,20.0,10.0,0.75,0.5,2.0,15.0,5.0,0,28430,2843700,2842872,0.18510111371132892,0.5513871607427003,0.7127010994515406,7438,16470298,16465002,0.1711551576039324,0.516505107279005,0.7401093543748127,1516.1436625915433,1488.833991492055,156.97858160977532,1289.960454051676,1830.8413226657406,540.8808686140646,357.9830390084528,9.603393977683254,-255025.88274068467,15.769980000473499,42.60182723463794,83.96211486703864,111.12778683399665
455,field_size_scaled,True,modifiers,none,none,180.0,730.0,4.0,10,20.0,75.0,1.0,0.7,1.75,10.0,5.0,5,28430,2843700,2842872,0.18443969185631634,0.5514773320954248,0.7369297667992087,7438,16470298,16465002,0.17172675454192343,0.5198910340908307,0.7532747946219502,1510.4485889352095,1487.3165075705263,136.74603801266755,1318.8023755357892,1779.0831074644111,460.2807319286219,280.01268674218136,9.423514482866608,-300380.9380580842,10.061454253034727,29.87982848948733,86.94296261194216,142.94443166800193
456,field_size_scaled,True,modifiers,inverse_sqrt,none,365.0,180.0,1.0,10,75.0,20.0,0.1,0.8,1.5,15.0,10.0,2,28430,2843700,2842872,0.1850862739961531,0.5519449765871229,0.7353278656232148,7438,16470298,16465002,0.1717414356650181,0.518634665487177,0.7529981472216037,1527.9308842664827,1495.8383370995796,151.72217778345976,1317.967384981303,1838.1674412731984,520.2000562918954,374.27911114251015,10.102362440693241,45.91205492636272,12.929738028883225,32.94319265588558,75.92032946391592,105.53342052100925
457,field_size_scaled,False,modifiers,none,evidence_decay,180.0,180.0,2.0,5,30.0,20.0,0.75,0.5,1.25,20.0,10.0,3,28430,2843700,2842872,0.1847592485334698,0.552294194550823,0.7459963023308823,7438,16470298,16465002,0.20220961873475726,0.5903604749451498,0.6861386351486626,1521.6758388614458,1496.4007681320554,111.47138654727516,1375.8647004303375,1748.874231524088,373.0095310937504,261.7385077624633,5.928646254445084,-83053.80300004123,8.625104746991918,21.326044527770485,52.61330127462992,102.03746578899154
458,field_size_scaled,True,ignore,none,none,365.0,730.0,1.5,999999999,50.0,50.0,1.0,0.5,1.5,15.0,10.0,2,28430,2843700,2842872,0.1853101961541857,0.5523750724578124,0.7333485292338171,7438,16470298,16465002,0.17048039113986327,0.5152487971338037,0.753129273837926,1523.2737685839495,1492.9587031925316,153.10587741006387,1310.599206091166,1831.1430431543658,520.5438370631998,356.5197393143726,10.19943431744548,-103317.0902870439,13.040967757133043,35.80309758996155,74.7797916871661,114.84772458299994
459,field_size_scaled,True,independent,inverse_sqrt,evidence_decay,180.0,365.0,1.0,999999999,100.0,5.0,0.0,0.667,2.0,20.0,5.0,7,28430,2843700,2842872,0.18548622097506065,0.5524272099272549,0.7305443227834387,7438,16470298,16465002,0.17161733034188945,0.5177896633995899,0.7504874278181077,1528.231576183369,1497.4194302697088,155.32128224000158,1312.5675461397816,1844.0960129374757,531.5284667976941,372.46427026436254,12.011590754849067,389.24210908960623,15.270790889596997,38.542393496138246,87.78118431373669,153.01142149799853
460,field_size_scaled,True,ignore,inverse_sqrt,none,180.0,730.0,3.0,20,30.0,75.0,1.0,0.7,1.75,15.0,5.0,7,28430,2843700,2842872,0.18565139778861656,0.553152907434823,0.7332514443140599,7438,16470298,16465002,0.17131333922128145,0.5177303462081569,0.752659489503858,1516.560932716117,1493.4134813900855,138.13353250362155,1316.3434494744447,1795.831019719898,479.4875702454533,303.5201143852089,11.459246569170318,-209043.4600990315,12.25126108563494,37.870538454305404,102.08033024368233,100.38778721199196
461,field_size_scaled,False,ignore,inverse_sqrt,none,180.0,730.0,4.0,10,20.0,20.0,0.25,0.7,1.25,15.0,5.0,0,28430,2843700,2842872,0.1854732072810096,0.5532170058153992,0.7206078923004624,7438,16470298,16465002,0.2035551943670201,0.593104823927211,0.6704876804752287,1516.599334411951,1495.0907640530709,108.64443719846513,1369.4718316146268,1741.5439848979381,372.0721532833113,245.5593855621321,7.7368207647004965,-157308.2907610951,10.212871797212975,27.907882080582905,66.19803255540882,85.12575277000724
462,field_size_scaled,True,modifiers,none,none,180.0,180.0,1.0,999999999,50.0,75.0,0.75,0.667,1.75,20.0,5.0,5,28430,2843700,2842872,0.18553409568414328,0.5537378376187768,0.7373075537695682,7438,16470298,16465002,0.17235968142386426,0.5205576892879221,0.7537755537472756,1528.6095981220155,1495.9806059563243,146.5056160625885,1334.2006623309278,1823.2208354077866,489.0201730768588,363.71143943556876,7.99964122653796,-2049.202296943812,9.651885682247766,25.250257126294116,68.80713327261631,104.12871001999883
463,field_size_scaled,False,independent,none,evidence_decay,365.0,180.0,1.5,999999999,75.0,100.0,1.0,0.5,1.5,10.0,10.0,3,28430,2843700,2842872,0.1857959937438015,0.554489934800523,0.7406214560486719,7438,16470298,16465002,0.204120397505541,0.5949703673779311,0.6811294647884039,1523.468379209661,1498.1401944303043,121.19084546315315,1363.3435082920691,1765.863452677876,402.51994438580687,288.31897854907265,7.62208697766232,-83917.66806920794,11.195114157802587,25.279437131683352,68.33295729498101,112.53561916900799
464,field_size_scaled,True,ignore,none,none,180.0,365.0,1.5,20,50.0,100.0,0.5,0.667,1.25,15.0,5.0,4,28430,2843700,2842872,0.1859570142379578,0.554780615258348,0.7363025841472989,7438,16470298,16465002,0.172994549625987,0.5223828097931789,0.75256030943695,1523.8931479962814,1492.1906506004561,148.03580396545613,1322.5826606216476,1819.8966147010115,497.31395407936384,355.57070378903245,9.37057825035447,-91569.36538993097,10.592798181019756,26.07287378617793,58.964906737821984,121.37021505499433
465,field_size_scaled,False,ignore,none,none,365.0,730.0,2.0,20,30.0,30.0,0.75,0.5,1.5,10.0,5.0,6,28430,2843700,2842872,0.18563008607374235,0.5548310936515647,0.7439297302164853,7438,16470298,16465002,0.20318253978621867,0.5929057948309169,0.6846633240615458,1518.5649801442871,1495.5720447787382,104.42583204088197,1381.8306363673942,1728.0267852156917,346.1961488482975,238.93587327928412,6.438682917524602,-100699.4181807198,6.901128844984722,17.134445045644235,53.865049636172714,77.32820810600242
466,field_size_scaled,False,ignore,inverse_sqrt,none,180.0,365.0,1.0,999999999,50.0,30.0,0.25,0.8,1.5,10.0,10.0,4,28430,2843700,2842872,0.18589643610819087,0.5550604311692674,0.7449973125768589,7438,16470298,16465002,0.20408229570514846,0.5949180876478305,0.6840351431478721,1525.0243258743858,1497.843642863108,113.73507742783082,1377.4366198027933,1755.7977962866673,378.36117648387403,282.5709003198483,8.009037145990987,89.9322631525502,8.0328728812379,19.30038568919491,48.56066692995205,70.64351272799831
467,field_size_scaled,False,modifiers,inverse_sqrt,evidence_decay,365.0,365.0,1.5,20,30.0,20.0,1.0,0.8,1.75,10.0,5.0,4,28430,2843700,2842872,0.18585832728094542,0.5552893517493497,0.7459554985240278,7438,16470298,16465002,0.20370980207288242,0.5940707538620501,0.684440548504033,1520.576919731779,1496.9341480159453,102.9207133334873,1386.8331292537018,1730.1508173623188,343.31768810861695,239.23932450201642,6.20992915652846,-60274.006096827965,7.137727504929753,18.612364793044648,54.597265195224686,141.67563142399013
468,field_size_scaled,False,ignore,inverse_sqrt,none,365.0,730.0,3.0,10,20.0,50.0,0.75,0.8,1.25,15.0,10.0,1,28430,2843700,2842872,0.18594892396724824,0.5557858731674992,0.7414906474860634,7438,16470298,16465002,0.20419172438564773,0.5953653440659539,0.6822302845757322,1519.7193795086066,1497.3711104090357,111.05316383877631,1362.8737216533004,1734.8351353594865,371.961413706186,263.2933094346515,7.575689739802101,-113882.10326155451,6.3206152786133085,17.473199314842216,45.17521641830813,70.11590722699475
469,field_size_scaled,True,ignore,inverse_sqrt,evidence_decay,180.0,180.0,3.0,20,20.0,30.0,0.25,0.5,1.75,10.0,10.0,1,28430,2843700,2842872,0.18613419642250503,0.5558050164464874,0.7353166094006343,7438,16470298,16465002,0.17428323378850763,0.5266459164878653,0.7509348617145628,1515.434629682223,1492.725190468623,134.42308696529727,1324.8491825354931,1782.6051764712254,457.75599393573225,309.6854061380966,8.628879967524085,-181707.97464845044,7.876378140953318,23.83247964286094,62.569294138560664,150.1433638400049
470,field_size_scaled,True,independent,inverse_sqrt,evidence_decay,180.0,365.0,2.0,20,50.0,100.0,0.0,0.8,1.75,15.0,10.0,2,28430,2843700,2842872,0.1868231758319876,0.5562813535224391,0.730639297161462,7438,16470298,16465002,0.17374855878106846,0.523954030659847,0.7488667781516213,1522.1454317373193,1495.870018653956,143.4464200389299,1319.3185009349177,1811.9506207990887,492.63211986417105,335.19527745912956,9.933843293071277,-141084.79933946303,13.289339560678572,35.30072207240859,82.80960416038366,135.80839332100004
471,field_size_scaled,True,independent,inverse_sqrt,none,180.0,365.0,3.0,10,30.0,50.0,0.25,0.8,1.75,15.0,5.0,7,28430,2843700,2842872,0.18734599157842255,0.5574034534311257,0.7302710076289048,7438,16470298,16465002,0.17325994449553814,0.5227847427641147,0.749874977239602,1516.7929374856747,1494.9377846421426,132.16908443444453,1326.4682592422173,1782.9854394241836,456.5171801819663,292.28239021638615,9.542301795020308,-206421.3612449891,12.69870574218407,36.04041087891425,100.56792830307688,107.09116082299442
472,field_size_scaled,False,independent,none,none,365.0,365.0,1.5,5,30.0,10.0,1.0,0.8,1.5,15.0,10.0,2,28430,2843700,2842872,0.18732621492215787,0.557932275144645,0.7390329216369924,7438,16470298,16465002,0.20392810248238188,0.5942661862189001,0.6813379676479845,1521.7005787052112,1497.8189290237558,111.2886792153306,1376.3237665704123,1748.8195115782796,372.4957450078673,264.07723734752926,6.87992018595844,-65628.72790827107,10.1310177463408,23.02466449012116,47.43307282528287,77.1217100280046
473,field_size_scaled,True,modifiers,inverse_sqrt,evidence_decay,365.0,180.0,4.0,5,20.0,100.0,0.25,0.8,1.25,15.0,5.0,5,28430,2843700,2842872,0.18702489161779443,0.558004489313529,0.7359845958593986,7438,16470298,16465002,0.1756282666788336,0.5300797309135934,0.7505717278382353,1516.010084119603,1493.3213228651266,129.42764597640019,1331.9100387400406,1773.6738017221187,441.7637629820781,299.03331077938674,8.152763142918388,-197208.26324090958,8.494627174837058,24.936101591781316,59.24489935534778,130.7634313539893
474,field_size_scaled,True,modifiers,none,evidence_decay,180.0,730.0,1.0,999999999,50.0,10.0,0.5,0.7,1.5,20.0,10.0,2,28430,2843700,2842872,0.18770420742172567,0.5581746161481158,0.731739944675666,7438,16470298,16465002,0.17430980861067852,0.5246937473632318,0.7492588218331222,1525.8387472410304,1494.1850248827818,150.4561519587468,1322.400601506747,1828.6064620249874,506.20586051824034,374.2399773159334,9.850359082578962,-2530.993529138897,13.034472777878454,29.73839139014131,63.66831843898357,126.98815059800108
475,field_size_scaled,True,modifiers,none,evidence_decay,365.0,730.0,1.5,5,30.0,5.0,0.25,0.667,2.0,10.0,10.0,2,28430,2843700,2842872,0.1878385388234191,0.5587497914556607,0.7316801459932069,7438,16470298,16465002,0.17439596019661682,0.5254209789069382,0.7493017006618038,1519.742479435692,1491.2082932463168,146.12744972367744,1317.4084561584416,1816.1607002877497,498.7522441293081,355.0195686575473,8.69176214494928,-112985.41754526155,12.556358627298758,30.51320817853555,60.930288743123505,129.82297575900157
476,field_size_scaled,True,modifiers,none,evidence_decay,365.0,180.0,1.5,10,50.0,100.0,0.25,0.8,2.0,10.0,10.0,3,28430,2843700,2842872,0.18770383130873583,0.5588166065481761,0.7350285204539635,7438,16470298,16465002,0.17468861499084867,0.526575250975958,0.7511218644249178,1519.988950988902,1491.3741759377476,141.67555217135256,1326.2243253002193,1806.5511573353774,480.3268320351581,346.7230529183987,8.156969320664302,-106318.26987341138,11.539765348959396,27.826056239316777,69.44273952160427,150.93060914099624
477,field_size_scaled,True,independent,inverse_sqrt,evidence_decay,180.0,180.0,3.0,999999999,300.0,10.0,0.75,0.667,2.0,15.0,5.0,0,28430,2843700,2842872,0.17050139855176868,0.5589918189294139,0.7345814373633425,7438,16470298,16465002,0.15519282202191165,0.5232076339028578,0.7685210727578411,1600.9915170696584,1549.2956385517318,556.9693103248416,734.449551395141,2587.3157446788955,1852.8661932837545,281.3379637166147,100.50203403107503,-742802.5535235069,169.93247096080876,615.0889659826655,1765.6539431150438,127.89829314799863
478,field_size_scaled,True,ignore,inverse_sqrt,evidence_decay,180.0,180.0,3.0,10,30.0,100.0,0.0,0.7,1.75,20.0,5.0,2,28430,2843700,2842872,0.18790525801965538,0.5590185351224144,0.7319313004595353,7438,16470298,16465002,0.17545418655411804,0.5284862765479063,0.7484872458563928,1520.2895872273807,1493.50396652688,141.36528756699894,1318.94378257356,1803.7176035446255,484.77382097106556,341.04137739866246,9.184653078399833,-151504.15518718233,11.656507136834197,31.152241194540284,73.85125260282253,137.38252601400018
479,field_size_scaled,True,ignore,inverse_sqrt,none,365.0,730.0,1.0,999999999,50.0,50.0,0.25,0.667,1.5,15.0,5.0,5,28430,2843700,2842872,0.1877357126090221,0.5592000573688681,0.7358030892702873,7438,16470298,16465002,0.17552308438095854,0.5290201308263135,0.7515251440601101,1527.2964449204687,1496.6851274929775,138.64681322069725,1339.8903515461354,1810.3014366999591,470.4110851538237,355.1473244343981,7.667823359216186,8.878699603959442,8.553420151493613,22.264197026597284,54.02884003098482,101.01236404200608
480,field_size_scaled,True,ignore,none,evidence_decay,180.0,365.0,3.0,20,30.0,100.0,0.0,0.7,2.0,10.0,10.0,3,28430,2843700,2842872,0.18792732350527036,0.5593657427439929,0.7324863729355384,7438,16470298,16465002,0.17571578135628224,0.5292627229414382,0.7480029458848532,1515.1201941883744,1487.8276767141701,145.2734966900918,1312.0309763267383,1803.2115766971156,491.1806003703773,337.02240761341295,8.49592828394816,-265407.628168025,11.975922474264943,31.744815355900204,70.42684665492038,135.07447928900365
481,field_size_scaled,True,ignore,inverse_sqrt,evidence_decay,365.0,180.0,4.0,999999999,300.0,5.0,0.25,0.667,2.0,10.0,10.0,3,28430,2843700,2842872,0.1651953144842918,0.5597018874519107,0.7641905791045112,7438,16470298,16465002,0.15215106755015986,0.5370743541422075,0.7867591513198723,1617.5114507637838,1567.2627253577534,622.2421924213022,642.890057797513,2696.1535747424728,2053.2635169449595,156.06789918079585,132.78674576622313,-1406294.8775075004,169.21180754997818,641.3857433942501,2143.4046225101843,172.99369366499013
482,field_size_scaled,False,ignore,none,none,365.0,730.0,1.0,5,50.0,30.0,0.75,0.7,1.25,10.0,10.0,3,28430,2843700,2842872,0.18807518395343606,0.5599254930889929,0.7431994827765724,7438,16470298,16465002,0.20510426945546562,0.5972164976581935,0.6828305274423896,1524.0237817503541,1496.7900996788235,114.23280976263061,1378.6796284337884,1754.04436723984,375.3647388060517,286.5657571560623,6.809179849939483,71.67007719078067,9.160646518586947,19.010359069950695,52.18079687131265,80.13925829499203
483,field_size_scaled,True,ignore,inverse_sqrt,none,365.0,180.0,1.5,5,50.0,50.0,0.75,0.8,1.5,15.0,5.0,0,28430,2843700,2842872,0.18883960623689597,0.5604317421960426,0.7093618706716307,7438,16470298,16465002,0.17454632853366978,0.5254929077674327,0.7385860019938048,1518.527970597977,1494.3777316074902,137.56403661780053,1320.2892143078827,1801.110868523022,480.82165421513923,332.51945917800913,9.34978412700707,-86776.07383094914,12.557719718631345,34.787644888571194,76.3671443607832,123.29820044799999
484,field_size_scaled,True,independent,inverse_sqrt,evidence_decay,365.0,180.0,4.0,999999999,20.0,100.0,0.1,0.5,1.25,15.0,5.0,6,28430,2843700,2842872,0.1880823102426924,0.560434362158065,0.7319956719824178,7438,16470298,16465002,0.1767232344863719,0.5326349940951554,0.7475591560814873,1516.8655634474085,1495.576599065294,126.9562254648392,1334.8531707878103,1769.1025400720773,434.249369284267,288.8590603235989,7.579380167691511,-196337.25445958154,8.67926078195326,25.033437237864494,53.895503244084914,136.42738701000053
485,field_size_scaled,True,modifiers,none,evidence_decay,180.0,730.0,4.0,5,20.0,75.0,0.1,0.7,1.25,10.0,5.0,5,28430,2843700,2842872,0.18822041364382866,0.560804823056437,0.7337600848719182,7438,16470298,16465002,0.17678508620582528,0.5328064572683031,0.7481710600460297,1509.8607369881342,1486.9930890646333,131.69768017475096,1325.3936159005104,1768.8734336991383,443.4798177986279,294.62019074318255,6.662395177416101,-268670.01156249054,9.41595104004327,26.18972572383671,54.9195919719704,190.09458888899826
486,field_size_scaled,True,independent,inverse_sqrt,none,365.0,180.0,1.5,20,30.0,50.0,0.75,0.667,2.0,15.0,10.0,6,28430,2843700,2842872,0.18882145659083738,0.5617569593500237,0.7325131064641672,7438,16470298,16465002,0.17581399017455604,0.529891872308459,0.75011269357878,1521.8970132192173,1497.8183093089365,126.2674323865713,1347.5269684113198,1778.379465411243,430.85249699992323,296.4329108358811,8.542790562426148,-68417.55117267478,8.14601023224959,24.179158049794125,56.31386235309589,141.0152327699907
487,field_size_scaled,False,independent,none,none,365.0,180.0,1.5,5,30.0,5.0,0.1,0.667,1.25,15.0,5.0,3,28430,2843700,2842872,0.1887923476648451,0.5617816072667333,0.7395623158552337,7438,16470298,16465002,0.20571847284673536,0.598758483845428,0.680354062513931,1522.3879601840833,1498.1930263722563,112.93222729040326,1373.2732863675926,1750.324157952752,377.0508715851595,275.7668941127547,6.727341695052814,-64849.05193906517,9.834783720234682,21.179209743105424,37.852004578083296,78.17995159099519
488,field_size_scaled,True,modifiers,none,none,180.0,365.0,1.5,5,50.0,100.0,0.75,0.5,1.25,10.0,10.0,4,28430,2843700,2842872,0.1888628606021276,0.5618179677309129,0.7345230457087059,7438,16470298,16465002,0.17574889194075546,0.5295480935220035,0.7508254174521206,1518.293924795764,1492.09777572833,132.7067063650215,1337.7570613546616,1785.9035487523024,448.14648739764084,312.7786957046271,7.83605284770988,-95315.14844693696,9.567226002347383,25.262200947342468,57.00674373712528,107.05848119700386
489,field_size_scaled,False,modifiers,none,evidence_decay,365.0,180.0,2.0,10,30.0,75.0,0.1,0.7,1.5,20.0,10.0,2,28430,2843700,2842872,0.18893178513182116,0.5620608646426042,0.7401416595611762,7438,16470298,16465002,0.2057506478861195,0.5987765782119421,0.6804627779577554,1520.1571791303827,1495.9647216926805,112.32547662160943,1371.0140064171665,1746.5826199255116,375.56861350834515,275.9367945200231,6.494279720493296,-90329.11088564641,9.65112960912301,21.35569226612674,38.38625574965062,113.50338970299345
490,field_size_scaled,False,ignore,inverse_sqrt,evidence_decay,365.0,180.0,2.0,20,30.0,50.0,0.0,0.8,1.75,20.0,10.0,7,28430,2843700,2842872,0.18928652456223433,0.5625941989144136,0.7384898088974812,7438,16470298,16465002,0.20644623769236803,0.6002417889760824,0.6783175610910949,1519.8239044150191,1496.6063346898097,109.87161592019095,1372.1464022636092,1744.632451230802,372.4860489671928,270.7751672970296,7.214103990479089,-80907.00600828166,9.463146550633668,23.77483536823984,47.38669019022741,106.46257416000299
491,field_size_scaled,False,modifiers,none,evidence_decay,180.0,365.0,1.0,999999999,50.0,20.0,0.25,0.7,1.5,10.0,5.0,0,28430,2843700,2842872,0.18978885557597852,0.5631977118008638,0.7195983498377697,7438,16470298,16465002,0.20598748149207888,0.5989573949895758,0.6704840363821395,1519.6852752371324,1495.8045661977671,107.88027523422097,1382.595575521846,1743.4194174640068,360.8238419421607,267.9803153784462,5.48548977172004,79.84221750957698,10.374948312944273,21.46208456582846,54.63940819582985,108.47360710700741
492,field_size_scaled,False,independent,none,none,180.0,180.0,2.0,999999999,20.0,10.0,0.1,0.667,1.5,20.0,10.0,5,28430,2843700,2842872,0.1896789734911148,0.5644166331845777,0.7389175453555419,7438,16470298,16465002,0.20647186494687977,0.6007017601105714,0.6800559149643589,1521.704457267781,1498.556069430376,107.34320174736969,1378.7730749930554,1734.490842797386,355.7177678043306,260.43367092669587,5.5817789185053925,-77696.89474099841,7.642540441688508,17.026798450415694,30.143052930149956,91.22759480700188
493,field_size_scaled,True,ignore,none,evidence_decay,365.0,730.0,3.0,10,20.0,100.0,0.5,0.667,2.0,15.0,5.0,6,28430,2843700,2842872,0.18983827839494938,0.5644969075135301,0.732245067663968,7438,16470298,16465002,0.17787673285437905,0.5354422417063456,0.7477447011546066,1514.7747273959644,1490.7980941363169,124.22954653134373,1343.2423780126426,1760.8110300390726,417.5686520264301,292.7289562046842,7.204153888682413,-172842.05569592572,7.776407867755211,21.320385444170533,68.98467238222504,174.1588641769922
494,field_size_scaled,True,ignore,inverse_sqrt,evidence_decay,180.0,730.0,4.0,20,20.0,100.0,0.75,0.667,1.75,15.0,10.0,2,28430,2843700,2842872,0.19030127641259068,0.5648338653474784,0.7311102997250668,7438,16470298,16465002,0.17706419764309891,0.5328498054484896,0.7483459765143059,1513.6523338568413,1493.7247924816281,119.8581178501683,1342.1834466817397,1757.0762217788738,414.89277509713406,273.13781880690044,10.026846096335703,-202339.45327902387,9.638764630557578,29.343040349927918,87.17277951349753,124.14987598199514
495,field_size_scaled,False,independent,none,none,365.0,730.0,3.0,20,20.0,20.0,0.25,0.8,2.0,20.0,5.0,0,28430,2843700,2842872,0.1904367489597671,0.5650505491539572,0.7131819512099032,7438,16470298,16465002,0.20646050140488567,0.6000677976973866,0.6660480818647941,1516.6199304553938,1495.8617159747969,103.41776373104601,1377.9235825699016,1728.7410236380201,350.81744106811857,243.33909209619924,5.615428849211639,-121595.198496066,10.631299697202854,24.0,53.99362662323731,93.1950871339941
496,field_size_scaled,True,ignore,inverse_sqrt,none,180.0,180.0,1.0,5,50.0,30.0,0.25,0.8,1.5,15.0,5.0,3,28430,2843700,2842872,0.19041478821850447,0.5651458549680207,0.7329148129075105,7438,16470298,16465002,0.17769216612070107,0.5341116284557947,0.7494523231761526,1524.4786619821796,1496.3296118313647,132.38759700075093,1344.0451651764768,1796.817552912276,452.77238773579916,336.59693606040423,8.25085652397297,84.69275988047208,9.603306984176255,24.521186841401022,59.674063945504315,109.49790960100654
497,field_size_scaled,True,independent,none,none,180.0,365.0,2.0,20,30.0,5.0,0.75,0.7,1.5,20.0,10.0,0,28430,2843700,2842872,0.19090061793070584,0.5653569067203575,0.7025669815594934,7438,16470298,16465002,0.17708019661211438,0.531456041912616,0.7322119365670287,1518.3305247794433,1492.2033055438828,143.27107280460194,1315.6547158270805,1808.0963169075826,492.4416010805021,344.4390143847447,9.318571669981793,-136105.14205382005,14.626671928632396,35.46334052394167,63.154953707172155,120.94415564699739
498,field_size_scaled,True,ignore,inverse_sqrt,evidence_decay,180.0,365.0,1.0,5,30.0,30.0,0.75,0.8,2.0,15.0,5.0,6,28430,2843700,2842872,0.19042508621054005,0.5655818546575164,0.7326084325991462,7438,16470298,16465002,0.17837789501031254,0.5361584467882311,0.7487508959913883,1525.5941722088078,1496.999182153362,131.65900606106544,1346.565266999149,1794.6209703246777,448.05570332552884,339.97791682654724,6.654082021075283,30.20773976448211,7.467417116325661,20.2732277574513,49.324082268201906,139.40428218401212
499,field_size_scaled,False,modifiers,inverse_sqrt,evidence_decay,365.0,730.0,1.0,5,30.0,20.0,0.75,0.8,2.0,10.0,10.0,6,28430,2843700,2842872,0.19031536295354587,0.5658038324538904,0.7425054663030907,7438,16470298,16465002,0.206780624714923,0.6013157186807387,0.6821757446491655,1520.7108653407745,1497.6670239950645,96.02814270385443,1396.691394023354,1716.6069281531636,319.91553412980966,242.0040656104709,5.058835997865572,65.51516738107053,5.767866120148147,14.794830180934305,49.380088573485786,102.2620413699915
500,field_size_scaled,False,ignore,none,none,365.0,365.0,4.0,5,20.0,100.0,0.5,0.5,1.25,20.0,10.0,4,28430,2843700,2842872,0.19040919717023733,0.5663487140609477,0.7408142188603637,7438,16470298,16465002,0.20683765205325844,0.601582077496686,0.6803654199373921,1516.7786893767666,1495.6220651074673,101.60208369036557,1378.8858749742203,1717.2051225104315,338.31924753621115,244.63544837402515,6.3803420768956585,-134922.29009176334,7.110398636272045,17.3903069837891,44.72077426361798,72.26148360400111
501,field_size_scaled,True,ignore,none,evidence_decay,180.0,730.0,1.0,10,50.0,10.0,0.25,0.5,1.5,10.0,10.0,0,28430,2843700,2842872,0.19208594815265606,0.5680266947015228,0.7052871180974732,7438,16470298,16465002,0.17812742839426432,0.5338762233901323,0.7339009129789356,1522.113019222777,1492.5222561877972,144.77849705093098,1321.8180721884494,1818.4923293812708,496.6742571928214,371.9949152243198,9.009468911289787,-2008.9426276947156,13.048740377073427,29.522876052753286,63.93179348285665,125.45547342600184
502,field_size_scaled,True,ignore,none,none,365.0,180.0,2.0,20,30.0,20.0,0.25,0.8,1.25,10.0,5.0,3,28430,2843700,2842872,0.19158722671663125,0.5680884468111308,0.7302421635585422,7438,16470298,16465002,0.1791753032330944,0.5379263078473073,0.7460248714212121,1516.323541984052,1490.1685252640248,132.49913250232188,1332.6768520623452,1783.3381328653263,450.6612808029811,321.296385315575,7.2430138014615295,-163439.5043265338,10.286674178379178,25.266993560398546,50.51024333899021,104.81574456200178
503,field_size_scaled,True,modifiers,none,evidence_decay,365.0,180.0,1.0,5,50.0,20.0,0.0,0.667,1.75,20.0,10.0,4,28430,2843700,2842872,0.191697927350541,0.5683560035278171,0.731573915392603,7438,16470298,16465002,0.18009507643712586,0.5397618083670309,0.7459948076532271,1525.588764795477,1494.58777288711,141.98630750829997,1333.0985340247469,1812.9322689352175,479.83373491047064,373.7293499203304,6.9234053611560284,-1650.133274676264,9.560178767699146,21.183571390975143,42.84985125817682,196.78782652900554
504,field_size_scaled,True,modifiers,inverse_sqrt,evidence_decay,180.0,730.0,3.0,20,20.0,30.0,0.25,0.8,1.75,15.0,5.0,7,28430,2843700,2842872,0.19254164004650853,0.5701669956450515,0.7286673476681328,7438,16470298,16465002,0.17963270484573232,0.5392437849310427,0.7459902525368658,1513.9252141973827,1493.8751156317762,116.90827783954647,1345.8580565736563,1754.517543934704,408.6594873610477,279.679683476219,6.629905623813556,-165761.41687219287,9.672373385147152,27.176887957321767,65.77438137883487,141.58677643199917
505,field_size_scaled,True,modifiers,none,none,365.0,365.0,3.0,5,20.0,30.0,0.0,0.7,1.5,20.0,5.0,4,28430,2843700,2842872,0.19247605168116294,0.5705955459259648,0.730636483105817,7438,16470298,16465002,0.18138768334850314,0.5437128488587768,0.7443006687761107,1515.8232024739207,1490.389869711823,128.97747802841747,1335.709986233165,1773.3546061204347,437.64461988726976,316.90274081581856,6.064626484701876,-157623.83044751803,8.85897196558296,22.25507871234618,45.33220389451356,156.65844598700642
506,field_size_scaled,True,ignore,none,evidence_decay,180.0,730.0,2.0,10,30.0,100.0,0.75,0.667,1.25,10.0,10.0,6,28430,2843700,2842872,0.1929455746101314,0.5718234938096759,0.7301274907910029,7438,16470298,16465002,0.18112120440522514,0.5434216741739433,0.7457194356854618,1514.3510048822918,1490.5357089278589,120.17699060623298,1349.7055939540667,1755.3423223223185,405.63672836825185,288.714092002685,6.534109007517941,-130152.89649771254,7.586752424965154,19.362413197216217,44.89632615534414,126.16590903500037
507,field_size_scaled,True,ignore,inverse_sqrt,none,180.0,730.0,1.0,999999999,50.0,100.0,0.1,0.7,1.75,20.0,10.0,4,28430,2843700,2842872,0.19322611416542945,0.5721123776137059,0.7313382382323228,7438,16470298,16465002,0.18182725727481708,0.5445732536555469,0.7460062865464577,1524.4306211689457,1496.3850090424423,126.15383977858369,1353.2653873227468,1781.6022662370144,428.3368789142676,331.5435446146007,7.055495413265817,96.86615618877003,7.7858478377706595,19.0788717086507,40.53898245024771,103.45550452599127
508,field_size_scaled,False,modifiers,none,none,365.0,365.0,2.0,10,20.0,30.0,0.1,0.8,1.25,20.0,10.0,4,28430,2843700,2842872,0.1929652977309793,0.5721943543841581,0.739991459341117,7438,16470298,16465002,0.20849219995357662,0.6054265794751212,0.6800853106486109,1518.448780082171,1496.3314076386523,100.32658444853229,1384.7774800948632,1718.459333866404,333.6818537715408,248.9575652521646,5.414488531579309,-75187.27903739114,6.961109893603188,15.325218799555342,26.815204597125774,76.2904037850094
509,field_size_scaled,False,modifiers,none,none,180.0,180.0,2.0,999999999,20.0,30.0,0.75,0.5,2.0,15.0,10.0,6,28430,2843700,2842872,0.19315852469165182,0.5726508199602122,0.7397170889157162,7438,16470298,16465002,0.20833473011055395,0.6050539292603718,0.6806270658211885,1514.8105323275304,1495.7556612677013,84.13344969308791,1406.3370651253506,1683.6858513423547,277.3487862170041,200.91819373064754,3.7517941610462913,-67152.25378665102,5.179298045263105,13.062483222855894,45.75463709936726,73.47204684300232
510,field_size_scaled,True,modifiers,none,none,180.0,730.0,2.0,999999999,30.0,50.0,0.1,0.8,1.5,20.0,5.0,2,28430,2843700,2842872,0.1936814558783118,0.5728737710775433,0.7278340354402167,7438,16470298,16465002,0.1810831349127819,0.5424805442123377,0.7440723663440794,1516.2355944700546,1491.9106421910685,123.1226667219916,1346.3976290559986,1764.021319877077,417.6236908210785,304.3899684338071,7.11815382378154,-114346.68494545748,10.075101637476081,23.891030088271858,46.611550520843885,106.6057100219914
511,field_size_scaled,True,ignore,inverse_sqrt,none,365.0,180.0,2.0,999999999,30.0,20.0,0.1,0.5,2.0,15.0,5.0,2,28430,2843700,2842872,0.19382375707521504,0.573241227502395,0.7279015727757001,7438,16470298,16465002,0.18162314671992907,0.5441415078078421,0.7442523238077955,1516.4093173844226,1494.3683878764932,119.04620149528763,1347.6348587471512,1758.6232058626274,410.98834711547624,294.18022382560093,7.170429843336706,-114221.01426124579,9.188399699218715,24.190547298710538,50.920653631176485,129.32562396800495
512,field_size_scaled,True,ignore,inverse_sqrt,evidence_decay,180.0,730.0,1.5,5,20.0,10.0,1.0,0.8,1.75,15.0,5.0,5,28430,2843700,2842872,0.1939123174533703,0.5740009407130029,0.730479247746645,7438,16470298,16465002,0.18306946324674644,0.5480151240219469,0.7447676593054772,1519.951873646396,1495.458493591854,120.41896116811077,1353.6418975014517,1764.5306657553385,410.88876825388684,310.223530360234,5.92626226175048,-57922.64151098953,7.02524147769974,18.034768382640905,35.400968679874254,139.0126049489918
513,field_size_scaled,True,independent,inverse_sqrt,evidence_decay,180.0,365.0,1.5,10,30.0,10.0,0.75,0.5,1.25,20.0,10.0,4,28430,2843700,2842872,0.19430049063872054,0.5747479638198735,0.7284766953981748,7438,16470298,16465002,0.18297737828800623,0.5475045504466075,0.7435876412283461,1521.0983215754072,1497.0791425288965,119.00611889896516,1358.1457416057492,1763.352168877213,405.2064272714638,298.7579243823511,6.647201601385746,-54775.0266810828,8.015173539076022,20.241701442885397,38.588657938610844,137.23735200299416
514,field_size_scaled,False,independent,inverse_sqrt,none,365.0,365.0,1.0,20,50.0,50.0,0.75,0.667,1.75,15.0,5.0,3,28430,2843700,2842872,0.19447606337485068,0.5751498288263032,0.7379516207553488,7438,16470298,16465002,0.2095379997653608,0.607540779626579,0.6774271269447766,1519.3385249757005,1498.438750872288,90.64640188027192,1404.865478757413,1705.6673312958005,300.8018525383875,228.21149435196503,5.447988784324707,70.99790225900225,6.923015281732693,16.423922645971132,51.881261445017344,79.22271659999387
515,field_size_scaled,False,ignore,none,evidence_decay,180.0,180.0,4.0,999999999,20.0,100.0,0.5,0.667,2.0,10.0,5.0,0,28430,2843700,2842872,0.1947645316762313,0.575707538782889,0.713323709263027,7438,16470298,16465002,0.20957623771302425,0.6075600967795889,0.6643545503365259,1512.5926632048581,1493.7547672696487,98.27158864393981,1376.3984696640973,1709.3914593473287,332.9929896832314,236.79390485389922,5.541040003293347,-185677.12222365165,9.367154618273725,23.207498367962625,48.39456953223857,104.42179748600756
516,field_size_scaled,True,modifiers,none,evidence_decay,180.0,365.0,2.0,5,20.0,30.0,0.5,0.8,1.5,10.0,10.0,5,28430,2843700,2842872,0.19475065363409483,0.5760884334835619,0.7296030211701406,7438,16470298,16465002,0.18316607595568285,0.5483840200890037,0.7445164598218694,1513.3856954852222,1491.2089121245212,116.42406111049364,1354.7582309238996,1747.2922459774463,392.5340150535467,282.9363435117941,5.3023308120639285,-119932.04004015338,7.5175724111260145,18.738400740258836,39.603101720182735,128.07052690901037
517,field_size_scaled,True,independent,none,none,365.0,730.0,1.5,20,30.0,100.0,0.5,0.667,1.25,20.0,10.0,1,28430,2843700,2842872,0.1951204942061121,0.5767676159955198,0.7268980101812533,7438,16470298,16465002,0.1829932890084762,0.547538657310003,0.7429971159432596,1519.0883720272363,1494.8409861144587,119.90986787100388,1354.2032744350572,1760.396667559505,406.19339312444777,307.6344467319127,5.630854522825189,-54163.097893885424,6.7887733918922,16.174261122302497,34.714014052068876,110.95170337699528
518,field_size_scaled,True,independent,inverse_sqrt,evidence_decay,180.0,730.0,1.0,999999999,50.0,5.0,0.0,0.667,2.0,15.0,5.0,4,28430,2843700,2842872,0.19530251974443505,0.5769281764066264,0.7275987100368922,7438,16470298,16465002,0.18398189927552072,0.549732060276652,0.7429978447618774,1522.7039902502374,1497.5716318849552,119.8111021893947,1359.499911841394,1767.5167016727046,408.0167898313107,310.670147240344,6.494618565531937,266.02422993786917,8.197804242949305,19.680611108634366,41.12857298710743,180.97907241499342
519,field_size_scaled,False,independent,none,none,365.0,730.0,1.5,10,30.0,20.0,1.0,0.5,1.25,10.0,10.0,3,28430,2843700,2842872,0.1954113722985126,0.5774909982171895,0.7379231284419419,7438,16470298,16465002,0.20904858957221095,0.606498897769469,0.6792359940193144,1515.5791717809389,1497.1899890750522,84.56178328808805,1407.3691099290704,1688.9077969273476,281.53868699827717,198.1898491258121,4.635799121600826,-56931.57814227437,6.698911889406819,16.518295151566292,36.975213433196046,76.77411376799864
520,field_size_scaled,True,independent,inverse_sqrt,evidence_decay,180.0,365.0,2.0,20,30.0,50.0,0.25,0.7,1.25,20.0,5.0,2,28430,2843700,2842872,0.19572990367811738,0.5776621914909362,0.7249679197656455,7438,16470298,16465002,0.18287859126445336,0.547109101965261,0.7428285766378893,1516.621414673982,1496.4648591223158,111.78092718522366,1360.5308560929122,1745.3282152797833,384.79735918687106,271.7625101850922,7.231882074235614,-90489.50049647359,9.04812138875848,23.737230296755687,46.04118831991119,147.95846438700391
521,field_size_scaled,True,ignore,none,none,180.0,180.0,1.5,5,30.0,50.0,0.0,0.5,1.75,10.0,10.0,1,28430,2843700,2842872,0.19585203091914155,0.578453968687973,0.7269908740175428,7438,16470298,16465002,0.18480673369215658,0.5520018242742102,0.74174980361375,1515.8118641480114,1490.820534852488,124.36718042218794,1346.1805951001827,1761.450073506343,415.26947840616026,313.6043187450032,5.2191109528860125,-73812.62304449553,7.252033945861426,16.897769360691886,32.81420567111585,111.27843807499448
522,field_size_scaled,False,independent,none,none,180.0,365.0,1.5,999999999,20.0,5.0,0.25,0.667,1.25,15.0,10.0,4,28430,2843700,2842872,0.19574286998943272,0.5784601080422856,0.7361323337807681,7438,16470298,16465002,0.21012408210930197,0.6091342563679087,0.6776384236090588,1518.3134469710171,1497.6535463046514,94.76813865322217,1394.4450762005358,1708.6119120487517,314.1668358482159,234.44722106304766,4.6566789275309475,-51471.65169547288,6.9950986374454684,14.630255611715057,26.06715000487093,76.67294703499647
523,field_size_scaled,False,ignore,none,none,365.0,365.0,1.5,5,20.0,50.0,0.0,0.667,2.0,20.0,10.0,6,28430,2843700,2842872,0.19583816450737268,0.5787359869377301,0.736339870384597,7438,16470298,16465002,0.21073122399893016,0.6105182341245253,0.6776789945121173,1519.9640380369244,1497.3079998285377,100.38750269750713,1385.3728408458628,1716.953130661176,331.5802898153131,256.5512854626752,4.754469196620221,-43913.86641862616,6.11490874005275,13.265607177963695,23.074777876010856,73.19729890600138
524,field_size_scaled,True,modifiers,inverse_sqrt,none,365.0,730.0,1.5,5,20.0,10.0,0.5,0.667,1.75,15.0,5.0,4,28430,2843700,2842872,0.19615332605734218,0.5791550133843058,0.7292329728528052,7438,16470298,16465002,0.1852612193778585,0.5533204939663442,0.7434157615043108,1517.6951822141052,1495.552216765524,112.52993344818144,1362.333154129989,1747.5618758056803,385.2287216756913,287.7176301046934,5.852917574721573,-59555.38234586263,7.032055439248652,18.03972416636837,35.1819301936243,116.86872838999261
525,field_size_scaled,False,ignore,inverse_sqrt,evidence_decay,365.0,365.0,2.0,5,20.0,20.0,0.1,0.7,1.5,20.0,10.0,3,28430,2843700,2842872,0.19628201373289578,0.5797565228831841,0.7389224699529209,7438,16470298,16465002,0.21054177195327964,0.6100662937439221,0.6781086938222054,1516.210390023201,1496.9856469132706,87.98378354586782,1399.2026056694342,1696.4610668261819,297.25846115674767,223.3014671749968,5.819319270265851,-62883.86282070538,6.117775639740835,15.149317531435301,28.64846880480525,99.0816640379926
526,field_size_scaled,True,independent,inverse_sqrt,evidence_decay,180.0,365.0,3.0,20,20.0,20.0,0.5,0.667,1.25,15.0,10.0,7,28430,2843700,2842872,0.19679407782254701,0.5800639583369749,0.7221637133152671,7438,16470298,16465002,0.18430654926074994,0.5506080182539874,0.7402497734285122,1513.2758249663539,1495.7104431908795,108.87816509050782,1357.7395062187002,1737.0481086207142,379.308602402014,263.65659763576923,7.2127518360111935,-153233.64868591787,9.419765088817153,25.32411545007401,49.15463487627999,168.20013653500064
527,field_size_scaled,True,modifiers,none,evidence_decay,365.0,180.0,2.0,999999999,20.0,10.0,0.1,0.7,1.25,10.0,10.0,6,28430,2843700,2842872,0.19730504904069157,0.5820015411794494,0.7270612254086712,7438,16470298,16465002,0.18659977415515056,0.5566659957899733,0.741118343016296,1511.174227984857,1490.8776548490166,107.33002095164098,1364.573837055144,1725.323222991494,360.7493859363501,258.41975929906835,4.371543540325774,-113693.51483200953,7.004420852299727,16.862534605410858,31.51068917984251,144.62701954200747
528,field_size_scaled,False,independent,none,none,365.0,180.0,1.5,5,30.0,50.0,0.25,0.8,1.25,15.0,10.0,2,28430,2843700,2842872,0.19753976943378843,0.5822260177219285,0.7329190339909781,7438,16470298,16465002,0.21130116160101747,0.6116537458648796,0.6742936927672405,1516.707071585835,1497.132570781274,91.77944117398233,1396.3353190569096,1703.2663019801478,306.93098292323816,231.42295738011467,4.652014733736564,-53506.82062655131,7.93705958694252,16.979430346516086,29.804314765829396,88.87183389099664
529,field_size_scaled,False,ignore,none,none,180.0,730.0,2.0,20,20.0,100.0,0.1,0.8,2.0,10.0,5.0,6,28430,2843700,2842872,0.19730985182450783,0.5824346259972194,0.7360123846588943,7438,16470298,16465002,0.211283574119016,0.6119633062815834,0.6774420677264418,1514.0534522972425,1495.7854837754358,89.18902969014297,1394.3757945133298,1689.1248028588057,294.7490083454759,216.6925709807981,4.661513557520948,-87807.90419867398,5.808250984842765,13.260649817640415,24.18714581573433,69.15215797499695
530,field_size_scaled,False,independent,inverse_sqrt,evidence_decay,180.0,730.0,1.0,10,30.0,10.0,0.25,0.667,1.5,10.0,5.0,3,28430,2843700,2842872,0.19760216091739644,0.5824712793909687,0.7371468008408398,7438,16470298,16465002,0.21111100679521638,0.6112236110422438,0.6773974883209853,1517.008369954697,1498.339664520909,82.9667352402467,1412.9413527319455,1689.1703715592416,276.22901882729616,208.19939369209965,4.766546069300148,59.756744652376135,6.153497285355869,14.47287187941119,35.666293705360324,113.93138074899616
531,field_size_scaled,True,modifiers,none,evidence_decay,365.0,730.0,1.0,999999999,50.0,5.0,0.0,0.7,2.0,10.0,5.0,7,28430,2843700,2842872,0.19814891892433664,0.5828747295044113,0.7228373278853216,7438,16470298,16465002,0.185874584036662,0.5535973532411543,0.7396452183850327,1517.7237828669417,1493.624663039402,119.19339935034183,1356.5337013234605,1758.5711698770338,402.03746855357326,311.0617864397416,6.34811970363603,-1453.5608082066178,9.897505371854956,21.67404032546586,43.10541473640654,138.4849714810116
532,field_size_scaled,False,independent,inverse_sqrt,none,180.0,180.0,1.0,20,50.0,100.0,1.0,0.8,1.5,20.0,5.0,7,28430,2843700,2842872,0.19825682953206708,0.5835009389947567,0.731582709316494,7438,16470298,16465002,0.2120726221234272,0.6132674927873517,0.6729727090224465,1517.739282403965,1498.2041463923283,90.04512403405359,1401.203697942557,1703.0441457600978,301.84044781754073,231.57377660289944,4.87123491707689,62.801502408282,7.631693783287976,17.986716720141416,36.67004290878873,107.43938178599637
533,field_size_scaled,True,independent,none,none,180.0,365.0,1.0,10,50.0,30.0,0.0,0.7,1.25,15.0,5.0,2,28430,2843700,2842872,0.19851683059462888,0.5838275683508769,0.7209726642634632,7438,16470298,16465002,0.1859802355191774,0.5538967228335254,0.7386242042363554,1520.1559829599303,1494.874378538435,122.13861350837998,1355.631888453203,1769.319245920933,413.6873574677302,320.099812687723,6.914665956285603,-1167.057379557221,9.96388679307832,21.767571183870785,41.44875878727922,106.53082093699777
534,field_size_scaled,True,ignore,none,evidence_decay,180.0,180.0,1.5,999999999,30.0,30.0,0.25,0.5,1.25,10.0,10.0,2,28430,2843700,2842872,0.19868096987900002,0.5844667623980369,0.7234761185167675,7438,16470298,16465002,0.18625568831841027,0.555116935908341,0.7403001226480264,1515.427172990278,1492.4224671863772,114.75471447449347,1357.6810763673918,1748.9246972179794,391.2436208505876,295.6912030009387,6.121773084826373,-80249.25641112978,8.558414032058828,19.84913617410833,36.82806704078334,185.2307311399927
535,field_size_scaled,True,modifiers,none,none,180.0,730.0,1.5,20,30.0,50.0,1.0,0.667,1.5,15.0,10.0,0,28430,2843700,2842872,0.19924158074677314,0.5853607380576894,0.7026492926871136,7438,16470298,16465002,0.1857676934921988,0.5535705747209582,0.7300311290578647,1513.1883704912818,1493.3635896719925,110.17384341044648,1359.2025246308806,1740.3462447133224,381.14372008244186,282.14589250350286,5.712067233767812,-72203.94115106807,9.051516680416523,22.972167791031055,43.135025876471815,129.0583273259981
536,field_size_scaled,True,independent,none,evidence_decay,365.0,180.0,1.0,20,30.0,100.0,0.75,0.7,1.75,20.0,10.0,1,28430,2843700,2842872,0.19898054540841884,0.5854942210719102,0.7246471174220999,7438,16470298,16465002,0.18683616464844266,0.5566452004113562,0.7407434873071986,1519.6352080479355,1495.835477623324,110.40343320980257,1371.7546777839925,1744.3949159552762,372.6402381712837,296.4034577825455,4.806797830259143,-694.8467280636678,5.861465559390503,14.656536733863343,35.63595776022828,164.90930346999085
537,field_size_scaled,False,independent,inverse_sqrt,none,365.0,730.0,1.5,10,20.0,75.0,0.0,0.5,1.75,15.0,5.0,1,28430,2843700,2842872,0.19905842132023774,0.5862516503730768,0.7326390354542871,7438,16470298,16465002,0.21297186286718578,0.6156785612321841,0.6743102733907959,1516.975675489773,1498.8046534632385,85.92689321036418,1399.3517284609684,1687.8416411249332,288.4899126639648,218.68697604867612,4.5183454067311,-37349.27289487456,4.9227996740550815,12.026010188105221,22.45859886939018,87.96510706699337
538,field_size_scaled,False,independent,inverse_sqrt,evidence_decay,180.0,365.0,1.5,10,30.0,75.0,0.5,0.8,2.0,15.0,10.0,3,28430,2843700,2842872,0.19923657732148325,0.5864038300500947,0.7345754574950966,7438,16470298,16465002,0.21268572776354325,0.6149137090788686,0.6746924172860714,1515.868704750885,1498.1719740225212,82.53692111408016,1407.5172871206846,1684.129893054539,276.6126059338544,208.85911962794944,4.827504130184593,-43728.08524494974,6.258011508606823,15.23179268042253,28.789198644431494,120.4110364310036
539,field_size_scaled,True,ignore,inverse_sqrt,none,180.0,180.0,1.0,10,30.0,75.0,0.5,0.5,1.75,20.0,5.0,6,28430,2843700,2842872,0.1993469106870978,0.5864205157140745,0.7261329388027319,7438,16470298,16465002,0.18815364712324345,0.5602271635462597,0.7416852424311883,1519.566975796918,1497.4530088864956,103.78041454640979,1380.288120598767,1733.6305619043283,353.34244130556135,279.119290299034,4.891620445656031,63.84796861523281,5.207015208790516,14.752635899087798,35.208953962495386,107.10777994598902
540,field_size_scaled,True,independent,inverse_sqrt,none,180.0,730.0,2.0,999999999,20.0,10.0,1.0,0.7,1.5,15.0,10.0,2,28430,2843700,2842872,0.19959025683311715,0.5866719798820248,0.721549545670716,7438,16470298,16465002,0.18786922178071908,0.5593196532042768,0.738309779737652,1514.120115551575,1496.1735663562,102.59836172083104,1370.2043873254304,1725.0468379944732,354.8424506690428,256.4310621873167,6.115899364069264,-101684.5124315052,8.17680347396781,21.112694885008885,39.232390088184744,104.12351679999847
541,field_size_scaled,True,ignore,inverse_sqrt,evidence_decay,365.0,730.0,1.5,20,20.0,30.0,0.75,0.7,1.5,10.0,10.0,1,28430,2843700,2842872,0.1995261907865531,0.5870759521246042,0.7251554062230027,7438,16470298,16465002,0.18861211939200712,0.5616579418542609,0.7407145167671404,1513.8542376303694,1495.202185387847,103.5233264744329,1371.3259599648995,1721.5824057386576,350.25644577375806,263.4840237889266,4.635527275835216,-54162.07864604392,5.383190598511521,14.331974946974311,29.08012755472875,126.20814156200504
542,field_size_scaled,True,ignore,none,evidence_decay,365.0,730.0,1.5,999999999,20.0,10.0,0.1,0.667,1.5,15.0,5.0,6,28430,2843700,2842872,0.19958004554054531,0.5871083870785495,0.7254009325780408,7438,16470298,16465002,0.1888976962541979,0.5620166138296216,0.739862467068027,1516.0199676265051,1492.7965347445625,109.41952124063495,1367.675599679072,1737.2132482239647,369.5376485448926,285.6282703073175,4.734371550309561,-57704.378094048596,6.17732870217261,13.865816030668192,24.8063373767365,135.21527668400086
543,field_size_scaled,False,modifiers,inverse_sqrt,none,365.0,180.0,4.0,20,20.0,100.0,0.5,0.5,1.75,15.0,5.0,0,28430,2843700,2842872,0.1996778586245116,0.5872207619321105,0.7141988805686643,7438,16470298,16465002,0.21288363290901643,0.615225306420805,0.6632413406326947,1510.668219466745,1496.0033446988036,75.73478227774746,1408.2368743848558,1668.0530023773422,259.8161279924864,185.22558799411763,4.041954260423154,-110060.2058118764,6.464905607324821,17.235526926472723,44.00218973415814,113.9318586760055
544,field_size_scaled,True,independent,inverse_sqrt,none,180.0,730.0,1.0,20,50.0,100.0,0.0,0.667,1.5,20.0,10.0,2,28430,2843700,2842872,0.2000240593151647,0.5874331665006268,0.7214225614097293,7438,16470298,16465002,0.18821667867815822,0.5597116916277609,0.7384431535447126,1518.6659120781749,1497.0250951080234,108.44965600137361,1371.11574166925,1742.7031068151641,371.5873651459142,284.41205300025103,6.410874678696587,311.3540157966,8.396027970998526,20.0,40.55405320223483,104.24862475199916
545,field_size_scaled,True,independent,none,none,365.0,730.0,1.5,10,30.0,20.0,0.75,0.5,1.25,15.0,5.0,7,28430,2843700,2842872,0.2000948661880109,0.5874887983791546,0.718879710377393,7438,16470298,16465002,0.18727546350184973,0.5572599887838781,0.7372705451235293,1515.0338490486713,1494.2570535261577,110.35971621831786,1364.3320792747315,1740.9993653260929,376.6672860513613,279.5828061895504,6.499438841644974,-73046.10838799049,9.192045422809924,21.60140941383638,37.66743104569623,111.08270848898974
546,field_size_scaled,True,modifiers,none,evidence_decay,365.0,365.0,2.0,999999999,20.0,50.0,0.5,0.667,2.0,10.0,5.0,7,28430,2843700,2842872,0.20016806865018175,0.5879101644137088,0.7227609966259473,7438,16470298,16465002,0.18726720588684256,0.5577859602864227,0.7401440947289286,1510.029764959178,1492.995702629897,97.27215531171277,1374.765634706514,1707.0061381240264,332.2405034175124,235.2151642117026,5.00918973978014,-126641.92739149749,7.774140786814423,20.608039802111826,48.40862823102689,133.0643013259978
547,field_size_scaled,False,modifiers,none,none,365.0,365.0,1.0,5,30.0,30.0,0.0,0.8,2.0,20.0,5.0,2,28430,2843700,2842872,0.2007009477947986,0.5893133870479832,0.7333084289408739,7438,16470298,16465002,0.21359244346726675,0.6168362926344056,0.6745316520459579,1517.7972663946828,1496.489324898525,92.6135383822839,1398.2787002688128,1704.9946463863996,306.7159461175868,244.81156231666614,3.906735457286004,31.408902930291877,7.2172122082754875,14.651350672120683,27.14375975710919,84.30511065998871
548,field_size_scaled,True,independent,none,none,180.0,180.0,1.5,5,30.0,50.0,0.1,0.5,1.75,10.0,5.0,3,28430,2843700,2842872,0.20090339317851896,0.589802660503784,0.72255979164732,7438,16470298,16465002,0.1889950181645211,0.5619113720933453,0.7387827222857307,1514.4215671186025,1493.9458736855854,104.6219704279035,1372.6026938821947,1726.7310296095225,354.1283357273278,265.36015000533916,5.600997882280467,-77428.64730083915,8.010620623168265,18.03793683855339,31.68392211252286,155.72357502799423
549,field_size_scaled,True,independent,inverse_sqrt,evidence_decay,180.0,365.0,1.0,20,30.0,5.0,0.25,0.8,1.75,10.0,10.0,7,28430,2843700,2842872,0.20115107486829079,0.5898596593341915,0.7195441792666009,7438,16470298,16465002,0.18884122845013568,0.5611150564629643,0.737771182779085,1516.4056257453592,1497.1403451810168,103.5655775312093,1375.6407205447867,1732.4994410389434,356.8587204941566,270.5054437967499,6.486005304526088,284.51892433879084,8.280786249276355,20.05149081999214,42.42683427099057,175.63854710200394
550,field_size_scaled,False,modifiers,inverse_sqrt,none,365.0,730.0,1.0,5,50.0,75.0,0.5,0.5,1.25,20.0,5.0,2,28430,2843700,2842872,0.2008622024280816,0.5898725890546593,0.735868164307081,7438,16470298,16465002,0.21361770536637645,0.6168895635935525,0.6751836410344803,1515.342357868896,1497.2280475789876,78.23602077525763,1416.4013286583042,1678.9756359441303,262.5743072858261,205.79898235077485,4.127686980901444,48.03573485219587,5.503527442862471,12.755620865571995,34.961904215756654,112.44708829000592
551,field_size_scaled,True,modifiers,none,none,180.0,730.0,1.5,10,20.0,5.0,1.0,0.7,1.5,20.0,5.0,2,28430,2843700,2842872,0.20126161523162217,0.5904174378714518,0.7222449691720204,7438,16470298,16465002,0.18977881854320172,0.5635463326642791,0.7376218964322021,1515.0130659599633,1492.8320217418475,109.57270642875966,1365.443856055204,1738.4354321258181,372.9915760706142,289.4113606572389,5.230680462575492,-59341.387945682036,8.013793615287124,17.96354059655726,30.846510981602666,102.83797717699781
552,field_size_scaled,True,ignore,inverse_sqrt,evidence_decay,365.0,365.0,3.0,5,20.0,50.0,0.1,0.7,2.0,10.0,5.0,0,28430,2843700,2842872,0.20139566645288715,0.5906370436835467,0.6995988563677858,7438,16470298,16465002,0.18984489820782188,0.564080189831334,0.7257337108127895,1508.6057297865382,1493.929495982149,97.17598526224458,1366.1968081093219,1708.454303807812,342.2574956984902,241.27025303456617,5.168326002672302,-170706.44052278725,8.029399944561913,21.860344815987,46.75429719107745,121.32541624300939
553,field_size_scaled,True,independent,inverse_sqrt,none,180.0,180.0,2.0,5,20.0,30.0,1.0,0.5,1.25,10.0,5.0,6,28430,2843700,2842872,0.20118758837640113,0.5908685826775928,0.722673760900948,7438,16470298,16465002,0.1904101322925217,0.5660063469562246,0.7383950515159367,1511.9073466365405,1497.079397126176,93.05134956179737,1381.87593322563,1701.7681822055595,319.8922489799295,226.89387679954075,4.4467792000108375,-96221.92351608099,5.741648627790329,15.672529934191783,31.626165588698186,124.66135168701294
554,field_size_scaled,False,modifiers,none,evidence_decay,180.0,180.0,2.0,10,20.0,75.0,0.5,0.667,1.25,10.0,5.0,6,28430,2843700,2842872,0.20122707486357883,0.5914039463753947,0.735129122943277,7438,16470298,16465002,0.21405431631920577,0.6182802694265924,0.6760162555704518,1512.161092954569,1495.655360913483,79.1459383487114,1406.5087832934353,1669.1654271047746,262.65664381133934,198.42260024834172,3.379222611104524,-74819.355191913,5.049081063518124,11.493791562258618,25.405233927569636,101.12067264299549
555,field_size_scaled,False,ignore,inverse_sqrt,none,180.0,180.0,1.5,10,20.0,75.0,0.0,0.7,1.25,10.0,5.0,5,28430,2843700,2842872,0.20138766765001573,0.5915943852548485,0.7349089230890452,7438,16470298,16465002,0.21427636252368565,0.6186780794613,0.6755389401106663,1514.1992158341031,1497.211233266497,79.73428543576428,1407.4420719664831,1674.456913657878,267.01484169139485,203.42799655484282,4.289843102892291,-43042.12932759852,4.827129185085403,11.680031870491721,22.173282821657242,69.70203059099731
556,field_size_scaled,False,independent,inverse_sqrt,evidence_decay,180.0,180.0,1.5,5,20.0,30.0,0.25,0.7,1.5,10.0,10.0,1,28430,2843700,2842872,0.20159906268078326,0.5921442185589936,0.7335011917525657,7438,16470298,16465002,0.21404500324359346,0.6182169188536561,0.6756160734143852,1513.576592159471,1498.3762258839968,73.43893437188777,1414.7669663714792,1661.667118808246,246.9001524367668,185.410324444794,3.84765565015266,-37800.68292794875,4.166532566748898,10.219521458337546,21.969880084371653,106.716972669994
557,field_size_scaled,False,independent,inverse_sqrt,evidence_decay,365.0,730.0,1.5,20,20.0,30.0,0.1,0.667,1.5,15.0,5.0,5,28430,2843700,2842872,0.2018298265886779,0.5925904056129193,0.7335666185463151,7438,16470298,16465002,0.2144180615825198,0.6189941643465817,0.6747572821430571,1514.8689138608634,1498.6051822020636,75.2883319322584,1415.4775450148122,1666.5989931296258,251.12144811481357,189.99745092746866,3.923933365734001,-36182.711868183025,4.6556110411311815,11.182908030875597,19.423922351399163,102.93275222000375
558,field_size_scaled,True,modifiers,inverse_sqrt,none,180.0,730.0,1.0,5,30.0,100.0,1.0,0.667,1.5,10.0,10.0,1,28430,2843700,2842872,0.2024792432533341,0.5936661801903454,0.7246333989008299,7438,16470298,16465002,0.1915263797478954,0.5683755845198257,0.7398285162674137,1514.893016921717,1496.523987720323,95.16972845692052,1385.5223211172183,1707.8436603493624,322.32133923214406,253.67477562339263,4.229105096593344,102.47902934360283,4.864454695539628,13.50811072163089,33.036901192781194,113.30756200800533
559,field_size_scaled,False,ignore,inverse_sqrt,evidence_decay,365.0,365.0,1.0,5,30.0,20.0,0.1,0.667,1.5,10.0,5.0,2,28430,2843700,2842872,0.20272372778672293,0.5940339231467588,0.7337252609333097,7438,16470298,16465002,0.21481957938126997,0.6196095050277888,0.6740602278699996,1514.8948225275049,1497.207048562622,78.45349647775633,1414.3153491650598,1677.6056983159788,263.2903491509189,208.10222516255908,4.0910025323503305,44.78641028508102,5.579870964531363,12.76908824521877,25.166249508770935,93.10533533300622
560,field_size_scaled,True,modifiers,none,none,365.0,730.0,1.0,10,30.0,50.0,0.0,0.7,1.75,15.0,5.0,5,28430,2843700,2842872,0.2028708045747182,0.5943909769775163,0.7243041543903489,7438,16470298,16465002,0.1925375386008342,0.5702437805102384,0.7381074111014381,1517.2548910363207,1494.1628829978176,106.62856835199389,1374.3488526100095,1734.071590200512,359.72273759050245,291.5884864123566,4.1782027388796905,-802.9369712602526,6.1445663072980325,13.043274188046123,24.76243144427181,102.62959941399458
561,field_size_scaled,True,independent,inverse_sqrt,none,365.0,365.0,1.5,20,30.0,75.0,0.0,0.667,2.0,15.0,10.0,3,28430,2843700,2842872,0.20310876825043517,0.5948703935884423,0.7219864278096235,7438,16470298,16465002,0.1924280458937163,0.5702651839305353,0.7371035849251643,1514.6551520005683,1496.6218709589639,95.3686606122878,1382.8133339271262,1708.8754421679173,326.0621082407911,246.27931504665867,5.0311314584552065,-55231.37916025698,6.873590654293272,16.819408886828683,33.27847863034802,106.68719719001092
562,field_size_scaled,False,ignore,inverse_sqrt,evidence_decay,365.0,180.0,3.0,10,20.0,75.0,0.5,0.5,2.0,20.0,10.0,0,28430,2843700,2842872,0.2034173599881489,0.5955972309114751,0.7113151770463109,7438,16470298,16465002,0.21526068077476365,0.6205563233253619,0.6613825494828364,1510.0219698598642,1496.357029320437,69.16837373323456,1418.4059289210468,1655.4657103581394,237.05978143709262,176.6162066140821,3.408034084004157,-71799.80110055303,5.567648644378494,14.247255843801707,38.069335955288736,87.36415342301189
563,field_size_scaled,True,modifiers,inverse_sqrt,none,365.0,730.0,1.0,999999999,30.0,20.0,0.0,0.5,1.5,15.0,10.0,6,28430,2843700,2842872,0.20363687626779067,0.5962269237168235,0.7243840032192796,7438,16470298,16465002,0.19419123562231622,0.574432336973113,0.7375489538355355,1516.3319386335222,1496.4448390910643,94.20610318896057,1389.6819098763003,1707.225625998515,317.5437161222146,253.17641236976874,3.87739444267595,168.0313195598507,5.146922853058452,12.024637917378271,24.947850092675406,125.85073550298694
564,field_size_scaled,True,ignore,none,none,365.0,365.0,2.0,10,20.0,75.0,0.25,0.8,2.0,10.0,10.0,3,28430,2843700,2842872,0.20367653838483316,0.5962717544559196,0.7233987319865263,7438,16470298,16465002,0.1924177533331441,0.5704562270546361,0.7382808091975938,1510.468305691035,1492.2768363864293,93.51457277104548,1382.251466227941,1699.8239557981783,317.5724895702374,237.6302380081745,4.327888216100064,-110763.0318336441,6.460484922991985,15.478959131780158,35.21432530885711,126.49156879101065
565,field_size_scaled,False,independent,inverse_sqrt,none,180.0,365.0,2.0,5,20.0,75.0,0.75,0.8,2.0,10.0,10.0,4,28430,2843700,2842872,0.20369102180925772,0.596809255172237,0.7321951181762668,7438,16470298,16465002,0.21565473452189393,0.6217833403572082,0.6728262772151501,1511.8803810125034,1497.78370459798,70.56408063146453,1417.7166515920394,1652.481468038278,234.76481644623868,169.04151161195182,4.017912138439442,-71651.20752859839,4.938890255366548,12.423928854260513,28.6393502879794,77.33926145700389
566,field_size_scaled,True,independent,inverse_sqrt,none,180.0,365.0,1.5,10,20.0,30.0,0.5,0.7,1.75,10.0,10.0,3,28430,2843700,2842872,0.20415541277989935,0.5972039143101905,0.7217563787606336,7438,16470298,16465002,0.19248442921835535,0.5704964026199892,0.7383208942215738,1512.2772333818293,1497.3603032804108,87.66050276362385,1390.7614351241455,1693.3172729625885,302.55583783844304,221.52691023077568,4.812014524427468,-61236.179579705735,6.1803737808983525,16.49794036270453,29.793349979902352,126.16110934599419
567,field_size_scaled,False,ignore,none,evidence_decay,365.0,365.0,1.0,5,20.0,5.0,0.25,0.5,1.5,10.0,10.0,7,28430,2843700,2842872,0.20470032680589267,0.5983256515517844,0.7313618059483509,7438,16470298,16465002,0.2157470663279032,0.6216380688840516,0.6735721623356012,1514.3716326134354,1496.636808605504,78.43245932842756,1415.5559109052328,1676.6385663984643,261.0826554932314,209.14945590530237,3.3513568037838013,22.759731705600885,5.956744458836154,11.778836022242409,22.38667896457983,116.65152746500098
568,field_size_scaled,False,independent,none,evidence_decay,365.0,730.0,1.0,10,30.0,75.0,0.5,0.8,1.75,20.0,10.0,3,28430,2843700,2842872,0.204906673223976,0.5990095839704687,0.7311929626096426,7438,16470298,16465002,0.2163916299344707,0.6231946538800515,0.6727250321621583,1515.995569714575,1497.649152828874,79.98346357145648,1413.7766172501772,1678.1990644388648,264.42244718868756,212.1338442950912,3.390535390364562,22.48060552320963,5.983723909241795,11.858838593070914,22.21111577040729,117.41747285799647
569,field_size_scaled,False,ignore,inverse_sqrt,evidence_decay,365.0,365.0,1.5,999999999,20.0,100.0,0.0,0.667,1.25,10.0,5.0,3,28430,2843700,2842872,0.20487080812265054,0.5991959377724861,0.7338638531738326,7438,16470298,16465002,0.21644646524427286,0.6234271841489066,0.6736925388773108,1512.528222777115,1496.7267533718386,73.22157282943371,1415.102484915929,1662.22895230431,247.12646738838112,191.49828581770157,3.997077559880836,-44181.746949649605,5.014065527430266,12.067022573886202,21.972370559193486,95.30652436200762
570,field_size_scaled,False,ignore,inverse_sqrt,none,365.0,730.0,1.5,10,20.0,50.0,0.25,0.7,2.0,10.0,10.0,6,28430,2843700,2842872,0.2049087422979626,0.5995730628361241,0.7339514406557875,7438,16470298,16465002,0.21649354563201412,0.6237027342606022,0.6750417036086603,1511.874671181875,1497.286136881373,68.24559220166331,1421.5960868344791,1648.9761798877312,227.38009305325204,173.27290431233428,3.7260226636080915,-35745.45182173118,3.8210340969029537,9.323347884723493,19.205036636392638,84.38558234099764
571,field_size_scaled,True,ignore,inverse_sqrt,evidence_decay,365.0,730.0,3.0,5,20.0,100.0,1.0,0.5,1.25,10.0,10.0,0,28430,2843700,2842872,0.2055374669427754,0.6000001823656299,0.6972164065072223,7438,16470298,16465002,0.1936314577074333,0.5730696449739534,0.7242501397813375,1506.670064888574,1495.5671820248795,82.78078406375636,1386.6450652500348,1675.9556893252088,289.310624075174,201.1350489281308,4.306819155150606,-146275.85201093106,6.432627160193597,19.37589633790956,44.970057923044656,160.45779752499948
572,field_size_scaled,False,independent,none,none,180.0,180.0,1.0,20,30.0,30.0,0.1,0.8,2.0,15.0,5.0,0,28430,2843700,2842872,0.20602588361596008,0.601049151000324,0.7049328988431417,7438,16470298,16465002,0.21678422472504416,0.6238473018286056,0.6588623554373088,1513.453302159896,1496.958395618106,77.18108630387395,1416.127699761126,1673.2776007466273,257.1499009855013,203.4843128621751,2.7449078581531694,25.71661665841176,6.7644218385900725,13.059875105715445,24.070691439829083,99.41001331800362
573,field_size_scaled,True,modifiers,inverse_sqrt,evidence_decay,180.0,730.0,1.5,20,20.0,100.0,0.0,0.667,2.0,10.0,5.0,1,28430,2843700,2842872,0.2072448698945816,0.6044918951013738,0.7216811027721263,7438,16470298,16465002,0.19815835494850628,0.5840191877488784,0.7350410282367412,1511.0691465541179,1495.296111776857,85.56787573587613,1393.439111628637,1684.3269852463086,290.88787361767163,227.77740317714324,3.1404033485403033,-43934.935233234966,4.381214258038907,10.691401378285306,21.48771740922028,139.90495923800336
574,field_size_scaled,True,ignore,inverse_sqrt,evidence_decay,365.0,365.0,1.5,999999999,20.0,50.0,0.75,0.667,1.5,15.0,10.0,2,28430,2843700,2842872,0.2075577329556146,0.6047376542904628,0.7192075478600514,7438,16470298,16465002,0.19642769018103523,0.579661443391807,0.735491195203013,1511.1465719638816,1496.7667912630184,82.77138377880182,1396.3198249229074,1682.3154060178497,285.9955810949423,219.36915219592038,4.141468115606131,-45496.287510337286,5.397678850970478,14.550244973607835,26.149860645450953,123.71684568800265
575,field_size_scaled,False,independent,none,none,180.0,365.0,1.0,999999999,20.0,10.0,0.25,0.5,1.5,15.0,5.0,2,28430,2843700,2842872,0.20760662742993335,0.6049569973755345,0.7298629695603601,7438,16470298,16465002,0.217643275213615,0.6259292486685111,0.6719685791717487,1512.9779450086066,1497.5164037717868,68.92454033880202,1426.8781924529371,1654.6441878471128,227.76599539417566,180.42592373795674,2.789215827738417,19.775400092988324,5.227796652422701,10.38970379196079,22.34578079904331,101.34979916601151
576,field_size_scaled,False,independent,inverse_sqrt,none,365.0,730.0,3.0,5,20.0,75.0,1.0,0.5,1.25,15.0,5.0,0,28430,2843700,2842872,0.20788897746707075,0.6056303480432913,0.7050099336164274,7438,16470298,16465002,0.2182857350259347,0.6273469175848774,0.6568971567692491,1508.5270577960641,1497.3140799163361,60.05399434030329,1428.9670160096582,1632.4383062443294,203.4712902346712,147.8181504869633,2.635677497837264,-76999.41897983926,5.2102156637091985,13.429998816216234,40.55086927074765,92.3016190460039
577,field_size_scaled,True,ignore,none,none,365.0,365.0,1.0,5,20.0,20.0,1.0,0.7,1.5,15.0,10.0,3,28430,2843700,2842872,0.20813153899744127,0.6059443515753974,0.7199968904685121,7438,16470298,16465002,0.19730364949676102,0.5812694572735612,0.7351720333832938,1514.4655822367074,1495.2756256149187,92.14692728856981,1393.3551290891855,1700.8839618523102,307.5288327631247,248.72647259389237,4.246578783482164,-851.9105391984422,5.664305071924379,12.34250616173464,23.96715988591423,142.17998187999183
578,field_size_scaled,False,independent,none,none,365.0,730.0,1.0,20,20.0,75.0,0.1,0.8,2.0,20.0,5.0,6,28430,2843700,2842872,0.20806151158180783,0.606250362361997,0.7297025683885873,7438,16470298,16465002,0.21878169692000948,0.6285763578795273,0.6721485366354647,1514.8185562507638,1498.1137999371967,71.54687748572563,1422.0456457055866,1659.8028288570947,237.75718315150812,193.27552556250703,2.762903269666708,11.546342631694126,4.225246956835768,8.071856882506902,13.856888954693634,74.70190923499467
579,field_size_scaled,False,modifiers,inverse_sqrt,evidence_decay,180.0,730.0,1.0,10,20.0,50.0,0.1,0.5,1.75,10.0,5.0,1,28430,2843700,2842872,0.20808173029771576,0.6064466029683763,0.7323087356729392,7438,16470298,16465002,0.21890377883957277,0.6289349173920187,0.6738616855315293,1512.6106323182623,1497.9019738858267,67.32413820820994,1423.0591741143733,1648.8499835888415,225.79080947446823,182.7616388404515,2.9023482466666337,22.66115873846802,3.467844689747898,7.811084402200638,14.192671894553298,101.87574915100413
580,field_size_scaled,False,ignore,inverse_sqrt,evidence_decay,365.0,180.0,1.0,999999999,20.0,20.0,0.0,0.667,2.0,20.0,5.0,4,28430,2843700,2842872,0.20824544439942339,0.6066557463409913,0.732359036917596,7438,16470298,16465002,0.21898841316677983,0.6290254434195134,0.6730372094701234,1514.2832672936195,1497.7537235742143,70.37453486100243,1422.9771349321577,1658.7031256469218,235.72599071476407,191.4547607943382,3.354101319449228,25.939172559362657,3.965641953415472,9.112717752507356,17.22063742298551,182.75654519601085
581,field_size_scaled,False,modifiers,none,none,180.0,180.0,1.0,5,20.0,30.0,1.0,0.8,1.5,15.0,10.0,3,28430,2843700,2842872,0.20850796892287132,0.6071697707687315,0.7339141544184895,7438,16470298,16465002,0.21884075562557986,0.6286812960296463,0.673705171733353,1512.539296448888,1496.853772570726,67.04281351241288,1427.8527006943498,1649.593101385195,221.74040069084526,180.8410026711838,2.66680602161523,15.786436295686649,4.489173828063976,8.786301885956235,22.16244292071676,73.69809573701059
582,field_size_scaled,False,ignore,inverse_sqrt,none,180.0,730.0,2.0,5,20.0,75.0,0.25,0.7,1.5,10.0,10.0,0,28430,2843700,2842872,0.2089418729028534,0.608011041069454,0.708379765251478,7438,16470298,16465002,0.21909878995176432,0.6291859545192058,0.6588865886563512,1508.7238950018461,1496.6340160449304,61.84382845020562,1427.2541469227965,1637.8345126063577,210.58036568356124,157.8606080864888,2.84166506425413,-63254.98447096966,4.835848637649229,12.122747731887596,22.839633961134194,68.33428789798927
583,field_size_scaled,True,independent,inverse_sqrt,evidence_decay,180.0,180.0,1.5,10,20.0,30.0,0.25,0.5,2.0,15.0,5.0,0,28430,2843700,2842872,0.20927593999859478,0.6082458527597546,0.6927339676214758,7438,16470298,16465002,0.1975008172621475,0.5817769764876138,0.7212569424528463,1509.3678327092096,1497.1245998911204,78.00539391886396,1401.0208949446005,1673.3165399295838,272.29564498498326,205.1832683248433,4.419240774455943,-42590.91137107696,6.123002799430051,15.744803357456338,35.54920253658335,126.07152959899395
584,field_size_scaled,True,ignore,inverse_sqrt,evidence_decay,365.0,365.0,1.5,10,20.0,50.0,0.25,0.667,1.25,20.0,5.0,2,28430,2843700,2842872,0.20980268583794268,0.6097467977176618,0.7182514724546163,7438,16470298,16465002,0.19952618599616662,0.5868030516374714,0.7335840590848395,1510.9870611852477,1496.6943201271583,78.99786281463118,1402.3615212386449,1673.6997617768357,271.3382405381908,211.67294939192425,4.03413616379612,-37074.72187415871,5.045731620767527,12.582097938377755,21.56593471813446,124.01809052401222
585,field_size_scaled,True,modifiers,none,none,365.0,180.0,1.0,999999999,20.0,20.0,0.1,0.667,2.0,20.0,10.0,4,28430,2843700,2842872,0.2097555771977873,0.6097523671334044,0.720994473194713,7438,16470298,16465002,0.19987395239495775,0.5873942044005158,0.7345564245907774,1513.1422680320734,1495.1834322883165,83.6445974538392,1403.9184194125055,1682.3235371352714,278.4051177227659,226.87067520210894,3.417250856752389,-566.6711439921306,4.765478030631754,9.736618630607015,18.438449322104102,125.01914140098961
586,field_size_scaled,True,modifiers,inverse_sqrt,evidence_decay,180.0,730.0,1.0,10,30.0,30.0,0.0,0.7,1.25,15.0,5.0,2,28430,2843700,2842872,0.21030027660962428,0.6107442221000771,0.7182697638163097,7438,16470298,16465002,0.2006441207578763,0.5891267481575477,0.732685304259301,1512.7006141859974,1496.5335185088375,82.33112825471906,1401.7913292789153,1682.541194551909,280.7498652729937,227.3792067232523,3.639738471228611,216.28580278579716,5.328548332815082,12.29138391858601,24.13736839331969,137.02593650000927
587,field_size_scaled,True,independent,inverse_sqrt,evidence_decay,180.0,180.0,2.0,20,20.0,5.0,0.0,0.5,1.25,10.0,5.0,7,28430,2843700,2842872,0.21049311054982148,0.6112605926799954,0.7141918454295515,7438,16470298,16465002,0.20041742245943298,0.5888345016080327,0.730378957743218,1509.0351072560857,1496.4041084086155,76.98546230507823,1400.8528315049273,1665.9707182981842,265.11788679325696,198.6751199358821,4.052041910426169,-84499.50655160799,5.936251280532151,14.73750650247548,28.1440180448144,180.12039828799607
588,field_size_scaled,True,modifiers,none,evidence_decay,180.0,365.0,1.5,5,20.0,100.0,0.25,0.7,1.75,15.0,10.0,2,28430,2843700,2842872,0.21057798149244306,0.6114960420653703,0.7184182052515906,7438,16470298,16465002,0.19988639575358944,0.5875591201018932,0.7334322218727942,1509.688975386926,1494.396667501996,79.4218368669705,1402.6098164469724,1672.3211031241601,269.7112866771877,212.91341804268018,3.581459731301493,-45353.563229406325,5.307903470002894,11.845875962557567,26.51891735490945,184.39152837899746
589,field_size_scaled,False,ignore,inverse_sqrt,none,365.0,730.0,1.0,20,30.0,50.0,0.75,0.667,2.0,10.0,10.0,0,28430,2843700,2842872,0.21077977060467318,0.6117835635723223,0.7076709749858594,7438,16470298,16465002,0.22042700615850125,0.6319466537002194,0.6585057809285416,1510.0804975554445,1497.4612828818708,60.5482226689367,1434.6915950467742,1638.5409566555309,203.84936160875668,163.50908815729235,2.224551635609714,32.58337745722854,4.42829236929201,10.005367405439129,29.038267253036683,69.73047250400123
590,field_size_scaled,False,independent,none,none,180.0,180.0,1.5,10,20.0,75.0,0.75,0.7,1.5,15.0,5.0,3,28430,2843700,2842872,0.21063825167710024,0.6119105523426115,0.7290986016957499,7438,16470298,16465002,0.2202537445038446,0.6318298110646459,0.6704256701578293,1511.0879346569263,1497.2600227869711,63.82298745155454,1428.6138642990236,1640.0489760887515,211.4351117897279,166.10778390389078,2.5399176883292967,-35814.18236019334,4.736108558042192,9.822483634701257,21.42503172495033,111.41940302700095
591,field_size_scaled,True,modifiers,inverse_sqrt,none,180.0,365.0,1.0,999999999,20.0,75.0,0.5,0.667,1.25,15.0,5.0,1,28430,2843700,2842872,0.21127138566023637,0.6132348588092547,0.7195994051086366,7438,16470298,16465002,0.20182445916215386,0.5921935714582806,0.7340144872135455,1511.9261097053213,1497.262096694193,75.71344682805135,1410.3942849208006,1665.7635347032453,255.36924978244474,207.89536338564153,2.62916657579035,135.71982536247094,3.437812772425109,8.664620049390296,18.05858460530127,113.70864340700791
592,field_size_scaled,True,ignore,none,none,180.0,365.0,1.0,999999999,20.0,75.0,0.1,0.667,1.75,10.0,5.0,6,28430,2843700,2842872,0.2119112707818252,0.6145292529965213,0.7185947872433229,7438,16470298,16465002,0.20248071453500324,0.5934780632643978,0.7330034943208631,1511.7934895748447,1494.882828869419,80.39586554850483,1405.9088457402095,1673.7457378512872,267.83689211107776,219.74897003465048,3.067309567808252,-398.17855611441564,4.230138289551554,8.561217667263023,15.937617553959095,109.05101579599432
593,field_size_scaled,True,modifiers,none,none,180.0,180.0,1.0,10,20.0,100.0,0.1,0.7,1.25,10.0,10.0,6,28430,2843700,2842872,0.2126742677977754,0.6162287500349057,0.718973981241505,7438,16470298,16465002,0.20346601310022605,0.5957262359794662,0.7327520518977161,1510.7610676982495,1494.9131191382908,77.39282070241637,1408.2782998280138,1666.6502846302942,258.3719848022804,211.85292233468545,2.7049844957696223,-430.69644638573914,4.125788776553581,8.332779415685692,15.435440763685243,104.34795816500264
594,field_size_scaled,True,modifiers,inverse_sqrt,none,180.0,365.0,1.5,999999999,20.0,100.0,0.1,0.7,1.25,20.0,10.0,7,28430,2843700,2842872,0.21301260276034228,0.6167700260725008,0.7160772627117928,7438,16470298,16465002,0.20342804430996672,0.5956355270976909,0.7311355322033972,1508.8785994980585,1496.83862016216,68.96448535115121,1415.1160058249275,1650.6512534825895,235.535247657662,183.81404043561088,3.153981625486722,-34006.29916186256,4.743114915804862,11.424900662237427,20.272740981209626,120.88994619199366
595,field_size_scaled,True,ignore,inverse_sqrt,evidence_decay,180.0,730.0,1.0,999999999,20.0,30.0,0.75,0.667,1.5,20.0,5.0,7,28430,2843700,2842872,0.2133635336505243,0.6173719881752827,0.7144092312281383,7438,16470298,16465002,0.20319059570030806,0.5948737239112583,0.7310178887315045,1510.659472724676,1497.552472279522,73.91404662761376,1409.8767802718048,1663.987308414915,254.1105281431103,204.7512159951491,3.6112867783506317,206.19353417902394,4.650124630573481,11.572100160835854,22.92623673471841,145.17137992099742
596,field_size_scaled,True,modifiers,inverse_sqrt,none,180.0,180.0,1.5,999999999,20.0,75.0,0.1,0.667,2.0,20.0,5.0,0,28430,2843700,2842872,0.2139121376772009,0.6186061954550343,0.6946046111115801,7438,16470298,16465002,0.20423130771813475,0.597320868289222,0.7193196210969182,1507.8778894854308,1496.80834145405,68.03004128805485,1414.1976267592079,1647.8295340466093,233.63190728740142,181.60716374264075,2.9887727782281672,-33965.50908944922,4.935758140614591,11.87824256130189,21.112196550237687,111.53660200900049
597,field_size_scaled,True,modifiers,inverse_sqrt,none,365.0,365.0,1.0,10,20.0,20.0,0.25,0.8,1.25,10.0,5.0,0,28430,2843700,2842872,0.21752141656398527,0.6263562998667749,0.6923888940479909,7438,16470298,16465002,0.20846008373881325,0.6066317695621625,0.7171553334764247,1508.2264247965404,1497.441187324489,65.08953406840585,1420.0601339774819,1641.987955680547,221.9278217030651,180.3293329889609,2.5347554787488207,214.04180798895842,4.316022649728277,10.007336435664623,18.48072736646637,102.5922608270048
598,field_size_scaled,False,modifiers,inverse_sqrt,evidence_decay,365.0,730.0,1.0,999999999,20.0,50.0,0.5,0.667,1.25,10.0,10.0,7,28430,2843700,2842872,0.2185076121531664,0.6287609718494727,0.727965592541627,7438,16470298,16465002,0.22590083679510567,0.6439402423098168,0.6681253363953433,1507.3363372792094,1498.1335097643894,44.24394246890988,1453.3296455121672,1598.8455950228395,145.51594951067227,117.22456040234897,1.6658747674450751,17.411187295011562,3.0314722660925186,6.7237918032881145,15.233848033829709,103.62391412800935
599,field_size_scaled,True,ignore,inverse_sqrt,none,365.0,730.0,1.0,10,20.0,10.0,0.0,0.5,1.25,10.0,10.0,7,28430,2843700,2842872,0.21998459900096842,0.6317135337554107,0.7112782425659685,7438,16470298,16465002,0.2119246246163447,0.614369597296461,0.7261538747459612,1508.318799142254,1497.3376802260727,60.575978693595815,1427.6596076169078,1632.049944924752,204.39033730784422,168.79276246589325,2.4163223697939884,208.92193353864565,3.7391695943433034,8.447031549953516,15.026249558582837,134.58329928400053
600,field_size_scaled,False,modifiers,inverse_sqrt,none,180.0,365.0,1.0,10,20.0,100.0,1.0,0.5,2.0,20.0,10.0,4,28430,2843700,2842872,0.22254050083725488,0.6374346424025789,0.7274984593045343,7438,16470298,16465002,0.2291410887656921,0.6508718167145525,0.6686427368791088,1507.8151232219166,1498.5587020527155,41.68322041800508,1454.5851169405014,1593.0095049726783,138.42438803217692,115.60220599435138,1.6192687861137074,8.783673964137021,2.157835370760789,4.849841284691426,12.017163882681137,78.77587662199221
