rank,k_mode,group_pruebas,context_mode,team_update_mode,inactivity_mode,inactivity_grace_days,evidence_half_life_days,uncertainty_k_max_multiplier,primary_switch_delta,k_factor,field_size_reference,field_size_alpha,field_size_min_multiplier,field_size_max_multiplier,primary_lambda,modifier_lambda,length_transfer_index,pruebas_evaluated,pairwise_comparisons,pairwise_decisive,brier_score,log_loss,decisive_accuracy,grouped_units_evaluated,grouped_pairwise_comparisons,grouped_pairwise_decisive,grouped_brier_score,grouped_log_loss,grouped_decisive_accuracy,final_rating_mean,final_rating_median,final_rating_std,final_rating_p05,final_rating_p95,max_p95_p05_spread,spread_change,max_abs_cohort_median_drift,net_delta,mean_absolute_update,p95_absolute_update,max_absolute_update,elapsed_seconds
1,field_size_scaled,True,modifiers,none,none,365.0,180.0,2.0,20,100.0,10.0,0.5,0.8,2.0,15.0,10.0,0,28430,2843700,2842872,0.1595773658082729,0.4855037193318502,0.7590538722812705,7438,16470298,16465002,0.14496972201392205,0.44542378259825394,0.7805317606399319,1552.4267300183024,1503.8613952348794,300.97346150888285,1126.761891466469,2124.8346780268257,998.0727865603567,531.3265142203361,35.66233867212554,-351697.9024108196,43.4139797400925,127.93356418648196,323.50195634865537,104.18647260298894
2,field_size_scaled,True,modifiers,none,none,365.0,365.0,2.0,5,100.0,30.0,0.75,0.8,2.0,20.0,5.0,0,28430,2843700,2842872,0.16077628471361607,0.4888564305518695,0.7581122189110168,7438,16470298,16465002,0.14558281162336936,0.4472751972287071,0.7801173057859331,1549.927094287244,1501.9616681258342,284.1659305829696,1147.1474672135935,2088.3514406749305,941.203973461337,502.42095975765665,34.871777200385054,-281704.2535271666,38.61625526092638,115.85501539948282,294.35926393270944,159.52316863500164
3,field_size_scaled,True,modifiers,none,evidence_decay,180.0,730.0,2.0,20,90.0,20.0,0.75,0.7,2.0,20.0,10.0,0,28430,2843700,2842872,0.16113265365840826,0.489769114424463,0.7573925241797731,7438,16470298,16465002,0.1461377074161979,0.4486887070154599,0.7791373484193929,1551.37923999729,1502.0485763038796,282.4426517595226,1153.165160284238,2092.983536666007,939.8183763817688,514.997415083426,34.80812571738113,-268921.0652556215,38.091741593112054,113.03731859185805,288.42598123020053,185.8046369539952
4,field_size_scaled,True,modifiers,inverse_sqrt,evidence_decay,180.0,730.0,2.0,10,100.0,30.0,0.75,0.5,2.0,15.0,10.0,0,28430,2843700,2842872,0.1617287580330139,0.49154952474970354,0.7577629242540642,7438,16470298,16465002,0.14650103025620534,0.4502274670700453,0.7797155445228613,1546.6580186432034,1499.759977667963,257.3577225173887,1179.3326972592038,2045.4505692575824,866.1178719983786,445.2248825264062,34.43269447707712,-270626.63748299703,32.773814749068855,107.78818535921782,288.18459303562133,163.5123701590055
5,field_size_scaled,True,modifiers,inverse_sqrt,evidence_decay,180.0,180.0,2.0,10,90.0,20.0,0.5,0.8,2.0,20.0,5.0,0,28430,2843700,2842872,0.16185112643844163,0.49195819793444884,0.7577231757180767,7438,16470298,16465002,0.14690760094516767,0.45134036769849584,0.7791088637584132,1549.7819116200287,1501.2713830477855,258.4885474250964,1181.564508868574,2051.100912498837,869.5364036302628,472.3769242690462,34.09728666175147,-211110.3193652473,32.578394254010036,101.66805084461544,269.6274189384315,129.7064423910051
6,field_size_scaled,True,modifiers,none,evidence_decay,365.0,730.0,2.0,10,90.0,10.0,0.75,0.8,1.75,15.0,10.0,0,28430,2843700,2842872,0.1623725621297463,0.493017964739325,0.7555447448917855,7438,16470298,16465002,0.14792999296317028,0.45354419545321684,0.7763467019317701,1546.237907957459,1499.5299794113996,278.13788551296005,1155.34184017758,2075.309811702129,919.9679715245491,517.904244178209,30.116946180527293,-319740.3109089031,36.954399913473445,105.21305914960433,250.2083393290853,130.86706948300707
7,field_size_scaled,True,modifiers,inverse_sqrt,evidence_decay,180.0,730.0,2.0,10,90.0,10.0,0.75,0.7,1.75,20.0,5.0,0,28430,2843700,2842872,0.1623294473509632,0.4931460560384089,0.7567829293756455,7438,16470298,16465002,0.14799404371149338,0.45421797949571113,0.7772704795298537,1549.5876533950518,1500.4723237361661,259.9815210760237,1181.8004239878096,2052.539031250396,870.7386072625864,486.3835135670736,32.714038849411054,-223004.6568912689,32.85231166295835,98.74625614390052,247.50002874241258,169.6548347009957
8,field_size_scaled,True,modifiers,inverse_sqrt,none,365.0,365.0,2.0,10,100.0,30.0,1.0,0.5,1.75,20.0,5.0,0,28430,2843700,2842872,0.1626150544336861,0.4938901947222539,0.7565553426253451,7438,16470298,16465002,0.1475070256300735,0.4529501356957133,0.778172939183366,1547.4717131836323,1500.2046275885527,252.85552677537896,1186.3492186653298,2037.7184712143405,851.3692525490108,456.07500108103704,30.918205857544763,-222607.26330397537,31.42663939721627,101.16883589981103,276.8880426683984,103.71281761600403
9,field_size_scaled,True,modifiers,inverse_sqrt,none,180.0,365.0,1.5,5,100.0,10.0,0.75,0.7,2.0,20.0,10.0,0,28430,2843700,2842872,0.16288650670483548,0.494593711745349,0.7560748426239381,7438,16470298,16465002,0.14838126776700916,0.45525610828944746,0.7767468840878368,1551.0617012074138,1501.1145812515672,257.8634008120835,1186.2559009577603,2051.7711909631776,865.5152900054172,493.63866929499477,31.576452280581407,-141978.03185514384,32.37704257562152,96.2843900642441,236.40606142263502,105.72947288000432
10,field_size_scaled,True,modifiers,none,evidence_decay,365.0,730.0,2.0,5,100.0,50.0,0.75,0.8,2.0,15.0,5.0,0,28430,2843700,2842872,0.16299477234587195,0.49488881228124776,0.7559387126821046,7438,16470298,16465002,0.14770022877529215,0.45330097481083054,0.7778367108610129,1541.8734690651718,1497.3073307145141,259.7008521412041,1173.5785023970125,2038.4236409824753,864.8451385854628,458.8264266378069,31.53537543353525,-312235.469384982,33.23686397633844,99.08695567548982,287.56893780061847,129.44431532699673
11,field_size_scaled,True,modifiers,none,none,180.0,730.0,2.0,999999999,75.0,10.0,1.0,0.8,2.0,15.0,10.0,0,28430,2843700,2842872,0.16312654425700476,0.4950616314513821,0.7546438953283863,7438,16470298,16465002,0.14866541039253064,0.45559975420813975,0.7754136318963095,1542.3042131657533,1498.3273903164359,262.67622791895496,1172.6910306152026,2042.6055171857604,869.9144865705578,482.33858733991724,28.72099002916366,-310384.76184722845,35.07105727718262,100.1378975449961,235.96132063665357,104.80706564099819
12,field_size_scaled,True,modifiers,inverse_sqrt,none,180.0,180.0,2.0,10,100.0,10.0,0.5,0.8,1.5,20.0,5.0,0,28430,2843700,2842872,0.16307148413171782,0.4951432591753439,0.7559169037508547,7438,16470298,16465002,0.1488212311404491,0.4565353928214309,0.7761826570078765,1547.9370909743534,1499.7945580178468,254.70654125005225,1188.2252959698126,2042.0053162665909,853.7800202967783,482.699488725146,31.48374629475586,-224281.60640925943,31.74347656611943,94.3520175209172,234.2918498581549,105.44199628899514
13,field_size_scaled,True,modifiers,inverse_sqrt,none,365.0,180.0,2.0,5,90.0,30.0,0.5,0.8,2.0,20.0,5.0,0,28430,2843700,2842872,0.16341892785872134,0.4961785697161162,0.7560674557278696,7438,16470298,16465002,0.1483345764934587,0.4553986894045028,0.7775261733949379,1544.6456006858618,1499.500639575694,244.00374661993243,1195.0324563007687,2019.2820052076977,824.249548906929,445.9585840068321,31.731700298146507,-218300.4802639071,29.61347088424908,93.2573701545587,256.29914980550586,103.77322261099471
14,field_size_scaled,True,modifiers,none,none,365.0,180.0,2.0,999999999,90.0,20.0,0.75,0.5,1.75,10.0,5.0,0,28430,2843700,2842872,0.1638439300174126,0.4970540420901019,0.7542003298073217,7438,16470298,16465002,0.14906688470989568,0.45687333740092934,0.7752968994476891,1536.8385134875705,1495.0082104506505,251.1764912427791,1180.8548614196727,2013.8926704153564,833.0378089956837,445.3423077127761,27.20614749309493,-375505.3421245581,32.61223118683591,97.10603985255005,247.65517860773537,180.69206865900196
15,field_size_scaled,True,modifiers,inverse_sqrt,evidence_decay,180.0,365.0,2.0,999999999,100.0,50.0,0.5,0.5,2.0,20.0,5.0,0,28430,2843700,2842872,0.16420463303892882,0.4982840559746436,0.7555866039695069,7438,16470298,16465002,0.14886655968679746,0.456941944701344,0.7771859973050717,1542.7609241895493,1499.3014936897293,230.24434629242745,1217.7816375492885,1991.7570311647994,773.9753936155109,394.6203643237527,30.020252955652495,-201121.26055254875,27.845022791375552,90.34492723108987,288.2143222547241,128.05986153898994
16,field_size_scaled,True,modifiers,none,evidence_decay,365.0,730.0,2.0,5,90.0,20.0,0.75,0.7,1.5,20.0,10.0,0,28430,2843700,2842872,0.16472580532056896,0.4994328458570734,0.7531109385156982,7438,16470298,16465002,0.15005252986438183,0.4595491401624964,0.7738840845570502,1543.4423656701404,1497.8450417974464,257.96337177572826,1179.8901033293525,2035.9050879417723,856.0149846124198,500.3067092895358,26.061457103828957,-248796.14630377718,31.82186938269086,89.34845499543502,212.43453588694672,241.48963019700022
17,field_size_scaled,True,modifiers,inverse_sqrt,none,365.0,730.0,1.5,5,100.0,30.0,1.0,0.8,2.0,15.0,10.0,0,28430,2843700,2842872,0.1649220431075979,0.5000891661258893,0.7539421402018803,7438,16470298,16465002,0.14980596443080751,0.4593803609451616,0.7753768872909945,1544.2484672200621,1498.9283970027336,237.7402669675941,1204.2174463612444,2009.006959922092,804.7895135608476,454.17302779322245,28.13342497175097,-156919.21249472882,28.260281655479908,87.7803417293391,230.6786365027087,165.84677917600493
18,field_size_scaled,True,modifiers,none,evidence_decay,180.0,365.0,2.0,20,90.0,20.0,1.0,0.5,1.5,15.0,10.0,0,28430,2843700,2842872,0.16505184586493446,0.5003172813235669,0.7528098345616686,7438,16470298,16465002,0.15035655834087172,0.46042380376083386,0.7735736685607448,1541.9789166708795,1496.477882270497,252.81167730532889,1185.9005110289565,2027.992830104218,842.0923190752615,487.8618280034427,25.527923149477374,-280012.2769615364,30.941015019484787,88.84370106639612,212.27758941340886,154.63715780900384
19,field_size_scaled,True,modifiers,inverse_sqrt,evidence_decay,180.0,365.0,2.0,5,100.0,50.0,1.0,0.8,1.5,20.0,10.0,0,28430,2843700,2842872,0.16514733981928253,0.500831401464048,0.7540399286355488,7438,16470298,16465002,0.1502338154046649,0.46067277777120763,0.7750153932565571,1542.6940775012356,1498.6852595094722,235.0715624997533,1206.7138048111294,2001.606392733116,794.8925879219867,454.26214679599866,28.42750177802418,-197735.8755472634,27.41059428619593,83.97188794619909,214.94739904443205,156.00539228999696
20,field_size_scaled,True,modifiers,none,evidence_decay,365.0,180.0,1.5,5,90.0,20.0,0.75,0.5,2.0,15.0,5.0,0,28430,2843700,2842872,0.16539805656718995,0.5012050113956384,0.7524253642091518,7438,16470298,16465002,0.15022854853577697,0.46007160079040876,0.7738568753286517,1543.9251881990665,1497.9984724972066,251.02502791333276,1190.6822788210698,2027.4778262578418,836.795547436772,490.29604712664195,24.63758878387489,-180976.71211045753,30.43671961062413,87.54167081828278,210.1612337586957,196.8154942560068
21,field_size_scaled,True,modifiers,none,evidence_decay,365.0,365.0,2.0,999999999,90.0,20.0,1.0,0.8,1.5,10.0,5.0,0,28430,2843700,2842872,0.1656993105251794,0.5020347323768908,0.7519202412208499,7438,16470298,16465002,0.1512347990556679,0.4628750390112457,0.7723819286508438,1534.730809791357,1493.7442861417562,241.7914522830757,1192.229475988197,1995.5189392845168,803.2894632963198,451.545794655927,23.650536714646705,-357208.3109406055,30.467614679488683,86.51965257876407,208.94104554382753,186.98695701900579
22,field_size_scaled,True,modifiers,none,evidence_decay,180.0,365.0,1.5,20,90.0,10.0,0.25,0.7,2.0,20.0,5.0,0,28430,2843700,2842872,0.16568238229365678,0.5021176874093465,0.7527352620870725,7438,16470298,16465002,0.1507195251554194,0.4615641443029502,0.7736647101530871,1546.1757204341582,1499.400067914183,247.45473220937436,1202.6942588447737,2026.7643668023195,824.0701079575458,497.49216850800735,26.01066410239605,-148944.9349019606,29.682302900377632,80.43872716063771,200.92396076388653,130.5830084479967
23,field_size_scaled,True,modifiers,none,evidence_decay,365.0,180.0,2.0,20,90.0,30.0,0.5,0.8,1.5,15.0,10.0,0,28430,2843700,2842872,0.16576372282065174,0.5023101092872341,0.7523152642820359,7438,16470298,16465002,0.1509979926650399,0.4623427325417605,0.7730527454536599,1539.6419647456094,1495.5062467205257,244.55075266258802,1193.881937871378,2010.0586797431827,816.1767418718046,478.77825621344823,23.53325458022789,-281533.76604535716,29.55215674524917,83.22193308149079,207.91140424022225,128.15013927601103
24,field_size_scaled,True,modifiers,none,evidence_decay,180.0,365.0,2.0,999999999,100.0,50.0,0.25,0.5,1.75,15.0,5.0,0,28430,2843700,2842872,0.16580157115166813,0.5025755790236757,0.7531162148700329,7438,16470298,16465002,0.1509240692317165,0.462367354502866,0.7737715428154822,1537.2493541862104,1495.399630665856,233.07081779561912,1210.589939452794,1983.9478305024386,773.3578910496446,444.91179429993144,25.039271285593486,-270009.64438298496,28.308589523655314,79.53951529360063,247.49579157728775,129.07973137000226
25,field_size_scaled,True,modifiers,inverse_sqrt,evidence_decay,365.0,180.0,2.0,999999999,100.0,10.0,1.0,0.5,1.25,20.0,5.0,0,28430,2843700,2842872,0.16584939985148947,0.5026155223390669,0.7528618945911036,7438,16470298,16465002,0.15175956123867237,0.4647208946482364,0.7725809568683927,1542.1562140884796,1498.3045933271878,230.47979533314927,1218.8168663203287,1991.6638454990152,772.8469791786865,445.7016368525276,25.09686398042129,-204733.45586552506,27.5514274451458,80.47526118414173,195.20309834827913,136.58596622500045
26,field_size_scaled,True,modifiers,inverse_sqrt,none,365.0,365.0,2.0,999999999,100.0,10.0,0.5,0.8,1.25,20.0,10.0,0,28430,2843700,2842872,0.16585847979143084,0.5026325073072752,0.7528675227023939,7438,16470298,16465002,0.1518103257913323,0.4648652351846456,0.7724964139087259,1541.629528460635,1498.255297235498,229.77849085614767,1219.2006238717308,1989.1361535726323,769.9355297009015,442.01405597635267,25.073559185098702,-205815.87143189018,27.722387366794305,80.6194426738397,191.2783164874205,104.37503749699681
27,field_size_scaled,True,modifiers,inverse_sqrt,evidence_decay,180.0,365.0,2.0,999999999,100.0,50.0,0.5,0.8,1.5,15.0,5.0,0,28430,2843700,2842872,0.16590189450013904,0.5029030999249531,0.7534349066718445,7438,16470298,16465002,0.15111054924464745,0.46318905688058853,0.7741114152309243,1538.456418877313,1497.4857388184662,221.90962271813115,1223.8442876724232,1970.269243440894,746.4249557684707,415.986514786287,25.676034364621273,-233929.01414720324,26.153455971810477,79.88302251420264,212.78093961110247,155.63200899399817
28,field_size_scaled,True,modifiers,none,none,365.0,730.0,2.0,10,100.0,20.0,0.75,0.8,1.25,15.0,10.0,0,28430,2843700,2842872,0.16607265405798197,0.5030122911042343,0.7514699923176281,7438,16470298,16465002,0.15169408774352025,0.4641106713047855,0.7717268421831956,1539.657636074665,1495.4809197087789,249.6405233981141,1187.4696113889277,2018.9203266732006,831.450715284273,492.91996758099526,23.59611849660655,-286978.96506948076,30.38841822567321,83.97591887134038,192.45449546336994,105.10368716200173
29,field_size_scaled,True,modifiers,inverse_sqrt,evidence_decay,365.0,730.0,1.5,999999999,90.0,10.0,0.5,0.8,1.75,15.0,5.0,0,28430,2843700,2842872,0.16699917811232626,0.5056656720146446,0.7516979308248841,7438,16470298,16465002,0.15266861056534728,0.46728241705964235,0.7716226211208477,1541.567280998068,1497.9813036985233,222.90172485661083,1229.6843171132737,1978.1015082781396,748.4171911648659,437.5494166317462,23.388685772281633,-149111.3172421632,26.183209791750834,75.71737044789381,180.45405198288486,179.8426565439877
30,field_size_scaled,True,modifiers,none,none,180.0,180.0,2.0,5,100.0,50.0,1.0,0.7,1.25,20.0,5.0,0,28430,2843700,2842872,0.16710164805441072,0.5058718544958486,0.7508698949513027,7438,16470298,16465002,0.15220159796019392,0.46571917546507063,0.7716810480800428,1538.9315141502138,1496.3302693147302,237.66170742961134,1203.508964237402,1996.5621971000978,793.0532328626957,473.6532475726535,23.261047229965584,-232636.20640376146,27.658362495608102,77.03761300202841,193.827337457708,143.43997215000854
31,field_size_scaled,True,modifiers,inverse_sqrt,none,180.0,180.0,1.5,999999999,100.0,30.0,0.5,0.7,1.75,20.0,10.0,0,28430,2843700,2842872,0.16707425885665542,0.5059245119259181,0.751904412157846,7438,16470298,16465002,0.15205164705655128,0.46569932220072946,0.7728477044825138,1541.3595239407555,1498.835974061738,217.5971660785217,1235.40074073826,1968.983119843011,733.582379104751,423.64525201900256,24.63348811876699,-123134.75414004258,25.02203700091012,75.662261673841,194.7147381696307,216.92717187399103
32,field_size_scaled,True,modifiers,none,none,180.0,180.0,2.0,999999999,90.0,20.0,1.0,0.7,1.25,20.0,5.0,0,28430,2843700,2842872,0.16746797889876017,0.5067575129131097,0.7500576881407253,7438,16470298,16465002,0.15301621935739534,0.46779171965518834,0.7702048259696537,1538.781737301288,1496.2797549307056,234.57696825272004,1208.6759179172152,1988.3863002092594,779.7103822920442,464.7773523671401,21.450570275865516,-234418.85720324676,28.053145236214874,76.54618408325967,173.1594372101653,105.86067707100301
33,field_size_scaled,True,modifiers,none,evidence_decay,180.0,180.0,2.0,20,75.0,30.0,0.75,0.5,1.75,10.0,10.0,0,28430,2843700,2842872,0.16756696673243685,0.5071364523613502,0.7505694945111845,7438,16470298,16465002,0.15244792278450645,0.46649907199742474,0.7715538084963488,1534.389945773695,1493.3697751623035,229.11873230864956,1210.7227854060964,1981.0006877213386,770.2779023152423,444.1987297636849,20.411699512521636,-305803.22866511054,26.37816830282373,78.26687400101963,197.19639647170288,130.05992160401365
34,field_size_scaled,True,modifiers,inverse_sqrt,evidence_decay,180.0,730.0,2.0,10,100.0,50.0,0.25,0.5,1.5,10.0,10.0,0,28430,2843700,2842872,0.16772865078259763,0.507809500980027,0.7517123528600654,7438,16470298,16465002,0.15316966155954162,0.46904707463205575,0.7718384121666064,1533.5770241438925,1494.815281883906,213.63193576122396,1227.9947905268577,1950.9786412306435,722.9838507037857,410.656689384253,23.520016289362047,-283077.7191528599,23.90093888226203,72.60694746537281,207.91594811349995,129.29372361699643
35,field_size_scaled,True,modifiers,none,evidence_decay,365.0,365.0,1.5,20,100.0,30.0,0.25,0.5,1.75,20.0,5.0,0,28430,2843700,2842872,0.16791466962192175,0.5081107965895736,0.7507073832377962,7438,16470298,16465002,0.15292409088395875,0.46782142911672403,0.7713395358227105,1541.7569385317292,1496.7275957877064,230.04171843013145,1221.2271083170235,1990.4193345179078,769.1922262008843,473.63668629184167,23.286313330609005,-143070.95100579222,26.17563956434214,70.33141270740921,193.76597944164655,127.22544456999458
36,field_size_scaled,True,modifiers,none,none,180.0,180.0,2.0,5,90.0,20.0,0.5,0.5,1.25,15.0,5.0,0,28430,2843700,2842872,0.16804616530607452,0.5083041788831998,0.7494227668357915,7438,16470298,16465002,0.1536376505437736,0.4695698035165058,0.7694783152774595,1536.0978865520563,1493.860474355792,235.56993820532685,1203.8436620134846,1988.0225797255878,784.1789177121032,471.58811467571763,21.027086927521623,-271938.4832560937,27.20212712149916,75.05719663077899,170.94841588746493,144.62153025300358
37,field_size_scaled,True,modifiers,none,none,365.0,365.0,2.0,5,60.0,20.0,0.5,0.8,2.0,20.0,5.0,0,28430,2843700,2842872,0.16817263082245704,0.5087471158941391,0.7499514575401214,7438,16470298,16465002,0.15315257253119643,0.4684245928402866,0.7707234411511156,1537.190750985355,1495.1621061095398,229.096416606699,1213.021505817272,1980.623778316905,767.6022724996328,460.898419817245,21.25950123081475,-224602.70835947606,25.847104167954438,72.855122789337,172.24516138158012,103.62152170699846
38,field_size_scaled,True,modifiers,inverse_sqrt,evidence_decay,365.0,730.0,1.5,20,100.0,10.0,0.5,0.8,1.5,10.0,10.0,0,28430,2843700,2842872,0.16818172025723607,0.5087852333878182,0.7503482393860856,7438,16470298,16465002,0.15406850147041642,0.47118303324539207,0.7699238056576003,1539.6091949257323,1496.6063941583086,221.2062285168149,1228.4388582770837,1974.425465805741,745.9866075286573,446.0397330905482,20.505228395545487,-178806.36910243612,25.206382368816723,72.1196138879015,170.51073437053395,190.4094538220088
39,field_size_scaled,True,modifiers,none,evidence_decay,180.0,180.0,1.5,10,90.0,10.0,0.5,0.5,1.5,20.0,5.0,0,28430,2843700,2842872,0.16834468174584866,0.509048294974416,0.7490657335258147,7438,16470298,16465002,0.15388358728659132,0.4701073287984724,0.7692118713377624,1543.6809400376126,1497.319925600834,240.54713362682955,1210.6230950759796,2013.357068014488,802.7339729385085,507.7015179857094,20.935509321162613,-136696.41377706168,27.59312222290466,72.49920330893922,160.51110822953274,129.07970589998877
40,field_size_scaled,True,modifiers,inverse_sqrt,none,180.0,180.0,2.0,5,100.0,50.0,0.75,0.5,1.25,20.0,10.0,0,28430,2843700,2842872,0.16832493836836293,0.5092573406269671,0.7504646709384032,7438,16470298,16465002,0.15339396354362972,0.46949647572616526,0.7712119318297076,1537.5142156098698,1497.251375018456,215.2416690511426,1229.844524602931,1959.5290078382789,729.6844832353479,428.641574408776,23.20849372390103,-188152.2332938257,23.446056377032416,72.1661140383765,191.40352406271032,105.93506712200178
41,field_size_scaled,True,modifiers,inverse_sqrt,none,180.0,365.0,2.0,999999999,60.0,20.0,1.0,0.8,2.0,15.0,5.0,0,28430,2843700,2842872,0.16837424803726023,0.5093771987260259,0.7502669835293323,7438,16470298,16465002,0.1538039631485846,0.470586252151219,0.7704489194717377,1535.3844522030597,1496.6693815763595,210.24054432590157,1237.2251089217991,1946.0450497538416,708.8199408320424,402.6948647801282,21.953509019932312,-227199.89722138576,23.680593840816176,71.96752400269784,181.42327351611206,106.8543321120087
42,field_size_scaled,True,modifiers,none,evidence_decay,365.0,365.0,2.0,5,75.0,10.0,1.0,0.5,1.5,10.0,10.0,0,28430,2843700,2842872,0.1684763753719089,0.5093938965246476,0.7487920666143252,7438,16470298,16465002,0.154326357031091,0.4714271589018873,0.7684630709428398,1532.3048706199388,1491.5056604032702,233.63496361279857,1202.3953041636091,1981.4110983134456,779.0157941498364,463.1978521085348,20.344470772925206,-325623.5312240286,27.207549508996628,75.64943492282825,173.34168355506745,129.96793503899244
43,field_size_scaled,True,modifiers,inverse_sqrt,none,365.0,730.0,1.5,10,75.0,20.0,1.0,0.8,2.0,20.0,10.0,0,28430,2843700,2842872,0.1685034858730996,0.5096522318608344,0.7501192456079626,7438,16470298,16465002,0.15378432449830481,0.4704357893509994,0.7705081359844353,1541.689136702854,1497.85869959645,218.89825966695167,1233.7744812699696,1974.678750013307,740.9042687433375,446.4383014740438,22.01994433326979,-119489.64172670049,23.988808377719657,71.11919968434708,172.29961785520825,115.3590917900001
44,field_size_scaled,True,modifiers,none,evidence_decay,365.0,180.0,2.0,10,90.0,50.0,0.5,0.5,1.5,10.0,10.0,0,28430,2843700,2842872,0.1685892259116363,0.5098848408760973,0.7497516595893167,7438,16470298,16465002,0.15349261412513746,0.4695049521348182,0.7706351326285901,1531.1412519398807,1491.8780038876307,220.59238923520738,1217.6102514824586,1958.6500299523623,741.0397784699037,426.2450108692585,21.553826595464557,-315481.73861818516,24.99264214978421,72.97554701094523,187.31910200617446,148.23162113099534
45,field_size_scaled,True,modifiers,inverse_sqrt,evidence_decay,180.0,365.0,1.5,5,100.0,50.0,1.0,0.8,1.75,10.0,10.0,0,28430,2843700,2842872,0.16888438804727532,0.5106896679235158,0.7501305018305432,7438,16470298,16465002,0.15376554472144507,0.47053057048687286,0.7710799549249979,1536.2543885249074,1496.1743984992531,211.9880815393858,1233.5976426693721,1953.4769238316921,719.87928116232,424.26567733912725,20.94940154576102,-167427.08386366034,23.256388845428905,71.14353286022636,184.00925629270975,127.41852235401166
46,field_size_scaled,True,modifiers,inverse_sqrt,evidence_decay,365.0,365.0,1.0,999999999,100.0,10.0,0.75,0.7,2.0,10.0,10.0,0,28430,2843700,2842872,0.16895859655049206,0.5106930211116694,0.7494793997056498,7438,16470298,16465002,0.15444046518036805,0.4720305508280858,0.7695909177539122,1543.4749036599394,1498.6392292393614,215.43250483811764,1246.5653510877546,1972.702789151193,726.1374380634384,449.2710699877259,20.458025239265567,-475.1391210371931,24.940675749533035,69.69218081499554,178.98311300900608,127.70868545300618
47,field_size_scaled,True,modifiers,inverse_sqrt,evidence_decay,180.0,365.0,2.0,10,75.0,30.0,1.0,0.7,1.5,20.0,10.0,0,28430,2843700,2842872,0.16907270973262967,0.5112458959087539,0.7496915091499019,7438,16470298,16465002,0.15443508266202624,0.4723343525868596,0.7698709663078085,1538.1922690796832,1497.0404477477464,213.66639968043634,1235.1270882352164,1959.9556292687716,724.8285410335552,435.0030874888016,20.267083195938653,-177220.6859764174,23.00187784639137,68.69229268552003,169.88789614346788,128.20512946399685
48,field_size_scaled,True,modifiers,none,none,180.0,730.0,1.5,5,100.0,50.0,0.5,0.8,1.75,10.0,10.0,0,28430,2843700,2842872,0.16913322701861463,0.5112656441285277,0.7492637726918412,7438,16470298,16465002,0.1540122005753142,0.47087520665085913,0.7701554485082965,1534.6642449116484,1493.867391688906,220.8440328936087,1223.4179984107082,1963.6639547474936,740.2459563367854,443.28814706831963,21.909158043549382,-195195.99800550405,25.083683878272677,68.92943965951854,181.78584463381188,106.82515506399795
49,field_size_scaled,True,modifiers,inverse_sqrt,none,180.0,730.0,2.0,999999999,90.0,10.0,1.0,0.5,1.25,10.0,5.0,0,28430,2843700,2842872,0.16911531684410386,0.5113170382819118,0.7493246266451673,7438,16470298,16465002,0.15527783139480947,0.47459597002896003,0.7683963840393095,1531.9054497868694,1494.6009670612448,208.2775941079508,1238.3022967064499,1939.3100299737641,701.0077332673143,402.72209751156265,19.869343652208954,-284353.2368106951,23.786882136113636,69.77848101265822,169.06733056755078,105.12359055300476
50,field_size_scaled,True,modifiers,inverse_sqrt,none,365.0,180.0,1.5,999999999,90.0,10.0,0.75,0.8,1.5,20.0,10.0,0,28430,2843700,2842872,0.16918135164259754,0.5114341609133697,0.7493685962646225,7438,16470298,16465002,0.15509637336792495,0.4739649224058082,0.7687785279345851,1540.0009220119614,1497.622022787581,212.28276160233443,1243.6900735153608,1958.3167923533176,714.6267188379568,435.25435468031105,19.508621637343367,-118288.20782483272,23.921649947068662,67.30965392596525,154.91698677626925,103.53488324600039
51,field_size_scaled,True,modifiers,inverse_sqrt,evidence_decay,365.0,730.0,2.0,20,75.0,10.0,0.75,0.7,1.5,10.0,10.0,0,28430,2843700,2842872,0.16916133272017028,0.5114486110202093,0.7493872393832716,7438,16470298,16465002,0.15528347810066595,0.47463373967472955,0.7684605808125623,1533.6826877736758,1494.6273496457184,212.977571405557,1231.0190241589914,1951.4918585251144,720.4728343661229,422.3301899074961,19.95837924313355,-281283.2797244562,23.71164288221319,69.53871769310008,169.8592050859205,182.6278856190038
52,field_size_scaled,True,modifiers,none,none,180.0,180.0,2.0,20,75.0,30.0,1.0,0.5,1.5,15.0,10.0,0,28430,2843700,2842872,0.16926702450397274,0.5115700731466911,0.7484498070964856,7438,16470298,16465002,0.1543402424105789,0.4716433059749611,0.769042724683544,1534.8405978019366,1494.1192108958876,222.0267399805775,1222.9288079030996,1967.74053850331,744.8117306002105,444.3437482535903,19.56833710361309,-254343.57373633992,24.76324191770178,71.64053454340608,170.42291923675788,105.95974709300208
53,field_size_scaled,True,modifiers,inverse_sqrt,none,180.0,180.0,2.0,999999999,60.0,10.0,0.75,0.8,1.75,20.0,5.0,0,28430,2843700,2842872,0.1693140225120346,0.51184747412373,0.7493306065134132,7438,16470298,16465002,0.15523586879117704,0.4744553456667417,0.7686552361184044,1537.0474461507756,1496.7611895016435,209.2520731758361,1243.0351948502796,1948.775272817404,705.7400779671243,420.4530936537644,20.032175142567894,-186374.83981252857,23.23347967269476,67.14396713894125,158.4746879095735,142.63140237399784
54,field_size_scaled,True,modifiers,inverse_sqrt,evidence_decay,180.0,180.0,2.0,10,75.0,30.0,1.0,0.7,1.5,15.0,5.0,0,28430,2843700,2842872,0.16942799212496043,0.5122113106101148,0.7493422144929494,7438,16470298,16465002,0.15482108067121025,0.4734514792243357,0.769444728886155,1536.0227972642203,1496.3322640826527,210.9647857197007,1236.1001135150318,1951.7536344643347,715.6535209493029,427.31800541287294,19.389525623082477,-205030.37119957464,22.63274440340554,67.84827857439979,168.87212746489726,190.35092181699292
55,field_size_scaled,True,modifiers,inverse_sqrt,none,180.0,365.0,2.0,999999999,90.0,20.0,0.5,0.7,1.25,10.0,5.0,0,28430,2843700,2842872,0.16949615362385517,0.5123564827069292,0.7490688993384155,7438,16470298,16465002,0.15548024857447995,0.4752195589407547,0.7683171250146219,1531.304166811968,1494.6374929249432,204.84973721320523,1241.9347079212264,1933.3737646617224,691.439056740496,396.4533814251331,19.078560092427665,-279423.83462699666,23.138166922231495,68.15020431730986,168.67464008807056,106.90763758699177
56,field_size_scaled,True,modifiers,none,none,180.0,180.0,1.0,10,90.0,10.0,1.0,0.7,2.0,20.0,5.0,0,28430,2843700,2842872,0.16975151531311433,0.5126466256297705,0.7474655911345991,7438,16470298,16465002,0.1550538000801874,0.47320814316243676,0.7678627066064128,1547.1032132336886,1498.6347987914132,236.13368091048326,1222.2592969041038,2011.0442178981689,788.784920994065,517.3866769298036,19.502153826003905,-5222.308231839467,26.65903275999574,68.10360619988323,161.6402297240563,106.49793718999717
57,field_size_scaled,True,modifiers,none,none,365.0,730.0,1.5,10,100.0,50.0,0.5,0.8,1.5,15.0,5.0,0,28430,2843700,2842872,0.16983785946331392,0.5131284626895855,0.7484012646366069,7438,16470298,16465002,0.1548410490724708,0.47310478884071744,0.7689836903755007,1537.2702479620573,1495.1408108213072,220.82175846629184,1228.049373905655,1966.84512295782,738.7957490521649,456.9738868243037,20.523684259228844,-161275.07258806686,24.530669796872214,65.94139103513946,160.31470744383682,138.28205550499843
58,field_size_scaled,True,modifiers,none,none,365.0,730.0,1.0,5,100.0,20.0,0.5,0.5,2.0,15.0,10.0,0,28430,2843700,2842872,0.16995743529788818,0.5132809066975598,0.7478599106818739,7438,16470298,16465002,0.15458994761574624,0.4721629802607007,0.769084449549414,1543.527946150842,1497.7735451580697,226.3509007765017,1231.5258339907302,1985.0373336626365,753.5114996719062,482.7594578983708,19.742669340816747,-5606.219274621135,25.1037182523882,67.09951556332854,178.52008798622657,158.30584430199815
59,field_size_scaled,True,modifiers,inverse_sqrt,evidence_decay,365.0,180.0,1.5,10,100.0,50.0,1.0,0.5,1.75,10.0,10.0,0,28430,2843700,2842872,0.1700120824491551,0.5135360884034122,0.7487491522657369,7438,16470298,16465002,0.15444653296369343,0.47237016559644246,0.7702980540178495,1534.9750833532144,1496.5712532147222,204.94904933568768,1241.5101321273478,1941.3845636087115,699.8744314813637,407.8352136880935,20.697867983282777,-166126.3263142555,21.909082347614902,70.8668524892024,183.1585405471264,127.28983610699652
60,field_size_scaled,True,modifiers,none,none,180.0,730.0,1.5,5,90.0,30.0,0.75,0.5,1.5,20.0,5.0,0,28430,2843700,2842872,0.17012249336756996,0.5137832137397156,0.7476446354250209,7438,16470298,16465002,0.1550533033812202,0.47353247307608115,0.7683529585966646,1538.6293777418762,1496.260762955706,222.49639892458003,1227.8636849587833,1970.685259961748,742.8215750029647,463.41042090289307,18.62041288294722,-136052.50126429487,24.269816192459253,67.12915498728283,156.39317788079242,134.69320934600546
61,field_size_scaled,True,modifiers,none,evidence_decay,180.0,180.0,1.5,999999999,100.0,50.0,0.5,0.8,1.5,10.0,5.0,0,28430,2843700,2842872,0.17007422319052273,0.5137862684407277,0.7482049842553586,7438,16470298,16465002,0.15510664046384193,0.47386691866161956,0.7687358920454428,1533.9798865026414,1494.5300398611828,212.75062743320095,1236.5534559308187,1947.7883071377748,711.2348512069561,431.36238872387435,19.94419696129762,-180947.61466711885,24.258329778629772,65.32556808341747,157.2591366090077,245.443243332993
62,field_size_scaled,True,modifiers,inverse_sqrt,evidence_decay,180.0,180.0,1.5,10,100.0,50.0,0.5,0.8,1.5,20.0,5.0,0,28430,2843700,2842872,0.17013291586990403,0.5140563318014015,0.749080155560996,7438,16470298,16465002,0.15530084718533727,0.47476728002970736,0.7693650447172736,1539.361865309445,1497.511420464343,207.9618828751418,1246.7541640350044,1952.0023573340588,705.2481932990545,433.58186957760495,19.367035664567197,-105738.52089967519,21.905799574455948,63.97315369766114,166.43073919449,162.64848694200919
63,field_size_scaled,True,modifiers,none,none,365.0,180.0,2.0,10,50.0,10.0,0.75,0.7,2.0,15.0,5.0,0,28430,2843700,2842872,0.17022536525104534,0.5140704663138072,0.7472077532861134,7438,16470298,16465002,0.1558795024928174,0.47579809669546236,0.7668770401606997,1533.9445907673567,1493.077230950183,222.26452049263943,1221.343157759993,1965.988597044923,744.64543928493,457.71911719923537,18.01198355683698,-254605.08610885756,24.558238998483247,67.52276409727955,150.90807041180747,107.53084451099858
64,field_size_scaled,True,modifiers,inverse_sqrt,evidence_decay,180.0,730.0,2.0,5,50.0,10.0,0.75,0.7,2.0,20.0,10.0,0,28430,2843700,2842872,0.17041062197351495,0.5147435677921911,0.7482032254705805,7438,16470298,16465002,0.1562628881566476,0.47732074594982943,0.7675672313917726,1536.2858470282656,1496.12536924614,209.0665373597414,1240.3630147887718,1948.2067090745522,707.8436942857804,434.9798520584086,18.244957253655002,-175918.2040227859,22.067538447832842,63.97980580352154,150.62715284317088,134.86656518600648
65,field_size_scaled,True,modifiers,none,evidence_decay,180.0,365.0,1.5,5,100.0,30.0,0.5,0.5,1.25,20.0,10.0,0,28430,2843700,2842872,0.17065086425596132,0.5151935973728664,0.7470199150718007,7438,16470298,16465002,0.1559263548572398,0.47589350440633993,0.7672095636550789,1538.652949908412,1495.566671444125,222.43860348415032,1228.5007326886077,1973.0798812071248,744.5791485185171,475.6914686212915,18.007245869580174,-128891.11278912635,24.14512480317619,64.1874627501364,144.88022692659484,139.90784504399926
66,field_size_scaled,True,modifiers,inverse_sqrt,evidence_decay,180.0,180.0,1.5,999999999,75.0,30.0,0.75,0.8,2.0,10.0,5.0,0,28430,2843700,2842872,0.170698336993398,0.5155035986385408,0.7483161394533415,7438,16470298,16465002,0.15567977738951688,0.47583815464805423,0.7688978719832528,1533.9041870944861,1496.6807075046136,197.57485640587885,1254.0390852655828,1925.6461170985187,671.607031832936,399.51779337023186,17.901587585174525,-153103.4163717851,21.33429333779501,64.67507715665425,158.2567169083973,171.05558961500356
67,field_size_scaled,True,modifiers,inverse_sqrt,evidence_decay,365.0,730.0,1.5,20,75.0,10.0,1.0,0.7,1.75,10.0,10.0,0,28430,2843700,2842872,0.17076420848330245,0.5156005202225251,0.7477227254691734,7438,16470298,16465002,0.15673871118565355,0.47857871316007644,0.7669464601340468,1536.2863751263405,1495.7343626789398,207.09985212267347,1244.0094204052875,1947.4496646567688,703.4402442514813,433.0609471270516,17.622687993590716,-165002.51704260896,22.374069211953522,63.72386090675061,147.54581392408187,126.29959152800438
68,field_size_scaled,True,modifiers,none,none,365.0,180.0,2.0,10,60.0,30.0,0.75,0.5,1.75,20.0,5.0,0,28430,2843700,2842872,0.1708423265652335,0.5157430604543044,0.7470906182198847,7438,16470298,16465002,0.1556952740849033,0.47546644000224664,0.7678067697774953,1534.294840789385,1494.3864963020128,213.14804831071615,1234.092594034329,1950.9976882382223,716.9050942038932,437.5327692673677,18.323485185880827,-206560.1190169555,22.716962959590305,65.39660191537483,160.937918656175,104.60438511500251
69,field_size_scaled,True,modifiers,inverse_sqrt,none,180.0,180.0,1.5,999999999,90.0,20.0,0.5,0.7,1.5,10.0,10.0,0,28430,2843700,2842872,0.1709349574838501,0.5160822886567634,0.747662223272803,7438,16470298,16465002,0.15659584278027028,0.4782473735971572,0.767299997898573,1533.40045872171,1495.8524301796444,198.19178912178037,1255.6571807788132,1927.487501638304,671.8303208594907,400.302873147486,17.1720849994108,-163017.42198132823,21.80935956748383,62.939697962408445,150.5424124754826,104.82723769098811
70,field_size_scaled,True,modifiers,inverse_sqrt,evidence_decay,180.0,730.0,2.0,20,90.0,50.0,0.75,0.7,1.25,10.0,5.0,0,28430,2843700,2842872,0.17097355422643135,0.5163269733237117,0.7479541815459859,7438,16470298,16465002,0.15651306979417987,0.47823586335991447,0.767645943802497,1530.8487074243778,1494.4118571016058,199.11544697223124,1246.7106682444992,1922.4758637492346,675.7651955047354,399.96899426381356,17.552375100825657,-259087.08711677595,21.12323362631851,63.28132608137396,165.582650793018,128.54563831799896
71,field_size_scaled,True,modifiers,none,evidence_decay,180.0,365.0,2.0,999999999,60.0,10.0,1.0,0.5,1.5,20.0,10.0,0,28430,2843700,2842872,0.17109601884047293,0.5163479756197289,0.7463888630933788,7438,16470298,16465002,0.15691386965551504,0.4785459293288977,0.7657064359907153,1534.2973742126308,1494.615993048193,214.4218372839435,1235.086724365906,1952.141819227849,717.055094861943,446.5756355271408,17.313384745503413,-199911.10001501485,23.913267417875502,63.71663199641754,138.79942723151643,128.30837334498938
72,field_size_scaled,True,modifiers,inverse_sqrt,none,365.0,180.0,1.0,10,90.0,10.0,0.5,0.5,2.0,15.0,5.0,0,28430,2843700,2842872,0.17114067355154186,0.5164781967182389,0.7473561947213945,7438,16470298,16465002,0.1565898900693463,0.478029066075894,0.7673666848021032,1542.972923291805,1498.0976311647348,210.18476898644184,1251.169218669492,1962.4854769686858,711.3162582991938,457.9718502232404,17.64544645510273,-441.718464872727,22.285588774559223,62.000264616739955,160.28764395001707,105.40455691301031
73,field_size_scaled,True,modifiers,none,evidence_decay,365.0,365.0,1.0,10,100.0,10.0,0.25,0.7,1.75,20.0,5.0,0,28430,2843700,2842872,0.17128644235356447,0.5167855953401007,0.7464444406923703,7438,16470298,16465002,0.1564099974144225,0.47712207704909926,0.7668248081597561,1543.9416931383678,1498.0983241393978,223.2989183967854,1235.696499447239,1983.9973805667641,748.3008811195252,498.2463311278377,18.697142381407616,-5186.484374803218,24.24702315072171,60.731139741824734,155.8844984525392,169.4033504609979
74,field_size_scaled,True,modifiers,inverse_sqrt,none,365.0,365.0,1.0,10,90.0,10.0,0.5,0.7,2.0,10.0,10.0,0,28430,2843700,2842872,0.17130656289114152,0.5168855304897213,0.7471184070193804,7438,16470298,16465002,0.15675868574655394,0.47849124413416083,0.7671663204170883,1541.8908025468552,1497.7049520727635,208.87896687615228,1250.999652899142,1958.469504000158,707.469851101016,454.74533571890265,17.52938193568616,-443.5802804442659,22.352347249378774,62.06358741335682,160.25530033621,105.92075532200397
75,field_size_scaled,True,modifiers,inverse_sqrt,none,180.0,365.0,2.0,20,75.0,10.0,0.5,0.7,1.25,20.0,10.0,0,28430,2843700,2842872,0.17123750022190007,0.5169013034147767,0.7473825764930676,7438,16470298,16465002,0.15743037682497044,0.48049665594174507,0.7661452455335263,1536.38002886185,1495.9452649326686,205.43494779278583,1246.4115220116983,1942.1917468248469,695.7802248131486,433.51407609762464,17.246799320679543,-177781.849514581,21.694362677343733,61.35517717402348,140.61061972740887,149.63939275599841
76,field_size_scaled,True,modifiers,inverse_sqrt,none,365.0,180.0,1.0,5,100.0,10.0,0.75,0.5,1.75,10.0,5.0,0,28430,2843700,2842872,0.17140615012692104,0.5171133103871384,0.7469354934024466,7438,16470298,16465002,0.1570664679862702,0.47928946554955376,0.7666758862221821,1541.5419946620807,1497.3095470411863,210.20500516511547,1247.4964685123894,1959.3948438514815,711.8983753390921,461.6581381443582,17.178122192698083,-290.16603988358145,22.563927055980766,61.93277754555929,155.67979779040488,110.18292901699897
77,field_size_scaled,True,modifiers,none,evidence_decay,180.0,365.0,1.5,20,100.0,30.0,0.75,0.7,1.25,10.0,5.0,0,28430,2843700,2842872,0.17140904837689133,0.5171855748510357,0.7462172056990255,7438,16470298,16465002,0.1568400189327773,0.47846473012644936,0.7661278753564682,1535.0574296481338,1493.5710129375043,216.10130253292516,1233.2198085074272,1957.527708330792,724.3078998233648,457.7906382833007,17.27355841020642,-181175.64122928013,23.735840400943115,62.92922916250191,141.51324634739277,130.12940761899517
78,field_size_scaled,True,modifiers,inverse_sqrt,none,365.0,180.0,1.5,20,100.0,20.0,0.25,0.8,1.25,15.0,5.0,0,28430,2843700,2842872,0.1714164935038634,0.5173523875806908,0.7472123261265369,7438,16470298,16465002,0.15730823559008195,0.48017853268364846,0.7664886405722878,1537.2818673718382,1496.3627722919152,204.3090962172276,1250.40535401743,1942.880182248674,692.4748282312439,433.26154381590936,17.056800478683726,-132382.97823337655,21.6096186935649,60.64029514434692,141.1714618763573,106.76517242199043
79,field_size_scaled,True,modifiers,none,none,365.0,730.0,1.5,5,90.0,50.0,0.75,0.8,1.5,15.0,5.0,0,28430,2843700,2842872,0.17158035123524012,0.5176847058704679,0.7464718777349103,7438,16470298,16465002,0.1565902660040616,0.47793201589935724,0.7669813826928171,1534.7516851282687,1494.4710516522778,212.1100846111573,1237.1797766927748,1946.7464382608332,709.5666615680584,447.4239148228919,18.374781945353106,-152948.52779123368,22.79223251865015,61.10948214364915,142.65498408174068,103.3889922889939
80,field_size_scaled,True,modifiers,none,evidence_decay,365.0,730.0,1.5,999999999,90.0,10.0,1.0,0.8,1.25,20.0,5.0,0,28430,2843700,2842872,0.1716754470538843,0.5177758366209664,0.745686052696006,7438,16470298,16465002,0.15750698704073587,0.4800693069504269,0.7649893392056679,1537.41143244154,1496.4030642012149,216.5840208609435,1237.6397547717538,1957.29446330506,719.6547085333061,461.4178612852702,16.567821278955535,-134127.89627105714,24.217655855547022,61.91632621066895,130.63277885271944,183.62550968000141
81,field_size_scaled,True,modifiers,inverse_sqrt,none,180.0,180.0,1.0,20,90.0,20.0,1.0,0.5,2.0,20.0,10.0,0,28430,2843700,2842872,0.17177277868923643,0.5181029914946057,0.7467504692437789,7438,16470298,16465002,0.15689379194888936,0.47886328384173,0.7671159104626892,1542.7321635506491,1498.415989074813,205.51484256890956,1259.3214981188717,1955.971868491755,696.6503703728833,447.85418091266797,16.32400056145366,-561.5273009712467,21.217468166162675,61.347287217079106,160.24986154849145,104.68960151499778
82,field_size_scaled,True,modifiers,inverse_sqrt,evidence_decay,365.0,365.0,2.0,20,60.0,10.0,0.25,0.8,1.75,10.0,10.0,0,28430,2843700,2842872,0.1718537263516081,0.5186255815313465,0.7470375029195827,7438,16470298,16465002,0.15769656811138788,0.4814597767954436,0.7662087134881611,1530.0493721953617,1493.9615254523233,195.5306610972233,1251.2282889085388,1915.7503181287768,664.522029220238,397.6970159315583,16.62767820063516,-256289.6306102674,20.513093506324427,60.24359989059296,142.44711077558208,129.01230160299747
83,field_size_scaled,True,modifiers,none,none,180.0,365.0,1.0,20,90.0,10.0,0.75,0.8,1.75,15.0,10.0,0,28430,2843700,2842872,0.17219666778712406,0.5190503860580956,0.7451214827822006,7438,16470298,16465002,0.15768070553978109,0.4804462559811684,0.7649769492891649,1543.0781990959615,1496.8647913641696,221.27563105913077,1237.2919784890971,1980.2893009742313,742.9973224851342,498.6139121270169,17.038868168743875,-5039.7107628207705,24.09993595392807,60.009870685105355,140.70488123983608,123.707739245001
84,field_size_scaled,True,modifiers,none,evidence_decay,365.0,365.0,2.0,999999999,60.0,20.0,0.25,0.7,2.0,10.0,5.0,0,28430,2843700,2842872,0.1721627356504769,0.5193782830267314,0.746386752551645,7438,16470298,16465002,0.15752569940775848,0.48073396486519226,0.7660933779418916,1526.2689556460978,1491.1596862647834,195.72027456026836,1250.6177888313632,1907.657014015947,657.0392251845838,394.6393511172548,18.281813247764376,-285386.9707069473,21.42434619441843,59.10378993303986,162.53158879876773,129.79537898200215
85,field_size_scaled,True,modifiers,none,none,365.0,180.0,1.5,999999999,75.0,20.0,0.25,0.7,2.0,10.0,10.0,0,28430,2843700,2842872,0.17227752331123725,0.5195838661161044,0.7461749948643485,7438,16470298,16465002,0.15747710862351105,0.4804680304959825,0.7662073165858103,1530.0597925325426,1493.1145331866846,197.50278297279263,1254.5395894380604,1918.014989140796,663.4753997027356,410.86913180363445,17.93078962314155,-175246.28718100535,21.72976442010646,57.781590890028305,152.41499072671448,104.35633019500528
86,field_size_scaled,True,modifiers,none,none,180.0,730.0,1.5,10,75.0,30.0,0.75,0.5,1.75,10.0,5.0,0,28430,2843700,2842872,0.17236867443876952,0.5196763096903653,0.7453895215823998,7438,16470298,16465002,0.15720731989022083,0.4796025027190779,0.7661101407701013,1532.25468970014,1493.454569297656,206.03258603009422,1243.068006125166,1936.466330894367,693.398324769201,428.7047283566683,16.934106514141376,-177116.64172027013,21.829111636300826,61.64053053534342,148.87605628173333,174.23729558099876
87,field_size_scaled,True,modifiers,none,evidence_decay,180.0,365.0,1.5,999999999,75.0,50.0,1.0,0.5,2.0,15.0,10.0,0,28430,2843700,2842872,0.17248255076533706,0.519907211281811,0.7457827858588075,7438,16470298,16465002,0.1566035842922627,0.47795840634263925,0.7674317925986283,1532.1693324640503,1495.3039428376553,196.70947675254087,1258.0374907281923,1921.038178495495,663.0006877673027,398.0361017789055,17.977062918235788,-139540.36755536174,20.86906484196752,63.32798924629088,160.80315524592908,143.90439167799195
88,field_size_scaled,True,modifiers,none,evidence_decay,365.0,180.0,1.5,5,90.0,20.0,1.0,0.7,1.25,15.0,10.0,0,28430,2843700,2842872,0.17253627747506772,0.520080622338653,0.7448872126497429,7438,16470298,16465002,0.15819236527195246,0.48208328506383974,0.7643842982831098,1534.9670733786443,1494.2544992146868,214.1325751690827,1236.2225125600364,1954.2476287773634,718.025116217327,464.19790997499786,16.64781364814621,-148975.02705682555,22.9050121556447,59.484603068635856,129.5754632096031,129.45615315600298
89,field_size_scaled,True,modifiers,none,evidence_decay,180.0,365.0,1.5,999999999,75.0,10.0,1.0,0.8,1.5,10.0,5.0,0,28430,2843700,2842872,0.17261601413475616,0.5202685362559458,0.7447401782422846,7438,16470298,16465002,0.15847512522673185,0.4828190527752032,0.7639176114281675,1532.4304635499507,1493.079810822933,207.93959894789003,1243.1305126317861,1937.6995035771224,694.5689909453363,439.65207514080885,15.993267573344838,-175933.14377709496,23.160196950531528,59.96896504658224,128.24690672773363,170.10832990400377
90,field_size_scaled,True,modifiers,none,none,365.0,730.0,2.0,5,50.0,10.0,0.25,0.5,2.0,15.0,10.0,0,28430,2843700,2842872,0.17256043359199413,0.5203455110666112,0.7456994194603204,7438,16470298,16465002,0.15798672145730994,0.4818804702604892,0.7653239276861309,1529.6876405928926,1492.0723763115393,203.66226228674594,1242.7545450265018,1928.4080870613507,685.6535420348489,428.33823107915214,18.078113238104947,-232201.68541556757,21.418102004972262,57.914644664576414,133.99805966367697,105.41161160900083
91,field_size_scaled,True,modifiers,none,evidence_decay,180.0,180.0,2.0,10,50.0,20.0,1.0,0.5,1.75,20.0,10.0,0,28430,2843700,2842872,0.1727222311752304,0.5206509514227172,0.7450156039385523,7438,16470298,16465002,0.1580241899318817,0.4817606673647397,0.7648898554643359,1533.7869665360793,1493.8559669828246,208.58835607581713,1242.6238328952334,1943.5093488987472,700.8855160035139,446.1066613099688,16.95027443371646,-182726.17831278485,21.52797938977506,59.63943018212815,133.75354952531777,185.320972357993
92,field_size_scaled,True,modifiers,none,none,365.0,730.0,1.5,10,100.0,50.0,0.25,0.7,1.25,10.0,5.0,0,28430,2843700,2842872,0.1727509242661511,0.5207411442464772,0.7451812814646597,7438,16470298,16465002,0.15815732702235338,0.4822143621614031,0.7649828405729924,1532.159728566744,1492.6145191744868,206.8696970401703,1242.352941447215,1936.233610032317,693.8806685851021,441.7554406579202,17.823321906221622,-178841.03615185354,22.14958101111851,57.94639134777198,126.1678023204406,136.414605553
93,field_size_scaled,True,modifiers,inverse_sqrt,none,180.0,365.0,2.0,10,50.0,20.0,1.0,0.8,2.0,10.0,10.0,0,28430,2843700,2842872,0.17285366527258533,0.5211465103471988,0.7456867562099173,7438,16470298,16465002,0.15854570545505825,0.4837458469461243,0.7651325520640689,1528.5966469306588,1494.5966828100875,191.8060854935162,1253.9572312097762,1907.842246724982,653.8850155152059,390.6516196109869,15.93803482741771,-250272.39744214184,19.714314098904378,59.32014417766012,146.53447413503704,133.23118574000546
94,field_size_scaled,True,modifiers,inverse_sqrt,evidence_decay,365.0,730.0,2.0,20,75.0,50.0,1.0,0.5,1.5,10.0,5.0,0,28430,2843700,2842872,0.17297817441649993,0.5214446115501048,0.745881629563343,7438,16470298,16465002,0.1579411646917759,0.4821619732472455,0.7663062537131791,1528.1349027048877,1494.8805499216437,187.44663076912488,1257.360763051377,1900.4365628612607,643.0757998098836,378.6901650942941,16.603709991057144,-246978.16469865615,19.013031484226786,60.5724905705017,151.50058871211388,128.65979446399433
95,field_size_scaled,True,modifiers,none,evidence_decay,365.0,365.0,1.0,5,100.0,20.0,0.25,0.8,1.75,20.0,10.0,0,28430,2843700,2842872,0.17306371348642757,0.5214736579583469,0.7451341460326036,7438,16470298,16465002,0.1581149376192209,0.48192332830295476,0.7653443346074298,1540.17508733104,1496.7542425661504,210.43069900379422,1249.9589802058758,1955.1970115430997,705.2380313372239,471.44173807993,18.059423869122725,-4821.189793086791,21.96046944617136,54.854901744506904,146.3093540795229,129.7558594639995
96,field_size_scaled,True,modifiers,none,none,365.0,365.0,1.5,5,75.0,50.0,1.0,0.8,1.75,15.0,10.0,0,28430,2843700,2842872,0.17312323897011167,0.5216897818695141,0.7450500761202052,7438,16470298,16465002,0.1579566632595115,0.4817230867924287,0.7656549935432744,1532.5140269942356,1493.9409720546241,202.17415430485084,1248.179763677829,1928.5269943377289,680.3472306598999,430.57660062568584,17.068918942479286,-143937.37384425782,21.033611477874967,57.81518086790127,138.33884421323992,103.77116480299446
97,field_size_scaled,True,modifiers,none,evidence_decay,180.0,365.0,1.5,999999999,75.0,20.0,0.25,0.5,1.5,20.0,5.0,0,28430,2843700,2842872,0.17323986493520033,0.5220208666491984,0.7448798257536745,7438,16470298,16465002,0.1586216802817295,0.4833962269771531,0.7645567246211085,1534.6653274410955,1495.2327293893263,201.9421347977577,1253.8502297929465,1928.5435316739315,674.693301880985,436.38874161643844,16.263352071253735,-120815.05769357481,21.388046289962638,55.139086371260824,120.56402738211592,126.93649280100362
98,field_size_scaled,True,modifiers,none,evidence_decay,365.0,730.0,1.0,20,100.0,20.0,0.25,0.7,1.75,10.0,5.0,0,28430,2843700,2842872,0.1733247214111026,0.5221175821241124,0.7447932935425865,7438,16470298,16465002,0.1583483261710694,0.482575328811796,0.7651237455057703,1538.987110725211,1495.913979545854,206.89861807677167,1254.5380653773261,1947.7539262717514,693.2158608944253,460.73613832973047,17.118425964995936,-4886.816498992846,21.91387054278172,54.862847933216734,146.55921373977176,130.17480340799375
99,field_size_scaled,True,modifiers,none,none,365.0,365.0,1.5,5,60.0,20.0,0.75,0.7,2.0,10.0,5.0,0,28430,2843700,2842872,0.17331215027444513,0.5221239802343209,0.7442135980796885,7438,16470298,16465002,0.15844760364913296,0.48294765379886895,0.7644781944150386,1531.136737333849,1492.905099452932,203.7454782941823,1245.5045872514982,1930.0371315813861,684.532544329888,432.5813299669949,16.03119329630067,-173803.64537388046,21.378812405189183,58.71762088592595,134.6112235077662,105.86287931200059
100,field_size_scaled,True,modifiers,none,evidence_decay,180.0,365.0,1.5,5,75.0,20.0,0.25,0.7,1.5,20.0,10.0,0,28430,2843700,2842872,0.17328766295321887,0.5221395979776687,0.7447827408339173,7438,16470298,16465002,0.15868321064310967,0.48357236527096464,0.7644722423963265,1535.1534245003843,1494.4976004072635,207.43862788262933,1245.9470263537473,1941.9675349529225,696.0205085991752,457.7159526758412,16.220168218624508,-119812.71728215668,21.464703243657233,55.20228242373707,120.564077315139,126.58824825000193
101,field_size_scaled,True,modifiers,none,evidence_decay,365.0,730.0,1.5,5,90.0,20.0,1.0,0.5,1.25,10.0,5.0,0,28430,2843700,2842872,0.17336532662411341,0.5222288197778119,0.7439863630863437,7438,16470298,16465002,0.1589831467727029,0.4842973962166738,0.7635044927416347,1531.8187536287933,1492.599161456283,207.65690668471444,1241.977041462483,1938.7654943199045,696.7884528574216,445.9262312216265,16.362375239206813,-175710.74132820003,21.98719462837673,58.364711940201396,126.48675408064364,127.08087545901071
102,field_size_scaled,True,modifiers,inverse_sqrt,evidence_decay,180.0,730.0,1.5,20,75.0,50.0,1.0,0.5,2.0,15.0,5.0,0,28430,2843700,2842872,0.1734695675836664,0.5225209472885894,0.7455038425929834,7438,16470298,16465002,0.15781037881163243,0.4816114645976977,0.766847887415987,1533.227239932282,1496.7977173353133,188.08161658421955,1265.2729578470007,1910.2202451140704,644.9472872670697,393.6260242481519,18.02270661602779,-120034.11808344607,18.60398795396679,60.55105884964312,160.60716198082022,127.13177496800199
103,field_size_scaled,True,modifiers,none,evidence_decay,365.0,180.0,1.5,999999999,75.0,30.0,1.0,0.5,1.5,20.0,10.0,0,28430,2843700,2842872,0.17350705756208093,0.5226280549937591,0.7442677686508573,7438,16470298,16465002,0.1585559596749038,0.48315187641826324,0.7644805630755466,1533.5432352765854,1495.0033820378867,198.7276919464108,1257.825066808101,1922.2919265328985,664.4668597247976,421.60516379288424,15.983002988798262,-121662.09584495437,20.894133109381023,57.299697039870566,129.1262061239456,129.32918409300328
104,field_size_scaled,True,modifiers,none,evidence_decay,180.0,365.0,1.5,10,75.0,20.0,1.0,0.5,1.5,10.0,5.0,0,28430,2843700,2842872,0.17354131356012373,0.5227090603695295,0.7439497803629569,7438,16470298,16465002,0.1589953411255911,0.48436522328208514,0.7636483736837688,1532.332200404934,1493.0425166839532,205.76157883301465,1245.178666347464,1936.4154526682905,691.2367863208265,443.8564101702268,17.049884941343407,-169259.6843831558,21.53334307448021,58.03041396948284,127.44618346570293,155.34979217899672
105,field_size_scaled,True,modifiers,inverse_sqrt,evidence_decay,365.0,180.0,2.0,20,60.0,30.0,0.25,0.8,2.0,20.0,10.0,0,28430,2843700,2842872,0.17347792806879875,0.5228966461996453,0.7462801701940854,7438,16470298,16465002,0.15904246298418126,0.4852008893321229,0.7655033385358836,1532.1957735605552,1495.4606239743082,186.4014731974958,1267.9859388746318,1902.1476349831037,634.1616961084719,396.70763351748224,16.54874106492059,-161518.44568165953,18.539943845949175,53.81559412855442,164.1018430788681,126.26718818899826
106,field_size_scaled,True,modifiers,inverse_sqrt,evidence_decay,365.0,180.0,2.0,20,60.0,30.0,0.25,0.7,2.0,20.0,10.0,0,28430,2843700,2842872,0.1735234832214403,0.5230130847917267,0.7462590647767469,7438,16470298,16465002,0.1590628925972571,0.48525766648828816,0.765491495233344,1532.0996586297288,1495.4017166594913,185.98598844674942,1268.148752358583,1901.6961734085414,633.5474210499585,396.09220151068075,16.55624726012411,-161118.47472300063,18.447274391831264,53.717049752690784,164.0483931947493,187.02279074500257
107,field_size_scaled,True,modifiers,none,evidence_decay,180.0,180.0,1.5,999999999,60.0,30.0,1.0,0.8,2.0,10.0,10.0,0,28430,2843700,2842872,0.17375078020974655,0.5233237605964,0.7442547536434986,7438,16470298,16465002,0.15869454179060544,0.4836823607353318,0.7646071953103923,1529.786529222693,1493.7145089201217,193.8532291482665,1258.8168638588163,1910.2739134805304,651.4570496217141,406.91031369190546,15.409949973960579,-158396.59140200046,20.625004402411818,57.11742419823211,135.3899563247706,126.62760717098718
108,field_size_scaled,True,modifiers,none,evidence_decay,365.0,180.0,2.0,20,60.0,30.0,0.25,0.5,1.5,20.0,10.0,0,28430,2843700,2842872,0.17384306638481048,0.5236780037602585,0.744533345152367,7438,16470298,16465002,0.1592890884142044,0.48539831743088097,0.7639595792335768,1531.539947175142,1493.0157959919634,198.28525968906993,1253.9828538223555,1922.2451648187937,668.2623109964381,428.93836855853124,16.57754507627385,-189092.43590150445,20.25591182727787,53.82590303002499,122.6133956946623,128.60587681700417
109,field_size_scaled,True,modifiers,none,none,365.0,365.0,1.5,20,90.0,50.0,0.25,0.8,1.25,15.0,10.0,0,28430,2843700,2842872,0.1740557927397381,0.5241317139805911,0.743966312939872,7438,16470298,16465002,0.1595865018779447,0.4860808548787882,0.7634709063503302,1533.2805978645597,1493.5780278611728,201.55825444690373,1252.7282894676744,1929.2495957352744,676.5213062676,441.88209033412886,15.930545836509168,-142326.1733832196,20.98515398611121,54.0,116.21586173414852,157.18861431600817
110,field_size_scaled,True,modifiers,inverse_sqrt,none,180.0,730.0,2.0,5,60.0,30.0,0.25,0.7,2.0,15.0,10.0,0,28430,2843700,2842872,0.17423652699518757,0.5248569332510792,0.7454057024023593,7438,16470298,16465002,0.15985897227313994,0.4874788104536097,0.7646351333574086,1528.5821115721417,1494.6622375491793,182.26229471920402,1267.8606016885121,1889.4545000551525,621.5938983666404,385.41713721523433,16.190281888838285,-190840.16995523384,18.02454931836864,52.79654062256603,159.96156842635853,107.66818242199952
111,field_size_scaled,True,modifiers,inverse_sqrt,evidence_decay,365.0,365.0,1.0,10,75.0,10.0,0.5,0.7,2.0,20.0,10.0,0,28430,2843700,2842872,0.17462798645424008,0.5255496896621374,0.7441140508612417,7438,16470298,16465002,0.16029896695668,0.4881618679291327,0.7634805631970163,1539.1585441111504,1497.3479227554803,194.03484127380378,1270.2228775340054,1927.88257833286,657.6597007988546,437.0831332674609,15.524812591971454,-320.5825522844022,19.130566530161424,52.279181969983505,132.43727979965405,127.53839830600191
112,field_size_scaled,True,modifiers,inverse_sqrt,evidence_decay,365.0,180.0,1.5,999999999,60.0,10.0,0.25,0.7,2.0,15.0,5.0,0,28430,2843700,2842872,0.17463982229298433,0.5258035449048486,0.7446325406138581,7438,16470298,16465002,0.1602578954377054,0.48838637188584555,0.7639372895308485,1531.3919316603242,1495.7425756854304,180.27546538251707,1277.422431242098,1892.0520121025447,614.6295808604468,384.2164340580148,14.986399659217795,-118183.59376867075,18.141794312255353,51.65339546150821,124.82091110605191,127.32578891499725
113,field_size_scaled,True,modifiers,none,none,180.0,365.0,2.0,5,50.0,30.0,0.5,0.8,1.75,20.0,5.0,0,28430,2843700,2842872,0.17469512519085098,0.5258424154468462,0.7435941540808028,7438,16470298,16465002,0.15990028264859968,0.48709840228465373,0.763382840767344,1529.6722398874529,1492.6874153432245,194.35844764809218,1255.9884703742093,1911.0435343371198,655.0550639629105,418.25641629083384,15.537703084160285,-188329.236259801,19.51354869946016,52.88720085122328,117.06795627591967,111.21049725500052
114,field_size_scaled,True,modifiers,none,none,180.0,180.0,1.5,10,60.0,20.0,0.5,0.8,1.75,20.0,5.0,0,28430,2843700,2842872,0.17476320208142487,0.52592138078425,0.7431917441235483,7438,16470298,16465002,0.16007140233668007,0.48735799280954684,0.762875279334919,1533.658452161576,1494.0777556325213,199.28452027690577,1256.6270252589666,1924.91535903382,668.2883337748535,438.2684418983738,15.233911257838486,-120492.45725533836,20.095755273768233,52.62817534343245,120.05944660448723,107.5604849740048
115,field_size_scaled,True,modifiers,inverse_sqrt,none,365.0,365.0,2.0,5,50.0,20.0,0.5,0.5,1.75,15.0,5.0,0,28430,2843700,2842872,0.17505986638050558,0.526880085843566,0.7438273689423934,7438,16470298,16465002,0.16074484572640868,0.4897600680690168,0.763044547458907,1528.468039732076,1495.0413921504614,182.44348717901346,1267.4816029605906,1890.9024139785242,623.4208110179336,388.3196085371321,14.641185156125516,-188304.52749548256,17.762410986695087,52.496942917521,128.4278917222564,154.33306397900742
116,field_size_scaled,True,modifiers,inverse_sqrt,evidence_decay,365.0,180.0,1.0,10,100.0,30.0,0.25,0.8,2.0,20.0,10.0,0,28430,2843700,2842872,0.1752681316832697,0.5273028831119624,0.7444394260452106,7438,16470298,16465002,0.16063268218161716,0.48925115933832364,0.7639654705174042,1537.1085116960287,1497.1123356723376,185.57891336200043,1280.0521836035243,1910.6396621995755,630.5874785960511,422.32609093149244,15.562731714433653,-243.3165057645172,17.956452384386207,49.4164904447964,154.48932641206986,128.24615781300236
117,field_size_scaled,True,modifiers,none,evidence_decay,365.0,365.0,1.5,5,75.0,10.0,0.75,0.7,1.25,20.0,10.0,0,28430,2843700,2842872,0.1753642928747021,0.5273690622558308,0.7420798403867638,7438,16470298,16465002,0.16138284546519407,0.4906984021606025,0.7608155771860823,1533.6550590075146,1493.5048873649412,203.44286846328154,1251.2242443531993,1934.7681895295996,683.5439451764003,460.8186974971552,14.760614506860065,-119663.67279667562,20.729109821543094,51.9486353443392,107.31613741274313,128.12939337799617
118,field_size_scaled,True,modifiers,inverse_sqrt,none,180.0,365.0,1.0,999999999,90.0,30.0,1.0,0.5,1.75,10.0,10.0,0,28430,2843700,2842872,0.17552260228259045,0.5277564219756354,0.7430404886326222,7438,16470298,16465002,0.16051451061633187,0.4887681472024762,0.7634879121180793,1534.312661684726,1497.425469089677,180.68802664673183,1284.6545204012975,1898.7957206916444,614.1412002903469,396.7011779676784,14.04911097656202,-259.8810570609698,18.171442860124994,52.836081036809595,136.60976182480144,105.8951027669973
119,field_size_scaled,True,modifiers,none,evidence_decay,180.0,730.0,2.0,10,60.0,50.0,0.25,0.8,1.5,20.0,5.0,0,28430,2843700,2842872,0.17543521840006635,0.5278121141334293,0.7431825984427016,7438,16470298,16465002,0.16094019453704822,0.4899795356315253,0.7624282098477728,1529.6111722533851,1492.7613892515715,191.06324974012153,1262.1466585613775,1907.4157892604278,645.2691306990503,422.81501474849097,15.516008674688578,-180766.7794607478,19.052731885480277,49.72012103908619,121.3878872475151,128.3203290720121
120,field_size_scaled,True,modifiers,none,none,365.0,730.0,2.0,999999999,50.0,20.0,0.75,0.8,1.5,20.0,5.0,0,28430,2843700,2842872,0.17561232220593376,0.5281322495492744,0.742058031455514,7438,16470298,16465002,0.16137711353511047,0.4909023602769473,0.761067809162732,1529.1812032949058,1493.3332610031207,190.145180244899,1263.1434367714114,1900.6240936245354,637.480656853124,410.70239517158416,14.766435033447124,-186568.97246464808,19.516274931890408,51.367520558136775,112.24669534528697,126.29976710600022
121,field_size_scaled,True,modifiers,inverse_sqrt,evidence_decay,180.0,730.0,2.0,10,50.0,30.0,0.75,0.7,1.75,15.0,5.0,0,28430,2843700,2842872,0.17562770936552785,0.5283454140234375,0.7434312906103405,7438,16470298,16465002,0.1610962865326393,0.49074005178271807,0.7628597919392904,1528.4499220254945,1495.4010736685377,179.36230906813685,1271.5417743587395,1886.3248651928195,614.78309083408,385.8726993617811,13.472859106694273,-180571.03832615275,17.260314791065827,51.64554597504582,128.88243845325815,127.25877309900534
122,field_size_scaled,True,modifiers,none,evidence_decay,180.0,730.0,2.0,20,60.0,30.0,1.0,0.7,1.25,20.0,10.0,0,28430,2843700,2842872,0.17569751056131142,0.5283771491921102,0.7421034081027919,7438,16470298,16465002,0.16139818340686524,0.49098727325725394,0.7611541134340585,1530.5737058569282,1492.7260796145736,194.0511519514511,1259.6407442015955,1913.3940711735738,653.7533269719784,428.92012295453173,14.466035338756456,-179559.22195523744,19.40391055158327,51.06509044274284,112.32451960826185,145.25836169099784
123,field_size_scaled,True,modifiers,inverse_sqrt,none,365.0,730.0,1.0,5,100.0,50.0,0.75,0.7,1.75,10.0,5.0,0,28430,2843700,2842872,0.1757793788613323,0.5284585700315751,0.7434003359982441,7438,16470298,16465002,0.1605866805570706,0.48907105095859116,0.7639315197167909,1534.4353542355732,1496.8683058403574,182.80709174036258,1278.1859538432118,1900.7515883993076,622.5656345560958,407.52423804749515,15.625037208449157,-246.3588292096917,17.791248025545723,52.1605165176877,151.7264654928071,160.43700263100618
124,field_size_scaled,True,modifiers,inverse_sqrt,none,365.0,730.0,1.5,10,75.0,50.0,0.5,0.5,1.75,15.0,10.0,0,28430,2843700,2842872,0.17572912630283394,0.5285025433690943,0.7436901837296931,7438,16470298,16465002,0.16073665842959817,0.4897045305124806,0.7637860596676515,1530.3900902393557,1496.0998032271673,177.26963461985557,1277.689549662788,1887.19524826521,609.505698602422,381.7540783021543,15.980801516603833,-114749.16418995749,16.957534303912762,51.414474072990096,138.01319612682872,104.34545175501262
125,field_size_scaled,True,modifiers,none,none,180.0,365.0,1.0,999999999,75.0,30.0,1.0,0.5,2.0,15.0,10.0,0,28430,2843700,2842872,0.1759714926715788,0.5288250663724269,0.7418884846028946,7438,16470298,16465002,0.16051337175396013,0.4883670840197559,0.7627627983282359,1534.63972558448,1496.696312058617,189.14032939312978,1274.2002418495927,1909.9976778108944,635.7974359613017,417.5603861087791,13.857729946304516,-4403.883659388555,19.13429344196985,52.337544728253185,131.58802443081763,108.24110995900992
126,field_size_scaled,True,modifiers,none,evidence_decay,365.0,180.0,1.0,10,90.0,20.0,0.5,0.5,1.5,15.0,5.0,0,28430,2843700,2842872,0.1760409619622595,0.5290360110989961,0.7417702942657988,7438,16470298,16465002,0.1613585968376874,0.4905802696264725,0.7614818996074219,1537.329525605952,1495.5687368826984,199.6966597482372,1263.256383389306,1934.3368142662027,671.0804308768968,460.54108518594967,14.622676188211699,-4563.360674583232,19.967292472618908,49.82045235381252,119.037533657762,155.84895739499188
127,field_size_scaled,True,modifiers,none,none,365.0,730.0,1.0,999999999,90.0,30.0,1.0,0.8,1.5,20.0,10.0,0,28430,2843700,2842872,0.17620606325693103,0.5294912050255206,0.741691500707735,7438,16470298,16465002,0.16146023666552478,0.49085936663413976,0.7614814744632281,1535.8837938292231,1496.1478407466334,192.59891517954657,1272.5767060509409,1914.8568157597776,642.2801097088368,434.4564461123896,14.119346013148856,-4505.923257833648,19.688994616174014,49.116119580416424,118.88786994506113,105.46611180900072
128,field_size_scaled,True,modifiers,inverse_sqrt,none,365.0,730.0,1.5,999999999,60.0,30.0,0.5,0.5,2.0,15.0,5.0,0,28430,2843700,2842872,0.17621926569536675,0.5297749349714685,0.7431136540793958,7438,16470298,16465002,0.16134094187166778,0.49133023747488586,0.7630214074677913,1529.2725556355276,1496.3072087456871,171.84201243117553,1286.9061657711638,1874.1789982104838,587.2728324393199,365.7780605523153,14.75095017124977,-113225.37808194997,16.66477988239318,50.07206219298087,125.04745510484771,106.73374577199866
129,field_size_scaled,True,modifiers,none,none,365.0,365.0,1.5,5,60.0,50.0,0.75,0.8,2.0,20.0,5.0,0,28430,2843700,2842872,0.17630013388027518,0.5298730476172931,0.7424062708415996,7438,16470298,16465002,0.16111662576453487,0.49035765667677694,0.7626810491732706,1530.4812571615253,1493.6610259753636,186.00500550238198,1270.3247635700645,1900.6699259107604,630.3451623406959,409.0672235189959,15.630211485889504,-114846.40403277669,18.13135321983699,49.87662856060364,128.55162838961908,105.5898455009883
130,field_size_scaled,True,modifiers,inverse_sqrt,none,180.0,730.0,1.5,20,75.0,10.0,0.5,0.8,1.25,20.0,10.0,0,28430,2843700,2842872,0.17640891924435032,0.5302386173225673,0.7423594871664992,7438,16470298,16465002,0.16283027392697913,0.4951297339192143,0.7605498013301183,1533.475296277624,1495.6271896401327,183.9559161523837,1275.5581048953136,1900.5801118552902,625.0220069599766,414.0926357459098,13.426851207956815,-98034.13657851309,17.845189645679596,48.19877253992357,104.74490846242537,144.13340629600862
131,field_size_scaled,True,modifiers,none,none,180.0,365.0,1.5,20,75.0,50.0,0.5,0.7,1.5,10.0,10.0,0,28430,2843700,2842872,0.17642957681016053,0.5302658049371763,0.7419894388491638,7438,16470298,16465002,0.16164068399872347,0.4918148709988471,0.7616960508112905,1528.3253648833652,1492.3566452349642,185.20475314390666,1267.9264784186767,1895.3218413855232,627.3953629668465,404.7742077559533,14.146091603339073,-156492.16593010287,18.50940040082296,49.1408238654606,111.62103970115017,104.63478010200197
132,field_size_scaled,True,modifiers,none,none,365.0,365.0,1.0,10,100.0,10.0,0.5,0.7,1.25,15.0,10.0,0,28430,2843700,2842872,0.17654932830039763,0.530272813904502,0.7408842184945366,7438,16470298,16465002,0.16242333360760836,0.49331975364003,0.7598838433180877,1537.4769820359863,1495.103564488877,202.22353879621005,1258.4255106062762,1939.4603298180325,681.0348192117563,477.1236850144858,13.781180527128527,-4131.33769985987,20.49488412384387,48.9728362757778,110.02653764325751,104.1801489060017
133,field_size_scaled,True,modifiers,none,none,180.0,730.0,2.0,10,60.0,10.0,0.25,0.7,1.25,10.0,10.0,0,28430,2843700,2842872,0.1764703423652036,0.5303143572574428,0.7407526613931263,7438,16470298,16465002,0.1627835695768673,0.4947177208015747,0.759097022885269,1525.0836707200729,1489.434851922873,191.95104577654183,1255.9953738631764,1901.3533314958797,645.3579576327033,417.49930020360534,14.257498954481434,-259204.9850327492,19.673779345198426,51.574852594387,108.60911354257179,103.94113442300295
134,field_size_scaled,True,modifiers,inverse_sqrt,evidence_decay,365.0,730.0,2.0,10,60.0,20.0,1.0,0.5,1.25,20.0,10.0,0,28430,2843700,2842872,0.17648747273801776,0.5305053086479129,0.7422828041501692,7438,16470298,16465002,0.16265416702045882,0.4947953531313584,0.7607372899195518,1530.0240618029652,1495.474257451478,180.0840591959753,1274.9874528673122,1888.3372195335469,613.3497666662347,394.5145914552477,13.400439483136665,-152487.12125655278,17.166058020146984,48.744743586188555,110.57514204744948,129.74853755300865
135,field_size_scaled,True,modifiers,none,evidence_decay,180.0,365.0,2.0,10,60.0,20.0,1.0,0.8,1.25,10.0,10.0,0,28430,2843700,2842872,0.17653274971559588,0.5305296152544491,0.7410168308668136,7438,16470298,16465002,0.16265556468033657,0.4944324990404445,0.7595114777392679,1525.4088096404523,1490.1440572144047,190.75488309661637,1256.8704696142465,1900.8076473553774,643.9371777411309,418.9452788171293,14.273602243127698,-248915.43599019604,19.34349734093068,50.9753229295,109.9600484324793,192.78195431700442
136,field_size_scaled,True,modifiers,none,none,180.0,180.0,2.0,20,40.0,10.0,0.25,0.5,2.0,20.0,10.0,0,28430,2843700,2842872,0.17654135622255898,0.5306277443095504,0.7419722027583373,7438,16470298,16465002,0.1621197774557422,0.49312876089541824,0.7610365306970507,1528.6869802494812,1492.387649350574,185.3754925815831,1269.9076998839766,1894.5205192990954,624.6128194151188,406.958797474892,14.389964999396398,-177263.7854590988,18.141713265340787,47.66674388938103,105.93612370280893,104.43327144099749
137,field_size_scaled,True,modifiers,inverse_sqrt,none,365.0,730.0,1.5,5,50.0,10.0,1.0,0.8,2.0,10.0,5.0,0,28430,2843700,2842872,0.17658910366904942,0.530703645524862,0.7419433586879747,7438,16470298,16465002,0.16282674954254642,0.49522368674668105,0.7605004238687612,1529.0788373387754,1494.5943264190118,180.68164202030994,1273.7021299440416,1888.3810555513778,614.6789256073362,397.3513555755835,13.326061593151735,-140264.267023194,17.615503308945637,49.112662861611646,109.38945967460131,153.49240317000658
138,field_size_scaled,True,modifiers,inverse_sqrt,evidence_decay,180.0,365.0,1.5,10,75.0,50.0,0.5,0.5,1.5,20.0,5.0,0,28430,2843700,2842872,0.1766811217873457,0.5309692698370507,0.74278722362456,7438,16470298,16465002,0.1618755529269422,0.4927591768585424,0.7625404479149167,1531.335716120807,1496.4215172534232,176.40730895735186,1282.394303288872,1886.16480561228,603.770502323408,389.5732689978063,14.567726266442378,-91084.59192496575,16.462013098104585,48.58820165664588,119.77622607406866,156.18152952200035
139,field_size_scaled,True,modifiers,inverse_sqrt,none,180.0,180.0,2.0,5,60.0,50.0,0.25,0.5,1.5,20.0,5.0,0,28430,2843700,2842872,0.17678544818429298,0.531370608059362,0.7428530021752651,7438,16470298,16465002,0.16253736609315755,0.4946952918396711,0.7618153948599581,1528.1648183526156,1495.058279464059,173.3171129557689,1280.9715791731874,1874.3321054139756,593.3605262407882,379.63864415238254,14.482511208077426,-150323.30819120153,16.29521636689142,46.972796018787875,119.44748245038589,104.36227805299859
140,field_size_scaled,True,modifiers,inverse_sqrt,none,365.0,180.0,1.5,10,60.0,30.0,0.75,0.5,1.75,20.0,5.0,0,28430,2843700,2842872,0.1768623478646925,0.5313771483937462,0.7421301416314207,7438,16470298,16465002,0.16213954307786257,0.4934131524824391,0.761872181977263,1531.1987208938242,1496.6784512096106,176.99921769053276,1280.3775866488784,1886.726947826483,606.3493611776046,393.346930018753,13.117083221345297,-94474.68431396305,16.530671809771878,48.92697188610297,118.08605242206876,154.04904134800017
141,field_size_scaled,True,modifiers,none,none,365.0,180.0,2.0,10,50.0,10.0,0.25,0.5,1.5,10.0,5.0,0,28430,2843700,2842872,0.1770517544101647,0.5318633608879707,0.7405187430176244,7438,16470298,16465002,0.1631450703709197,0.4957932512477822,0.7590395676842311,1524.3238790182456,1489.8249417032537,186.76257083087722,1261.1644380318621,1891.4125211158546,630.2480830839925,407.71189761793676,13.819159774020704,-255866.71249532074,18.758126633260343,49.501004725906796,108.00151526132728,104.22524293200695
142,field_size_scaled,True,modifiers,none,evidence_decay,180.0,365.0,2.0,10,60.0,50.0,0.25,0.7,1.5,10.0,5.0,0,28430,2843700,2842872,0.17702889524282442,0.5319554998211952,0.7417660731823311,7438,16470298,16465002,0.16265757286315224,0.49475669382244464,0.7606529898994242,1523.8736899625155,1489.9783446173424,180.63202018480328,1268.5856646661823,1881.9262519417143,613.340587275532,396.2473871428674,13.641938322863894,-242450.9872446035,17.872799325537194,47.60580999903832,119.58741184787544,214.89249858100084
143,field_size_scaled,True,modifiers,none,none,180.0,730.0,1.5,999999999,75.0,30.0,0.75,0.7,1.25,10.0,5.0,0,28430,2843700,2842872,0.1774535536698176,0.5328106059258032,0.7403516584636944,7438,16470298,16465002,0.16318792139347207,0.49578450476066793,0.7593263578103422,1526.8632309959044,1492.4808200134134,181.42669125378694,1274.998585272856,1883.8444409514263,608.8458556785704,395.8581247226034,12.611099085772366,-155803.76982361352,18.53510275974891,47.797314207245485,103.55641163339614,124.95127960100945
144,field_size_scaled,True,modifiers,inverse_sqrt,evidence_decay,180.0,365.0,1.0,10,100.0,10.0,0.5,0.7,1.25,20.0,5.0,0,28430,2843700,2842872,0.1775597727018027,0.5330352786620517,0.7412113524632836,7438,16470298,16465002,0.1638503121454653,0.49767497176766823,0.7596724251840358,1536.6005956437882,1496.591239336571,184.22455703345616,1282.1380983732276,1907.8765378581215,625.7384394848939,432.97660796424134,13.02308227086155,-78.53552672101078,17.494260163630905,45.64036911090312,109.35184489912656,129.36596298699442
145,field_size_scaled,True,modifiers,inverse_sqrt,none,365.0,365.0,2.0,5,60.0,10.0,0.5,0.8,1.25,10.0,10.0,0,28430,2843700,2842872,0.17747318738939064,0.5330563317577257,0.7410474337219544,7438,16470298,16465002,0.1641789007902311,0.49896393670519973,0.7588624040252167,1524.7218385360643,1492.9851501817589,175.6685710253993,1272.6350627091663,1872.4237994403534,599.7887367311871,383.2664699720565,12.995087806299239,-222934.87777588257,17.125569922408022,47.99373953349949,107.96276031398888,140.79157665399543
146,field_size_scaled,True,modifiers,none,evidence_decay,180.0,180.0,1.0,999999999,60.0,10.0,0.75,0.8,2.0,20.0,10.0,0,28430,2843700,2842872,0.17765918007784773,0.5331641380655185,0.7401719106593614,7438,16470298,16465002,0.16334875245010966,0.49585293711941114,0.7592486778926598,1535.09998041633,1495.601440450168,188.89967651140793,1277.3933564715214,1908.4810762970515,631.08771982553,436.23072741262695,13.178405411957783,-4183.252262820167,18.821379150791852,45.94038806009899,105.28468882688041,156.94997621999937
147,field_size_scaled,True,modifiers,none,evidence_decay,365.0,180.0,1.0,5,100.0,30.0,0.75,0.5,1.25,20.0,10.0,0,28430,2843700,2842872,0.1777010991836978,0.5332835223182346,0.7402018100005909,7438,16470298,16465002,0.1630490054684076,0.49514430296668627,0.7597771928603471,1535.5034971579191,1495.259553754836,192.35068002566652,1272.3548402770052,1917.9262516316148,645.5714113546096,447.5591514872567,13.524509679715038,-4398.972304679013,18.538780109666703,46.43194298698409,109.78990374838035,125.91898902300454
148,field_size_scaled,True,modifiers,none,evidence_decay,180.0,180.0,2.0,20,40.0,10.0,0.25,0.7,1.75,20.0,5.0,0,28430,2843700,2842872,0.17758644081047817,0.533283703113696,0.7408814044388914,7438,16470298,16465002,0.1633153435288888,0.496277072359825,0.7596221974342913,1529.048125611192,1492.5118169021966,184.7440648075624,1272.0532863080275,1894.992990761101,622.9397044530735,416.6470036095252,12.936720525648298,-162512.09382109303,17.7655534668515,45.69642454802284,96.76433567322218,191.84112119600468
149,field_size_scaled,True,modifiers,none,evidence_decay,180.0,730.0,1.0,5,100.0,30.0,1.0,0.5,1.25,15.0,10.0,0,28430,2843700,2842872,0.17790176861746407,0.5337763847338222,0.7399513590481738,7438,16470298,16465002,0.1632102940343264,0.4955812783205347,0.7595946237965838,1534.6469463835547,1495.2026058063263,190.9613971851865,1273.1409124226202,1914.6254776106941,641.4845651880739,443.72491667796635,13.438691590894223,-4578.125329504493,18.472081295748612,46.59348358708184,109.79106109865525,126.77381498400064
150,field_size_scaled,True,modifiers,inverse_sqrt,evidence_decay,180.0,180.0,1.0,5,100.0,50.0,1.0,0.5,1.5,15.0,10.0,0,28430,2843700,2842872,0.17792683820085944,0.5339264263794528,0.7412085384076385,7438,16470298,16465002,0.16278314280262268,0.49496604339705397,0.7615740951625758,1533.3971374619016,1497.3211383254288,175.64253345565356,1287.0366978963298,1888.8627457720074,601.8260478756777,404.3048879924788,13.429406355487686,-175.86192736749317,16.178154302309746,47.90601762176652,128.8490532717334,159.94086334400345
151,field_size_scaled,True,modifiers,inverse_sqrt,evidence_decay,365.0,730.0,1.5,20,75.0,20.0,0.5,0.5,1.25,10.0,5.0,0,28430,2843700,2842872,0.17804619298068108,0.5344512028367192,0.7408311031942345,7438,16470298,16465002,0.16432950421189585,0.4992858641994644,0.7591651066911501,1528.5429837126444,1494.7152717402723,173.41387259522787,1284.6711706986453,1876.3750841052033,591.7039134065581,386.3644008835545,12.390842948461568,-133658.79324714985,16.538484464300037,45.76056056710883,102.058376926856,128.5156601639901
152,field_size_scaled,True,modifiers,inverse_sqrt,none,180.0,365.0,1.5,20,75.0,20.0,0.5,0.5,1.25,10.0,10.0,0,28430,2843700,2842872,0.178051200664883,0.534457990624573,0.7407906511443357,7438,16470298,16465002,0.16435454179187378,0.49934633216484736,0.7591120244018191,1528.5586232253438,1494.7139640255527,173.30307293321923,1284.719158088731,1875.5885738230297,590.8694157342986,385.5299032199598,12.389143421027825,-133447.9462493622,16.54537516931189,45.765136906343024,101.95943476442913,127.19812542900036
153,field_size_scaled,True,modifiers,inverse_sqrt,evidence_decay,365.0,730.0,1.5,5,75.0,50.0,0.25,0.5,1.75,10.0,10.0,0,28430,2843700,2842872,0.17803983556013492,0.5345230048134048,0.7418001936070284,7438,16470298,16465002,0.16377046428975103,0.49798092293204915,0.7607202234169179,1526.462411400188,1494.387569861609,167.8581767990165,1287.6000426828814,1863.939129367574,576.3390866846926,374.6758746199612,13.645003600369137,-130950.5878251979,15.809135244892156,44.988004986038256,130.79359644408063,128.9743220500095
154,field_size_scaled,True,modifiers,inverse_sqrt,evidence_decay,180.0,730.0,1.0,10,100.0,20.0,1.0,0.5,1.25,20.0,5.0,0,28430,2843700,2842872,0.17821975904968576,0.5347096090143979,0.7406794959463529,7438,16470298,16465002,0.1642111026809807,0.49868303927167257,0.7594797133945079,1535.3071568829293,1497.0184133723478,179.45540662263002,1286.6847787774257,1897.7572913517542,611.0725125743286,420.27694063885633,12.952349179660132,-206.58572150322573,16.673872048656587,44.72148987781933,109.39812844356477,152.72958649801149
155,field_size_scaled,True,modifiers,inverse_sqrt,none,365.0,730.0,2.0,5,50.0,20.0,0.75,0.8,1.5,10.0,5.0,0,28430,2843700,2842872,0.17834423197643826,0.5352964557333507,0.7403994974096618,7438,16470298,16465002,0.16468565123268836,0.5003976806821626,0.7586470988585364,1523.7255004838958,1493.4851169448166,169.74182858550904,1280.6522312489133,1862.6649602106268,582.0127289617135,369.5127255326122,12.185413889956976,-216106.0678547673,16.131876811851814,46.125062915224994,107.8226286816378,103.69928991800407
156,field_size_scaled,True,modifiers,none,none,365.0,730.0,1.0,999999999,100.0,50.0,0.25,0.5,1.25,20.0,10.0,0,28430,2843700,2842872,0.1786393981866759,0.5357457226050107,0.7398753795457551,7438,16470298,16465002,0.16408034106625535,0.4980052107251352,0.7591321883835787,1532.957797409662,1495.4675593261077,180.30649969112235,1287.330645653312,1891.0812981270283,603.7506524737162,415.3004233348363,13.125154311957203,-3881.996975763563,17.618232415160687,42.71018295544032,108.64196852536256,115.29371438000817
157,field_size_scaled,True,modifiers,none,none,365.0,365.0,1.0,5,90.0,10.0,0.25,0.8,1.25,20.0,10.0,0,28430,2843700,2842872,0.17869207995329053,0.5357523884218387,0.7390473436721737,7438,16470298,16465002,0.1646868115862253,0.49941876962243614,0.7577511378376997,1535.2801313551436,1494.9710451028986,193.0007432588385,1269.6386364281925,1920.1449836309682,650.5063472027757,464.61245856406435,13.077797631075555,-3836.0850172397386,18.735989408831248,44.149979217137506,98.28225895242535,143.5213372069993
158,field_size_scaled,True,modifiers,inverse_sqrt,evidence_decay,365.0,180.0,1.0,20,100.0,30.0,0.75,0.5,1.25,20.0,10.0,0,28430,2843700,2842872,0.17878860201592214,0.5361713776616375,0.7403055783025053,7438,16470298,16465002,0.16457590687443496,0.49969906398198255,0.7593429991687823,1534.6555661973584,1496.9560063718018,175.14201992388362,1292.6284692127756,1890.7076842258298,598.0792150130542,410.28073185920243,12.335063072827552,-229.84685164468036,16.06324036621722,43.81971952815966,109.28068567909835,157.49052225099877
159,field_size_scaled,True,modifiers,inverse_sqrt,none,180.0,730.0,1.5,999999999,50.0,20.0,0.5,0.8,2.0,10.0,5.0,0,28430,2843700,2842872,0.17880347447419204,0.536395622672717,0.7404438187860727,7438,16470298,16465002,0.1644711022818314,0.49977605582188595,0.7595736702613216,1525.7318240931813,1495.286138404374,162.45592107348045,1296.267173888,1851.8945753354874,555.6274014474875,354.8732981120329,12.192282601596503,-129034.00788194452,15.502484547952545,44.73322300711757,101.22771578871243,106.28732767100155
160,field_size_scaled,True,modifiers,inverse_sqrt,none,180.0,180.0,2.0,5,60.0,30.0,0.75,0.5,1.25,10.0,5.0,0,28430,2843700,2842872,0.17881759605289246,0.5364861903226841,0.7400041225915202,7438,16470298,16465002,0.16497474384504476,0.5011896334964321,0.7584644083250035,1523.1663421207165,1493.7630538608526,166.7804171311193,1284.1610043867295,1856.8754605855047,572.7144561987752,361.98256324757085,12.166334129746474,-211823.83365497788,15.638390405917534,45.547528868168726,105.95185139670092,137.38419041100133
161,field_size_scaled,True,modifiers,inverse_sqrt,evidence_decay,180.0,365.0,1.5,999999999,50.0,30.0,0.75,0.5,2.0,15.0,10.0,0,28430,2843700,2842872,0.17898352776590704,0.536778804715133,0.7402507042174252,7438,16470298,16465002,0.1641961323833688,0.4989724829285627,0.7600367737580597,1527.0652595460012,1496.5290252726436,162.1121629783636,1298.0639777284393,1856.3475362851752,558.2835585567359,360.79324249797696,12.158347139869079,-100195.09640699558,15.050077559014541,45.25782396598832,103.30440722298742,128.42412412399426
162,field_size_scaled,True,modifiers,inverse_sqrt,evidence_decay,365.0,180.0,1.5,20,60.0,30.0,0.25,0.5,1.75,20.0,5.0,0,28430,2843700,2842872,0.17921886486952546,0.5374966365673771,0.740848339285061,7438,16470298,16465002,0.16501125652172177,0.5012313464005886,0.7595613410797035,1529.1215019803153,1495.7156931439258,165.14883970406004,1296.6591307115982,1864.2898300013399,567.6306992897416,379.0886262746294,12.890702389426679,-88091.78246746823,14.950097699902694,41.88777920598296,109.76809090684391,128.59980063101102
163,field_size_scaled,True,modifiers,none,evidence_decay,365.0,730.0,1.0,999999999,90.0,20.0,0.5,0.5,1.25,10.0,10.0,0,28430,2843700,2842872,0.17940736086101824,0.5375645750180185,0.7384029249294376,7438,16470298,16465002,0.16518217471540567,0.500781548640223,0.7574607643533843,1531.1707625774293,1494.3268416139001,179.37580648385077,1286.4657683436042,1887.7500068334039,601.2842384897997,417.0004206732708,11.972198780723602,-4004.4260432233177,17.876394666228702,43.01482664531444,98.24251619966347,127.78226484400511
164,field_size_scaled,True,modifiers,none,none,180.0,180.0,1.0,20,90.0,50.0,0.25,0.5,2.0,10.0,5.0,0,28430,2843700,2842872,0.17939818268362084,0.5376842965587966,0.7397913096333567,7438,16470298,16465002,0.16463690302640685,0.49965155235252884,0.7592088358082192,1531.7892682194351,1494.21499244713,177.3930964662772,1290.0378253489903,1889.9421643205897,599.9043389715994,420.8157846012648,12.684250996246874,-3592.071283384321,16.877567724925235,41.30489291732117,118.80997057029977,106.37283417100844
165,field_size_scaled,True,modifiers,inverse_sqrt,none,365.0,180.0,1.0,10,90.0,50.0,1.0,0.7,1.5,20.0,10.0,0,28430,2843700,2842872,0.17941816389035392,0.5377781737431251,0.7400572378918221,7438,16470298,16465002,0.16472089554821748,0.5001888819327688,0.7596725466538055,1532.808843041124,1497.0189064220583,170.30126801760622,1295.6451955221166,1877.9567272448646,582.311531722748,399.2680247854712,12.307028325113379,-81.63908343721745,15.361160291319939,43.434067118703304,115.10514681505303,106.1084765179985
166,field_size_scaled,True,modifiers,none,none,365.0,365.0,1.0,10,90.0,30.0,0.5,0.7,1.25,20.0,5.0,0,28430,2843700,2842872,0.17968834818249818,0.5383295201537179,0.7385256881069566,7438,16470298,16465002,0.16530097790838114,0.5011806157903181,0.757603430597822,1534.0553609823742,1495.1304926132493,184.78477493804604,1281.1319270670333,1902.314245993829,621.1823189267957,440.42109882084424,12.888954898347947,-3852.0301753815506,17.398236896188372,41.86260570898828,97.4242781857364,151.03655876900302
167,field_size_scaled,True,modifiers,inverse_sqrt,evidence_decay,180.0,180.0,1.0,10,100.0,50.0,1.0,0.8,1.25,10.0,10.0,0,28430,2843700,2842872,0.1796701897144765,0.5384274486620475,0.7396428681980758,7438,16470298,16465002,0.1654962889026039,0.5022339932980808,0.7586704210543066,1532.185642424606,1496.4502406809293,170.72496033206724,1294.0374956134558,1877.7081944612578,583.670698847802,403.199173723767,11.464852762288047,27.793432009883862,15.750082990449616,42.135714466846245,106.46660457936541,238.0104987109953
168,field_size_scaled,True,modifiers,inverse_sqrt,none,365.0,365.0,2.0,5,40.0,10.0,0.25,0.5,1.75,15.0,5.0,0,28430,2843700,2842872,0.17973679916464233,0.5388513122529979,0.7394909091932383,7438,16470298,16465002,0.16599595090357983,0.5039232298615314,0.757797114145507,1524.6543763983796,1494.0349702673257,163.96973801412796,1290.3857175206815,1854.1246220029996,563.738904482318,367.85376551170225,11.885240990000966,-167085.0411902089,14.994453710921084,42.26032070502776,93.49735030736922,156.8012610989972
169,field_size_scaled,True,modifiers,none,none,180.0,365.0,1.5,999999999,60.0,50.0,0.75,0.8,1.5,15.0,10.0,0,28430,2843700,2842872,0.17990620101593674,0.5390914352263593,0.7387536266142126,7438,16470298,16465002,0.16537426879964912,0.501793599509186,0.7579515629575994,1525.4858811139836,1493.1380972008128,167.76946392684533,1291.6519823641725,1858.316610429809,566.6646280656366,375.9085685272205,11.60825798905114,-118825.754690404,16.215613136170113,41.80881852565531,90.73099094588672,104.44392279999738
170,field_size_scaled,True,modifiers,none,none,365.0,730.0,1.0,20,90.0,30.0,0.25,0.7,1.25,10.0,10.0,0,28430,2843700,2842872,0.18002824538146303,0.5391833290431409,0.7381236299066578,7438,16470298,16465002,0.16573916818795975,0.5023769294247985,0.7572294859119969,1532.3871549387331,1494.0380202381025,181.28373205015706,1284.2511229382274,1894.3898921424193,610.1387692041919,430.49744961470196,11.736382676116136,-3692.0217490844666,17.364045262060145,41.219860659238364,97.69528311142393,114.51032833200588
171,field_size_scaled,True,modifiers,inverse_sqrt,evidence_decay,180.0,730.0,1.5,5,60.0,30.0,0.75,0.7,1.5,10.0,10.0,0,28430,2843700,2842872,0.18017062540192869,0.5398303587663941,0.738943927127215,7438,16470298,16465002,0.16612467031819556,0.504149603209846,0.7577325529629453,1525.5498629424578,1495.0279343917555,163.79703779008182,1292.5608553820582,1855.294400086024,562.7335447039659,370.15423054189205,10.939145089054023,-122330.91016016447,14.997345616985971,42.40546865313888,97.11189123680745,183.75337324399152
172,field_size_scaled,True,modifiers,inverse_sqrt,none,180.0,180.0,1.0,5,75.0,50.0,1.0,0.5,2.0,15.0,10.0,0,28430,2843700,2842872,0.1803637529159883,0.5399675412265158,0.7388894047990905,7438,16470298,16465002,0.16493652052197139,0.5006825875085339,0.7596989663287014,1530.244816421399,1497.1720126950577,164.2594060216875,1299.9577446519081,1862.8197417716929,562.8619971197847,379.35472866417354,13.247930056583982,-161.9067631813738,14.521099751930853,45.09569028039472,128.17093475734353,127.30654265001067
173,field_size_scaled,True,modifiers,none,evidence_decay,365.0,365.0,1.0,5,75.0,30.0,1.0,0.7,1.5,20.0,5.0,0,28430,2843700,2842872,0.18035428804936934,0.5400002972572856,0.7378805658503091,7438,16470298,16465002,0.165726120444638,0.5023453979759681,0.757331277578952,1532.7423105663752,1494.8455439959964,180.3735471192543,1285.518776478792,1892.5799137331292,607.0611372543372,427.318462639897,12.464060846893972,-3895.822598882248,16.66558169054117,41.43425796046488,98.00395952580722,128.55623526699492
174,field_size_scaled,True,modifiers,inverse_sqrt,evidence_decay,365.0,730.0,1.5,20,60.0,20.0,0.25,0.8,1.5,10.0,5.0,0,28430,2843700,2842872,0.18027433176984264,0.5401469473940502,0.7392133729552368,7438,16470298,16465002,0.1664624025080163,0.5050855186203187,0.7575354682617105,1526.1658096266563,1494.6361014841823,162.55468097905373,1295.9057842465854,1856.362912380664,560.4571281340786,371.19755755531855,11.802998164245992,-124615.08600907141,14.952501146446691,41.231709936289235,88.6122741096112,181.86128923999786
175,field_size_scaled,True,modifiers,none,evidence_decay,365.0,365.0,1.0,20,60.0,10.0,1.0,0.5,1.75,15.0,5.0,0,28430,2843700,2842872,0.1804741480447068,0.5402497895973751,0.7375523766106951,7438,16470298,16465002,0.16642636356081358,0.5040860183975158,0.7562040988516127,1533.3799481440456,1494.1157258633184,182.38474832469785,1284.4888720974623,1897.6092724203045,613.1204003228422,437.74125594814655,12.004481745222847,-3382.739524586973,17.110701637936153,41.1336377073061,91.35965603675125,130.77230425400194
176,field_size_scaled,True,modifiers,none,none,180.0,730.0,1.5,5,60.0,50.0,1.0,0.5,1.5,20.0,5.0,0,28430,2843700,2842872,0.18056158979167586,0.5406438256970648,0.738044836348594,7438,16470298,16465002,0.16548771030676554,0.5020748239560903,0.7580065280283598,1526.9114238921065,1493.8390807471646,169.90500300120544,1289.6701686206488,1865.9254691865842,576.2553005659354,386.10575931529024,11.628450515977192,-101086.10960700057,15.414132601625136,42.87450052152468,93.58513827252861,204.31066424200253
177,field_size_scaled,True,modifiers,none,none,180.0,180.0,1.5,10,50.0,10.0,0.5,0.5,1.5,15.0,5.0,0,28430,2843700,2842872,0.18084469356567698,0.5413532388020947,0.7371323788056585,7438,16470298,16465002,0.1671012292195387,0.5061583439685327,0.7553111138401319,1527.2760711480112,1491.9529679297018,176.2614739886875,1282.2311767744527,1879.32261632311,597.0914395486573,414.28061961354683,11.206144291746341,-120259.12034257995,16.487025165063045,40.939811878840125,82.74614833894584,103.25077153700113
178,field_size_scaled,True,modifiers,inverse_sqrt,evidence_decay,180.0,730.0,1.5,999999999,40.0,10.0,0.75,0.5,2.0,15.0,5.0,0,28430,2843700,2842872,0.18078967963765702,0.5413624468341298,0.7384423217084695,7438,16470298,16465002,0.16722130691186768,0.5069293144427225,0.7564162458042824,1526.7439770409455,1495.3137127587534,159.74014042418207,1304.4132636023583,1849.3211322216755,544.9078686193172,363.31224030636326,11.184173795401875,-99431.68377155323,14.724457306995633,40.40055105080615,87.28942430034719,181.52009556500707
179,field_size_scaled,True,modifiers,inverse_sqrt,none,180.0,180.0,2.0,10,50.0,50.0,0.5,0.5,1.5,15.0,10.0,0,28430,2843700,2842872,0.1808379897388049,0.5415772561766131,0.7387508125585676,7438,16470298,16465002,0.1665146229289075,0.5053480773210746,0.7577869714197423,1523.4499909098452,1494.7282827222857,156.36280588529527,1299.627179039995,1839.1708733569317,539.5436943169366,347.1278895241487,11.912329205363108,-159681.8959393306,13.912771558777207,41.44406938316923,96.84397326947821,104.71529464000196
180,field_size_scaled,True,modifiers,none,none,180.0,365.0,1.5,5,60.0,50.0,0.25,0.5,2.0,15.0,10.0,0,28430,2843700,2842872,0.18116298529564195,0.5423043608714446,0.7382495588967777,7438,16470298,16465002,0.16678645846671047,0.5056465900494415,0.7569685081119334,1525.0828805432475,1492.0318744424458,166.17275008313786,1294.0228063078375,1858.878940404072,564.8561340962344,387.75280209519497,11.457607675902636,-113958.9901921861,15.230509849999942,38.62261094367802,107.90741235238461,128.00470997400407
181,field_size_scaled,True,modifiers,none,none,180.0,180.0,1.5,10,60.0,10.0,1.0,0.8,1.25,10.0,10.0,0,28430,2843700,2842872,0.18126789519241593,0.5424030859169955,0.7364942916881239,7438,16470298,16465002,0.16775851836493383,0.5078953717196176,0.7544284537590703,1525.3160650380387,1490.902610009986,174.9888882792865,1281.8898544152407,1873.5294553000774,591.6396008848367,409.2071608204117,10.798951615030091,-140002.41561010364,16.691967180278738,41.148395353689935,81.43596609841482,143.25752272599493
182,field_size_scaled,True,modifiers,none,evidence_decay,365.0,365.0,2.0,5,50.0,50.0,0.25,0.8,1.5,10.0,5.0,0,28430,2843700,2842872,0.18116758344518322,0.5424231227633153,0.7377620237562578,7438,16470298,16465002,0.16715127517184122,0.5067894360057356,0.7561197988314851,1520.2232469611213,1489.0716884954636,164.11794456953353,1288.3562121089578,1848.258924650308,559.9027125413502,372.1366478933055,11.162677478244177,-222662.6158701265,15.439155852559242,40.29052091811694,97.22454736907511,155.68247436099045
183,field_size_scaled,True,modifiers,none,none,365.0,180.0,1.0,999999999,90.0,50.0,0.5,0.5,1.25,15.0,5.0,0,28430,2843700,2842872,0.18132983985800613,0.5424894861253413,0.7374078045019262,7438,16470298,16465002,0.1666194449674101,0.504810469489985,0.7568786812172874,1530.0106159505883,1495.1937408280055,168.79585138077104,1300.09547574696,1864.0315132160058,563.9360374690459,389.3602164595263,11.747446537896849,-3402.5802167391867,15.7720011418824,39.36202439173961,97.33955226807741,104.09491854299267
184,field_size_scaled,True,modifiers,none,none,180.0,730.0,1.5,5,50.0,50.0,0.75,0.8,2.0,10.0,5.0,0,28430,2843700,2842872,0.18137561778891542,0.5427447139772237,0.7376315219257146,7438,16470298,16465002,0.1665645803411263,0.5050649961047894,0.7572146058652164,1523.1072488816212,1491.6968149465179,162.9734839304802,1294.8831755885967,1849.9033498951385,555.0201743065418,367.2905572940549,12.021065143272494,-136899.6725793369,15.040532101207928,40.93085143372293,97.55436959571456,107.23416681900562
185,field_size_scaled,True,modifiers,inverse_sqrt,evidence_decay,180.0,730.0,1.0,20,60.0,20.0,0.5,0.7,2.0,10.0,5.0,0,28430,2843700,2842872,0.1814553596700147,0.5428792396171311,0.7381377001848834,7438,16470298,16465002,0.1670504693452246,0.5063754489328234,0.7574146058409225,1530.1830223101015,1496.5150179875147,161.7591547607654,1305.2412649317519,1860.6482760763101,555.4070111445583,383.6891385313311,10.858511900242775,-97.00856145603875,14.389781785748152,39.81836187529788,101.69377540103685,196.17229293499258
186,field_size_scaled,True,modifiers,inverse_sqrt,evidence_decay,365.0,730.0,1.5,10,50.0,10.0,1.0,0.8,1.5,20.0,10.0,0,28430,2843700,2842872,0.1814319964008513,0.5429583941390758,0.7378225259526282,7438,16470298,16465002,0.16816725496075188,0.5093799528657278,0.7554191004653386,1528.29138426843,1495.1085160343341,164.05978473084446,1297.044495559612,1858.7327944691242,561.6882989095122,386.91162860295935,10.713771463304965,-85317.56910871013,14.655764358493732,38.96986779721016,82.07361220616606,133.91674790499383
187,field_size_scaled,True,modifiers,inverse_sqrt,evidence_decay,365.0,180.0,2.0,999999999,50.0,10.0,0.25,0.5,1.25,10.0,10.0,0,28430,2843700,2842872,0.1814210260077438,0.5430643728215736,0.7377739834927496,7438,16470298,16465002,0.16838822411951496,0.5101607465127926,0.7548844512742847,1521.2083598778936,1492.9723827206722,154.06487840103472,1302.8112474773184,1831.1823947407383,528.37114726342,342.50980198215507,10.312748459538966,-196440.4524808155,14.649247453376965,40.38407129544104,88.46632865574183,142.00367802099208
188,field_size_scaled,True,modifiers,inverse_sqrt,evidence_decay,180.0,365.0,2.0,10,40.0,50.0,0.75,0.7,2.0,15.0,5.0,0,28430,2843700,2842872,0.18150028864764972,0.5431772611425032,0.7384416181945582,7438,16470298,16465002,0.16687615639668577,0.5062692317580311,0.7577745207683546,1523.0140782250633,1495.1500937065935,153.04793630020603,1304.7437830271615,1831.1295591043404,526.3857760771789,337.3513951223222,12.170503591946272,-150776.48085440465,13.432045562033968,41.25903255882595,105.36524474273949,128.50254365999717
189,field_size_scaled,True,modifiers,inverse_sqrt,evidence_decay,365.0,730.0,2.0,10,40.0,10.0,1.0,0.5,1.5,15.0,10.0,0,28430,2843700,2842872,0.18153648570113962,0.5433173527775649,0.7375974015010173,7438,16470298,16465002,0.16839389725526938,0.5101430709837967,0.7549956568483867,1524.278619753255,1493.6792588952585,160.098388732965,1296.8053092906655,1846.6724219715375,549.867112680872,367.42203152909906,10.656647106692049,-159337.22851069111,14.393352509042728,39.659943172210404,85.58092432424694,127.30264776000695
190,field_size_scaled,True,modifiers,inverse_sqrt,none,180.0,180.0,2.0,5,50.0,10.0,0.75,0.7,1.25,10.0,10.0,0,28430,2843700,2842872,0.18156152642877962,0.5434020873089614,0.7374450907392243,7438,16470298,16465002,0.16858447465358378,0.510707303230519,0.754631551213902,1521.6718857286655,1492.5749160841988,159.3783776366237,1293.7774033988799,1841.0245337659535,547.2471303670736,360.59388507030076,10.484227257881571,-198161.26106014798,14.654282048970845,40.42488960831908,87.96085221767972,107.91525911800272
191,field_size_scaled,True,modifiers,inverse_sqrt,evidence_decay,365.0,730.0,2.0,5,50.0,10.0,0.25,0.8,1.25,10.0,10.0,0,28430,2843700,2842872,0.1815734857814431,0.5434416347305884,0.7374735830526313,7438,16470298,16465002,0.1685665774394186,0.5106672266458002,0.7546942903499192,1521.7330032407765,1492.7246943579967,159.3482354034705,1294.2314573250737,1841.3561290134699,547.1246716883961,361.2633264688475,10.310707978909704,-197385.46548106987,14.65567682851642,40.38215926946971,88.18787281078433,192.0181482850021
192,field_size_scaled,True,modifiers,inverse_sqrt,evidence_decay,365.0,365.0,1.0,5,75.0,30.0,0.25,0.8,1.75,20.0,10.0,0,28430,2843700,2842872,0.18176513592809757,0.5437373251235267,0.738520411752622,7438,16470298,16465002,0.16762409754639765,0.5079449731508746,0.7571952314369594,1530.1593887182498,1496.297895116779,160.3489564169044,1308.351192907247,1855.7549464191425,547.4037535118955,382.9106853766523,11.592531204984084,-70.03604725899706,14.007060213875937,37.47309778536731,101.20155979032674,126.33224653199431
193,field_size_scaled,True,modifiers,none,none,365.0,730.0,2.0,999999999,50.0,50.0,1.0,0.7,1.25,15.0,5.0,0,28430,2843700,2842872,0.18172564746522268,0.5437377290924571,0.7368421793172538,7438,16470298,16465002,0.1675573644357259,0.5077102205679941,0.7554689638057742,1521.7496188349594,1491.6246839448709,160.03505933704605,1297.3328479551035,1837.623417838613,540.2905698835095,354.7644376243502,10.35529437208993,-181505.29796807937,15.091466216822793,39.53222999689578,90.5748772099605,127.56456246500602
194,field_size_scaled,True,modifiers,inverse_sqrt,none,365.0,180.0,1.5,10,50.0,50.0,1.0,0.8,2.0,10.0,5.0,0,28430,2843700,2842872,0.18182791946509338,0.5439310479818209,0.7379586558944616,7438,16470298,16465002,0.16724076465428528,0.5071613272603878,0.7573216207322659,1523.6466177942102,1495.0415147432313,153.7032449859548,1305.3693167200174,1834.7093401181166,529.3400233980992,348.4813784288526,11.469383161887095,-118927.17931765651,13.627319834202494,40.921823332070296,97.66196447063811,151.990201195993
195,field_size_scaled,True,modifiers,none,evidence_decay,365.0,730.0,1.0,999999999,60.0,30.0,0.5,0.7,2.0,15.0,5.0,0,28430,2843700,2842872,0.18192152482928226,0.5439777357402674,0.737262528879246,7438,16470298,16465002,0.16698802951852093,0.5058599440584909,0.7569279979437598,1528.9735534811693,1495.3202571739416,163.84911338034541,1305.438881419179,1857.30095112748,551.8620697083009,380.37828000500235,11.693643048234435,-3503.520644492178,15.053299976263744,38.577185668192826,102.92446127975396,126.81751697800064
196,field_size_scaled,True,modifiers,none,evidence_decay,365.0,180.0,1.0,5,90.0,50.0,1.0,0.5,1.25,10.0,5.0,0,28430,2843700,2842872,0.18201872867831878,0.5441522829847768,0.7364742415416522,7438,16470298,16465002,0.1671186686630811,0.5061405958771825,0.7564064674878266,1529.1068022901597,1494.508148701563,169.77948146461637,1296.0653147872554,1870.227950312601,574.1626355253456,402.45067139235925,11.394647042794531,-3125.7896856651537,15.46441432587834,39.85469522543905,97.69383118938757,127.56617351900786
197,field_size_scaled,True,modifiers,inverse_sqrt,none,180.0,730.0,1.0,20,60.0,10.0,0.5,0.7,1.75,15.0,5.0,0,28430,2843700,2842872,0.18198948580740157,0.5442065036607224,0.7373933824667449,7438,16470298,16465002,0.16836238881015622,0.5097165377409226,0.7555929844405728,1531.2602858695693,1496.1700737583342,163.77452451246086,1304.8829628793067,1865.9480309280418,561.0650680487352,396.09709215560656,11.368591801284765,-95.1381307248492,14.544262961247464,37.971791367471205,90.89343086246521,104.12341109500267
198,field_size_scaled,True,modifiers,none,none,365.0,365.0,1.0,20,75.0,50.0,0.75,0.8,1.5,15.0,10.0,0,28430,2843700,2842872,0.1820289335560288,0.5442602185722052,0.7369649424947728,7438,16470298,16465002,0.16741246731711085,0.506961910220628,0.7563023071603635,1530.456843246282,1494.841063083557,169.84352329597073,1297.5644064552712,1874.2385450501727,576.6741385949015,409.7920114328431,11.2526525733565,-3041.770378202825,15.418853656560037,37.970438385978404,97.18984001148883,135.47618638598942
199,field_size_scaled,True,modifiers,none,none,180.0,365.0,1.5,10,40.0,10.0,0.75,0.7,1.75,20.0,5.0,0,28430,2843700,2842872,0.1820255362862507,0.544302340999672,0.7362079615262312,7438,16470298,16465002,0.16828291697288902,0.5092625480714664,0.7543078342778216,1527.4363357053498,1492.40065919296,172.01525143471875,1289.95450634249,1871.6148149359908,581.6603085935008,408.74654891933005,10.898765513377157,-100626.39873791278,15.637199963232082,38.66568662211399,77.40083777798671,105.01277022299473
200,field_size_scaled,True,modifiers,none,none,180.0,180.0,1.5,999999999,60.0,50.0,0.75,0.8,1.25,20.0,5.0,0,28430,2843700,2842872,0.18209194371461548,0.5445566601645321,0.7367088634310655,7438,16470298,16465002,0.1679651209584223,0.5085879481504647,0.7552474029459577,1525.876798662389,1493.5951212013229,163.7774654572067,1299.037666444698,1850.2769500439108,551.2392835992127,378.0944553179288,10.840111797192094,-99014.71109343405,15.252605311945944,37.75416081383178,83.33048663573955,143.86397560700425
201,field_size_scaled,True,modifiers,inverse_sqrt,evidence_decay,180.0,730.0,1.0,999999999,75.0,50.0,0.5,0.7,1.75,20.0,10.0,0,28430,2843700,2842872,0.18216574015730622,0.54468227472764,0.7381250369344804,7438,16470298,16465002,0.16762500676008815,0.5078995971804687,0.7572774057361183,1528.7471167780561,1496.7899095228054,152.99382367073773,1318.0568959659702,1839.1143776898346,521.0574817238644,354.9642449305484,10.989809000762648,-121.57531494707504,13.529445183478499,38.068709919046405,109.63574320792623,129.01887904699834
202,field_size_scaled,True,modifiers,inverse_sqrt,none,365.0,730.0,2.0,20,40.0,20.0,0.25,0.7,2.0,10.0,10.0,0,28430,2843700,2842872,0.18203896940475803,0.5446970425754746,0.7380940823223838,7438,16470298,16465002,0.16826432714442932,0.5100840268573107,0.7562209224147073,1520.986119329666,1493.3103984844233,149.7750824819156,1307.7881292122684,1825.484708430677,517.6965792184087,336.25441199861757,11.081692912321728,-190164.3778573511,13.426585005217744,38.71671505136524,101.14896875585396,104.23145629800274
203,field_size_scaled,True,modifiers,inverse_sqrt,evidence_decay,180.0,180.0,1.5,20,60.0,10.0,0.5,0.5,1.25,10.0,10.0,0,28430,2843700,2842872,0.18216314454023932,0.5448423086202462,0.7373476540625115,7438,16470298,16465002,0.16904490129964922,0.5117748700514203,0.754658274563222,1525.9479463133152,1494.1165387792103,159.56936914754561,1301.6477726617131,1850.157767010433,548.5099943487198,375.72904195542264,9.990462933737604,-112523.47607189763,14.391119536609176,38.33040154337266,80.27083785932292,163.05970003000402
204,field_size_scaled,True,modifiers,inverse_sqrt,none,180.0,180.0,1.5,5,50.0,20.0,0.75,0.8,1.5,20.0,5.0,0,28430,2843700,2842872,0.18225396857435017,0.5450187937017089,0.7371995643841861,7438,16470298,16465002,0.16869385223291633,0.5108278601322873,0.7551890974565324,1526.8645465848674,1495.4386741058756,159.43583800197294,1302.0033710555547,1849.3764609246,547.3730898690453,375.68760919459555,10.72474012052885,-83558.1665307913,13.982554249023696,37.87488729297772,81.7813093919252,103.20426999698975
205,field_size_scaled,True,modifiers,inverse_sqrt,evidence_decay,180.0,365.0,2.0,5,40.0,50.0,0.5,0.5,2.0,20.0,10.0,0,28430,2843700,2842872,0.18227221949314326,0.5450868103033322,0.7379920728052477,7438,16470298,16465002,0.16772763309171965,0.5084968053512885,0.7571808372692576,1523.3403806937115,1495.4281530582725,149.97309205054702,1309.821218918518,1826.5092150508895,516.6879961323714,336.7890914881573,11.667625270823123,-122341.94632567151,12.865818980753543,39.09176961412063,105.14756801353357,130.17818785800773
206,field_size_scaled,True,modifiers,inverse_sqrt,none,365.0,180.0,1.0,20,90.0,50.0,0.25,0.5,1.25,15.0,10.0,0,28430,2843700,2842872,0.18232289982015876,0.5451026395163597,0.7376614212669441,7438,16470298,16465002,0.16838182104228763,0.5098808935549177,0.7561487693715433,1530.2884907258288,1496.277831980725,159.58222073711568,1309.54279479198,1857.7396230464976,548.1968282545176,384.85572066421196,10.93660296308019,-80.67030559579095,13.978969477762236,37.04237258425973,94.7376954686587,106.51038384099957
207,field_size_scaled,True,modifiers,inverse_sqrt,none,365.0,180.0,1.5,999999999,50.0,50.0,1.0,0.8,1.75,20.0,10.0,0,28430,2843700,2842872,0.18232810847505015,0.5452107795372615,0.73763996409265,7438,16470298,16465002,0.16796901975244,0.5090137526616638,0.7566200720777319,1525.0606616338598,1495.908274847854,149.96561804882182,1314.8069549347397,1828.2655727380711,513.4586178033314,342.3152441184254,11.011594473950822,-81637.07857180535,13.310805743539845,38.590017104386355,90.53513011929923,106.33287409499462
208,field_size_scaled,True,modifiers,inverse_sqrt,none,365.0,730.0,1.5,999999999,50.0,30.0,0.5,0.5,1.75,10.0,10.0,0,28430,2843700,2842872,0.1824562260029922,0.5455525617285937,0.7371724790986017,7438,16470298,16465002,0.16825594121176646,0.5098260094259185,0.7560823254075524,1522.5231801484276,1495.3032180741905,147.77077550025504,1314.4336523364989,1823.1074848596277,508.6738325231288,332.9639548307398,10.77652526901727,-115417.0216530439,13.366878175494751,38.7102306562783,84.34166881022799,104.92049914400559
209,field_size_scaled,True,modifiers,inverse_sqrt,none,365.0,180.0,1.5,5,50.0,20.0,1.0,0.8,1.5,15.0,10.0,0,28430,2843700,2842872,0.18261775845515918,0.5459374284297683,0.7368193151151371,7438,16470298,16465002,0.16915747499687453,0.5120741964969525,0.7546924075684898,1525.45061735571,1495.248778559946,157.34209880156902,1303.4726268899972,1843.929012969,540.4563860790029,369.1851972298705,10.426864000614614,-96761.3041331522,13.869084262860964,37.640184681523536,81.04592358285147,105.68764080299297
210,field_size_scaled,True,modifiers,none,evidence_decay,365.0,180.0,1.5,5,40.0,20.0,0.5,0.8,2.0,10.0,5.0,0,28430,2843700,2842872,0.18268089304395757,0.5460398553107468,0.7360848465917565,7438,16470298,16465002,0.16831004368498453,0.5096207187071304,0.7550419975655028,1522.96800641971,1491.7031393454508,162.09042794427035,1296.6556136413312,1847.957393617873,551.3017799765419,372.457426650941,10.383372703833402,-130868.17719784543,14.696071328786259,38.26535708321794,80.5710452933,172.17452455998864
211,field_size_scaled,True,modifiers,inverse_sqrt,evidence_decay,365.0,180.0,1.0,5,90.0,50.0,0.5,0.5,1.25,10.0,5.0,0,28430,2843700,2842872,0.1828260729372065,0.5462895637787342,0.736872430415439,7438,16470298,16465002,0.16857568168116419,0.5103937664308097,0.7559930451268697,1528.2876796227285,1496.2758344979738,157.47623079135863,1308.9872810405009,1850.779507258695,541.7922262181942,377.9589402512481,10.476443113095229,-46.995691288796856,13.764945666409556,37.64394573898132,94.9435280840997,203.78964641600032
212,field_size_scaled,True,modifiers,inverse_sqrt,evidence_decay,180.0,365.0,1.5,999999999,60.0,20.0,0.75,0.7,1.25,10.0,10.0,0,28430,2843700,2842872,0.1827654411147003,0.5463337528618055,0.7367461496683635,7438,16470298,16465002,0.1694526703716738,0.5128519037827369,0.7543602484834195,1523.4705416810828,1494.594739914411,151.03419699179187,1313.0752419913476,1831.1352975504833,518.0600555591357,347.5819161431957,9.879479478798771,-112645.84855996266,13.886200146846805,37.45289491627536,80.06782793359687,188.31545844700304
213,field_size_scaled,True,modifiers,inverse_sqrt,none,365.0,180.0,1.5,999999999,50.0,20.0,0.75,0.5,1.5,15.0,10.0,0,28430,2843700,2842872,0.1827824090006453,0.5463375260877293,0.7366951449097955,7438,16470298,16465002,0.16919173745316143,0.5121422219916169,0.7547109924432441,1524.5268331685188,1495.5054920802904,150.85841233203735,1315.0744332747652,1831.643287530703,516.5688542559378,346.09121594724775,10.003997760072025,-95362.34280049808,13.561017923308773,37.477654595128655,81.06023468988509,109.11673671899189
214,field_size_scaled,True,modifiers,none,none,180.0,180.0,1.0,20,60.0,20.0,0.25,0.5,2.0,15.0,10.0,0,28430,2843700,2842872,0.18320963220393077,0.5472456530398486,0.7364949952020351,7438,16470298,16465002,0.16876516942510483,0.5105898174532475,0.755334800445211,1529.0855163287943,1494.108892524942,163.2854599873324,1307.9061004906296,1861.8508549173198,553.9447544266902,399.30032568790216,10.621656215369967,-3014.3930927441456,14.46804057707893,34.804158461140226,91.06567094909995,175.60479455000313
215,field_size_scaled,True,modifiers,inverse_sqrt,evidence_decay,180.0,180.0,2.0,5,40.0,20.0,0.5,0.7,1.5,10.0,10.0,0,28430,2843700,2842872,0.1831321462030188,0.5473805756210721,0.7365252463002203,7438,16470298,16465002,0.16973099294254806,0.5138146855865481,0.7542167319505944,1520.9197385893517,1493.607100411452,151.88752782334439,1304.4351538532705,1828.5471614270746,524.112007573804,348.24633440627736,9.545400495248941,-174831.677950607,13.397112168059262,37.55273853369877,83.56002552332451,209.61322387801192
216,field_size_scaled,True,modifiers,inverse_sqrt,none,365.0,365.0,2.0,5,40.0,20.0,0.75,0.8,1.5,10.0,5.0,0,28430,2843700,2842872,0.18340810006286024,0.5480249050898561,0.7359314805590966,7438,16470298,16465002,0.17015857199886675,0.5149122884219085,0.7534941690259133,1520.20896616731,1493.4545715267918,150.64253187186304,1305.490696787419,1824.129070156209,518.6383733687901,341.6552449679898,9.674806103321089,-186910.29129095253,13.368406259560386,37.499644245023944,83.83608726159086,103.95270255500509
217,field_size_scaled,True,modifiers,none,evidence_decay,180.0,730.0,2.0,999999999,40.0,10.0,1.0,0.5,1.25,20.0,10.0,0,28430,2843700,2842872,0.1834967171360865,0.5480454264209255,0.734930732020295,7438,16470298,16465002,0.17016051829308151,0.5142769901223403,0.7523180987162953,1522.7527784742817,1491.9022142788228,159.43476218658523,1299.7318169954776,1839.902852468568,540.1710354730903,373.88771208883463,9.779352314434163,-146733.7089306399,14.760651676640148,36.82243555260086,72.32166276503044,193.35305292799603
218,field_size_scaled,True,modifiers,none,evidence_decay,365.0,180.0,1.0,20,75.0,30.0,1.0,0.7,1.25,20.0,5.0,0,28430,2843700,2842872,0.18362807611392742,0.5481844429554867,0.7351607810692848,7438,16470298,16465002,0.16951381697762014,0.5123232158608378,0.7537253867324158,1530.5648746963163,1494.5522521570974,168.4802785908439,1300.9107199743287,1868.587536209225,567.6768162348963,411.63963487426463,11.149479170787117,-3440.6297355351953,14.931227686573195,35.57194656873865,80.87353012238292,183.12110641000618
219,field_size_scaled,True,modifiers,inverse_sqrt,none,180.0,180.0,1.0,999999999,50.0,10.0,0.5,0.7,2.0,10.0,10.0,0,28430,2843700,2842872,0.18361552074716092,0.5482350863260618,0.735981078289842,7438,16470298,16465002,0.1699489398039015,0.5138753244324634,0.7542478282116213,1527.2596010629857,1496.1068272589312,151.4490933989141,1320.597612128465,1838.1060993131734,517.5084871847084,360.8058513193844,10.164411102007307,-62.726575765908805,13.631291279972276,35.89329636810287,86.19683507041445,164.16537885399885
220,field_size_scaled,True,modifiers,none,none,365.0,730.0,1.0,10,60.0,10.0,1.0,0.8,1.5,15.0,10.0,0,28430,2843700,2842872,0.18368469166705143,0.5482690167218078,0.734792139779772,7438,16470298,16465002,0.17001145167708262,0.5135356694700577,0.7528322195162807,1529.9912319365455,1493.7471305286638,170.93993516330266,1296.2875991707026,1874.0564516276213,577.7688524569187,422.81357995489066,11.009130426009733,-2932.0580782275993,15.408557394675134,35.766034137721554,77.46110327500833,105.03464784599782
221,field_size_scaled,True,modifiers,none,evidence_decay,365.0,730.0,1.0,20,60.0,10.0,0.5,0.5,1.5,20.0,5.0,0,28430,2843700,2842872,0.18367922697284766,0.5482746711915804,0.7349553550071899,7438,16470298,16465002,0.16991739138298384,0.5133047865036777,0.753060521948312,1530.8994377935226,1494.1646762698651,170.2964071083306,1299.3030740272445,1873.9406273960358,574.6375533687913,420.2233758030968,11.05947234497603,-3062.6151959738977,15.15662156604689,35.3452558889311,77.49841170073279,128.16862925600435
222,field_size_scaled,True,modifiers,inverse_sqrt,evidence_decay,180.0,730.0,1.5,5,40.0,10.0,1.0,0.7,1.75,15.0,5.0,0,28430,2843700,2842872,0.18358210963620675,0.54833148959363,0.7360088670893378,7438,16470298,16465002,0.1704140665528013,0.5153366991909634,0.7534276035921527,1525.1026387564648,1494.5148907257671,155.06180157304155,1307.1054013718385,1839.2213294138069,532.1159280419683,368.5638104550303,9.816062315654563,-92935.7899025352,13.475962156278811,36.0504340530925,75.34892200818598,135.72928236400185
223,field_size_scaled,True,modifiers,inverse_sqrt,evidence_decay,180.0,730.0,1.0,5,50.0,10.0,0.5,0.7,2.0,10.0,5.0,0,28430,2843700,2842872,0.18370888606033636,0.5484637641640421,0.735896656620488,7438,16470298,16465002,0.17004013727113929,0.5141462911618997,0.7541957784153321,1528.1814427398683,1495.9883051120505,156.79726776174874,1310.6955590913203,1849.5948890277537,538.8993299364333,382.19666602734674,10.428162075579849,-66.73610791371027,13.649542808047636,35.9080459475623,86.18849326743216,126.41252151499793
224,field_size_scaled,True,modifiers,inverse_sqrt,evidence_decay,180.0,730.0,1.5,10,60.0,30.0,0.25,0.7,1.25,10.0,10.0,0,28430,2843700,2842872,0.18364107973344096,0.5485432584406376,0.7361245951277441,7438,16470298,16465002,0.17024346018205241,0.5150161306201532,0.7538995136471893,1523.5884118012925,1494.2760853585244,151.99637275380684,1308.4411875884612,1832.5691242612336,524.1279366727724,357.5627951947049,9.54733928661858,-111427.67422204203,13.362293257087316,36.02416413722436,78.52113018717331,135.66583018600068
225,field_size_scaled,True,modifiers,inverse_sqrt,evidence_decay,365.0,180.0,1.5,20,60.0,30.0,0.25,0.5,1.25,10.0,5.0,0,28430,2843700,2842872,0.18367586349235088,0.5486338442779324,0.7361801727267355,7438,16470298,16465002,0.170259543485833,0.5150599843055452,0.7539140900195457,1523.787761219735,1494.2913716159712,151.1655594612068,1311.2988011279108,1831.5676584001242,520.2688572722134,353.7042672603179,9.57028004352992,-112862.82646200975,13.27935705632213,35.93430697161938,78.53863356725014,177.64289331001055
226,field_size_scaled,True,modifiers,inverse_sqrt,none,365.0,180.0,1.5,999999999,40.0,30.0,1.0,0.7,2.0,10.0,5.0,0,28430,2843700,2842872,0.18415119612556846,0.5497243214652344,0.7355649498113176,7438,16470298,16465002,0.16998225333655476,0.5143368035945497,0.7544116301959757,1521.714924430504,1495.456674633877,143.34408430960306,1320.744889892192,1813.813605504753,493.06871561256094,323.81348872545937,9.202873714233874,-110053.66403491519,12.638788785680307,36.952846463667576,85.20619960869216,102.92838799100718
227,field_size_scaled,True,modifiers,none,evidence_decay,180.0,730.0,1.5,5,40.0,20.0,0.75,0.8,1.75,10.0,5.0,0,28430,2843700,2842872,0.18419427682664716,0.5497656041772516,0.7345251562504397,7438,16470298,16465002,0.17024516427360695,0.514603448804131,0.752808047032123,1522.4302629124672,1491.5367376830427,159.26403048358821,1300.8133363022139,1842.688978909091,541.8756426068771,375.51654894987973,9.855553119668912,-125470.49117671436,14.245128136351552,36.28671136087791,75.22509979524177,127.5479419809999
228,field_size_scaled,True,modifiers,none,evidence_decay,180.0,180.0,2.0,20,40.0,50.0,0.25,0.8,1.5,20.0,5.0,0,28430,2843700,2842872,0.18414227023593469,0.549809126307531,0.7357380142334935,7438,16470298,16465002,0.17019847407971103,0.5147188899821722,0.7537550253562071,1523.1468555853141,1491.6710203079838,155.7295480002987,1306.5556236106618,1838.0516422468827,531.4960186362209,371.705768966184,10.042670314448742,-135166.90761403507,13.67485418942309,34.067155869797,78.05310223670372,208.172659044998
229,field_size_scaled,True,modifiers,inverse_sqrt,none,180.0,180.0,1.0,20,50.0,20.0,1.0,0.8,2.0,10.0,10.0,0,28430,2843700,2842872,0.18428710932871772,0.5498862480634067,0.735388719576541,7438,16470298,16465002,0.1704017632070751,0.5150992674514622,0.7539681440670338,1528.1135447352603,1496.476911079602,153.29660840987714,1315.4382100665634,1843.0760829162232,527.6378728496597,372.2890616775478,9.887951316593444,-127.3932428456272,13.187931600431979,35.61406365976458,86.14184316636948,141.7670282600011
230,field_size_scaled,True,modifiers,none,none,365.0,180.0,1.0,5,60.0,10.0,0.25,0.5,1.5,10.0,5.0,0,28430,2843700,2842872,0.18447576593461404,0.5502495894552494,0.7341572184748382,7438,16470298,16465002,0.17062765635057356,0.5152315571924081,0.7525371087109495,1527.9041458815539,1493.4833197920386,165.6979621939884,1301.770417469041,1863.0547679913634,561.2843505223225,410.4994373594134,10.532066001766225,-3010.5586892746255,14.883793068890215,34.399618544420306,77.13898252611851,133.80433477800398
231,field_size_scaled,True,modifiers,none,none,180.0,180.0,1.0,5,50.0,10.0,1.0,0.8,1.75,15.0,10.0,0,28430,2843700,2842872,0.18448321945750232,0.5502519663808974,0.7341086760149595,7438,16470298,16465002,0.17079157587202207,0.5155979874854166,0.752196689681544,1528.782060420437,1493.720758262631,167.2207209605617,1300.0214704705145,1865.6805370893774,565.6590666188629,415.1532239108353,10.679001851297699,-2791.260130621059,14.836000547596786,34.627467492390394,75.15154961557724,142.7073993189988
232,field_size_scaled,True,modifiers,inverse_sqrt,evidence_decay,365.0,730.0,1.5,5,50.0,30.0,0.75,0.7,1.5,10.0,10.0,0,28430,2843700,2842872,0.1843931339460343,0.5503614155136212,0.7352997250667634,7438,16470298,16465002,0.1707100817753972,0.5162345115995227,0.7535385054918304,1522.277362378542,1494.5408808901252,148.32568036637164,1312.9355189692494,1823.8651289482236,510.9296099789742,345.3704947358617,9.573860801787305,-109999.03387606176,12.835951984314471,35.75939578782331,79.41798318657673,177.79479429099592
233,field_size_scaled,True,modifiers,none,evidence_decay,365.0,365.0,1.5,10,50.0,30.0,0.25,0.7,1.5,10.0,10.0,0,28430,2843700,2842872,0.18444459828194884,0.5504560597802656,0.7347946020784615,7438,16470298,16465002,0.17051207444800098,0.5154201132920708,0.7530478283573849,1521.9885697070079,1491.1248971926273,155.71043680789265,1304.7869500858565,1836.3493577175345,531.5624076316781,367.65102106996073,9.57241370826182,-123859.1417213269,13.91379976870209,34.563278776850595,72.5210174132513,187.41536382799677
234,field_size_scaled,True,modifiers,inverse_sqrt,none,180.0,180.0,2.0,10,40.0,20.0,0.25,0.8,1.5,10.0,5.0,0,28430,2843700,2842872,0.18450204522738956,0.5507858562050255,0.7354003275560771,7438,16470298,16465002,0.17120508842923537,0.5177261732588395,0.7529443968485398,1519.5577576954686,1493.2880917163438,145.12895146261033,1312.6454533210397,1813.7203336822542,501.0748803612146,331.5685037258122,9.115114446520693,-180310.17315465005,12.670612734835357,35.4000795917008,75.50482446146091,105.08480262699595
235,field_size_scaled,True,modifiers,inverse_sqrt,none,180.0,365.0,1.5,10,40.0,10.0,0.5,0.8,1.75,10.0,10.0,0,28430,2843700,2842872,0.18465676842761408,0.5510108904012316,0.7349810332649518,7438,16470298,16465002,0.17152300385633198,0.5182913073732573,0.7524483143093453,1522.9233852558045,1494.3424374957856,149.33310694439916,1312.3788290283144,1827.1493664915565,514.7705374632421,354.00540971939336,9.067177505864947,-110656.80114539238,12.99501781590187,34.92410767474267,73.94999995720785,105.45484137200401
236,field_size_scaled,True,modifiers,none,evidence_decay,365.0,730.0,1.5,10,50.0,50.0,1.0,0.5,1.5,15.0,5.0,0,28430,2843700,2842872,0.18507032904146628,0.5518880226238828,0.7341192287236288,7438,16470298,16465002,0.17035829534226538,0.5149874121948522,0.7535375337336734,1522.6354379122938,1493.1068530433104,152.0436002977111,1310.9405575967846,1829.9136947244458,518.9731371276612,354.9464793205268,9.450126761420051,-102344.62353567359,13.054620433776513,35.854821985415875,74.82108035740656,178.02905868900416
237,field_size_scaled,True,modifiers,inverse_sqrt,evidence_decay,365.0,730.0,1.0,999999999,75.0,30.0,0.5,0.5,1.25,15.0,10.0,0,28430,2843700,2842872,0.18516374038332112,0.5520817765890209,0.7348431445383401,7438,16470298,16465002,0.17154375054964102,0.518049092205966,0.7529880652307239,1526.7184779891886,1496.2712250231125,146.5542774875021,1326.742852169636,1828.519630440691,501.7767782710548,354.9034914649608,9.842324402575287,-23.793433814056858,12.69699250031002,33.44520286495302,79.60119282865789,128.64850743599527
238,field_size_scaled,True,modifiers,none,evidence_decay,180.0,730.0,2.0,10,40.0,50.0,0.5,0.8,1.5,10.0,5.0,0,28430,2843700,2842872,0.18512081832261493,0.55223914875673,0.7344122422676786,7438,16470298,16465002,0.17120479517314374,0.5174582297785009,0.7524795927750267,1518.2135313292683,1489.861243152558,149.37860134434723,1308.3073619865636,1819.7682802051136,511.46091821855,344.47028860875207,9.154053865697051,-195712.348212389,13.289535495088348,34.56598032813865,76.26196399586013,126.5669004060037
239,field_size_scaled,True,modifiers,none,evidence_decay,180.0,180.0,1.5,5,50.0,30.0,0.5,0.5,1.25,20.0,10.0,0,28430,2843700,2842872,0.18524634486551567,0.552351637984961,0.7339007876541751,7438,16470298,16465002,0.17139011096661583,0.5175043699346371,0.7519986332221521,1524.5222328264895,1492.8021496036117,157.93400641583065,1305.4283514856768,1843.1558002375964,537.7274487519196,383.9381200044604,10.010218190275737,-83729.97434623024,13.552819956697897,33.56353057209501,68.20788899477323,161.5102404759964
240,field_size_scaled,True,modifiers,none,none,180.0,730.0,1.0,5,50.0,20.0,1.0,0.8,1.75,20.0,5.0,0,28430,2843700,2842872,0.18534424620570114,0.5524042402942315,0.7336366181804879,7438,16470298,16465002,0.17129049910117494,0.5169669259184363,0.7521156693451966,1528.3612908755522,1494.2577047255236,162.16930616719372,1306.8018190837042,1854.874477791116,548.0726587074118,400.8044343666829,10.592886286199473,-3247.5287567896494,13.943994002171362,33.53575384412176,75.12648052903543,103.71652112000447
241,field_size_scaled,True,modifiers,none,none,365.0,365.0,1.0,20,60.0,50.0,0.5,0.5,2.0,15.0,5.0,0,28430,2843700,2842872,0.18534772518905254,0.5524378516607581,0.7347499289450949,7438,16470298,16465002,0.17044407864787692,0.5150099936102202,0.754239568267286,1526.5805691386793,1494.5277261250476,151.7614976578549,1320.0359812106883,1834.8201099588189,514.7841287481306,366.6322231192389,9.711671882493192,-2760.3623063441373,12.860225853446183,33.95285550974384,91.59524855857893,129.12075446998642
242,field_size_scaled,True,modifiers,inverse_sqrt,evidence_decay,365.0,365.0,1.0,10,60.0,20.0,0.25,0.8,1.75,15.0,5.0,0,28430,2843700,2842872,0.1853313996842446,0.552553199692937,0.7353225892688802,7438,16470298,16465002,0.17154493288253025,0.5181886496717529,0.7535570903665848,1527.1025997425613,1496.16622084978,148.20781316689897,1322.9732106017873,1831.418730177195,508.4455195754076,360.86768844984476,9.746539428170081,-7.5197461922197055,12.410097999315635,32.670113955196165,82.30543321339115,130.09108662599465
243,field_size_scaled,True,modifiers,inverse_sqrt,none,365.0,365.0,1.5,999999999,50.0,10.0,0.75,0.7,1.25,20.0,10.0,0,28430,2843700,2842872,0.1854395277986091,0.5529048135214586,0.7346095779197938,7438,16470298,16465002,0.17259546288376731,0.5209356601589261,0.7514911932594968,1524.0097590167115,1495.0472278606724,144.66372590750746,1322.937663083981,1816.5981387623074,493.6604756783263,344.0670413506223,9.436950992452012,-76873.62840391196,12.654394453871815,32.9818411139956,67.01790538529164,158.26674678099516
244,field_size_scaled,True,modifiers,none,none,180.0,365.0,1.5,10,50.0,30.0,0.25,0.7,1.25,20.0,5.0,0,28430,2843700,2842872,0.1854744630308978,0.5529216222389458,0.7337087283563946,7438,16470298,16465002,0.17179346056523986,0.5185855209863915,0.7515611598468072,1524.3019541657764,1492.1961505232553,156.9468425709505,1307.1887095460986,1840.6726455614007,533.4839360153021,381.5855021009297,9.736885066621653,-91156.18916967892,13.608456870904897,32.809963102964986,66.88392488181888,105.73355255200295
245,field_size_scaled,True,modifiers,inverse_sqrt,evidence_decay,180.0,180.0,2.0,10,40.0,50.0,0.25,0.7,1.5,20.0,10.0,0,28430,2843700,2842872,0.18550891083043705,0.5532551205818,0.7355473619635354,7438,16470298,16465002,0.17196321540500192,0.5196412481487913,0.7531736103038432,1522.2877131731586,1494.7577488356087,142.28657076819627,1321.9202861583292,1813.725375477683,491.8050893193538,338.83156930948985,9.23810376881238,-109318.31306529723,11.831542779012112,32.619324765638034,77.54040843621111,180.43644247700286
246,field_size_scaled,True,modifiers,none,evidence_decay,180.0,730.0,1.5,5,40.0,10.0,1.0,0.8,1.5,15.0,5.0,0,28430,2843700,2842872,0.18563310041006353,0.5532684674198469,0.7331919973885563,7438,16470298,16465002,0.1723324114930068,0.5199008470922839,0.7505732462103557,1523.458076337485,1491.599584487459,158.71625396981293,1303.267957579535,1843.950735891926,540.6827783123908,388.90066315446984,9.673072771715397,-103454.32322745705,13.932537385667686,33.62212162558807,64.73343832452892,155.07198933399923
247,field_size_scaled,True,modifiers,none,evidence_decay,180.0,730.0,1.5,999999999,50.0,50.0,0.25,0.7,2.0,10.0,5.0,0,28430,2843700,2842872,0.18583900323156097,0.5539289099991258,0.7343883227946949,7438,16470298,16465002,0.17185905554558872,0.5190038876107107,0.7524424837604028,1520.0257720474565,1491.6348732818678,144.0309274873641,1322.2654573633488,1809.1613779758695,486.89592061252074,336.50830509824095,9.2123029208949,-117324.52856165331,12.95126274352707,32.115149895042265,88.36585520154061,128.01306736900005
248,field_size_scaled,True,modifiers,inverse_sqrt,none,365.0,365.0,1.0,10,50.0,10.0,0.25,0.5,2.0,15.0,5.0,0,28430,2843700,2842872,0.1859285025483776,0.5540128566813168,0.7347791247724133,7438,16470298,16465002,0.172212524010586,0.5199051456117746,0.7529156085131359,1526.6575756742723,1496.0909772140703,146.56505803376922,1325.1658955833614,1827.3327194016495,502.1668238182881,357.2923582832184,9.62006085261396,-7.620271715837261,12.169422697586782,31.980009308273047,81.39224809110371,103.08454136100772
249,field_size_scaled,True,modifiers,none,evidence_decay,365.0,365.0,1.5,10,50.0,50.0,0.25,0.7,1.75,10.0,10.0,0,28430,2843700,2842872,0.18596434706040746,0.554231915521965,0.7341705852391526,7438,16470298,16465002,0.1720217997291484,0.5194373581517444,0.7522200726121989,1520.6281797379233,1491.0814409694594,148.00131892567188,1315.9457746163428,1821.2336073478477,505.287832731505,354.90021318319805,9.106444952717766,-117342.1057416207,12.952111966131369,32.07915134483423,84.02238022338769,242.793152068989
250,field_size_scaled,True,modifiers,none,none,365.0,730.0,2.0,20,40.0,20.0,0.75,0.7,1.25,10.0,5.0,0,28430,2843700,2842872,0.1860045031631711,0.5543272661858605,0.7327311957766652,7438,16470298,16465002,0.17276280191535898,0.5212931959968964,0.7499965684790078,1518.6540588615346,1489.7186704328888,150.81900702514505,1308.1087463453302,1823.3996037859984,515.2908574406681,354.69465611589317,8.619282527993164,-197229.45719426768,13.438901521330102,34.3175470505329,69.28931443320026,104.1513534560072
251,field_size_scaled,True,modifiers,inverse_sqrt,evidence_decay,365.0,365.0,1.5,20,50.0,20.0,0.25,0.8,1.25,20.0,10.0,0,28430,2843700,2842872,0.18602942930763752,0.5543866568968397,0.7342040021499385,7438,16470298,16465002,0.17299711822127636,0.5220459177622526,0.7514105980673431,1524.6658480806257,1495.093567633993,146.06088342821425,1320.5395189770425,1823.0112740037207,502.47175502667824,354.96956535139566,9.507250699767155,-74870.72601548563,12.250617849150563,32.10576434020349,66.93651202126881,207.38510953499645
252,field_size_scaled,True,modifiers,inverse_sqrt,none,180.0,730.0,1.5,999999999,50.0,50.0,0.5,0.5,1.5,15.0,10.0,0,28430,2843700,2842872,0.18623255989431178,0.5548766339198314,0.7343672173773564,7438,16470298,16465002,0.17225877661952968,0.5202677838700499,0.7528112659810184,1521.215094010429,1495.6265593306807,135.6065745334584,1331.9838787273181,1796.8394545341378,464.8555758068196,313.7520505581738,8.716957185954357,-85684.07450218804,11.491092671233616,32.9825057300987,73.15466549905526,118.44450140099798
253,field_size_scaled,True,modifiers,inverse_sqrt,evidence_decay,180.0,180.0,1.0,999999999,60.0,30.0,1.0,0.7,1.5,15.0,10.0,0,28430,2843700,2842872,0.18655430310385077,0.5554947582422277,0.7337428487810917,7438,16470298,16465002,0.17286468444817094,0.5214810524106008,0.7519518066259573,1525.6606193587613,1496.6623638488024,141.7640430620936,1331.8395064957974,1817.495153626732,485.65564713093454,344.3429414136697,9.126592184183437,-39.94469467636628,11.966511471954016,31.946295616280036,76.82615511605565,129.93671374699625
254,field_size_scaled,True,modifiers,none,none,180.0,365.0,1.0,10,50.0,30.0,1.0,0.7,1.75,15.0,5.0,0,28430,2843700,2842872,0.18674339834765083,0.5558412699080321,0.7325563725697112,7438,16470298,16465002,0.17237728078901948,0.5198718144064602,0.7515449436325607,1526.3790378678793,1494.5691734055945,153.92449972949257,1316.7614341902718,1838.242485987735,521.4810517974634,378.57977630962023,9.805878816265476,-2725.0697933458396,12.96962078633401,32.282421780663185,75.33389740798528,107.29304070200305
255,field_size_scaled,True,modifiers,none,none,180.0,365.0,1.0,999999999,60.0,30.0,0.25,0.7,1.5,15.0,5.0,0,28430,2843700,2842872,0.18672070063965926,0.5558626765563732,0.7332950621765595,7438,16470298,16465002,0.17270028907052526,0.5207675758292092,0.7515575157537181,1525.50031225842,1494.2332926860918,149.2062525527678,1323.4167936740673,1826.6185874080365,503.2017937339692,364.18255594720154,9.965536062427873,-2615.263825381496,13.006117938120516,30.43478147070142,75.29533516401118,144.28515565599082
256,field_size_scaled,True,modifiers,none,evidence_decay,180.0,730.0,1.0,20,50.0,30.0,1.0,0.5,1.75,20.0,5.0,0,28430,2843700,2842872,0.18687791868872433,0.5561546155217832,0.7324744131990466,7438,16470298,16465002,0.17237133962928575,0.519839591602716,0.7516028847126772,1527.0469111040486,1495.1631919895192,153.09837911428855,1318.5952515469035,1837.6178030436386,519.0225514967351,376.38725042722604,9.832682045992442,-2772.050204158857,12.648121524193863,32.281177976529634,75.36314140308853,127.80916843899467
257,field_size_scaled,True,modifiers,inverse_sqrt,evidence_decay,365.0,365.0,1.0,5,60.0,30.0,0.75,0.7,1.5,15.0,10.0,0,28430,2843700,2842872,0.18683354107333489,0.556171907828419,0.7334287298197034,7438,16470298,16465002,0.17315188745402468,0.5222594828997484,0.7517406921663295,1525.90923265901,1496.2787810694754,145.2316104908456,1324.9219574678355,1823.8089682784805,498.88701081064505,358.5026221900914,9.231217262754853,18.583167489471737,11.921423698507523,31.731600714025795,75.2911132155345,233.51711866400728
258,field_size_scaled,True,modifiers,inverse_sqrt,none,180.0,365.0,1.0,5,50.0,20.0,1.0,0.7,1.75,15.0,5.0,0,28430,2843700,2842872,0.18691286650340055,0.5563406224804663,0.7332173238893626,7438,16470298,16465002,0.17339668002900932,0.5228507802343628,0.7513226539541265,1526.0964230679133,1496.4232355524382,145.8773575736283,1324.665528326302,1825.8660175812859,501.20048925498395,361.75563443324495,9.6502470753735,-36.26673537422061,11.983452026166376,31.716226904429817,74.75602374942922,117.18932636099635
259,field_size_scaled,True,modifiers,inverse_sqrt,evidence_decay,365.0,730.0,1.0,5,60.0,30.0,0.25,0.5,1.75,15.0,5.0,0,28430,2843700,2842872,0.18704031300982568,0.5567416814246825,0.7341776203782654,7438,16470298,16465002,0.17332296985905005,0.5228089136569769,0.7522325232635866,1525.219127161174,1496.0006845304101,141.44326343322172,1330.6414744800786,1817.6567880800787,487.0153136000001,350.7473522803441,9.161740369190284,16.48926114275401,11.530011765575207,30.49829819168317,78.19761740337536,190.93246918800287
260,field_size_scaled,True,modifiers,none,evidence_decay,180.0,180.0,1.0,5,50.0,20.0,0.25,0.7,2.0,20.0,10.0,0,28430,2843700,2842872,0.18722816009310783,0.5571386246092052,0.7332996350169828,7438,16470298,16465002,0.1731245903673943,0.5219441388187046,0.7515723958004985,1525.896251894258,1493.9929575297006,150.1720243990751,1322.8611248503635,1832.3691963763831,509.50807152601965,377.0845004250459,9.811513929512103,-2443.57604782515,12.429320056937042,29.393172111168273,73.66933695914767,155.10988678100694
261,field_size_scaled,True,modifiers,none,none,365.0,180.0,1.0,999999999,60.0,10.0,0.25,0.7,1.25,20.0,10.0,0,28430,2843700,2842872,0.18754079019003533,0.5577678157397723,0.7317877836216333,7438,16470298,16465002,0.17423338051871998,0.5244823572323103,0.7492336775908075,1526.0050342621994,1494.0490981417047,151.73091129245117,1319.6994615189153,1831.7070438387889,512.0075823198736,379.47133818691054,9.807557607913168,-2529.4927934098705,13.303011241235248,29.950118624644134,63.663395707506595,132.61200228099187
262,field_size_scaled,True,modifiers,inverse_sqrt,none,180.0,730.0,1.5,20,40.0,10.0,1.0,0.5,1.5,10.0,5.0,0,28430,2843700,2842872,0.18785632813983807,0.5588532290310598,0.7325292872841268,7438,16470298,16465002,0.17519572380051474,0.5277531907531701,0.7492365321303939,1521.1733860350657,1493.9430105619635,138.7782269936601,1327.697113536596,1805.1951285559542,477.49801501935826,335.13372267720524,8.20215955017352,-101589.22440883455,11.631609231576931,30.745188466344054,62.35545846914085,110.09834597600275
263,field_size_scaled,True,modifiers,none,none,180.0,180.0,1.5,20,40.0,30.0,0.5,0.5,1.5,15.0,10.0,0,28430,2843700,2842872,0.18794030270714884,0.5589760038664402,0.731816627691996,7438,16470298,16465002,0.17409414507255774,0.5246342403121429,0.7498849377607121,1521.3909201818658,1492.6062731562452,144.21890184802885,1321.699733269464,1814.8802811498922,493.1805478804281,349.005567527774,8.6894169255404,-94617.35026439636,12.04013893527705,30.469518547368583,64.33641058591756,126.1241692170006
264,field_size_scaled,True,modifiers,none,evidence_decay,365.0,180.0,1.0,999999999,50.0,10.0,0.25,0.8,1.5,10.0,10.0,0,28430,2843700,2842872,0.1884627492113344,0.5600275077726398,0.731116983107224,7438,16470298,16465002,0.17498794064832077,0.5264903413749836,0.7488606439282546,1523.5708929528807,1493.7801294372607,145.32707610700635,1326.698142436636,1817.472319609813,490.7741771731769,361.4545097779503,9.02264396891178,-2489.1476969540836,12.764950866531825,28.935654893360738,63.75036653231999,130.2259146090073
265,field_size_scaled,True,modifiers,inverse_sqrt,evidence_decay,180.0,365.0,1.0,20,50.0,30.0,1.0,0.5,1.75,10.0,5.0,0,28430,2843700,2842872,0.18844835365703572,0.5600486690412788,0.7318838132705237,7438,16470298,16465002,0.17452826767128277,0.5257949433917772,0.7506758881656984,1524.479639987417,1496.6410002576752,138.35758108956765,1333.2302946212608,1810.945807982189,477.7155133609283,342.76318860785386,8.478571890613011,22.225078436231506,11.096017969710593,30.756735480911225,73.18937234107487,130.7490590709931
266,field_size_scaled,True,modifiers,none,evidence_decay,365.0,730.0,1.0,10,50.0,20.0,1.0,0.8,1.5,15.0,10.0,0,28430,2843700,2842872,0.18852296150121856,0.5601767877406187,0.7310374860352489,7438,16470298,16465002,0.17495088054556607,0.5264182934087385,0.7488724264959093,1525.5511073266855,1493.8626528426303,151.04756205588018,1319.3681924685318,1833.564066366494,514.1958738979622,383.94715500186476,9.542822549975654,-2834.0254840207745,12.602834355605054,29.260763325578537,63.789223784057256,182.13170072599314
267,field_size_scaled,True,modifiers,inverse_sqrt,none,365.0,365.0,1.0,10,40.0,10.0,0.5,0.8,2.0,15.0,5.0,0,28430,2843700,2842872,0.1886195124538521,0.560517669253417,0.7320083352328209,7438,16470298,16465002,0.17544928551796304,0.5281216669780682,0.7496260249467325,1525.1361293090476,1496.0847588545128,140.49746407446253,1331.2837369974388,1814.2714002239945,482.9876632265557,354.1408517183802,8.811953369506682,17.921224386929804,11.314948842649528,29.161206463192226,67.85371540987123,150.56878038799914
268,field_size_scaled,True,modifiers,none,none,180.0,180.0,1.0,10,50.0,20.0,0.5,0.7,1.5,20.0,10.0,0,28430,2843700,2842872,0.18874312458371192,0.5607300197624735,0.7310079384509749,7438,16470298,16465002,0.1750689086986427,0.5267458672989537,0.7489714850930477,1525.680973010183,1494.0219250932842,149.70359348342765,1322.2879959838972,1830.5088839050065,508.22088792110935,379.6113055632484,9.311306635922165,-2569.330459281166,12.298498675321142,28.713876256639374,63.912841666926326,198.32057001898647
269,field_size_scaled,True,modifiers,none,evidence_decay,365.0,730.0,1.0,20,60.0,30.0,1.0,0.8,1.25,10.0,5.0,0,28430,2843700,2842872,0.18879499380230425,0.560841270396266,0.7308704014813189,7438,16470298,16465002,0.17522565468294707,0.5271489657814258,0.7487689342521793,1524.9830005495726,1493.5174402385767,149.05793000474867,1322.49392825659,1829.1733718986663,506.6794436420764,377.54979376300344,8.955581941240553,-2629.255969329834,12.624662591405976,28.921610684764612,63.88473306940919,127.56670284201391
270,field_size_scaled,True,modifiers,none,evidence_decay,180.0,365.0,1.0,10,40.0,10.0,0.25,0.8,2.0,20.0,10.0,0,28430,2843700,2842872,0.1895207648530113,0.5626817778774282,0.7311384402815181,7438,16470298,16465002,0.17576035718027336,0.528651696580004,0.7490352567221067,1524.6513057574261,1493.8422169041157,144.1669682198069,1329.3801698353964,1820.0169673919213,490.6367975565249,366.01201751105805,9.265089252430016,-2288.3292599951483,11.634113678934387,27.0297663869914,64.97753868649245,197.69089992399677
271,field_size_scaled,True,modifiers,inverse_sqrt,evidence_decay,180.0,365.0,1.0,10,50.0,20.0,0.25,0.7,1.75,15.0,5.0,0,28430,2843700,2842872,0.18954363741318622,0.5628181354135297,0.7320477320118528,7438,16470298,16465002,0.1761784593225013,0.5300988115685176,0.7497000607713258,1523.8946593080639,1495.9518947578406,134.47901987020882,1339.0858644151929,1802.3447940440574,463.2589296288645,337.02430270114746,8.493718141778572,47.32614217087902,10.611110549317408,27.623407573919945,67.07262007857014,127.97920194501057
272,field_size_scaled,True,modifiers,inverse_sqrt,none,180.0,365.0,1.0,5,60.0,20.0,0.5,0.7,1.25,20.0,5.0,0,28430,2843700,2842872,0.18958668989477825,0.5628601074225177,0.7312809018485531,7438,16470298,16465002,0.17671710052565032,0.5313268403006882,0.7485147587592155,1524.825005758969,1496.034124635678,138.73300360516666,1333.3245840539003,1809.9527799353455,476.6281958814452,353.5471517651167,8.679614003469624,64.06716988182714,11.018303120377686,27.751569511953583,63.335066006264476,149.2650389539922
273,field_size_scaled,True,modifiers,inverse_sqrt,evidence_decay,180.0,730.0,1.5,999999999,40.0,30.0,0.25,0.7,1.75,10.0,10.0,0,28430,2843700,2842872,0.18964687588857979,0.5632663826997847,0.7321237115142715,7438,16470298,16465002,0.17644021721321668,0.5310793741527747,0.7493789554352924,1518.0275340905782,1494.8981128119672,123.83808602866692,1346.8256601014484,1771.1971530747478,424.3714929732994,292.08982027956677,7.624058499131138,-92041.61411452605,10.323079184857908,28.054100127681338,66.05364825205204,134.77766359699308
274,field_size_scaled,True,modifiers,none,none,180.0,365.0,1.0,999999999,50.0,30.0,0.25,0.7,1.75,15.0,5.0,0,28430,2843700,2842872,0.1898047417561822,0.563376537242325,0.7312770325220411,7438,16470298,16465002,0.17595404733208284,0.5292012194617934,0.7492237170696973,1522.8911489669924,1493.8426739466745,137.062506386612,1338.005529751436,1801.1557884459862,463.1502586945503,342.5613167636666,8.93428384504432,-2147.473133666043,11.416190213490811,26.631510261230105,63.16303789335517,202.8548893709958
275,field_size_scaled,True,modifiers,none,evidence_decay,180.0,365.0,1.5,5,40.0,20.0,0.75,0.8,1.25,15.0,5.0,0,28430,2843700,2842872,0.19014698449412895,0.5642935532415803,0.729826738593929,7438,16470298,16465002,0.1771146438299147,0.532248301335514,0.7468422415010942,1520.3789845118183,1491.8204074175092,142.09690956041595,1323.6989068093844,1809.9825940354783,486.2836872260939,358.1276128444556,8.444089244158477,-89563.81227309059,11.753735782954239,27.780839236523246,52.78526930086883,173.25030738199712
276,field_size_scaled,True,modifiers,inverse_sqrt,none,180.0,730.0,1.0,20,60.0,30.0,0.25,0.7,1.25,15.0,5.0,0,28430,2843700,2842872,0.1903791155636053,0.5648048544442713,0.7309551749076286,7438,16470298,16465002,0.17741763769764868,0.533168370499174,0.7482682358617387,1524.0230970448822,1496.0028675660415,134.1708865048162,1340.0387823070266,1800.3465962683972,460.3078139613706,340.3957244020587,8.162540668362226,91.87122632970612,10.612541784973544,26.786752445373764,61.92181203313112,122.48681321399636
277,field_size_scaled,True,modifiers,none,none,180.0,365.0,1.0,20,50.0,50.0,0.5,0.5,1.75,15.0,5.0,0,28430,2843700,2842872,0.19069710985113703,0.5654651628154994,0.7303814593129765,7438,16470298,16465002,0.17639148531995136,0.5303258541589813,0.749103583467527,1522.7959058884828,1494.3795686700944,135.52039005815706,1338.8430262776415,1799.2549491415098,460.4119228638683,338.8090685634845,8.325271275371051,-2228.2661722767484,10.714878152158189,27.3036736326954,71.31289296354944,204.45856490499864
278,field_size_scaled,True,modifiers,none,evidence_decay,180.0,730.0,1.0,20,50.0,10.0,0.75,0.8,1.25,20.0,10.0,0,28430,2843700,2842872,0.19164791327840014,0.5676990429743163,0.7287725229978698,7438,16470298,16465002,0.17878323909535984,0.536105862802048,0.7455668089199139,1524.380811151483,1493.377817095149,142.72834203636327,1330.820064187938,1816.7306149643623,485.9105507764243,372.3665348176903,8.16671724994444,-2004.3782564480045,11.491831666125556,25.447751312260436,52.52438681669763,236.28701912000543
279,field_size_scaled,True,modifiers,none,none,365.0,180.0,1.5,10,40.0,30.0,1.0,0.7,1.25,10.0,10.0,0,28430,2843700,2842872,0.19181657637214464,0.568327037349204,0.7284756401273079,7438,16470298,16465002,0.1787299992759834,0.536428528856632,0.7456472826422978,1517.774766607737,1491.6521831698935,133.47405392241518,1332.6368896478905,1789.8137812395414,457.17689159165093,332.129354673772,7.421791104261274,-101095.6529723562,10.953840387759735,26.596002810249868,51.662993093082484,107.24261733000458
280,field_size_scaled,True,modifiers,none,evidence_decay,365.0,365.0,1.0,20,50.0,10.0,0.25,0.5,1.25,15.0,5.0,0,28430,2843700,2842872,0.19191125374767443,0.5683294117130948,0.7285734285609764,7438,16470298,16465002,0.1790128705922172,0.5367124922500832,0.7454574253923565,1523.7188205870766,1493.2810949690202,141.15298002846856,1332.940310218431,1812.6162753732783,479.6759651548473,366.5489404953421,8.135991566853136,-2045.7791630324077,11.426310301127309,25.21939248938053,52.53772479952759,126.49156890599988
281,field_size_scaled,True,modifiers,inverse_sqrt,none,180.0,365.0,1.0,5,60.0,50.0,0.25,0.7,1.25,10.0,5.0,0,28430,2843700,2842872,0.1919014699786229,0.5684561559078437,0.7299041251241702,7438,16470298,16465002,0.17893354209440177,0.5370446354144609,0.7472836019090675,1521.5642079634197,1495.924301168464,128.09152268930677,1344.8229643039278,1785.8112297219723,440.9882654180444,325.4130766157334,7.671949967341561,106.1690741525881,10.030951721376917,25.47388477808466,60.23266143489033,105.1721656890004
282,field_size_scaled,True,modifiers,none,evidence_decay,180.0,365.0,1.5,20,40.0,50.0,0.5,0.8,1.25,15.0,5.0,0,28430,2843700,2842872,0.19188987485688094,0.5685451958462061,0.7292160885189344,7438,16470298,16465002,0.17866439303068368,0.5363177149872433,0.7463572734458216,1519.272076027764,1492.2620064206453,132.9386502603024,1335.8876752044841,1790.6915816247053,454.8039064202212,333.71654358374053,7.5742953457247495,-83614.42037679613,10.728475099074787,25.419880198055147,49.081944476498016,130.58778998701018
283,field_size_scaled,True,modifiers,inverse_sqrt,evidence_decay,365.0,730.0,1.5,5,40.0,50.0,0.25,0.8,2.0,10.0,10.0,0,28430,2843700,2842872,0.19242455688207835,0.5699317625668102,0.7302136712451353,7438,16470298,16465002,0.17959638128122618,0.5390765888431468,0.7469179779024624,1516.936953997691,1494.6024194793551,120.00019342428844,1348.9888010383888,1761.5832811968965,412.5944801585076,293.8165880951444,6.74428950528943,-86652.02104676966,9.468630699257501,25.269157136823736,68.31224867276572,128.6633962009946
284,field_size_scaled,True,modifiers,inverse_sqrt,none,180.0,180.0,1.0,20,50.0,50.0,0.75,0.8,1.5,15.0,10.0,0,28430,2843700,2842872,0.19266041311626794,0.5702755133161888,0.7295126196325407,7438,16470298,16465002,0.17945136279394844,0.5383616700791771,0.7471655332929811,1521.8382907914893,1496.3517379070354,124.92292510977727,1351.1062288059854,1780.2594625271395,429.15323372115404,318.7960744741208,7.380758532833852,139.5297954059974,9.499749240802691,25.089807025060917,61.887968261639244,103.66206652999972
285,field_size_scaled,True,modifiers,none,none,180.0,365.0,1.0,10,40.0,10.0,1.0,0.5,1.5,20.0,5.0,0,28430,2843700,2842872,0.19288829253413922,0.5706540667154699,0.727830869627616,7438,16470298,16465002,0.18001320079011107,0.5392207684450174,0.7446980571274756,1523.0910538829066,1493.6384491261529,138.21477383329204,1336.137064121357,1806.9773185162355,470.84025439487846,361.7218423178829,8.12545864340973,-1880.634183548075,10.835172415098633,24.38158677421147,50.329932521642675,141.56509449498844
286,field_size_scaled,True,modifiers,none,evidence_decay,365.0,365.0,1.0,999999999,40.0,30.0,0.5,0.7,1.75,10.0,5.0,0,28430,2843700,2842872,0.19296209623349048,0.5708856283496058,0.7283532287067445,7438,16470298,16465002,0.1792089525146213,0.5373959229767566,0.7464602190755883,1520.1580702175493,1494.2588329338446,127.29580190463638,1348.3102631330153,1778.2807789876033,429.97051585458803,317.68383161966744,7.384161738663352,-1990.5399154526583,10.260446777645155,24.716342596550565,59.28645040888849,127.91461519899894
287,field_size_scaled,True,modifiers,inverse_sqrt,evidence_decay,365.0,180.0,1.0,20,40.0,30.0,1.0,0.5,1.75,20.0,5.0,0,28430,2843700,2842872,0.19336757001829702,0.571879388896436,0.7283426759980752,7438,16470298,16465002,0.180021475346977,0.5397078571960934,0.7463863047207647,1521.8190378976856,1496.9464711667633,124.1060010588382,1351.3876413316893,1779.4683822216155,428.0807408899261,317.61411774154044,7.384199543610748,83.21669476562072,9.170718197493281,25.014003327479713,57.875052269815036,155.16787411799305
288,field_size_scaled,True,modifiers,inverse_sqrt,evidence_decay,365.0,730.0,1.0,5,50.0,20.0,1.0,0.7,1.25,20.0,10.0,0,28430,2843700,2842872,0.1938550283529103,0.5730735991191419,0.7282378524252938,7438,16470298,16465002,0.18147668534498104,0.5433012464591523,0.7448399945532955,1521.7189670062992,1496.1991789109072,125.3669744790303,1349.7246084203168,1780.5125422410135,430.7879338206967,326.5070867736076,7.358983463182085,89.8991808237422,9.431479674001755,23.50695974570787,51.91945664960713,235.51255333000154
289,field_size_scaled,True,modifiers,inverse_sqrt,evidence_decay,180.0,180.0,1.0,5,50.0,50.0,0.25,0.8,2.0,10.0,5.0,0,28430,2843700,2842872,0.19394597321800894,0.573350980309109,0.7291826716081484,7438,16470298,16465002,0.18105368649475903,0.5424025027165366,0.7461241729578897,1520.0201473287823,1496.0168573738324,119.94654038271956,1355.9981320881457,1768.2637937178786,412.2656616297329,308.73410815059606,6.929272176099403,123.51324458505528,9.106147224234688,23.279947082672354,61.429090444970946,154.6259817310056
290,field_size_scaled,True,modifiers,none,none,365.0,365.0,1.0,5,40.0,30.0,0.75,0.5,1.5,20.0,10.0,0,28430,2843700,2842872,0.19498205920923806,0.5756488139707625,0.7264544446601887,7438,16470298,16465002,0.18157623520236243,0.543247457423745,0.7442052542720614,1520.6087932046885,1494.5395677669176,127.52617041795186,1348.2116482069932,1782.1593506059528,433.94770239895956,329.9713717653508,7.170348063133815,-1858.8948917021407,9.551049059749518,22.882034985300244,50.70268105603537,108.40405169400037
291,field_size_scaled,True,modifiers,none,none,365.0,730.0,1.0,10,40.0,30.0,0.5,0.5,1.5,10.0,10.0,0,28430,2843700,2842872,0.19547607008906434,0.576826178088147,0.7261885164017233,7438,16470298,16465002,0.1821764431725774,0.5447838760561674,0.7438760711963472,1519.4510964661742,1494.0947416127633,124.78460374598195,1350.200900609788,1775.0032695459977,424.80236893620963,323.03839807426266,6.614394785213108,-1786.7406714346444,9.503826372641235,22.401052277296788,50.56179397430584,105.01572865000344
292,field_size_scaled,True,modifiers,none,evidence_decay,365.0,365.0,1.0,20,40.0,50.0,0.25,0.8,2.0,10.0,5.0,0,28430,2843700,2842872,0.19777831670883286,0.5822920375510734,0.7258149505148315,7438,16470298,16465002,0.18487396679743262,0.5515701133559929,0.7425603713865325,1518.0917608964492,1493.8675192492494,115.8209072982911,1362.1541247439154,1756.272979333879,394.1188545899636,305.0149250557654,6.011422305467477,-1384.7051466186915,8.715957695193318,19.47931438386975,48.42801756964303,167.14544464400387
293,field_size_scaled,True,modifiers,none,none,180.0,180.0,1.0,999999999,40.0,30.0,0.75,0.8,1.25,10.0,5.0,0,28430,2843700,2842872,0.19823101261482595,0.5832699550951209,0.724332646703756,7438,16470298,16465002,0.1856845755191922,0.5533640071819397,0.741037869293912,1517.5632273833248,1494.1676035263122,115.22451500417527,1362.9022750074987,1752.490632114937,389.58835710743824,300.36845652011743,6.128861241521236,-1626.130841354012,8.941304318087584,19.727948625902414,41.596716951663446,153.2272029559972
294,field_size_scaled,True,modifiers,inverse_sqrt,none,365.0,180.0,1.0,20,40.0,50.0,1.0,0.7,1.5,10.0,5.0,0,28430,2843700,2842872,0.1983585332892206,0.5836530101887675,0.7253865105428595,7438,16470298,16465002,0.1856605592975188,0.5537390658255579,0.7426953243005984,1517.659598838591,1496.5867205810544,108.17262775134427,1369.7285556720983,1741.3113935394679,371.58283786736956,282.8678898153046,5.949202924030487,167.87525959119156,7.756775838034865,20.752927077986907,48.844653318833565,136.3817851759959
295,field_size_scaled,True,modifiers,inverse_sqrt,evidence_decay,365.0,365.0,1.0,10,40.0,10.0,0.25,0.8,1.25,15.0,5.0,0,28430,2843700,2842872,0.19876520521373964,0.5845947204669224,0.7249883216690727,7438,16470298,16465002,0.1872240242303456,0.557436677774746,0.740724295083596,1518.6567050515437,1495.8009831611043,111.61814820591621,1365.7925314324752,1749.9456181100431,384.1530866775679,298.8500451609573,5.845360654681372,175.27346676043953,8.062530654929216,19.3299212950018,40.5572653305187,143.8743940560089
296,field_size_scaled,True,modifiers,inverse_sqrt,evidence_decay,365.0,730.0,1.0,10,40.0,20.0,0.25,0.8,1.25,20.0,5.0,0,28430,2843700,2842872,0.19919353820947244,0.585601020085401,0.7247899307460905,7438,16470298,16465002,0.18749074297634327,0.5581046017623007,0.7407682064053196,1518.5434041080125,1496.1472732932964,109.98529908889874,1368.3438500141444,1746.1674048939412,377.8235548797968,293.1848591068133,5.816551606871599,168.75488575030508,7.795659545447908,18.872821149132328,40.1481431555699,177.62829528200382
297,field_size_scaled,True,modifiers,inverse_sqrt,none,365.0,365.0,1.0,5,40.0,20.0,0.25,0.8,1.25,20.0,10.0,0,28430,2843700,2842872,0.19920471007570528,0.5856290013918624,0.72479239304478,7438,16470298,16465002,0.18752472922100635,0.5581889882248584,0.7407179179206902,1518.304827042937,1496.1817264628862,109.90196093946561,1368.156551982003,1745.7823640984611,377.62581211645806,292.98711634347455,5.829402349244219,170.40566631657404,7.7972163387946845,18.87238401597868,40.150638242707906,104.05052622099174
298,field_size_scaled,True,modifiers,none,none,365.0,180.0,1.0,10,40.0,50.0,0.5,0.7,1.25,20.0,5.0,0,28430,2843700,2842872,0.19954824108043023,0.5863701113937193,0.7239794827202913,7438,16470298,16465002,0.1868701942301008,0.5563645393194264,0.7408230500063103,1518.0805306254072,1494.4798170177826,114.09894963305612,1364.2673671136904,1750.8948157402756,386.6274486265852,301.6522961620892,5.938858375124255,-1295.8524291413205,8.208840579365242,18.525431407506744,41.607620491006806,104.5383177879994
299,field_size_scaled,True,modifiers,inverse_sqrt,evidence_decay,365.0,365.0,1.0,20,40.0,30.0,0.75,0.5,1.25,15.0,5.0,0,28430,2843700,2842872,0.20002787902120175,0.5875146759185351,0.7240572210074881,7438,16470298,16465002,0.18807946912536486,0.5595440980813478,0.7405285465498274,1517.6740367010966,1496.7780616266705,106.10313217886656,1373.905175312174,1738.575068828572,364.66989351639813,281.3347040226438,5.707086580092891,119.7835883927839,7.413051758853513,18.775084174701796,40.49834844445183,169.30399308999768
300,field_size_scaled,True,modifiers,inverse_sqrt,none,180.0,180.0,1.0,10,40.0,50.0,0.5,0.7,1.25,20.0,10.0,0,28430,2843700,2842872,0.2010450072030128,0.5898966484842718,0.7238271719584983,7438,16470298,16465002,0.1891280352754848,0.5621292482975815,0.7401921967577046,1516.9714003986815,1496.5343476880444,103.00526800408224,1376.0896857295338,1731.5949871320558,355.50530140252204,276.0660845142131,5.413839278571231,178.78860086442995,7.0780724467079015,17.803257466702302,40.1812334202227,129.14906697200786
