fecha,organizador_id,organizador_name,regata_id,regata_name,regata_liga,prueba_id,prueba_name,prueba_fase,prueba_serie,lista_palista_id,calle,dorsal,posicion,tiempo,puntos,anotaciones
2015-04-26,2,Galicia,248,1ª Regata IV Copa Deputación Lugo-2015,Augas Tranquilas,148,H ALE-A K1 1500,Final,Final,2869,,15,1,00:07:52.7,100,
2015-04-26,2,Galicia,248,1ª Regata IV Copa Deputación Lugo-2015,Augas Tranquilas,148,H ALE-A K1 1500,Final,Final,3251,,19,2,00:08:23.85,90,
2015-04-26,2,Galicia,248,1ª Regata IV Copa Deputación Lugo-2015,Augas Tranquilas,148,H ALE-A K1 1500,Final,Final,767,,14,3,00:08:29.89,85,
2015-04-26,2,Galicia,248,1ª Regata IV Copa Deputación Lugo-2015,Augas Tranquilas,148,H ALE-A K1 1500,Final,Final,3620,,18,4,00:08:58.96,81,
2015-04-26,2,Galicia,248,1ª Regata IV Copa Deputación Lugo-2015,Augas Tranquilas,148,H ALE-A K1 1500,Final,Final,769,,16,5,00:09:28.61,80,
2015-04-26,2,Galicia,248,1ª Regata IV Copa Deputación Lugo-2015,Augas Tranquilas,148,H ALE-A K1 1500,Final,Final,770,,17,6,00:13:23.67,,
2015-04-26,2,Galicia,248,1ª Regata IV Copa Deputación Lugo-2015,Augas Tranquilas,149,M BEN K1 1500,Final,Final,771,,177,1,00:10:31.41,100,
2015-04-26,2,Galicia,248,1ª Regata IV Copa Deputación Lugo-2015,Augas Tranquilas,149,M BEN K1 1500,Final,Final,772,,178,2,00:14:22.16,90,
2015-04-26,2,Galicia,248,1ª Regata IV Copa Deputación Lugo-2015,Augas Tranquilas,150,H BEN K1 1500,Final,Final,773,,7,1,00:09:17.08,100,
2015-04-26,2,Galicia,248,1ª Regata IV Copa Deputación Lugo-2015,Augas Tranquilas,150,H BEN K1 1500,Final,Final,3565,,1,2,00:09:52.38,90,
2015-04-26,2,Galicia,248,1ª Regata IV Copa Deputación Lugo-2015,Augas Tranquilas,150,H BEN K1 1500,Final,Final,775,,2,3,00:10:01.18,85,
2015-04-26,2,Galicia,248,1ª Regata IV Copa Deputación Lugo-2015,Augas Tranquilas,150,H BEN K1 1500,Final,Final,3564,,6,4,00:10:07.47,81,
2015-04-26,2,Galicia,248,1ª Regata IV Copa Deputación Lugo-2015,Augas Tranquilas,150,H BEN K1 1500,Final,Final,3568,,3,5,00:10:10.29,80,
2015-04-26,2,Galicia,248,1ª Regata IV Copa Deputación Lugo-2015,Augas Tranquilas,150,H BEN K1 1500,Final,Final,3566,,4,6,00:11:25.23,79,
2015-04-26,2,Galicia,248,1ª Regata IV Copa Deputación Lugo-2015,Augas Tranquilas,150,H BEN K1 1500,Final,Final,779,,10,7,00:11:28.12,78,
2015-04-26,2,Galicia,248,1ª Regata IV Copa Deputación Lugo-2015,Augas Tranquilas,150,H BEN K1 1500,Final,Final,5775,,5,8,00:00:00,,
2015-04-26,2,Galicia,248,1ª Regata IV Copa Deputación Lugo-2015,Augas Tranquilas,151,M ALE-B K1 1500,Final,Final,781,,42,1,00:08:29.25,100,
2015-04-26,2,Galicia,248,1ª Regata IV Copa Deputación Lugo-2015,Augas Tranquilas,151,M ALE-B K1 1500,Final,Final,782,,43,2,00:10:17.5,90,
2015-04-26,2,Galicia,248,1ª Regata IV Copa Deputación Lugo-2015,Augas Tranquilas,151,M ALE-B K1 1500,Final,Final,783,,44,3,00:11:12.07,85,
2015-04-26,2,Galicia,248,1ª Regata IV Copa Deputación Lugo-2015,Augas Tranquilas,152,H ALE-B K1 1500,Final,Final,784,,33,1,00:08:17.78,100,
2015-04-26,2,Galicia,248,1ª Regata IV Copa Deputación Lugo-2015,Augas Tranquilas,152,H ALE-B K1 1500,Final,Final,3172,,41,2,00:08:58,90,
2015-04-26,2,Galicia,248,1ª Regata IV Copa Deputación Lugo-2015,Augas Tranquilas,152,H ALE-B K1 1500,Final,Final,786,,32,3,00:09:18.52,85,
2015-04-26,2,Galicia,248,1ª Regata IV Copa Deputación Lugo-2015,Augas Tranquilas,152,H ALE-B K1 1500,Final,Final,3555,,31,4,00:09:59.64,81,
2015-04-26,2,Galicia,248,1ª Regata IV Copa Deputación Lugo-2015,Augas Tranquilas,152,H ALE-B K1 1500,Final,Final,3191,,34,5,00:10:02.74,80,
2015-04-26,2,Galicia,248,1ª Regata IV Copa Deputación Lugo-2015,Augas Tranquilas,152,H ALE-B K1 1500,Final,Final,789,,39,6,00:10:16.24,79,
2015-04-26,2,Galicia,248,1ª Regata IV Copa Deputación Lugo-2015,Augas Tranquilas,152,H ALE-B K1 1500,Final,Final,3559,,30,7,00:10:35.75,78,
2015-04-26,2,Galicia,248,1ª Regata IV Copa Deputación Lugo-2015,Augas Tranquilas,152,H ALE-B K1 1500,Final,Final,3560,,35,8,00:10:51.67,77,
2015-04-26,2,Galicia,248,1ª Regata IV Copa Deputación Lugo-2015,Augas Tranquilas,152,H ALE-B K1 1500,Final,Final,3557,,37,9,00:12:02.58,76,
2015-04-26,2,Galicia,248,1ª Regata IV Copa Deputación Lugo-2015,Augas Tranquilas,152,H ALE-B K1 1500,Final,Final,3556,,40,10,00:12:15.73,75,
2015-04-26,2,Galicia,248,1ª Regata IV Copa Deputación Lugo-2015,Augas Tranquilas,152,H ALE-B K1 1500,Final,Final,5780,,36,11,00:13:11.59,74,
2015-04-26,2,Galicia,248,1ª Regata IV Copa Deputación Lugo-2015,Augas Tranquilas,153,M ALE-A K1 1500,Final,Final,2898,,27,1,00:07:50.29,100,
2015-04-26,2,Galicia,248,1ª Regata IV Copa Deputación Lugo-2015,Augas Tranquilas,153,M ALE-A K1 1500,Final,Final,3571,,22,2,00:08:39.37,90,
2015-04-26,2,Galicia,248,1ª Regata IV Copa Deputación Lugo-2015,Augas Tranquilas,153,M ALE-A K1 1500,Final,Final,797,,26,3,00:09:38.84,85,
2015-04-26,2,Galicia,248,1ª Regata IV Copa Deputación Lugo-2015,Augas Tranquilas,153,M ALE-A K1 1500,Final,Final,798,,28,4,00:10:24.27,81,
2015-04-26,2,Galicia,248,1ª Regata IV Copa Deputación Lugo-2015,Augas Tranquilas,153,M ALE-A K1 1500,Final,Final,799,,24,5,00:10:44.45,80,
2015-04-26,2,Galicia,248,1ª Regata IV Copa Deputación Lugo-2015,Augas Tranquilas,156,M INF-B K1 3000,Final,Final,800,,190,1,00:16:21.25,100,
2015-04-26,2,Galicia,248,1ª Regata IV Copa Deputación Lugo-2015,Augas Tranquilas,156,M INF-B K1 3000,Final,Final,801,,189,2,00:17:00.2,90,
2015-04-26,2,Galicia,248,1ª Regata IV Copa Deputación Lugo-2015,Augas Tranquilas,156,M INF-B K1 3000,Final,Final,802,,54,3,00:17:16.24,85,
2015-04-26,2,Galicia,248,1ª Regata IV Copa Deputación Lugo-2015,Augas Tranquilas,156,M INF-B K1 3000,Final,Final,803,,55,4,00:18:53.94,81,
2015-04-26,2,Galicia,248,1ª Regata IV Copa Deputación Lugo-2015,Augas Tranquilas,156,M INF-B K1 3000,Final,Final,804,,23,5,00:23:32.29,,
2015-04-26,2,Galicia,248,1ª Regata IV Copa Deputación Lugo-2015,Augas Tranquilas,157,H INF-B K1 3000,Final,Final,805,,47,1,00:14:50.03,100,
2015-04-26,2,Galicia,248,1ª Regata IV Copa Deputación Lugo-2015,Augas Tranquilas,157,H INF-B K1 3000,Final,Final,806,,45,2,00:17:05.22,90,
2015-04-26,2,Galicia,248,1ª Regata IV Copa Deputación Lugo-2015,Augas Tranquilas,157,H INF-B K1 3000,Final,Final,807,,48,3,00:18:00.14,85,
2015-04-26,2,Galicia,248,1ª Regata IV Copa Deputación Lugo-2015,Augas Tranquilas,157,H INF-B K1 3000,Final,Final,808,,53,4,00:18:04.21,81,
2015-04-26,2,Galicia,248,1ª Regata IV Copa Deputación Lugo-2015,Augas Tranquilas,157,H INF-B K1 3000,Final,Final,809,,49,5,00:18:25.92,80,
2015-04-26,2,Galicia,248,1ª Regata IV Copa Deputación Lugo-2015,Augas Tranquilas,157,H INF-B K1 3000,Final,Final,810,,46,6,00:18:37.13,79,
2015-04-26,2,Galicia,248,1ª Regata IV Copa Deputación Lugo-2015,Augas Tranquilas,157,H INF-B K1 3000,Final,Final,811,,52,7,00:19:39.54,78,
2015-04-26,2,Galicia,248,1ª Regata IV Copa Deputación Lugo-2015,Augas Tranquilas,160,M INF-A K1 3000,Final,Final,812,,70,1,00:15:36.57,100,
2015-04-26,2,Galicia,248,1ª Regata IV Copa Deputación Lugo-2015,Augas Tranquilas,160,M INF-A K1 3000,Final,Final,813,,65,2,00:16:29.8,90,
2015-04-26,2,Galicia,248,1ª Regata IV Copa Deputación Lugo-2015,Augas Tranquilas,160,M INF-A K1 3000,Final,Final,3580,,72,3,00:16:57.69,85,
2015-04-26,2,Galicia,248,1ª Regata IV Copa Deputación Lugo-2015,Augas Tranquilas,160,M INF-A K1 3000,Final,Final,815,,71,4,00:18:28.18,81,
2015-04-26,2,Galicia,248,1ª Regata IV Copa Deputación Lugo-2015,Augas Tranquilas,160,M INF-A K1 3000,Final,Final,816,,69,5,00:19:51.38,80,
2015-04-26,2,Galicia,248,1ª Regata IV Copa Deputación Lugo-2015,Augas Tranquilas,161,H INF-A K1 3000,Final,Final,817,,61,1,00:13:46.53,100,
2015-04-26,2,Galicia,248,1ª Regata IV Copa Deputación Lugo-2015,Augas Tranquilas,161,H INF-A K1 3000,Final,Final,8308,,57,2,00:14:40.85,90,
2015-04-26,2,Galicia,248,1ª Regata IV Copa Deputación Lugo-2015,Augas Tranquilas,161,H INF-A K1 3000,Final,Final,819,,66,3,00:14:45.28,85,
2015-04-26,2,Galicia,248,1ª Regata IV Copa Deputación Lugo-2015,Augas Tranquilas,161,H INF-A K1 3000,Final,Final,820,,62,4,00:15:31.4,81,
2015-04-26,2,Galicia,248,1ª Regata IV Copa Deputación Lugo-2015,Augas Tranquilas,161,H INF-A K1 3000,Final,Final,821,,60,5,00:16:04.42,80,
2015-04-26,2,Galicia,248,1ª Regata IV Copa Deputación Lugo-2015,Augas Tranquilas,161,H INF-A K1 3000,Final,Final,822,,58,6,00:16:08.61,79,
2015-04-26,2,Galicia,248,1ª Regata IV Copa Deputación Lugo-2015,Augas Tranquilas,161,H INF-A K1 3000,Final,Final,2952,,59,7,00:19:28.43,78,
2015-04-26,2,Galicia,248,1ª Regata IV Copa Deputación Lugo-2015,Augas Tranquilas,161,H INF-A K1 3000,Final,Final,824,,64,8,00:22:25.31,,
2015-04-26,2,Galicia,248,1ª Regata IV Copa Deputación Lugo-2015,Augas Tranquilas,163,M SEN K1 5000,Final,Final,825,,128,1,00:22:37.5,65,
2015-04-26,2,Galicia,248,1ª Regata IV Copa Deputación Lugo-2015,Augas Tranquilas,163,M SEN K1 5000,Final,Final,826,,125,2,00:24:35.98,55,
2015-04-26,2,Galicia,248,1ª Regata IV Copa Deputación Lugo-2015,Augas Tranquilas,163,M SEN K1 5000,Final,Final,827,,126,3,00:27:01.31,50,
2015-04-26,2,Galicia,248,1ª Regata IV Copa Deputación Lugo-2015,Augas Tranquilas,165,M VET K1 5000,Final,Final,828,,152,1,00:29:52,65,
2015-04-26,2,Galicia,248,1ª Regata IV Copa Deputación Lugo-2015,Augas Tranquilas,168,M JUN K1 5000,Final,Final,829,,124,1,00:25:16.6,65,
2015-04-26,2,Galicia,248,1ª Regata IV Copa Deputación Lugo-2015,Augas Tranquilas,168,M JUN K1 5000,Final,Final,830,,104,2,00:25:18.16,55,
2015-04-26,2,Galicia,248,1ª Regata IV Copa Deputación Lugo-2015,Augas Tranquilas,168,M JUN K1 5000,Final,Final,831,,113,3,00:26:27.15,50,
2015-04-26,2,Galicia,248,1ª Regata IV Copa Deputación Lugo-2015,Augas Tranquilas,168,M JUN K1 5000,Final,Final,832,,98,4,00:32:18.35,,
2015-04-26,2,Galicia,248,1ª Regata IV Copa Deputación Lugo-2015,Augas Tranquilas,168,M JUN K1 5000,Final,Final,833,,123,5,00:00:00,,
2015-04-26,2,Galicia,248,1ª Regata IV Copa Deputación Lugo-2015,Augas Tranquilas,169,H CAD K1 5000,Final,Final,834,,81,1,00:19:41.8,65,
2015-04-26,2,Galicia,248,1ª Regata IV Copa Deputación Lugo-2015,Augas Tranquilas,169,H CAD K1 5000,Final,Final,835,,83,2,00:20:59.92,55,
2015-04-26,2,Galicia,248,1ª Regata IV Copa Deputación Lugo-2015,Augas Tranquilas,169,H CAD K1 5000,Final,Final,836,,73,3,00:21:24.37,50,
2015-04-26,2,Galicia,248,1ª Regata IV Copa Deputación Lugo-2015,Augas Tranquilas,169,H CAD K1 5000,Final,Final,837,,84,4,00:21:25.4,46,
2015-04-26,2,Galicia,248,1ª Regata IV Copa Deputación Lugo-2015,Augas Tranquilas,169,H CAD K1 5000,Final,Final,838,,82,5,00:21:46.58,45,
2015-04-26,2,Galicia,248,1ª Regata IV Copa Deputación Lugo-2015,Augas Tranquilas,169,H CAD K1 5000,Final,Final,839,,86,6,00:22:07.46,44,
2015-04-26,2,Galicia,248,1ª Regata IV Copa Deputación Lugo-2015,Augas Tranquilas,169,H CAD K1 5000,Final,Final,840,,89,7,00:22:10.14,43,
2015-04-26,2,Galicia,248,1ª Regata IV Copa Deputación Lugo-2015,Augas Tranquilas,169,H CAD K1 5000,Final,Final,841,,76,8,00:22:13.59,42,
2015-04-26,2,Galicia,248,1ª Regata IV Copa Deputación Lugo-2015,Augas Tranquilas,169,H CAD K1 5000,Final,Final,842,,91,9,00:22:39.02,41,
2015-04-26,2,Galicia,248,1ª Regata IV Copa Deputación Lugo-2015,Augas Tranquilas,169,H CAD K1 5000,Final,Final,843,,80,10,00:22:45.7,40,
2015-04-26,2,Galicia,248,1ª Regata IV Copa Deputación Lugo-2015,Augas Tranquilas,169,H CAD K1 5000,Final,Final,844,,78,11,00:22:55.78,39,
2015-04-26,2,Galicia,248,1ª Regata IV Copa Deputación Lugo-2015,Augas Tranquilas,169,H CAD K1 5000,Final,Final,845,,92,12,00:23:43.99,38,
2015-04-26,2,Galicia,248,1ª Regata IV Copa Deputación Lugo-2015,Augas Tranquilas,169,H CAD K1 5000,Final,Final,846,,93,13,00:25:14.79,37,
2015-04-26,2,Galicia,248,1ª Regata IV Copa Deputación Lugo-2015,Augas Tranquilas,169,H CAD K1 5000,Final,Final,2938,,74,14,00:25:56.4,36,
2015-04-26,2,Galicia,248,1ª Regata IV Copa Deputación Lugo-2015,Augas Tranquilas,169,H CAD K1 5000,Final,Final,848,,87,15,00:26:46.87,,
2015-04-26,2,Galicia,248,1ª Regata IV Copa Deputación Lugo-2015,Augas Tranquilas,169,H CAD K1 5000,Final,Final,849,,94,16,00:27:19.9,,
2015-04-26,2,Galicia,248,1ª Regata IV Copa Deputación Lugo-2015,Augas Tranquilas,169,H CAD K1 5000,Final,Final,2787,,90,17,00:27:24.84,,
2015-04-26,2,Galicia,248,1ª Regata IV Copa Deputación Lugo-2015,Augas Tranquilas,169,H CAD K1 5000,Final,Final,851,,88,18,00:28:05.35,,
2015-04-26,2,Galicia,248,1ª Regata IV Copa Deputación Lugo-2015,Augas Tranquilas,169,H CAD K1 5000,Final,Final,852,,75,19,00:29:24.72,,
2015-04-26,2,Galicia,248,1ª Regata IV Copa Deputación Lugo-2015,Augas Tranquilas,169,H CAD K1 5000,Final,Final,853,,79,20,00:29:42.79,,
2015-04-26,2,Galicia,248,1ª Regata IV Copa Deputación Lugo-2015,Augas Tranquilas,169,H CAD K1 5000,Final,Final,854,,77,21,00:31:33.44,,
2015-04-26,2,Galicia,248,1ª Regata IV Copa Deputación Lugo-2015,Augas Tranquilas,170,M CAD K1 5000,Final,Final,855,,102,1,00:22:21.09,65,
2015-04-26,2,Galicia,248,1ª Regata IV Copa Deputación Lugo-2015,Augas Tranquilas,170,M CAD K1 5000,Final,Final,856,,101,2,00:23:35.18,55,
2015-04-26,2,Galicia,248,1ª Regata IV Copa Deputación Lugo-2015,Augas Tranquilas,170,M CAD K1 5000,Final,Final,857,,97,3,00:23:45.23,50,
2015-04-26,2,Galicia,248,1ª Regata IV Copa Deputación Lugo-2015,Augas Tranquilas,170,M CAD K1 5000,Final,Final,830,,104,4,00:25:18.16,46,
2015-04-26,2,Galicia,248,1ª Regata IV Copa Deputación Lugo-2015,Augas Tranquilas,170,M CAD K1 5000,Final,Final,858,,103,5,00:26:02.81,45,
2015-04-26,2,Galicia,248,1ª Regata IV Copa Deputación Lugo-2015,Augas Tranquilas,170,M CAD K1 5000,Final,Final,859,,100,6,00:27:13.93,44,
2015-04-26,2,Galicia,248,1ª Regata IV Copa Deputación Lugo-2015,Augas Tranquilas,173,H JUN K1 5000,Final,Final,860,,119,1,00:19:40.08,65,
2015-04-26,2,Galicia,248,1ª Regata IV Copa Deputación Lugo-2015,Augas Tranquilas,173,H JUN K1 5000,Final,Final,861,,107,2,00:21:13.47,55,
2015-04-26,2,Galicia,248,1ª Regata IV Copa Deputación Lugo-2015,Augas Tranquilas,173,H JUN K1 5000,Final,Final,862,,106,3,00:21:18.59,50,
2015-04-26,2,Galicia,248,1ª Regata IV Copa Deputación Lugo-2015,Augas Tranquilas,173,H JUN K1 5000,Final,Final,863,,109,4,00:21:37.76,46,
2015-04-26,2,Galicia,248,1ª Regata IV Copa Deputación Lugo-2015,Augas Tranquilas,173,H JUN K1 5000,Final,Final,864,,118,5,00:21:53.25,45,
2015-04-26,2,Galicia,248,1ª Regata IV Copa Deputación Lugo-2015,Augas Tranquilas,173,H JUN K1 5000,Final,Final,865,,120,6,00:22:12.64,44,
2015-04-26,2,Galicia,248,1ª Regata IV Copa Deputación Lugo-2015,Augas Tranquilas,173,H JUN K1 5000,Final,Final,866,,108,7,00:23:41.21,43,
2015-04-26,2,Galicia,248,1ª Regata IV Copa Deputación Lugo-2015,Augas Tranquilas,173,H JUN K1 5000,Final,Final,867,,115,8,00:24:15.32,42,
2015-04-26,2,Galicia,248,1ª Regata IV Copa Deputación Lugo-2015,Augas Tranquilas,173,H JUN K1 5000,Final,Final,868,,114,9,00:24:16.11,41,
2015-04-26,2,Galicia,248,1ª Regata IV Copa Deputación Lugo-2015,Augas Tranquilas,173,H JUN K1 5000,Final,Final,869,,117,10,00:24:28.68,40,
2015-04-26,2,Galicia,248,1ª Regata IV Copa Deputación Lugo-2015,Augas Tranquilas,173,H JUN K1 5000,Final,Final,870,,116,11,00:25:05.08,39,
2015-04-26,2,Galicia,248,1ª Regata IV Copa Deputación Lugo-2015,Augas Tranquilas,173,H JUN K1 5000,Final,Final,871,,112,12,00:25:30.76,38,
2015-04-26,2,Galicia,248,1ª Regata IV Copa Deputación Lugo-2015,Augas Tranquilas,173,H JUN K1 5000,Final,Final,872,,110,13,00:26:16.51,37,
2015-04-26,2,Galicia,248,1ª Regata IV Copa Deputación Lugo-2015,Augas Tranquilas,173,H JUN K1 5000,Final,Final,3581,,121,14,00:28:48.72,,
2015-04-26,2,Galicia,248,1ª Regata IV Copa Deputación Lugo-2015,Augas Tranquilas,173,H JUN K1 5000,Final,Final,874,,122,15,00:00:00,,
2015-04-26,2,Galicia,248,1ª Regata IV Copa Deputación Lugo-2015,Augas Tranquilas,173,H JUN K1 5000,Final,Final,875,,111,16,00:00:00,,
2015-04-26,2,Galicia,248,1ª Regata IV Copa Deputación Lugo-2015,Augas Tranquilas,174,H SEN K1 5000,Final,Final,876,,171,1,00:19:40.08,65,
2015-04-26,2,Galicia,248,1ª Regata IV Copa Deputación Lugo-2015,Augas Tranquilas,174,H SEN K1 5000,Final,Final,877,,168,2,00:19:41.8,55,
2015-04-26,2,Galicia,248,1ª Regata IV Copa Deputación Lugo-2015,Augas Tranquilas,174,H SEN K1 5000,Final,Final,878,,156,3,00:20:59.92,50,
2015-04-26,2,Galicia,248,1ª Regata IV Copa Deputación Lugo-2015,Augas Tranquilas,174,H SEN K1 5000,Final,Final,879,,166,4,00:21:13.47,46,
2015-04-26,2,Galicia,248,1ª Regata IV Copa Deputación Lugo-2015,Augas Tranquilas,174,H SEN K1 5000,Final,Final,880,,164,5,00:21:18.59,45,
2015-04-26,2,Galicia,248,1ª Regata IV Copa Deputación Lugo-2015,Augas Tranquilas,174,H SEN K1 5000,Final,Final,881,,162,6,00:21:46.58,44,
2015-04-26,2,Galicia,248,1ª Regata IV Copa Deputación Lugo-2015,Augas Tranquilas,174,H SEN K1 5000,Final,Final,882,,159,7,00:22:07,43,
2015-04-26,2,Galicia,248,1ª Regata IV Copa Deputación Lugo-2015,Augas Tranquilas,174,H SEN K1 5000,Final,Final,883,,163,8,00:22:10.14,42,
2015-04-26,2,Galicia,248,1ª Regata IV Copa Deputación Lugo-2015,Augas Tranquilas,174,H SEN K1 5000,Final,Final,884,,175,9,00:22:13.59,41,
2015-04-26,2,Galicia,248,1ª Regata IV Copa Deputación Lugo-2015,Augas Tranquilas,174,H SEN K1 5000,Final,Final,885,,161,10,00:22:21.09,40,
2015-04-26,2,Galicia,248,1ª Regata IV Copa Deputación Lugo-2015,Augas Tranquilas,174,H SEN K1 5000,Final,Final,886,,170,11,00:22:37,39,
2015-04-26,2,Galicia,248,1ª Regata IV Copa Deputación Lugo-2015,Augas Tranquilas,174,H SEN K1 5000,Final,Final,887,,160,12,00:22:45.77,38,
2015-04-26,2,Galicia,248,1ª Regata IV Copa Deputación Lugo-2015,Augas Tranquilas,174,H SEN K1 5000,Final,Final,888,,155,13,00:22:55.78,37,
2015-04-26,2,Galicia,248,1ª Regata IV Copa Deputación Lugo-2015,Augas Tranquilas,174,H SEN K1 5000,Final,Final,889,,173,14,00:24:15.32,36,
2015-04-26,2,Galicia,248,1ª Regata IV Copa Deputación Lugo-2015,Augas Tranquilas,174,H SEN K1 5000,Final,Final,890,,153,15,00:24:16.11,35,
2015-04-26,2,Galicia,248,1ª Regata IV Copa Deputación Lugo-2015,Augas Tranquilas,174,H SEN K1 5000,Final,Final,891,,167,16,00:24:28.68,34,
2015-04-26,2,Galicia,248,1ª Regata IV Copa Deputación Lugo-2015,Augas Tranquilas,174,H SEN K1 5000,Final,Final,892,,154,17,00:24:35.98,33,
2015-04-26,2,Galicia,248,1ª Regata IV Copa Deputación Lugo-2015,Augas Tranquilas,174,H SEN K1 5000,Final,Final,893,,174,18,00:25:14.79,32,
2015-04-26,2,Galicia,248,1ª Regata IV Copa Deputación Lugo-2015,Augas Tranquilas,174,H SEN K1 5000,Final,Final,894,,158,19,00:25:15.6,31,
2015-04-26,2,Galicia,248,1ª Regata IV Copa Deputación Lugo-2015,Augas Tranquilas,174,H SEN K1 5000,Final,Final,3188,,165,20,00:00:00,,
2015-04-26,2,Galicia,248,1ª Regata IV Copa Deputación Lugo-2015,Augas Tranquilas,176,H VET K1 5000,Final,Final,896,,151,1,00:21:24.37,65,
2015-04-26,2,Galicia,248,1ª Regata IV Copa Deputación Lugo-2015,Augas Tranquilas,176,H VET K1 5000,Final,Final,897,,137,2,00:21:25.4,55,
2015-04-26,2,Galicia,248,1ª Regata IV Copa Deputación Lugo-2015,Augas Tranquilas,176,H VET K1 5000,Final,Final,898,,131,3,00:21:37.76,50,
2015-04-26,2,Galicia,248,1ª Regata IV Copa Deputación Lugo-2015,Augas Tranquilas,176,H VET K1 5000,Final,Final,899,,130,4,00:21:53.25,46,
2015-04-26,2,Galicia,248,1ª Regata IV Copa Deputación Lugo-2015,Augas Tranquilas,176,H VET K1 5000,Final,Final,900,,150,5,00:22:12.64,45,
2015-04-26,2,Galicia,248,1ª Regata IV Copa Deputación Lugo-2015,Augas Tranquilas,176,H VET K1 5000,Final,Final,901,,132,6,00:22:39.02,44,
2015-04-26,2,Galicia,248,1ª Regata IV Copa Deputación Lugo-2015,Augas Tranquilas,176,H VET K1 5000,Final,Final,902,,145,7,00:23:35.18,43,
2015-04-26,2,Galicia,248,1ª Regata IV Copa Deputación Lugo-2015,Augas Tranquilas,176,H VET K1 5000,Final,Final,903,,140,8,00:23:40,42,
2015-04-26,2,Galicia,248,1ª Regata IV Copa Deputación Lugo-2015,Augas Tranquilas,176,H VET K1 5000,Final,Final,904,,135,9,00:23:43,41,
2015-04-26,2,Galicia,248,1ª Regata IV Copa Deputación Lugo-2015,Augas Tranquilas,176,H VET K1 5000,Final,Final,905,,139,10,00:23:45.23,40,
2015-04-26,2,Galicia,248,1ª Regata IV Copa Deputación Lugo-2015,Augas Tranquilas,176,H VET K1 5000,Final,Final,906,,144,11,00:25:05.08,39,
2015-04-26,2,Galicia,248,1ª Regata IV Copa Deputación Lugo-2015,Augas Tranquilas,176,H VET K1 5000,Final,Final,907,,148,12,00:25:18.16,38,
2015-04-26,2,Galicia,248,1ª Regata IV Copa Deputación Lugo-2015,Augas Tranquilas,176,H VET K1 5000,Final,Final,908,,147,13,00:25:30,37,
2015-04-26,2,Galicia,248,1ª Regata IV Copa Deputación Lugo-2015,Augas Tranquilas,176,H VET K1 5000,Final,Final,909,,149,14,00:25:56.4,36,
2015-04-26,2,Galicia,248,1ª Regata IV Copa Deputación Lugo-2015,Augas Tranquilas,176,H VET K1 5000,Final,Final,3583,,143,15,00:00:00,,
2015-04-26,2,Galicia,248,1ª Regata IV Copa Deputación Lugo-2015,Augas Tranquilas,176,H VET K1 5000,Final,Final,911,,141,16,00:00:00,,
2015-04-26,2,Galicia,248,1ª Regata IV Copa Deputación Lugo-2015,Augas Tranquilas,176,H VET K1 5000,Final,Final,912,,133,17,00:00:00,,
2015-04-26,2,Galicia,248,1ª Regata IV Copa Deputación Lugo-2015,Augas Tranquilas,176,H VET K1 5000,Final,Final,3622,,146,18,00:00:00,,
2015-04-26,2,Galicia,248,1ª Regata IV Copa Deputación Lugo-2015,Augas Tranquilas,176,H VET K1 5000,Final,Final,914,,138,19,00:00:00,,
2015-05-23,2,Galicia,252,Descenso do Miño de Lugo 2015,Augas Tranquilas,208,H SEN K1 17500,Final,Final,915,,15,1,01:15:03,55,
2015-05-23,2,Galicia,252,Descenso do Miño de Lugo 2015,Augas Tranquilas,208,H SEN K1 17500,Final,Final,916,,31,2,01:18:53,52,
2015-05-23,2,Galicia,252,Descenso do Miño de Lugo 2015,Augas Tranquilas,208,H SEN K1 17500,Final,Final,917,,26,3,01:21:28,49,
2015-05-23,2,Galicia,252,Descenso do Miño de Lugo 2015,Augas Tranquilas,208,H SEN K1 17500,Final,Final,918,,16,4,01:21:32,47,
2015-05-23,2,Galicia,252,Descenso do Miño de Lugo 2015,Augas Tranquilas,208,H SEN K1 17500,Final,Final,919,,17,5,01:22:04,46,
2015-05-23,2,Galicia,252,Descenso do Miño de Lugo 2015,Augas Tranquilas,208,H SEN K1 17500,Final,Final,920,,13,6,01:25:31,45,
2015-05-23,2,Galicia,252,Descenso do Miño de Lugo 2015,Augas Tranquilas,208,H SEN K1 17500,Final,Final,921,,25,7,01:25:52,44,
2015-05-23,2,Galicia,252,Descenso do Miño de Lugo 2015,Augas Tranquilas,208,H SEN K1 17500,Final,Final,876,,11,8,01:25:55,43,
2015-05-23,2,Galicia,252,Descenso do Miño de Lugo 2015,Augas Tranquilas,208,H SEN K1 17500,Final,Final,883,,22,9,01:28:25,42,
2015-05-23,2,Galicia,252,Descenso do Miño de Lugo 2015,Augas Tranquilas,208,H SEN K1 17500,Final,Final,922,,18,10,01:28:34,41,
2015-05-23,2,Galicia,252,Descenso do Miño de Lugo 2015,Augas Tranquilas,208,H SEN K1 17500,Final,Final,879,,21,11,01:28:35,40,
2015-05-23,2,Galicia,252,Descenso do Miño de Lugo 2015,Augas Tranquilas,208,H SEN K1 17500,Final,Final,923,,12,12,01:33:57,39,
2015-05-23,2,Galicia,252,Descenso do Miño de Lugo 2015,Augas Tranquilas,208,H SEN K1 17500,Final,Final,924,,32,13,01:37:23,38,
2015-05-23,2,Galicia,252,Descenso do Miño de Lugo 2015,Augas Tranquilas,208,H SEN K1 17500,Final,Final,925,,24,14,01:39:15,37,
2015-05-23,2,Galicia,252,Descenso do Miño de Lugo 2015,Augas Tranquilas,208,H SEN K1 17500,Final,Final,926,,1,15,01:40:06,36,
2015-05-23,2,Galicia,252,Descenso do Miño de Lugo 2015,Augas Tranquilas,208,H SEN K1 17500,Final,Final,892,,7,16,01:40:45,35,
2015-05-23,2,Galicia,252,Descenso do Miño de Lugo 2015,Augas Tranquilas,208,H SEN K1 17500,Final,Final,927,,5,17,01:40:56,34,
2015-05-23,2,Galicia,252,Descenso do Miño de Lugo 2015,Augas Tranquilas,208,H SEN K1 17500,Final,Final,928,,2,18,01:44:51,,
2015-05-23,2,Galicia,252,Descenso do Miño de Lugo 2015,Augas Tranquilas,208,H SEN K1 17500,Final,Final,929,,30,19,01:45:53,,
2015-05-23,2,Galicia,252,Descenso do Miño de Lugo 2015,Augas Tranquilas,208,H SEN K1 17500,Final,Final,930,,4,20,01:46:11,,
2015-05-23,2,Galicia,252,Descenso do Miño de Lugo 2015,Augas Tranquilas,208,H SEN K1 17500,Final,Final,931,,20,21,01:47:40,,
2015-05-23,2,Galicia,252,Descenso do Miño de Lugo 2015,Augas Tranquilas,208,H SEN K1 17500,Final,Final,932,,28,22,01:48:48,,
2015-05-23,2,Galicia,252,Descenso do Miño de Lugo 2015,Augas Tranquilas,208,H SEN K1 17500,Final,Final,933,,14,23,01:53:29,,
2015-05-23,2,Galicia,252,Descenso do Miño de Lugo 2015,Augas Tranquilas,208,H SEN K1 17500,Final,Final,934,,3,24,01:56:47,,
2015-05-23,2,Galicia,252,Descenso do Miño de Lugo 2015,Augas Tranquilas,208,H SEN K1 17500,Final,Final,935,,19,25,02:00:36,,
2015-05-23,2,Galicia,252,Descenso do Miño de Lugo 2015,Augas Tranquilas,208,H SEN K1 17500,Final,Final,936,,29,26,02:02:58,,
2015-05-23,2,Galicia,252,Descenso do Miño de Lugo 2015,Augas Tranquilas,208,H SEN K1 17500,Final,Final,937,,9,27,02:05:51,,
2015-05-23,2,Galicia,252,Descenso do Miño de Lugo 2015,Augas Tranquilas,208,H SEN K1 17500,Final,Final,938,,6,28,00:00:00,,
2015-05-23,2,Galicia,252,Descenso do Miño de Lugo 2015,Augas Tranquilas,208,H SEN K1 17500,Final,Final,939,,27,29,00:00:00,,
2015-05-23,2,Galicia,252,Descenso do Miño de Lugo 2015,Augas Tranquilas,208,H SEN K1 17500,Final,Final,2782,,23,30,00:00:00,,
2015-05-23,2,Galicia,252,Descenso do Miño de Lugo 2015,Augas Tranquilas,209,H VET K1 17500,Final,Final,941,,912,1,01:27:22,55,
2015-05-23,2,Galicia,252,Descenso do Miño de Lugo 2015,Augas Tranquilas,209,H VET K1 17500,Final,Final,942,,903,2,01:32:52,52,
2015-05-23,2,Galicia,252,Descenso do Miño de Lugo 2015,Augas Tranquilas,209,H VET K1 17500,Final,Final,943,,909,3,01:34:03,49,
2015-05-23,2,Galicia,252,Descenso do Miño de Lugo 2015,Augas Tranquilas,209,H VET K1 17500,Final,Final,944,,913,4,01:34:07,47,
2015-05-23,2,Galicia,252,Descenso do Miño de Lugo 2015,Augas Tranquilas,209,H VET K1 17500,Final,Final,945,,906,5,01:34:17,46,
2015-05-23,2,Galicia,252,Descenso do Miño de Lugo 2015,Augas Tranquilas,209,H VET K1 17500,Final,Final,946,,911,6,01:35:52,45,
2015-05-23,2,Galicia,252,Descenso do Miño de Lugo 2015,Augas Tranquilas,209,H VET K1 17500,Final,Final,914,,915,7,01:37:39,44,
2015-05-23,2,Galicia,252,Descenso do Miño de Lugo 2015,Augas Tranquilas,209,H VET K1 17500,Final,Final,947,,904,8,01:40:27,43,
2015-05-23,2,Galicia,252,Descenso do Miño de Lugo 2015,Augas Tranquilas,209,H VET K1 17500,Final,Final,1895,,918,9,01:41:58,42,
2015-05-23,2,Galicia,252,Descenso do Miño de Lugo 2015,Augas Tranquilas,209,H VET K1 17500,Final,Final,949,,902,10,01:45:01,41,
2015-05-23,2,Galicia,252,Descenso do Miño de Lugo 2015,Augas Tranquilas,209,H VET K1 17500,Final,Final,950,,908,11,01:48:24,40,
2015-05-23,2,Galicia,252,Descenso do Miño de Lugo 2015,Augas Tranquilas,209,H VET K1 17500,Final,Final,3008,,900,12,01:50:46,39,
2015-05-23,2,Galicia,252,Descenso do Miño de Lugo 2015,Augas Tranquilas,209,H VET K1 17500,Final,Final,3626,,919,13,01:51:23,38,
2015-05-23,2,Galicia,252,Descenso do Miño de Lugo 2015,Augas Tranquilas,209,H VET K1 17500,Final,Final,953,,901,14,00:00:00,,
2015-05-23,2,Galicia,252,Descenso do Miño de Lugo 2015,Augas Tranquilas,209,H VET K1 17500,Final,Final,954,,905,15,00:00:00,,
2015-05-23,2,Galicia,252,Descenso do Miño de Lugo 2015,Augas Tranquilas,209,H VET K1 17500,Final,Final,955,,907,16,00:00:00,,
2015-05-23,2,Galicia,252,Descenso do Miño de Lugo 2015,Augas Tranquilas,209,H VET K1 17500,Final,Final,956,,920,17,00:00:00,,
2015-05-23,2,Galicia,252,Descenso do Miño de Lugo 2015,Augas Tranquilas,209,H VET K1 17500,Final,Final,957,,916,18,00:00:00,,
2015-05-23,2,Galicia,252,Descenso do Miño de Lugo 2015,Augas Tranquilas,210,H JUN K1 17500,Final,Final,860,,103,1,01:29:44,55,
2015-05-23,2,Galicia,252,Descenso do Miño de Lugo 2015,Augas Tranquilas,210,H JUN K1 17500,Final,Final,958,,107,2,01:37:36,52,
2015-05-23,2,Galicia,252,Descenso do Miño de Lugo 2015,Augas Tranquilas,210,H JUN K1 17500,Final,Final,959,,115,3,01:39:27,49,
2015-05-23,2,Galicia,252,Descenso do Miño de Lugo 2015,Augas Tranquilas,210,H JUN K1 17500,Final,Final,960,,113,4,01:40:07,47,
2015-05-23,2,Galicia,252,Descenso do Miño de Lugo 2015,Augas Tranquilas,210,H JUN K1 17500,Final,Final,961,,118,5,01:40:44,46,
2015-05-23,2,Galicia,252,Descenso do Miño de Lugo 2015,Augas Tranquilas,210,H JUN K1 17500,Final,Final,865,,104,6,01:41:16,45,
2015-05-23,2,Galicia,252,Descenso do Miño de Lugo 2015,Augas Tranquilas,210,H JUN K1 17500,Final,Final,962,,100,7,01:42:30,44,
2015-05-23,2,Galicia,252,Descenso do Miño de Lugo 2015,Augas Tranquilas,210,H JUN K1 17500,Final,Final,4811,,117,8,01:43:03,43,
2015-05-23,2,Galicia,252,Descenso do Miño de Lugo 2015,Augas Tranquilas,210,H JUN K1 17500,Final,Final,964,,119,9,01:43:11,42,
2015-05-23,2,Galicia,252,Descenso do Miño de Lugo 2015,Augas Tranquilas,210,H JUN K1 17500,Final,Final,965,,121,10,01:45:33,41,
2015-05-23,2,Galicia,252,Descenso do Miño de Lugo 2015,Augas Tranquilas,210,H JUN K1 17500,Final,Final,966,,123,11,01:47:56,40,
2015-05-23,2,Galicia,252,Descenso do Miño de Lugo 2015,Augas Tranquilas,210,H JUN K1 17500,Final,Final,967,,112,12,01:53:07,39,
2015-05-23,2,Galicia,252,Descenso do Miño de Lugo 2015,Augas Tranquilas,210,H JUN K1 17500,Final,Final,968,,102,13,01:53:28,38,
2015-05-23,2,Galicia,252,Descenso do Miño de Lugo 2015,Augas Tranquilas,210,H JUN K1 17500,Final,Final,3073,,105,14,01:57:45,,
2015-05-23,2,Galicia,252,Descenso do Miño de Lugo 2015,Augas Tranquilas,210,H JUN K1 17500,Final,Final,970,,122,15,01:59:03,,
2015-05-23,2,Galicia,252,Descenso do Miño de Lugo 2015,Augas Tranquilas,210,H JUN K1 17500,Final,Final,971,,106,16,02:14:40,,
2015-05-23,2,Galicia,252,Descenso do Miño de Lugo 2015,Augas Tranquilas,210,H JUN K1 17500,Final,Final,972,,111,17,02:20:00,,
2015-05-23,2,Galicia,252,Descenso do Miño de Lugo 2015,Augas Tranquilas,210,H JUN K1 17500,Final,Final,973,,108,18,02:45:00,,
2015-05-23,2,Galicia,252,Descenso do Miño de Lugo 2015,Augas Tranquilas,210,H JUN K1 17500,Final,Final,974,,120,19,02:48:00,,
2015-05-23,2,Galicia,252,Descenso do Miño de Lugo 2015,Augas Tranquilas,210,H JUN K1 17500,Final,Final,975,,101,20,00:00:00,,
2015-05-23,2,Galicia,252,Descenso do Miño de Lugo 2015,Augas Tranquilas,210,H JUN K1 17500,Final,Final,976,,109,21,00:00:00,,
2015-05-23,2,Galicia,252,Descenso do Miño de Lugo 2015,Augas Tranquilas,210,H JUN K1 17500,Final,Final,977,,110,22,00:00:00,,
2015-05-23,2,Galicia,252,Descenso do Miño de Lugo 2015,Augas Tranquilas,210,H JUN K1 17500,Final,Final,978,,116,23,00:00:00,,
2015-05-23,2,Galicia,252,Descenso do Miño de Lugo 2015,Augas Tranquilas,211,H SEN K2 17500,Final,Final,979 980,,1004,1,01:13:34,105,
2015-05-23,2,Galicia,252,Descenso do Miño de Lugo 2015,Augas Tranquilas,211,H SEN K2 17500,Final,Final,981 8328,,1012,2,01:13:42,102,
2015-05-23,2,Galicia,252,Descenso do Miño de Lugo 2015,Augas Tranquilas,211,H SEN K2 17500,Final,Final,983 984,,1000,3,01:15:32,99,
2015-05-23,2,Galicia,252,Descenso do Miño de Lugo 2015,Augas Tranquilas,211,H SEN K2 17500,Final,Final,880 881,,1002,4,01:18:33,97,
2015-05-23,2,Galicia,252,Descenso do Miño de Lugo 2015,Augas Tranquilas,211,H SEN K2 17500,Final,Final,985 986,,1005,5,01:19:09,96,
2015-05-23,2,Galicia,252,Descenso do Miño de Lugo 2015,Augas Tranquilas,211,H SEN K2 17500,Final,Final,987 988,,1007,6,01:22:57,95,
2015-05-23,2,Galicia,252,Descenso do Miño de Lugo 2015,Augas Tranquilas,211,H SEN K2 17500,Final,Final,882 887,,1003,7,01:29:45,94,
2015-05-23,2,Galicia,252,Descenso do Miño de Lugo 2015,Augas Tranquilas,211,H SEN K2 17500,Final,Final,989 990,,1006,8,01:32:15,93,
2015-05-23,2,Galicia,252,Descenso do Miño de Lugo 2015,Augas Tranquilas,211,H SEN K2 17500,Final,Final,991 992,,1010,9,01:37:49,92,
2015-05-23,2,Galicia,252,Descenso do Miño de Lugo 2015,Augas Tranquilas,211,H SEN K2 17500,Final,Final,993 994,,1011,10,01:50:39,,
2015-05-23,2,Galicia,252,Descenso do Miño de Lugo 2015,Augas Tranquilas,211,H SEN K2 17500,Final,Final,995 1925,,1001,11,00:00:00,,
2015-05-23,2,Galicia,252,Descenso do Miño de Lugo 2015,Augas Tranquilas,211,H SEN K2 17500,Final,Final,877 896,,1008,12,00:00:00,,
2015-05-23,2,Galicia,252,Descenso do Miño de Lugo 2015,Augas Tranquilas,212,H JUN K2 17500,Final,Final,997 998,,1108,1,01:29:48,105,
2015-05-23,2,Galicia,252,Descenso do Miño de Lugo 2015,Augas Tranquilas,212,H JUN K2 17500,Final,Final,861 862,,1103,2,01:30:26,102,
2015-05-23,2,Galicia,252,Descenso do Miño de Lugo 2015,Augas Tranquilas,212,H JUN K2 17500,Final,Final,999 1000,,1105,3,01:32:34,99,
2015-05-23,2,Galicia,252,Descenso do Miño de Lugo 2015,Augas Tranquilas,212,H JUN K2 17500,Final,Final,1001 1002,,1104,4,01:36:21,97,
2015-05-23,2,Galicia,252,Descenso do Miño de Lugo 2015,Augas Tranquilas,212,H JUN K2 17500,Final,Final,1003 1004,,1109,5,01:42:57,96,
2015-05-23,2,Galicia,252,Descenso do Miño de Lugo 2015,Augas Tranquilas,212,H JUN K2 17500,Final,Final,1005 1006,,1106,6,01:47:55,95,
2015-05-23,2,Galicia,252,Descenso do Miño de Lugo 2015,Augas Tranquilas,212,H JUN K2 17500,Final,Final,863 866,,1107,7,01:50:30,94,
2015-05-23,2,Galicia,252,Descenso do Miño de Lugo 2015,Augas Tranquilas,212,H JUN K2 17500,Final,Final,1007 1008,,1102,8,02:30:00,,
2015-05-23,2,Galicia,252,Descenso do Miño de Lugo 2015,Augas Tranquilas,212,H JUN K2 17500,Final,Final,966 1009,,1100,9,00:00:00,,
2015-05-23,2,Galicia,252,Descenso do Miño de Lugo 2015,Augas Tranquilas,212,H JUN K2 17500,Final,Final,1010 1011,,1101,10,00:00:00,,
2015-05-23,2,Galicia,252,Descenso do Miño de Lugo 2015,Augas Tranquilas,213,H VET K2 17500,Final,Final,897 1012,,1908,1,01:18:29,105,
2015-05-23,2,Galicia,252,Descenso do Miño de Lugo 2015,Augas Tranquilas,213,H VET K2 17500,Final,Final,899 908,,1902,2,01:22:00,102,
2015-05-23,2,Galicia,252,Descenso do Miño de Lugo 2015,Augas Tranquilas,213,H VET K2 17500,Final,Final,902 906,,1904,3,01:22:43,99,
2015-05-23,2,Galicia,252,Descenso do Miño de Lugo 2015,Augas Tranquilas,213,H VET K2 17500,Final,Final,900 903,,1903,4,01:24:46,97,
2015-05-23,2,Galicia,252,Descenso do Miño de Lugo 2015,Augas Tranquilas,213,H VET K2 17500,Final,Final,1013 1014,,1900,5,01:27:40,96,
2015-05-23,2,Galicia,252,Descenso do Miño de Lugo 2015,Augas Tranquilas,213,H VET K2 17500,Final,Final,1015 1016,,1901,6,01:33:25,95,
2015-05-23,2,Galicia,252,Descenso do Miño de Lugo 2015,Augas Tranquilas,213,H VET K2 17500,Final,Final,1017 1018,,1910,7,01:34:39,94,
2015-05-23,2,Galicia,252,Descenso do Miño de Lugo 2015,Augas Tranquilas,213,H VET K2 17500,Final,Final,1019 1020,,1909,8,01:35:18,93,
2015-05-23,2,Galicia,252,Descenso do Miño de Lugo 2015,Augas Tranquilas,213,H VET K2 17500,Final,Final,905 1021,,1905,9,01:42:02,92,
2015-05-23,2,Galicia,252,Descenso do Miño de Lugo 2015,Augas Tranquilas,213,H VET K2 17500,Final,Final,1023 3064,,1906,10,01:42:59,91,
2015-05-23,2,Galicia,252,Descenso do Miño de Lugo 2015,Augas Tranquilas,213,H VET K2 17500,Final,Final,956 10305,,1907,11,00:00:00,,
2015-05-23,2,Galicia,252,Descenso do Miño de Lugo 2015,Augas Tranquilas,214,H SEN C1 8000,Final,Final,1025,,612,1,00:46:53,55,
2015-05-23,2,Galicia,252,Descenso do Miño de Lugo 2015,Augas Tranquilas,214,H SEN C1 8000,Final,Final,1026,,613,2,00:48:39,52,
2015-05-23,2,Galicia,252,Descenso do Miño de Lugo 2015,Augas Tranquilas,214,H SEN C1 8000,Final,Final,1027,,606,3,00:48:52,49,
2015-05-23,2,Galicia,252,Descenso do Miño de Lugo 2015,Augas Tranquilas,214,H SEN C1 8000,Final,Final,1028,,605,4,00:49:20,47,
2015-05-23,2,Galicia,252,Descenso do Miño de Lugo 2015,Augas Tranquilas,214,H SEN C1 8000,Final,Final,2761,,610,5,00:51:07,46,
2015-05-23,2,Galicia,252,Descenso do Miño de Lugo 2015,Augas Tranquilas,214,H SEN C1 8000,Final,Final,1030,,600,6,00:52:48,45,
2015-05-23,2,Galicia,252,Descenso do Miño de Lugo 2015,Augas Tranquilas,214,H SEN C1 8000,Final,Final,1031,,615,7,00:52:49,44,
2015-05-23,2,Galicia,252,Descenso do Miño de Lugo 2015,Augas Tranquilas,214,H SEN C1 8000,Final,Final,1032,,601,8,00:53:14,43,
2015-05-23,2,Galicia,252,Descenso do Miño de Lugo 2015,Augas Tranquilas,214,H SEN C1 8000,Final,Final,1033,,611,9,00:58:17,42,
2015-05-23,2,Galicia,252,Descenso do Miño de Lugo 2015,Augas Tranquilas,214,H SEN C1 8000,Final,Final,1034,,614,10,01:00:00,,
2015-05-23,2,Galicia,252,Descenso do Miño de Lugo 2015,Augas Tranquilas,214,H SEN C1 8000,Final,Final,1035,,602,11,00:00:00,,
2015-05-23,2,Galicia,252,Descenso do Miño de Lugo 2015,Augas Tranquilas,214,H SEN C1 8000,Final,Final,1036,,603,12,00:00:00,,
2015-05-23,2,Galicia,252,Descenso do Miño de Lugo 2015,Augas Tranquilas,214,H SEN C1 8000,Final,Final,1037,,604,13,00:00:00,,
2015-05-23,2,Galicia,252,Descenso do Miño de Lugo 2015,Augas Tranquilas,214,H SEN C1 8000,Final,Final,1038,,607,14,00:00:00,,
2015-05-23,2,Galicia,252,Descenso do Miño de Lugo 2015,Augas Tranquilas,214,H SEN C1 8000,Final,Final,1039,,608,15,00:00:00,,
2015-05-23,2,Galicia,252,Descenso do Miño de Lugo 2015,Augas Tranquilas,214,H SEN C1 8000,Final,Final,1040,,609,16,00:00:00,,
2015-05-23,2,Galicia,252,Descenso do Miño de Lugo 2015,Augas Tranquilas,215,H JUN C1 8000,Final,Final,1041,,701,1,00:50:22,55,
2015-05-23,2,Galicia,252,Descenso do Miño de Lugo 2015,Augas Tranquilas,215,H JUN C1 8000,Final,Final,1042,,704,2,00:51:04,52,
2015-05-23,2,Galicia,252,Descenso do Miño de Lugo 2015,Augas Tranquilas,215,H JUN C1 8000,Final,Final,1043,,706,3,00:52:38,49,
2015-05-23,2,Galicia,252,Descenso do Miño de Lugo 2015,Augas Tranquilas,215,H JUN C1 8000,Final,Final,1044,,700,4,00:56:01,47,
2015-05-23,2,Galicia,252,Descenso do Miño de Lugo 2015,Augas Tranquilas,215,H JUN C1 8000,Final,Final,1045,,707,5,00:56:09,46,
2015-05-23,2,Galicia,252,Descenso do Miño de Lugo 2015,Augas Tranquilas,215,H JUN C1 8000,Final,Final,1046,,702,6,00:56:19,45,
2015-05-23,2,Galicia,252,Descenso do Miño de Lugo 2015,Augas Tranquilas,215,H JUN C1 8000,Final,Final,1047,,708,7,00:56:40,44,
2015-05-23,2,Galicia,252,Descenso do Miño de Lugo 2015,Augas Tranquilas,215,H JUN C1 8000,Final,Final,1048,,703,8,00:00:00,,
2015-05-23,2,Galicia,252,Descenso do Miño de Lugo 2015,Augas Tranquilas,215,H JUN C1 8000,Final,Final,1049,,705,9,00:00:00,,
2015-05-23,2,Galicia,252,Descenso do Miño de Lugo 2015,Augas Tranquilas,216,H CAD C1 8000,Final,Final,22505,,809,1,00:51:12,55,
2015-05-23,2,Galicia,252,Descenso do Miño de Lugo 2015,Augas Tranquilas,216,H CAD C1 8000,Final,Final,1051,,805,2,00:51:41,52,
2015-05-23,2,Galicia,252,Descenso do Miño de Lugo 2015,Augas Tranquilas,216,H CAD C1 8000,Final,Final,1052,,813,3,00:51:49,49,
2015-05-23,2,Galicia,252,Descenso do Miño de Lugo 2015,Augas Tranquilas,216,H CAD C1 8000,Final,Final,3633,,807,4,00:52:13,47,
2015-05-23,2,Galicia,252,Descenso do Miño de Lugo 2015,Augas Tranquilas,216,H CAD C1 8000,Final,Final,1054,,808,5,00:52:22,46,
2015-05-23,2,Galicia,252,Descenso do Miño de Lugo 2015,Augas Tranquilas,216,H CAD C1 8000,Final,Final,1055,,815,6,00:53:46,45,
2015-05-23,2,Galicia,252,Descenso do Miño de Lugo 2015,Augas Tranquilas,216,H CAD C1 8000,Final,Final,1056,,801,7,00:53:47,44,
2015-05-23,2,Galicia,252,Descenso do Miño de Lugo 2015,Augas Tranquilas,216,H CAD C1 8000,Final,Final,1057,,804,8,00:54:11,43,
2015-05-23,2,Galicia,252,Descenso do Miño de Lugo 2015,Augas Tranquilas,216,H CAD C1 8000,Final,Final,1058,,810,9,00:54:28,42,
2015-05-23,2,Galicia,252,Descenso do Miño de Lugo 2015,Augas Tranquilas,216,H CAD C1 8000,Final,Final,1059,,800,10,00:55:14,41,
2015-05-23,2,Galicia,252,Descenso do Miño de Lugo 2015,Augas Tranquilas,216,H CAD C1 8000,Final,Final,1060,,806,11,00:56:24,40,
2015-05-23,2,Galicia,252,Descenso do Miño de Lugo 2015,Augas Tranquilas,216,H CAD C1 8000,Final,Final,1061,,820,12,00:57:12,39,
2015-05-23,2,Galicia,252,Descenso do Miño de Lugo 2015,Augas Tranquilas,216,H CAD C1 8000,Final,Final,1062,,816,13,00:57:40,38,
2015-05-23,2,Galicia,252,Descenso do Miño de Lugo 2015,Augas Tranquilas,216,H CAD C1 8000,Final,Final,1063,,811,14,00:58:19,37,
2015-05-23,2,Galicia,252,Descenso do Miño de Lugo 2015,Augas Tranquilas,216,H CAD C1 8000,Final,Final,1064,,814,15,00:59:11,36,
2015-05-23,2,Galicia,252,Descenso do Miño de Lugo 2015,Augas Tranquilas,216,H CAD C1 8000,Final,Final,1065,,817,16,00:59:24,35,
2015-05-23,2,Galicia,252,Descenso do Miño de Lugo 2015,Augas Tranquilas,216,H CAD C1 8000,Final,Final,1066,,822,17,00:59:32,34,
2015-05-23,2,Galicia,252,Descenso do Miño de Lugo 2015,Augas Tranquilas,216,H CAD C1 8000,Final,Final,1067,,803,18,01:01:32,33,
2015-05-23,2,Galicia,252,Descenso do Miño de Lugo 2015,Augas Tranquilas,216,H CAD C1 8000,Final,Final,1068,,821,19,01:08:20,,
2015-05-23,2,Galicia,252,Descenso do Miño de Lugo 2015,Augas Tranquilas,216,H CAD C1 8000,Final,Final,1069,,819,20,01:08:26,,
2015-05-23,2,Galicia,252,Descenso do Miño de Lugo 2015,Augas Tranquilas,216,H CAD C1 8000,Final,Final,1070,,802,21,00:00:00,,
2015-05-23,2,Galicia,252,Descenso do Miño de Lugo 2015,Augas Tranquilas,216,H CAD C1 8000,Final,Final,1071,,812,22,00:00:00,,
2015-05-23,2,Galicia,252,Descenso do Miño de Lugo 2015,Augas Tranquilas,217,M SEN C1 8000,Final,Final,1072,,393,1,00:52:59,55,
2015-05-23,2,Galicia,252,Descenso do Miño de Lugo 2015,Augas Tranquilas,217,M SEN C1 8000,Final,Final,1073,,392,2,00:53:38,52,
2015-05-23,2,Galicia,252,Descenso do Miño de Lugo 2015,Augas Tranquilas,217,M SEN C1 8000,Final,Final,1074,,391,3,00:57:06,49,
2015-05-23,2,Galicia,252,Descenso do Miño de Lugo 2015,Augas Tranquilas,217,M SEN C1 8000,Final,Final,1075,,394,4,01:00:47,47,
2015-05-23,2,Galicia,252,Descenso do Miño de Lugo 2015,Augas Tranquilas,217,M SEN C1 8000,Final,Final,1076,,390,5,00:00:00,,
2015-05-23,2,Galicia,252,Descenso do Miño de Lugo 2015,Augas Tranquilas,220,M CAD K2 8000,Final,Final,858 1077,,1507,1,00:38:27,105,
2015-05-23,2,Galicia,252,Descenso do Miño de Lugo 2015,Augas Tranquilas,220,M CAD K2 8000,Final,Final,1078 1079,,1502,2,00:38:41,102,
2015-05-23,2,Galicia,252,Descenso do Miño de Lugo 2015,Augas Tranquilas,220,M CAD K2 8000,Final,Final,1080 1081,,1500,3,00:39:45,101,
2015-05-23,2,Galicia,252,Descenso do Miño de Lugo 2015,Augas Tranquilas,220,M CAD K2 8000,Final,Final,1082 1083,,1505,4,00:39:59,97,
2015-05-23,2,Galicia,252,Descenso do Miño de Lugo 2015,Augas Tranquilas,220,M CAD K2 8000,Final,Final,1084 1085,,1503,5,00:40:20,96,
2015-05-23,2,Galicia,252,Descenso do Miño de Lugo 2015,Augas Tranquilas,220,M CAD K2 8000,Final,Final,1086 1087,,1501,6,00:42:39,95,
2015-05-23,2,Galicia,252,Descenso do Miño de Lugo 2015,Augas Tranquilas,220,M CAD K2 8000,Final,Final,832 1088,,1508,7,00:43:20,94,
2015-05-23,2,Galicia,252,Descenso do Miño de Lugo 2015,Augas Tranquilas,220,M CAD K2 8000,Final,Final,1089 1090,,1506,8,00:44:34,93,
2015-05-23,2,Galicia,252,Descenso do Miño de Lugo 2015,Augas Tranquilas,220,M CAD K2 8000,Final,Final,1091 2936,,1504,9,00:50:12,92,
2015-05-23,2,Galicia,252,Descenso do Miño de Lugo 2015,Augas Tranquilas,221,M CAD K1 8000,Final,Final,1093,,502,1,00:48:17,55,
2015-05-23,2,Galicia,252,Descenso do Miño de Lugo 2015,Augas Tranquilas,221,M CAD K1 8000,Final,Final,1094,,510,2,00:48:25,52,
2015-05-23,2,Galicia,252,Descenso do Miño de Lugo 2015,Augas Tranquilas,221,M CAD K1 8000,Final,Final,855,,521,3,00:48:33,49,
2015-05-23,2,Galicia,252,Descenso do Miño de Lugo 2015,Augas Tranquilas,221,M CAD K1 8000,Final,Final,857,,512,4,00:48:59,47,
2015-05-23,2,Galicia,252,Descenso do Miño de Lugo 2015,Augas Tranquilas,221,M CAD K1 8000,Final,Final,1095,,514,5,00:49:27,46,
2015-05-23,2,Galicia,252,Descenso do Miño de Lugo 2015,Augas Tranquilas,221,M CAD K1 8000,Final,Final,1096,,506,6,00:50:27,45,
2015-05-23,2,Galicia,252,Descenso do Miño de Lugo 2015,Augas Tranquilas,221,M CAD K1 8000,Final,Final,1097,,504,7,00:50:34,44,
2015-05-23,2,Galicia,252,Descenso do Miño de Lugo 2015,Augas Tranquilas,221,M CAD K1 8000,Final,Final,856,,513,8,00:51:31,43,
2015-05-23,2,Galicia,252,Descenso do Miño de Lugo 2015,Augas Tranquilas,221,M CAD K1 8000,Final,Final,1098,,528,9,00:52:06,42,
2015-05-23,2,Galicia,252,Descenso do Miño de Lugo 2015,Augas Tranquilas,221,M CAD K1 8000,Final,Final,1099,,525,10,00:52:12,41,
2015-05-23,2,Galicia,252,Descenso do Miño de Lugo 2015,Augas Tranquilas,221,M CAD K1 8000,Final,Final,1100,,516,11,00:52:50,40,
2015-05-23,2,Galicia,252,Descenso do Miño de Lugo 2015,Augas Tranquilas,221,M CAD K1 8000,Final,Final,1101,,524,12,00:54:27,39,
2015-05-23,2,Galicia,252,Descenso do Miño de Lugo 2015,Augas Tranquilas,221,M CAD K1 8000,Final,Final,1102,,500,13,00:54:54,38,
2015-05-23,2,Galicia,252,Descenso do Miño de Lugo 2015,Augas Tranquilas,221,M CAD K1 8000,Final,Final,1103,,519,14,00:55:06,37,
2015-05-23,2,Galicia,252,Descenso do Miño de Lugo 2015,Augas Tranquilas,221,M CAD K1 8000,Final,Final,1104,,526,15,00:55:51,36,
2015-05-23,2,Galicia,252,Descenso do Miño de Lugo 2015,Augas Tranquilas,221,M CAD K1 8000,Final,Final,3360,,522,16,00:56:37,35,
2015-05-23,2,Galicia,252,Descenso do Miño de Lugo 2015,Augas Tranquilas,221,M CAD K1 8000,Final,Final,1106,,501,17,00:57:49,34,
2015-05-23,2,Galicia,252,Descenso do Miño de Lugo 2015,Augas Tranquilas,221,M CAD K1 8000,Final,Final,3359,,518,18,00:57:53,33,
2015-05-23,2,Galicia,252,Descenso do Miño de Lugo 2015,Augas Tranquilas,221,M CAD K1 8000,Final,Final,1108,,508,19,00:58:00,32,
2015-05-23,2,Galicia,252,Descenso do Miño de Lugo 2015,Augas Tranquilas,221,M CAD K1 8000,Final,Final,2801,,515,20,00:59:06,31,
2015-05-23,2,Galicia,252,Descenso do Miño de Lugo 2015,Augas Tranquilas,221,M CAD K1 8000,Final,Final,1110,,505,21,00:59:53,30,
2015-05-23,2,Galicia,252,Descenso do Miño de Lugo 2015,Augas Tranquilas,221,M CAD K1 8000,Final,Final,1111,,509,22,01:00:17,29,
2015-05-23,2,Galicia,252,Descenso do Miño de Lugo 2015,Augas Tranquilas,221,M CAD K1 8000,Final,Final,2928,,527,23,01:01:37,,
2015-05-23,2,Galicia,252,Descenso do Miño de Lugo 2015,Augas Tranquilas,221,M CAD K1 8000,Final,Final,1113,,507,24,01:05:06,,
2015-05-23,2,Galicia,252,Descenso do Miño de Lugo 2015,Augas Tranquilas,221,M CAD K1 8000,Final,Final,1114,,503,25,00:00:00,,
2015-05-23,2,Galicia,252,Descenso do Miño de Lugo 2015,Augas Tranquilas,221,M CAD K1 8000,Final,Final,1115,,511,26,00:00:00,,
2015-05-23,2,Galicia,252,Descenso do Miño de Lugo 2015,Augas Tranquilas,221,M CAD K1 8000,Final,Final,1116,,517,27,00:00:00,,
2015-05-23,2,Galicia,252,Descenso do Miño de Lugo 2015,Augas Tranquilas,221,M CAD K1 8000,Final,Final,1090,,520,28,00:00:00,,
2015-05-23,2,Galicia,252,Descenso do Miño de Lugo 2015,Augas Tranquilas,221,M CAD K1 8000,Final,Final,1117,,523,29,00:00:00,,
2015-05-23,2,Galicia,252,Descenso do Miño de Lugo 2015,Augas Tranquilas,222,M JUN K2 8000,Final,Final,1118 1119,,1403,1,00:40:54,105,
2015-05-23,2,Galicia,252,Descenso do Miño de Lugo 2015,Augas Tranquilas,222,M JUN K2 8000,Final,Final,1120 1121,,1400,2,00:41:00,102,
2015-05-23,2,Galicia,252,Descenso do Miño de Lugo 2015,Augas Tranquilas,222,M JUN K2 8000,Final,Final,1122 1123,,1401,3,00:45:02,99,
2015-05-23,2,Galicia,252,Descenso do Miño de Lugo 2015,Augas Tranquilas,222,M JUN K2 8000,Final,Final,829 833,,1402,4,00:00:00,,
2015-05-23,2,Galicia,252,Descenso do Miño de Lugo 2015,Augas Tranquilas,223,M JUN K1 8000,Final,Final,1124,,401,1,00:51:22,55,
2015-05-23,2,Galicia,252,Descenso do Miño de Lugo 2015,Augas Tranquilas,223,M JUN K1 8000,Final,Final,1125,,400,2,00:53:03,52,
2015-05-23,2,Galicia,252,Descenso do Miño de Lugo 2015,Augas Tranquilas,223,M JUN K1 8000,Final,Final,1126,,407,3,00:53:11,49,
2015-05-23,2,Galicia,252,Descenso do Miño de Lugo 2015,Augas Tranquilas,223,M JUN K1 8000,Final,Final,1127,,403,4,00:55:34,47,
2015-05-23,2,Galicia,252,Descenso do Miño de Lugo 2015,Augas Tranquilas,223,M JUN K1 8000,Final,Final,831,,402,5,00:55:35,46,
2015-05-23,2,Galicia,252,Descenso do Miño de Lugo 2015,Augas Tranquilas,223,M JUN K1 8000,Final,Final,1088,,405,6,00:00:00,,
2015-05-23,2,Galicia,252,Descenso do Miño de Lugo 2015,Augas Tranquilas,224,M SEN K2 8000,Final,Final,1128 1129,,1300,1,00:35:26,105,
2015-05-23,2,Galicia,252,Descenso do Miño de Lugo 2015,Augas Tranquilas,224,M SEN K2 8000,Final,Final,1130 1131,,1302,2,00:37:15,102,
2015-05-23,2,Galicia,252,Descenso do Miño de Lugo 2015,Augas Tranquilas,224,M SEN K2 8000,Final,Final,2921 8302,,1301,3,00:37:42,99,
2015-05-23,2,Galicia,252,Descenso do Miño de Lugo 2015,Augas Tranquilas,224,M SEN K2 8000,Final,Final,826 1134,,1303,4,01:09:31,,
2015-05-23,2,Galicia,252,Descenso do Miño de Lugo 2015,Augas Tranquilas,225,M SEN K1 8000,Final,Final,1135,,309,1,00:46:54,55,
2015-05-23,2,Galicia,252,Descenso do Miño de Lugo 2015,Augas Tranquilas,225,M SEN K1 8000,Final,Final,1136,,308,2,00:47:15,52,
2015-05-23,2,Galicia,252,Descenso do Miño de Lugo 2015,Augas Tranquilas,225,M SEN K1 8000,Final,Final,825,,310,3,00:47:51,49,
2015-05-23,2,Galicia,252,Descenso do Miño de Lugo 2015,Augas Tranquilas,225,M SEN K1 8000,Final,Final,1137,,300,4,00:50:07,47,
2015-05-23,2,Galicia,252,Descenso do Miño de Lugo 2015,Augas Tranquilas,225,M SEN K1 8000,Final,Final,2922,,306,5,00:51:16,46,
2015-05-23,2,Galicia,252,Descenso do Miño de Lugo 2015,Augas Tranquilas,225,M SEN K1 8000,Final,Final,1699,,311,6,00:51:18,45,
2015-05-23,2,Galicia,252,Descenso do Miño de Lugo 2015,Augas Tranquilas,225,M SEN K1 8000,Final,Final,1140,,302,7,00:56:50,44,
2015-05-23,2,Galicia,252,Descenso do Miño de Lugo 2015,Augas Tranquilas,225,M SEN K1 8000,Final,Final,1141,,304,8,00:59:37,,
2015-05-23,2,Galicia,252,Descenso do Miño de Lugo 2015,Augas Tranquilas,225,M SEN K1 8000,Final,Final,1142,,307,9,01:00:19,,
2015-05-23,2,Galicia,252,Descenso do Miño de Lugo 2015,Augas Tranquilas,225,M SEN K1 8000,Final,Final,1143,,301,10,01:04:04,,
2015-05-23,2,Galicia,252,Descenso do Miño de Lugo 2015,Augas Tranquilas,225,M SEN K1 8000,Final,Final,2921,,303,11,00:00:00,,
2015-05-23,2,Galicia,252,Descenso do Miño de Lugo 2015,Augas Tranquilas,225,M SEN K1 8000,Final,Final,1144,,305,12,00:00:00,,
2015-05-23,2,Galicia,252,Descenso do Miño de Lugo 2015,Augas Tranquilas,226,H CAD K2 8000,Final,Final,1145 1538,,1206,1,00:32:57,105,
2015-05-23,2,Galicia,252,Descenso do Miño de Lugo 2015,Augas Tranquilas,226,H CAD K2 8000,Final,Final,1147 1148,,1208,2,00:34:23,102,
2015-05-23,2,Galicia,252,Descenso do Miño de Lugo 2015,Augas Tranquilas,226,H CAD K2 8000,Final,Final,1149 1150,,1204,3,00:34:36,99,
2015-05-23,2,Galicia,252,Descenso do Miño de Lugo 2015,Augas Tranquilas,226,H CAD K2 8000,Final,Final,1151 1152,,1200,4,00:35:58,97,
2015-05-23,2,Galicia,252,Descenso do Miño de Lugo 2015,Augas Tranquilas,226,H CAD K2 8000,Final,Final,835 845,,1207,5,00:37:03,96,
2015-05-23,2,Galicia,252,Descenso do Miño de Lugo 2015,Augas Tranquilas,226,H CAD K2 8000,Final,Final,1153 1154,,1209,6,00:39:37,95,
2015-05-23,2,Galicia,252,Descenso do Miño de Lugo 2015,Augas Tranquilas,226,H CAD K2 8000,Final,Final,1155 1156,,1205,7,00:40:39,94,
2015-05-23,2,Galicia,252,Descenso do Miño de Lugo 2015,Augas Tranquilas,226,H CAD K2 8000,Final,Final,837 840,,1202,8,00:42:20,93,
2015-05-23,2,Galicia,252,Descenso do Miño de Lugo 2015,Augas Tranquilas,226,H CAD K2 8000,Final,Final,1157 1158,,1203,9,00:48:19,,
2015-05-23,2,Galicia,252,Descenso do Miño de Lugo 2015,Augas Tranquilas,226,H CAD K2 8000,Final,Final,1159 1160,,1201,10,00:48:38,,
2015-05-23,2,Galicia,252,Descenso do Miño de Lugo 2015,Augas Tranquilas,227,H CAD K1 8000,Final,Final,834,,221,1,00:35:38,55,
2015-05-23,2,Galicia,252,Descenso do Miño de Lugo 2015,Augas Tranquilas,227,H CAD K1 8000,Final,Final,1161,,204,2,00:37:25,52,
2015-05-23,2,Galicia,252,Descenso do Miño de Lugo 2015,Augas Tranquilas,227,H CAD K1 8000,Final,Final,836,,210,3,00:37:41,49,
2015-05-23,2,Galicia,252,Descenso do Miño de Lugo 2015,Augas Tranquilas,227,H CAD K1 8000,Final,Final,1162,,213,4,00:37:52,47,
2015-05-23,2,Galicia,252,Descenso do Miño de Lugo 2015,Augas Tranquilas,227,H CAD K1 8000,Final,Final,1163,,203,5,00:37:55,46,
2015-05-23,2,Galicia,252,Descenso do Miño de Lugo 2015,Augas Tranquilas,227,H CAD K1 8000,Final,Final,3350,,211,6,00:37:59,45,
2015-05-23,2,Galicia,252,Descenso do Miño de Lugo 2015,Augas Tranquilas,227,H CAD K1 8000,Final,Final,1165,,229,7,00:38:15,44,
2015-05-23,2,Galicia,252,Descenso do Miño de Lugo 2015,Augas Tranquilas,227,H CAD K1 8000,Final,Final,1166,,217,8,00:38:39,43,
2015-05-23,2,Galicia,252,Descenso do Miño de Lugo 2015,Augas Tranquilas,227,H CAD K1 8000,Final,Final,1167,,202,9,00:39:50,42,
2015-05-23,2,Galicia,252,Descenso do Miño de Lugo 2015,Augas Tranquilas,227,H CAD K1 8000,Final,Final,2747,,228,10,00:39:55,41,
2015-05-23,2,Galicia,252,Descenso do Miño de Lugo 2015,Augas Tranquilas,227,H CAD K1 8000,Final,Final,839,,209,11,00:40:14,40,
2015-05-23,2,Galicia,252,Descenso do Miño de Lugo 2015,Augas Tranquilas,227,H CAD K1 8000,Final,Final,838,,208,12,00:40:35,39,
2015-05-23,2,Galicia,252,Descenso do Miño de Lugo 2015,Augas Tranquilas,227,H CAD K1 8000,Final,Final,1169,,220,13,00:41:28,38,
2015-05-23,2,Galicia,252,Descenso do Miño de Lugo 2015,Augas Tranquilas,227,H CAD K1 8000,Final,Final,1170,,236,14,00:41:52,37,
2015-05-23,2,Galicia,252,Descenso do Miño de Lugo 2015,Augas Tranquilas,227,H CAD K1 8000,Final,Final,1171,,201,15,00:42:22,36,
2015-05-23,2,Galicia,252,Descenso do Miño de Lugo 2015,Augas Tranquilas,227,H CAD K1 8000,Final,Final,1172,,205,16,00:42:24,35,
2015-05-23,2,Galicia,252,Descenso do Miño de Lugo 2015,Augas Tranquilas,227,H CAD K1 8000,Final,Final,1173,,216,17,00:42:33,34,
2015-05-23,2,Galicia,252,Descenso do Miño de Lugo 2015,Augas Tranquilas,227,H CAD K1 8000,Final,Final,2956,,225,18,00:42:50,33,
2015-05-23,2,Galicia,252,Descenso do Miño de Lugo 2015,Augas Tranquilas,227,H CAD K1 8000,Final,Final,1175,,230,19,00:43:00,32,
2015-05-23,2,Galicia,252,Descenso do Miño de Lugo 2015,Augas Tranquilas,227,H CAD K1 8000,Final,Final,3625,,226,20,00:43:29,31,
2015-05-23,2,Galicia,252,Descenso do Miño de Lugo 2015,Augas Tranquilas,227,H CAD K1 8000,Final,Final,1177,,219,21,00:44:31,30,
2015-05-23,2,Galicia,252,Descenso do Miño de Lugo 2015,Augas Tranquilas,227,H CAD K1 8000,Final,Final,1178,,223,22,00:45:45,29,
2015-05-23,2,Galicia,252,Descenso do Miño de Lugo 2015,Augas Tranquilas,227,H CAD K1 8000,Final,Final,1179,,206,23,00:45:58,28,
2015-05-23,2,Galicia,252,Descenso do Miño de Lugo 2015,Augas Tranquilas,227,H CAD K1 8000,Final,Final,2941,,235,24,00:46:06,27,
2015-05-23,2,Galicia,252,Descenso do Miño de Lugo 2015,Augas Tranquilas,227,H CAD K1 8000,Final,Final,1181,,222,25,00:47:03,26,
2015-05-23,2,Galicia,252,Descenso do Miño de Lugo 2015,Augas Tranquilas,227,H CAD K1 8000,Final,Final,2938,,215,26,00:47:07,25,
2015-05-23,2,Galicia,252,Descenso do Miño de Lugo 2015,Augas Tranquilas,227,H CAD K1 8000,Final,Final,1182,,200,27,00:47:09,24,
2015-05-23,2,Galicia,252,Descenso do Miño de Lugo 2015,Augas Tranquilas,227,H CAD K1 8000,Final,Final,2946,,232,28,00:47:59,,
2015-05-23,2,Galicia,252,Descenso do Miño de Lugo 2015,Augas Tranquilas,227,H CAD K1 8000,Final,Final,2953,,224,29,00:49:58,,
2015-05-23,2,Galicia,252,Descenso do Miño de Lugo 2015,Augas Tranquilas,227,H CAD K1 8000,Final,Final,3367,,227,30,00:57:52,,
2015-05-23,2,Galicia,252,Descenso do Miño de Lugo 2015,Augas Tranquilas,227,H CAD K1 8000,Final,Final,2954,,233,31,01:21:00,,
2015-05-23,2,Galicia,252,Descenso do Miño de Lugo 2015,Augas Tranquilas,227,H CAD K1 8000,Final,Final,1160,,207,32,00:00:00,,
2015-05-23,2,Galicia,252,Descenso do Miño de Lugo 2015,Augas Tranquilas,227,H CAD K1 8000,Final,Final,1187,,212,33,00:00:00,,
2015-05-23,2,Galicia,252,Descenso do Miño de Lugo 2015,Augas Tranquilas,227,H CAD K1 8000,Final,Final,1188,,214,34,00:00:00,,
2015-05-23,2,Galicia,252,Descenso do Miño de Lugo 2015,Augas Tranquilas,227,H CAD K1 8000,Final,Final,2937,,231,35,00:00:00,,
2015-05-23,2,Galicia,252,Descenso do Miño de Lugo 2015,Augas Tranquilas,227,H CAD K1 8000,Final,Final,1190,,234,36,00:00:00,,
2015-05-23,2,Galicia,252,Descenso do Miño de Lugo 2015,Augas Tranquilas,228,M VET K1 8000,Final,Final,1191,,956,1,00:48:21,55,
2015-05-23,2,Galicia,252,Descenso do Miño de Lugo 2015,Augas Tranquilas,228,M VET K1 8000,Final,Final,1192,,955,2,00:58:25,52,
2015-05-23,2,Galicia,252,Descenso do Miño de Lugo 2015,Augas Tranquilas,228,M VET K1 8000,Final,Final,1193,,954,3,00:58:35,49,
2015-05-23,2,Galicia,252,Descenso do Miño de Lugo 2015,Augas Tranquilas,228,M VET K1 8000,Final,Final,5537,,953,4,00:58:46,47,
2015-05-23,2,Galicia,252,Descenso do Miño de Lugo 2015,Augas Tranquilas,228,M VET K1 8000,Final,Final,3621,,952,5,01:02:02,,
2015-05-23,2,Galicia,252,Descenso do Miño de Lugo 2015,Augas Tranquilas,228,M VET K1 8000,Final,Final,828,,950,6,01:06:48,,
2015-05-23,2,Galicia,252,Descenso do Miño de Lugo 2015,Augas Tranquilas,228,M VET K1 8000,Final,Final,3067,,951,7,00:00:00,,
2015-08-01,2,Galicia,277,1ª Regata Liga Provincial de A Coruña-2015,Augas Tranquilas,229,M BEN K1 1500,Final,Final,4048,,1912,1,00:10:14.68,55,
2015-08-01,2,Galicia,277,1ª Regata Liga Provincial de A Coruña-2015,Augas Tranquilas,229,M BEN K1 1500,Final,Final,1198,,1919,2,00:10:30.02,52,
2015-08-01,2,Galicia,277,1ª Regata Liga Provincial de A Coruña-2015,Augas Tranquilas,229,M BEN K1 1500,Final,Final,4426,,1914,3,00:10:41.14,49,
2015-08-01,2,Galicia,277,1ª Regata Liga Provincial de A Coruña-2015,Augas Tranquilas,229,M BEN K1 1500,Final,Final,4432,,1905,4,00:11:34.16,47,
2015-08-01,2,Galicia,277,1ª Regata Liga Provincial de A Coruña-2015,Augas Tranquilas,229,M BEN K1 1500,Final,Final,1201,,1918,5,00:11:39.8,46,
2015-08-01,2,Galicia,277,1ª Regata Liga Provincial de A Coruña-2015,Augas Tranquilas,229,M BEN K1 1500,Final,Final,1202,,1904,6,00:11:52.16,45,
2015-08-01,2,Galicia,277,1ª Regata Liga Provincial de A Coruña-2015,Augas Tranquilas,229,M BEN K1 1500,Final,Final,4428,,1922,7,00:12:10.84,44,
2015-08-01,2,Galicia,277,1ª Regata Liga Provincial de A Coruña-2015,Augas Tranquilas,229,M BEN K1 1500,Final,Final,1204,,1907,8,00:12:47.04,43,
2015-08-01,2,Galicia,277,1ª Regata Liga Provincial de A Coruña-2015,Augas Tranquilas,229,M BEN K1 1500,Final,Final,4063,,1908,9,00:13:20.84,42,
2015-08-01,2,Galicia,277,1ª Regata Liga Provincial de A Coruña-2015,Augas Tranquilas,229,M BEN K1 1500,Final,Final,1206,,1915,10,00:13:30.75,41,
2015-08-01,2,Galicia,277,1ª Regata Liga Provincial de A Coruña-2015,Augas Tranquilas,229,M BEN K1 1500,Final,Final,4041,,1911,11,00:13:55.56,40,
2015-08-01,2,Galicia,277,1ª Regata Liga Provincial de A Coruña-2015,Augas Tranquilas,229,M BEN K1 1500,Final,Final,1208,,1917,12,00:14:01.91,39,
2015-08-01,2,Galicia,277,1ª Regata Liga Provincial de A Coruña-2015,Augas Tranquilas,229,M BEN K1 1500,Final,Final,1209,,1913,13,00:14:47.92,38,
2015-08-01,2,Galicia,277,1ª Regata Liga Provincial de A Coruña-2015,Augas Tranquilas,229,M BEN K1 1500,Final,Final,1210,,1902,14,00:15:33.65,37,
2015-08-01,2,Galicia,277,1ª Regata Liga Provincial de A Coruña-2015,Augas Tranquilas,229,M BEN K1 1500,Final,Final,1211,,1916,15,00:16:37.06,36,
2015-08-01,2,Galicia,277,1ª Regata Liga Provincial de A Coruña-2015,Augas Tranquilas,229,M BEN K1 1500,Final,Final,4061,,1903,16,00:00:00,,
2015-08-01,2,Galicia,277,1ª Regata Liga Provincial de A Coruña-2015,Augas Tranquilas,229,M BEN K1 1500,Final,Final,1213,,1909,17,00:00:00,,
2015-08-01,2,Galicia,277,1ª Regata Liga Provincial de A Coruña-2015,Augas Tranquilas,229,M BEN K1 1500,Final,Final,4427,,1923,18,00:00:00,,
2015-08-01,2,Galicia,277,1ª Regata Liga Provincial de A Coruña-2015,Augas Tranquilas,229,M BEN K1 1500,Final,Final,1215,,1900,19,00:00:00,,
2015-08-01,2,Galicia,277,1ª Regata Liga Provincial de A Coruña-2015,Augas Tranquilas,229,M BEN K1 1500,Final,Final,4064,,1901,20,00:00:00,,
2015-08-01,2,Galicia,277,1ª Regata Liga Provincial de A Coruña-2015,Augas Tranquilas,229,M BEN K1 1500,Final,Final,4429,,1906,21,00:00:00,,
2015-08-01,2,Galicia,277,1ª Regata Liga Provincial de A Coruña-2015,Augas Tranquilas,229,M BEN K1 1500,Final,Final,1218,,1910,22,00:00:00,,
2015-08-01,2,Galicia,277,1ª Regata Liga Provincial de A Coruña-2015,Augas Tranquilas,229,M BEN K1 1500,Final,Final,1219,,1920,23,00:00:00,,
2015-08-01,2,Galicia,277,1ª Regata Liga Provincial de A Coruña-2015,Augas Tranquilas,229,M BEN K1 1500,Final,Final,1220,,1921,24,00:00:00,,
2015-08-01,2,Galicia,277,1ª Regata Liga Provincial de A Coruña-2015,Augas Tranquilas,230,H BEN K1 1500,Final,Final,4072,,923,1,00:09:49.17,55,
2015-08-01,2,Galicia,277,1ª Regata Liga Provincial de A Coruña-2015,Augas Tranquilas,230,H BEN K1 1500,Final,Final,4073,,908,2,00:09:55.11,52,
2015-08-01,2,Galicia,277,1ª Regata Liga Provincial de A Coruña-2015,Augas Tranquilas,230,H BEN K1 1500,Final,Final,4437,,931,3,00:09:59.73,49,
2015-08-01,2,Galicia,277,1ª Regata Liga Provincial de A Coruña-2015,Augas Tranquilas,230,H BEN K1 1500,Final,Final,1224,,916,4,00:10:43.33,47,
2015-08-01,2,Galicia,277,1ª Regata Liga Provincial de A Coruña-2015,Augas Tranquilas,230,H BEN K1 1500,Final,Final,7081,,935,5,00:10:53.47,46,
2015-08-01,2,Galicia,277,1ª Regata Liga Provincial de A Coruña-2015,Augas Tranquilas,230,H BEN K1 1500,Final,Final,1226,,907,6,00:11:13.49,45,
2015-08-01,2,Galicia,277,1ª Regata Liga Provincial de A Coruña-2015,Augas Tranquilas,230,H BEN K1 1500,Final,Final,1227,,905,7,00:11:19.34,44,
2015-08-01,2,Galicia,277,1ª Regata Liga Provincial de A Coruña-2015,Augas Tranquilas,230,H BEN K1 1500,Final,Final,4440,,930,8,00:11:25.45,43,
2015-08-01,2,Galicia,277,1ª Regata Liga Provincial de A Coruña-2015,Augas Tranquilas,230,H BEN K1 1500,Final,Final,4074,,938,9,00:11:30.48,42,
2015-08-01,2,Galicia,277,1ª Regata Liga Provincial de A Coruña-2015,Augas Tranquilas,230,H BEN K1 1500,Final,Final,4075,,900,10,00:11:32.53,41,
2015-08-01,2,Galicia,277,1ª Regata Liga Provincial de A Coruña-2015,Augas Tranquilas,230,H BEN K1 1500,Final,Final,1231,,919,11,00:11:37.6,40,
2015-08-01,2,Galicia,277,1ª Regata Liga Provincial de A Coruña-2015,Augas Tranquilas,230,H BEN K1 1500,Final,Final,1232,,926,12,00:11:40.64,39,
2015-08-01,2,Galicia,277,1ª Regata Liga Provincial de A Coruña-2015,Augas Tranquilas,230,H BEN K1 1500,Final,Final,1233,,937,13,00:11:47.07,38,
2015-08-01,2,Galicia,277,1ª Regata Liga Provincial de A Coruña-2015,Augas Tranquilas,230,H BEN K1 1500,Final,Final,1234,,924,14,00:11:48.25,37,
2015-08-01,2,Galicia,277,1ª Regata Liga Provincial de A Coruña-2015,Augas Tranquilas,230,H BEN K1 1500,Final,Final,4438,,918,15,00:11:54.22,36,
2015-08-01,2,Galicia,277,1ª Regata Liga Provincial de A Coruña-2015,Augas Tranquilas,230,H BEN K1 1500,Final,Final,4079,,921,16,00:12:09.93,35,
2015-08-01,2,Galicia,277,1ª Regata Liga Provincial de A Coruña-2015,Augas Tranquilas,230,H BEN K1 1500,Final,Final,4034,,913,17,00:12:15.14,34,
2015-08-01,2,Galicia,277,1ª Regata Liga Provincial de A Coruña-2015,Augas Tranquilas,230,H BEN K1 1500,Final,Final,4080,,903,18,00:12:18.06,33,
2015-08-01,2,Galicia,277,1ª Regata Liga Provincial de A Coruña-2015,Augas Tranquilas,230,H BEN K1 1500,Final,Final,1239,,904,19,00:12:24.57,32,
2015-08-01,2,Galicia,277,1ª Regata Liga Provincial de A Coruña-2015,Augas Tranquilas,230,H BEN K1 1500,Final,Final,3737,,936,20,00:12:28.39,31,
2015-08-01,2,Galicia,277,1ª Regata Liga Provincial de A Coruña-2015,Augas Tranquilas,230,H BEN K1 1500,Final,Final,1241,,939,21,00:12:30.17,30,
2015-08-01,2,Galicia,277,1ª Regata Liga Provincial de A Coruña-2015,Augas Tranquilas,230,H BEN K1 1500,Final,Final,1242,,906,22,00:12:33.03,29,
2015-08-01,2,Galicia,277,1ª Regata Liga Provincial de A Coruña-2015,Augas Tranquilas,230,H BEN K1 1500,Final,Final,4414,,917,23,00:12:35.31,28,
2015-08-01,2,Galicia,277,1ª Regata Liga Provincial de A Coruña-2015,Augas Tranquilas,230,H BEN K1 1500,Final,Final,4445,,933,24,00:12:36.59,27,
2015-08-01,2,Galicia,277,1ª Regata Liga Provincial de A Coruña-2015,Augas Tranquilas,230,H BEN K1 1500,Final,Final,1245,,934,25,00:12:42.99,26,
2015-08-01,2,Galicia,277,1ª Regata Liga Provincial de A Coruña-2015,Augas Tranquilas,230,H BEN K1 1500,Final,Final,1246,,914,26,00:12:47.09,25,
2015-08-01,2,Galicia,277,1ª Regata Liga Provincial de A Coruña-2015,Augas Tranquilas,230,H BEN K1 1500,Final,Final,1247,,911,27,00:13:13.18,24,
2015-08-01,2,Galicia,277,1ª Regata Liga Provincial de A Coruña-2015,Augas Tranquilas,230,H BEN K1 1500,Final,Final,4505,,909,28,00:13:17.69,23,
2015-08-01,2,Galicia,277,1ª Regata Liga Provincial de A Coruña-2015,Augas Tranquilas,230,H BEN K1 1500,Final,Final,1249,,902,29,00:13:24.93,22,
2015-08-01,2,Galicia,277,1ª Regata Liga Provincial de A Coruña-2015,Augas Tranquilas,230,H BEN K1 1500,Final,Final,1250,,922,30,00:14:33.89,21,
2015-08-01,2,Galicia,277,1ª Regata Liga Provincial de A Coruña-2015,Augas Tranquilas,230,H BEN K1 1500,Final,Final,1251,,910,31,00:00:00,,
2015-08-01,2,Galicia,277,1ª Regata Liga Provincial de A Coruña-2015,Augas Tranquilas,230,H BEN K1 1500,Final,Final,1252,,912,32,00:00:00,,
2015-08-01,2,Galicia,277,1ª Regata Liga Provincial de A Coruña-2015,Augas Tranquilas,230,H BEN K1 1500,Final,Final,4418,,915,33,00:00:00,,
2015-08-01,2,Galicia,277,1ª Regata Liga Provincial de A Coruña-2015,Augas Tranquilas,230,H BEN K1 1500,Final,Final,1254,,920,34,00:00:00,,
2015-08-01,2,Galicia,277,1ª Regata Liga Provincial de A Coruña-2015,Augas Tranquilas,230,H BEN K1 1500,Final,Final,1255,,925,35,00:00:00,,
2015-08-01,2,Galicia,277,1ª Regata Liga Provincial de A Coruña-2015,Augas Tranquilas,230,H BEN K1 1500,Final,Final,1256,,927,36,00:00:00,,
2015-08-01,2,Galicia,277,1ª Regata Liga Provincial de A Coruña-2015,Augas Tranquilas,230,H BEN K1 1500,Final,Final,1257,,928,37,00:00:00,,
2015-08-01,2,Galicia,277,1ª Regata Liga Provincial de A Coruña-2015,Augas Tranquilas,230,H BEN K1 1500,Final,Final,1258,,929,38,00:00:00,,
2015-08-01,2,Galicia,277,1ª Regata Liga Provincial de A Coruña-2015,Augas Tranquilas,230,H BEN K1 1500,Final,Final,1259,,932,39,00:00:00,,
2015-08-01,2,Galicia,277,1ª Regata Liga Provincial de A Coruña-2015,Augas Tranquilas,230,H BEN K1 1500,Final,Final,1260,,901,40,00:00:00,,
2015-08-01,2,Galicia,277,1ª Regata Liga Provincial de A Coruña-2015,Augas Tranquilas,231,M ALE-A K1 1500,Final,Final,2893,,655,1,00:08:36.17,130,
2015-08-01,2,Galicia,277,1ª Regata Liga Provincial de A Coruña-2015,Augas Tranquilas,231,M ALE-A K1 1500,Final,Final,2987,,658,2,00:08:36.78,127,
2015-08-01,2,Galicia,277,1ª Regata Liga Provincial de A Coruña-2015,Augas Tranquilas,231,M ALE-A K1 1500,Final,Final,3645,,656,3,00:09:04.39,124,
2015-08-01,2,Galicia,277,1ª Regata Liga Provincial de A Coruña-2015,Augas Tranquilas,231,M ALE-A K1 1500,Final,Final,4086,,654,4,00:09:36.51,122,
2015-08-01,2,Galicia,277,1ª Regata Liga Provincial de A Coruña-2015,Augas Tranquilas,231,M ALE-A K1 1500,Final,Final,3241,,650,5,00:09:50.14,121,
2015-08-01,2,Galicia,277,1ª Regata Liga Provincial de A Coruña-2015,Augas Tranquilas,231,M ALE-A K1 1500,Final,Final,1266,,652,6,00:10:02.36,120,
2015-08-01,2,Galicia,277,1ª Regata Liga Provincial de A Coruña-2015,Augas Tranquilas,231,M ALE-A K1 1500,Final,Final,1267,,660,7,00:10:14.7,119,
2015-08-01,2,Galicia,277,1ª Regata Liga Provincial de A Coruña-2015,Augas Tranquilas,231,M ALE-A K1 1500,Final,Final,1268,,653,8,00:11:02.35,118,
2015-08-01,2,Galicia,277,1ª Regata Liga Provincial de A Coruña-2015,Augas Tranquilas,231,M ALE-A K1 1500,Final,Final,1269,,657,9,00:11:11.18,117,
2015-08-01,2,Galicia,277,1ª Regata Liga Provincial de A Coruña-2015,Augas Tranquilas,231,M ALE-A K1 1500,Final,Final,1270,,659,10,00:13:06.81,116,
2015-08-01,2,Galicia,277,1ª Regata Liga Provincial de A Coruña-2015,Augas Tranquilas,232,M ALE-B K1 1500,Final,Final,3145,,763,1,00:09:13.12,105,
2015-08-01,2,Galicia,277,1ª Regata Liga Provincial de A Coruña-2015,Augas Tranquilas,232,M ALE-B K1 1500,Final,Final,3139,,757,2,00:09:24.58,102,
2015-08-01,2,Galicia,277,1ª Regata Liga Provincial de A Coruña-2015,Augas Tranquilas,232,M ALE-B K1 1500,Final,Final,3134,,750,3,00:09:32.41,99,
2015-08-01,2,Galicia,277,1ª Regata Liga Provincial de A Coruña-2015,Augas Tranquilas,232,M ALE-B K1 1500,Final,Final,4057,,761,4,00:09:47.7,97,
2015-08-01,2,Galicia,277,1ª Regata Liga Provincial de A Coruña-2015,Augas Tranquilas,232,M ALE-B K1 1500,Final,Final,3136,,771,5,00:09:55.46,96,
2015-08-01,2,Galicia,277,1ª Regata Liga Provincial de A Coruña-2015,Augas Tranquilas,232,M ALE-B K1 1500,Final,Final,1276,,767,6,00:10:10.89,95,
2015-08-01,2,Galicia,277,1ª Regata Liga Provincial de A Coruña-2015,Augas Tranquilas,232,M ALE-B K1 1500,Final,Final,3141,,753,7,00:10:17.51,94,
2015-08-01,2,Galicia,277,1ª Regata Liga Provincial de A Coruña-2015,Augas Tranquilas,232,M ALE-B K1 1500,Final,Final,3638,,764,8,00:10:34.27,93,
2015-08-01,2,Galicia,277,1ª Regata Liga Provincial de A Coruña-2015,Augas Tranquilas,232,M ALE-B K1 1500,Final,Final,3168,,762,9,00:10:39.3,92,
2015-08-01,2,Galicia,277,1ª Regata Liga Provincial de A Coruña-2015,Augas Tranquilas,232,M ALE-B K1 1500,Final,Final,3147,,769,10,00:10:45.99,91,
2015-08-01,2,Galicia,277,1ª Regata Liga Provincial de A Coruña-2015,Augas Tranquilas,232,M ALE-B K1 1500,Final,Final,3636,,760,11,00:10:56.81,90,
2015-08-01,2,Galicia,277,1ª Regata Liga Provincial de A Coruña-2015,Augas Tranquilas,232,M ALE-B K1 1500,Final,Final,1282,,756,12,00:11:18.44,89,
2015-08-01,2,Galicia,277,1ª Regata Liga Provincial de A Coruña-2015,Augas Tranquilas,232,M ALE-B K1 1500,Final,Final,1283,,752,13,00:11:27.37,88,
2015-08-01,2,Galicia,277,1ª Regata Liga Provincial de A Coruña-2015,Augas Tranquilas,232,M ALE-B K1 1500,Final,Final,1284,,765,14,00:11:49.09,87,
2015-08-01,2,Galicia,277,1ª Regata Liga Provincial de A Coruña-2015,Augas Tranquilas,232,M ALE-B K1 1500,Final,Final,1285,,772,15,00:11:57.88,86,
2015-08-01,2,Galicia,277,1ª Regata Liga Provincial de A Coruña-2015,Augas Tranquilas,232,M ALE-B K1 1500,Final,Final,3159,,759,16,00:13:27.81,85,
2015-08-01,2,Galicia,277,1ª Regata Liga Provincial de A Coruña-2015,Augas Tranquilas,232,M ALE-B K1 1500,Final,Final,1287,,754,17,00:00:00,,
2015-08-01,2,Galicia,277,1ª Regata Liga Provincial de A Coruña-2015,Augas Tranquilas,232,M ALE-B K1 1500,Final,Final,1288,,758,18,00:00:00,,
2015-08-01,2,Galicia,277,1ª Regata Liga Provincial de A Coruña-2015,Augas Tranquilas,232,M ALE-B K1 1500,Final,Final,3637,,768,19,00:00:00,,
2015-08-01,2,Galicia,277,1ª Regata Liga Provincial de A Coruña-2015,Augas Tranquilas,232,M ALE-B K1 1500,Final,Final,1290,,770,20,00:00:00,,
2015-08-01,2,Galicia,277,1ª Regata Liga Provincial de A Coruña-2015,Augas Tranquilas,232,M ALE-B K1 1500,Final,Final,1291,,766,21,00:00:00,,
2015-08-01,2,Galicia,277,1ª Regata Liga Provincial de A Coruña-2015,Augas Tranquilas,233,H ALE-A K1 1500,Final,Final,2868,,616,1,00:07:11.45,130,
2015-08-01,2,Galicia,277,1ª Regata Liga Provincial de A Coruña-2015,Augas Tranquilas,233,H ALE-A K1 1500,Final,Final,3647,,632,2,00:08:30.8,127,
2015-08-01,2,Galicia,277,1ª Regata Liga Provincial de A Coruña-2015,Augas Tranquilas,233,H ALE-A K1 1500,Final,Final,2881,,614,3,00:08:39.56,124,
2015-08-01,2,Galicia,277,1ª Regata Liga Provincial de A Coruña-2015,Augas Tranquilas,233,H ALE-A K1 1500,Final,Final,3280,,603,4,00:08:42.08,122,
2015-08-01,2,Galicia,277,1ª Regata Liga Provincial de A Coruña-2015,Augas Tranquilas,233,H ALE-A K1 1500,Final,Final,3253,,631,5,00:08:43.4,121,
2015-08-01,2,Galicia,277,1ª Regata Liga Provincial de A Coruña-2015,Augas Tranquilas,233,H ALE-A K1 1500,Final,Final,3539,,622,6,00:08:50.47,120,
2015-08-01,2,Galicia,277,1ª Regata Liga Provincial de A Coruña-2015,Augas Tranquilas,233,H ALE-A K1 1500,Final,Final,3257,,600,7,00:08:51.75,119,
2015-08-01,2,Galicia,277,1ª Regata Liga Provincial de A Coruña-2015,Augas Tranquilas,233,H ALE-A K1 1500,Final,Final,3249,,606,8,00:09:09.3,118,
2015-08-01,2,Galicia,277,1ª Regata Liga Provincial de A Coruña-2015,Augas Tranquilas,233,H ALE-A K1 1500,Final,Final,1300,,607,9,00:09:10.37,117,
2015-08-01,2,Galicia,277,1ª Regata Liga Provincial de A Coruña-2015,Augas Tranquilas,233,H ALE-A K1 1500,Final,Final,4098,,602,10,00:09:37.9,116,
2015-08-01,2,Galicia,277,1ª Regata Liga Provincial de A Coruña-2015,Augas Tranquilas,233,H ALE-A K1 1500,Final,Final,4096,,620,11,00:09:53.63,115,
2015-08-01,2,Galicia,277,1ª Regata Liga Provincial de A Coruña-2015,Augas Tranquilas,233,H ALE-A K1 1500,Final,Final,2887,,613,12,00:09:58.71,114,
2015-08-01,2,Galicia,277,1ª Regata Liga Provincial de A Coruña-2015,Augas Tranquilas,233,H ALE-A K1 1500,Final,Final,3260,,621,13,00:10:09.33,113,
2015-08-01,2,Galicia,277,1ª Regata Liga Provincial de A Coruña-2015,Augas Tranquilas,233,H ALE-A K1 1500,Final,Final,4515,,610,14,00:10:33.82,112,
2015-08-01,2,Galicia,277,1ª Regata Liga Provincial de A Coruña-2015,Augas Tranquilas,233,H ALE-A K1 1500,Final,Final,1306,,612,15,00:11:15.39,111,
2015-08-01,2,Galicia,277,1ª Regata Liga Provincial de A Coruña-2015,Augas Tranquilas,233,H ALE-A K1 1500,Final,Final,1307,,605,16,00:11:27.21,110,
2015-08-01,2,Galicia,277,1ª Regata Liga Provincial de A Coruña-2015,Augas Tranquilas,233,H ALE-A K1 1500,Final,Final,3269,,617,17,00:11:44.25,109,
2015-08-01,2,Galicia,277,1ª Regata Liga Provincial de A Coruña-2015,Augas Tranquilas,233,H ALE-A K1 1500,Final,Final,2979,,628,18,00:11:46.48,108,
2015-08-01,2,Galicia,277,1ª Regata Liga Provincial de A Coruña-2015,Augas Tranquilas,233,H ALE-A K1 1500,Final,Final,1310,,618,19,00:11:48.02,107,
2015-08-01,2,Galicia,277,1ª Regata Liga Provincial de A Coruña-2015,Augas Tranquilas,233,H ALE-A K1 1500,Final,Final,3268,,626,20,00:12:23.73,106,
2015-08-01,2,Galicia,277,1ª Regata Liga Provincial de A Coruña-2015,Augas Tranquilas,233,H ALE-A K1 1500,Final,Final,1312,,619,21,00:12:35.11,105,
2015-08-01,2,Galicia,277,1ª Regata Liga Provincial de A Coruña-2015,Augas Tranquilas,233,H ALE-A K1 1500,Final,Final,4516,,609,22,00:12:38.48,104,
2015-08-01,2,Galicia,277,1ª Regata Liga Provincial de A Coruña-2015,Augas Tranquilas,233,H ALE-A K1 1500,Final,Final,1314,,604,23,00:13:36.11,103,
2015-08-01,2,Galicia,277,1ª Regata Liga Provincial de A Coruña-2015,Augas Tranquilas,233,H ALE-A K1 1500,Final,Final,1315,,611,24,00:13:44.48,102,
2015-08-01,2,Galicia,277,1ª Regata Liga Provincial de A Coruña-2015,Augas Tranquilas,233,H ALE-A K1 1500,Final,Final,2976,,623,25,00:14:12.66,101,
2015-08-01,2,Galicia,277,1ª Regata Liga Provincial de A Coruña-2015,Augas Tranquilas,233,H ALE-A K1 1500,Final,Final,3277,,630,26,00:15:03.94,100,
2015-08-01,2,Galicia,277,1ª Regata Liga Provincial de A Coruña-2015,Augas Tranquilas,233,H ALE-A K1 1500,Final,Final,1318,,608,27,00:00:00,,
2015-08-01,2,Galicia,277,1ª Regata Liga Provincial de A Coruña-2015,Augas Tranquilas,233,H ALE-A K1 1500,Final,Final,1319,,615,28,00:00:00,,
2015-08-01,2,Galicia,277,1ª Regata Liga Provincial de A Coruña-2015,Augas Tranquilas,233,H ALE-A K1 1500,Final,Final,1320,,624,29,00:00:00,,
2015-08-01,2,Galicia,277,1ª Regata Liga Provincial de A Coruña-2015,Augas Tranquilas,233,H ALE-A K1 1500,Final,Final,1321,,625,30,00:00:00,,
2015-08-01,2,Galicia,277,1ª Regata Liga Provincial de A Coruña-2015,Augas Tranquilas,233,H ALE-A K1 1500,Final,Final,1322,,627,31,00:00:00,,
2015-08-01,2,Galicia,277,1ª Regata Liga Provincial de A Coruña-2015,Augas Tranquilas,233,H ALE-A K1 1500,Final,Final,3540,,629,32,00:00:00,,
2015-08-01,2,Galicia,277,1ª Regata Liga Provincial de A Coruña-2015,Augas Tranquilas,234,H ALE-B K1 1500,Final,Final,3171,,712,1,00:09:15.32,105,
2015-08-01,2,Galicia,277,1ª Regata Liga Provincial de A Coruña-2015,Augas Tranquilas,234,H ALE-B K1 1500,Final,Final,1325,,707,2,00:09:19.62,102,
2015-08-01,2,Galicia,277,1ª Regata Liga Provincial de A Coruña-2015,Augas Tranquilas,234,H ALE-B K1 1500,Final,Final,3222,,709,3,00:09:25.57,99,
2015-08-01,2,Galicia,277,1ª Regata Liga Provincial de A Coruña-2015,Augas Tranquilas,234,H ALE-B K1 1500,Final,Final,3179,,708,4,00:09:28.35,97,
2015-08-01,2,Galicia,277,1ª Regata Liga Provincial de A Coruña-2015,Augas Tranquilas,234,H ALE-B K1 1500,Final,Final,3182,,713,5,00:09:30.59,96,
2015-08-01,2,Galicia,277,1ª Regata Liga Provincial de A Coruña-2015,Augas Tranquilas,234,H ALE-B K1 1500,Final,Final,3177,,705,6,00:09:35.18,95,
2015-08-01,2,Galicia,277,1ª Regata Liga Provincial de A Coruña-2015,Augas Tranquilas,234,H ALE-B K1 1500,Final,Final,3640,,715,7,00:09:38.48,94,
2015-08-01,2,Galicia,277,1ª Regata Liga Provincial de A Coruña-2015,Augas Tranquilas,234,H ALE-B K1 1500,Final,Final,1331,,731,8,00:09:48.02,93,
2015-08-01,2,Galicia,277,1ª Regata Liga Provincial de A Coruña-2015,Augas Tranquilas,234,H ALE-B K1 1500,Final,Final,1332,,700,9,00:10:08.22,92,
2015-08-01,2,Galicia,277,1ª Regata Liga Provincial de A Coruña-2015,Augas Tranquilas,234,H ALE-B K1 1500,Final,Final,3224,,716,10,00:10:25.68,91,
2015-08-01,2,Galicia,277,1ª Regata Liga Provincial de A Coruña-2015,Augas Tranquilas,234,H ALE-B K1 1500,Final,Final,3641,,728,11,00:10:31.44,90,
2015-08-01,2,Galicia,277,1ª Regata Liga Provincial de A Coruña-2015,Augas Tranquilas,234,H ALE-B K1 1500,Final,Final,1335,,725,12,00:10:40.13,89,
2015-08-01,2,Galicia,277,1ª Regata Liga Provincial de A Coruña-2015,Augas Tranquilas,234,H ALE-B K1 1500,Final,Final,3205,,717,13,00:10:41.79,88,
2015-08-01,2,Galicia,277,1ª Regata Liga Provincial de A Coruña-2015,Augas Tranquilas,234,H ALE-B K1 1500,Final,Final,4832,,729,14,00:11:06.16,87,
2015-08-01,2,Galicia,277,1ª Regata Liga Provincial de A Coruña-2015,Augas Tranquilas,234,H ALE-B K1 1500,Final,Final,4065,,718,15,00:11:08.53,86,
2015-08-01,2,Galicia,277,1ª Regata Liga Provincial de A Coruña-2015,Augas Tranquilas,234,H ALE-B K1 1500,Final,Final,1339,,714,16,00:11:38.12,85,
2015-08-01,2,Galicia,277,1ª Regata Liga Provincial de A Coruña-2015,Augas Tranquilas,234,H ALE-B K1 1500,Final,Final,3644,,730,17,00:11:52.59,84,
2015-08-01,2,Galicia,277,1ª Regata Liga Provincial de A Coruña-2015,Augas Tranquilas,234,H ALE-B K1 1500,Final,Final,1341,,703,18,00:12:34.57,83,
2015-08-01,2,Galicia,277,1ª Regata Liga Provincial de A Coruña-2015,Augas Tranquilas,234,H ALE-B K1 1500,Final,Final,1342,,706,19,00:13:08.51,82,
2015-08-01,2,Galicia,277,1ª Regata Liga Provincial de A Coruña-2015,Augas Tranquilas,234,H ALE-B K1 1500,Final,Final,3207,,711,20,00:13:40.68,81,
2015-08-01,2,Galicia,277,1ª Regata Liga Provincial de A Coruña-2015,Augas Tranquilas,234,H ALE-B K1 1500,Final,Final,1344,,724,21,00:13:49.69,80,
2015-08-01,2,Galicia,277,1ª Regata Liga Provincial de A Coruña-2015,Augas Tranquilas,234,H ALE-B K1 1500,Final,Final,1345,,710,22,00:00:00,,
2015-08-01,2,Galicia,277,1ª Regata Liga Provincial de A Coruña-2015,Augas Tranquilas,234,H ALE-B K1 1500,Final,Final,1346,,720,23,00:00:00,,
2015-08-01,2,Galicia,277,1ª Regata Liga Provincial de A Coruña-2015,Augas Tranquilas,234,H ALE-B K1 1500,Final,Final,1347,,721,24,00:00:00,,
2015-08-01,2,Galicia,277,1ª Regata Liga Provincial de A Coruña-2015,Augas Tranquilas,234,H ALE-B K1 1500,Final,Final,1348,,722,25,00:00:00,,
2015-08-01,2,Galicia,277,1ª Regata Liga Provincial de A Coruña-2015,Augas Tranquilas,234,H ALE-B K1 1500,Final,Final,1349,,723,26,00:00:00,,
2015-08-01,2,Galicia,277,1ª Regata Liga Provincial de A Coruña-2015,Augas Tranquilas,234,H ALE-B K1 1500,Final,Final,1350,,726,27,00:00:00,,
2015-08-01,2,Galicia,277,1ª Regata Liga Provincial de A Coruña-2015,Augas Tranquilas,234,H ALE-B K1 1500,Final,Final,3214,,727,28,00:00:00,,
2015-08-01,2,Galicia,277,1ª Regata Liga Provincial de A Coruña-2015,Augas Tranquilas,235,M INF-B K1 3000,Final,Final,1352,,416,1,00:16:22.02,205,
2015-08-01,2,Galicia,277,1ª Regata Liga Provincial de A Coruña-2015,Augas Tranquilas,235,M INF-B K1 3000,Final,Final,1353,,406,2,00:17:07.98,202,
2015-08-01,2,Galicia,277,1ª Regata Liga Provincial de A Coruña-2015,Augas Tranquilas,235,M INF-B K1 3000,Final,Final,1354,,414,3,00:17:16.68,199,
2015-08-01,2,Galicia,277,1ª Regata Liga Provincial de A Coruña-2015,Augas Tranquilas,235,M INF-B K1 3000,Final,Final,3650,,410,4,00:17:43.71,198,
2015-08-01,2,Galicia,277,1ª Regata Liga Provincial de A Coruña-2015,Augas Tranquilas,235,M INF-B K1 3000,Final,Final,1356,,415,5,00:17:46.28,197,
2015-08-01,2,Galicia,277,1ª Regata Liga Provincial de A Coruña-2015,Augas Tranquilas,235,M INF-B K1 3000,Final,Final,1357,,404,6,00:18:52.59,196,
2015-08-01,2,Galicia,277,1ª Regata Liga Provincial de A Coruña-2015,Augas Tranquilas,235,M INF-B K1 3000,Final,Final,1358,,409,7,00:18:54.46,195,
2015-08-01,2,Galicia,277,1ª Regata Liga Provincial de A Coruña-2015,Augas Tranquilas,235,M INF-B K1 3000,Final,Final,1359,,412,8,00:19:27.42,194,
2015-08-01,2,Galicia,277,1ª Regata Liga Provincial de A Coruña-2015,Augas Tranquilas,235,M INF-B K1 3000,Final,Final,1360,,411,9,00:20:04.91,193,
2015-08-01,2,Galicia,277,1ª Regata Liga Provincial de A Coruña-2015,Augas Tranquilas,235,M INF-B K1 3000,Final,Final,1361,,403,10,00:20:43.31,192,
2015-08-01,2,Galicia,277,1ª Regata Liga Provincial de A Coruña-2015,Augas Tranquilas,235,M INF-B K1 3000,Final,Final,1362,,413,11,00:20:55.75,191,
2015-08-01,2,Galicia,277,1ª Regata Liga Provincial de A Coruña-2015,Augas Tranquilas,235,M INF-B K1 3000,Final,Final,2865,,407,12,00:21:14.2,190,
2015-08-01,2,Galicia,277,1ª Regata Liga Provincial de A Coruña-2015,Augas Tranquilas,235,M INF-B K1 3000,Final,Final,1364,,408,13,00:21:40.45,189,
2015-08-01,2,Galicia,277,1ª Regata Liga Provincial de A Coruña-2015,Augas Tranquilas,235,M INF-B K1 3000,Final,Final,3546,,405,14,00:21:44.37,188,
2015-08-01,2,Galicia,277,1ª Regata Liga Provincial de A Coruña-2015,Augas Tranquilas,235,M INF-B K1 3000,Final,Final,1366,,418,15,00:24:24.45,,
2015-08-01,2,Galicia,277,1ª Regata Liga Provincial de A Coruña-2015,Augas Tranquilas,235,M INF-B K1 3000,Final,Final,1367,,419,16,00:28:42.15,,
2015-08-01,2,Galicia,277,1ª Regata Liga Provincial de A Coruña-2015,Augas Tranquilas,235,M INF-B K1 3000,Final,Final,1368,,400,17,00:00:00,,
2015-08-01,2,Galicia,277,1ª Regata Liga Provincial de A Coruña-2015,Augas Tranquilas,235,M INF-B K1 3000,Final,Final,1369,,401,18,00:00:00,,
2015-08-01,2,Galicia,277,1ª Regata Liga Provincial de A Coruña-2015,Augas Tranquilas,235,M INF-B K1 3000,Final,Final,1370,,402,19,00:00:00,,
2015-08-01,2,Galicia,277,1ª Regata Liga Provincial de A Coruña-2015,Augas Tranquilas,236,M INF-A K1 3000,Final,Final,1371,,309,1,00:15:30.96,230,
2015-08-01,2,Galicia,277,1ª Regata Liga Provincial de A Coruña-2015,Augas Tranquilas,236,M INF-A K1 3000,Final,Final,1372,,302,2,00:16:03.05,227,
2015-08-01,2,Galicia,277,1ª Regata Liga Provincial de A Coruña-2015,Augas Tranquilas,236,M INF-A K1 3000,Final,Final,3628,,308,3,00:16:15.27,224,
2015-08-01,2,Galicia,277,1ª Regata Liga Provincial de A Coruña-2015,Augas Tranquilas,236,M INF-A K1 3000,Final,Final,1374,,310,4,00:16:17.78,222,
2015-08-01,2,Galicia,277,1ª Regata Liga Provincial de A Coruña-2015,Augas Tranquilas,236,M INF-A K1 3000,Final,Final,1375,,307,5,00:17:07.6,221,
2015-08-01,2,Galicia,277,1ª Regata Liga Provincial de A Coruña-2015,Augas Tranquilas,236,M INF-A K1 3000,Final,Final,1376,,304,6,00:17:18.66,220,
2015-08-01,2,Galicia,277,1ª Regata Liga Provincial de A Coruña-2015,Augas Tranquilas,236,M INF-A K1 3000,Final,Final,3629,,303,7,00:18:03.82,219,
2015-08-01,2,Galicia,277,1ª Regata Liga Provincial de A Coruña-2015,Augas Tranquilas,236,M INF-A K1 3000,Final,Final,1378,,306,8,00:19:50.52,218,
2015-08-01,2,Galicia,277,1ª Regata Liga Provincial de A Coruña-2015,Augas Tranquilas,236,M INF-A K1 3000,Final,Final,1379,,311,9,00:19:53.19,217,
2015-08-01,2,Galicia,277,1ª Regata Liga Provincial de A Coruña-2015,Augas Tranquilas,236,M INF-A K1 3000,Final,Final,1380,,300,10,00:00:00,,
2015-08-01,2,Galicia,277,1ª Regata Liga Provincial de A Coruña-2015,Augas Tranquilas,236,M INF-A K1 3000,Final,Final,1381,,301,11,00:00:00,,
2015-08-01,2,Galicia,277,1ª Regata Liga Provincial de A Coruña-2015,Augas Tranquilas,237,H INF-A C1 3000,Final,Final,1382,,289,1,00:17:23,230,
2015-08-01,2,Galicia,277,1ª Regata Liga Provincial de A Coruña-2015,Augas Tranquilas,237,H INF-A C1 3000,Final,Final,3344,,283,2,00:17:42,227,
2015-08-01,2,Galicia,277,1ª Regata Liga Provincial de A Coruña-2015,Augas Tranquilas,237,H INF-A C1 3000,Final,Final,1384,,290,3,00:17:45,224,
2015-08-01,2,Galicia,277,1ª Regata Liga Provincial de A Coruña-2015,Augas Tranquilas,237,H INF-A C1 3000,Final,Final,3345,,288,4,00:18:40,222,
2015-08-01,2,Galicia,277,1ª Regata Liga Provincial de A Coruña-2015,Augas Tranquilas,237,H INF-A C1 3000,Final,Final,1386,,287,5,00:18:47,221,
2015-08-01,2,Galicia,277,1ª Regata Liga Provincial de A Coruña-2015,Augas Tranquilas,237,H INF-A C1 3000,Final,Final,1387,,280,6,00:19:10,220,
2015-08-01,2,Galicia,277,1ª Regata Liga Provincial de A Coruña-2015,Augas Tranquilas,237,H INF-A C1 3000,Final,Final,1388,,286,7,00:21:14,219,
2015-08-01,2,Galicia,277,1ª Regata Liga Provincial de A Coruña-2015,Augas Tranquilas,237,H INF-A C1 3000,Final,Final,2918,,285,8,00:24:19,,
2015-08-01,2,Galicia,277,1ª Regata Liga Provincial de A Coruña-2015,Augas Tranquilas,237,H INF-A C1 3000,Final,Final,2917,,284,9,00:24:32,,
2015-08-01,2,Galicia,277,1ª Regata Liga Provincial de A Coruña-2015,Augas Tranquilas,237,H INF-A C1 3000,Final,Final,1391,,281,10,00:00:00,,
2015-08-01,2,Galicia,277,1ª Regata Liga Provincial de A Coruña-2015,Augas Tranquilas,237,H INF-A C1 3000,Final,Final,1392,,282,11,00:00:00,,
2015-08-01,2,Galicia,277,1ª Regata Liga Provincial de A Coruña-2015,Augas Tranquilas,239,H INF-A K1 3000,Final,Final,1393,,21,1,00:13:25.88,230,
2015-08-01,2,Galicia,277,1ª Regata Liga Provincial de A Coruña-2015,Augas Tranquilas,239,H INF-A K1 3000,Final,Final,1394,,20,2,00:13:39.85,227,
2015-08-01,2,Galicia,277,1ª Regata Liga Provincial de A Coruña-2015,Augas Tranquilas,239,H INF-A K1 3000,Final,Final,1395,,22,3,00:14:15.48,224,
2015-08-01,2,Galicia,277,1ª Regata Liga Provincial de A Coruña-2015,Augas Tranquilas,239,H INF-A K1 3000,Final,Final,1396,,26,4,00:14:16.94,222,
2015-08-01,2,Galicia,277,1ª Regata Liga Provincial de A Coruña-2015,Augas Tranquilas,239,H INF-A K1 3000,Final,Final,1397,,7,5,00:15:07.86,221,
2015-08-01,2,Galicia,277,1ª Regata Liga Provincial de A Coruña-2015,Augas Tranquilas,239,H INF-A K1 3000,Final,Final,1398,,23,6,00:15:25.72,220,
2015-08-01,2,Galicia,277,1ª Regata Liga Provincial de A Coruña-2015,Augas Tranquilas,239,H INF-A K1 3000,Final,Final,1399,,6,7,00:16:07.95,219,
2015-08-01,2,Galicia,277,1ª Regata Liga Provincial de A Coruña-2015,Augas Tranquilas,239,H INF-A K1 3000,Final,Final,2939,,17,8,00:16:15.88,218,
2015-08-01,2,Galicia,277,1ª Regata Liga Provincial de A Coruña-2015,Augas Tranquilas,239,H INF-A K1 3000,Final,Final,1401,,3,9,00:16:20.04,217,
2015-08-01,2,Galicia,277,1ª Regata Liga Provincial de A Coruña-2015,Augas Tranquilas,239,H INF-A K1 3000,Final,Final,1402,,14,10,00:16:26.36,216,
2015-08-01,2,Galicia,277,1ª Regata Liga Provincial de A Coruña-2015,Augas Tranquilas,239,H INF-A K1 3000,Final,Final,1403,,16,11,00:16:36.68,215,
2015-08-01,2,Galicia,277,1ª Regata Liga Provincial de A Coruña-2015,Augas Tranquilas,239,H INF-A K1 3000,Final,Final,2951,,2,12,00:17:09.6,214,
2015-08-01,2,Galicia,277,1ª Regata Liga Provincial de A Coruña-2015,Augas Tranquilas,239,H INF-A K1 3000,Final,Final,1405,,28,13,00:17:16.22,213,
2015-08-01,2,Galicia,277,1ª Regata Liga Provincial de A Coruña-2015,Augas Tranquilas,239,H INF-A K1 3000,Final,Final,1406,,9,14,00:17:23.54,212,
2015-08-01,2,Galicia,277,1ª Regata Liga Provincial de A Coruña-2015,Augas Tranquilas,239,H INF-A K1 3000,Final,Final,2945,,32,15,00:17:35.45,211,
2015-08-01,2,Galicia,277,1ª Regata Liga Provincial de A Coruña-2015,Augas Tranquilas,239,H INF-A K1 3000,Final,Final,1408,,25,16,00:18:27.83,210,
2015-08-01,2,Galicia,277,1ª Regata Liga Provincial de A Coruña-2015,Augas Tranquilas,239,H INF-A K1 3000,Final,Final,1409,,13,17,00:18:42.88,209,
2015-08-01,2,Galicia,277,1ª Regata Liga Provincial de A Coruña-2015,Augas Tranquilas,239,H INF-A K1 3000,Final,Final,1410,,8,18,00:19:40.62,,
2015-08-01,2,Galicia,277,1ª Regata Liga Provincial de A Coruña-2015,Augas Tranquilas,239,H INF-A K1 3000,Final,Final,2948,,24,19,00:20:21.16,,
2015-08-01,2,Galicia,277,1ª Regata Liga Provincial de A Coruña-2015,Augas Tranquilas,239,H INF-A K1 3000,Final,Final,1412,,4,20,00:20:57.3,,
2015-08-01,2,Galicia,277,1ª Regata Liga Provincial de A Coruña-2015,Augas Tranquilas,239,H INF-A K1 3000,Final,Final,2799,,11,21,00:20:58.05,,
2015-08-01,2,Galicia,277,1ª Regata Liga Provincial de A Coruña-2015,Augas Tranquilas,239,H INF-A K1 3000,Final,Final,1414,,27,22,00:21:14.13,,
2015-08-01,2,Galicia,277,1ª Regata Liga Provincial de A Coruña-2015,Augas Tranquilas,239,H INF-A K1 3000,Final,Final,1415,,31,23,00:26:32.19,,
2015-08-01,2,Galicia,277,1ª Regata Liga Provincial de A Coruña-2015,Augas Tranquilas,239,H INF-A K1 3000,Final,Final,1416,,5,24,00:00:00,,
2015-08-01,2,Galicia,277,1ª Regata Liga Provincial de A Coruña-2015,Augas Tranquilas,239,H INF-A K1 3000,Final,Final,1417,,10,25,00:00:00,,
2015-08-01,2,Galicia,277,1ª Regata Liga Provincial de A Coruña-2015,Augas Tranquilas,239,H INF-A K1 3000,Final,Final,2795,,12,26,00:00:00,,
2015-08-01,2,Galicia,277,1ª Regata Liga Provincial de A Coruña-2015,Augas Tranquilas,239,H INF-A K1 3000,Final,Final,1419,,18,27,00:00:00,,
2015-08-01,2,Galicia,277,1ª Regata Liga Provincial de A Coruña-2015,Augas Tranquilas,239,H INF-A K1 3000,Final,Final,1420,,29,28,00:00:00,,
2015-08-01,2,Galicia,277,1ª Regata Liga Provincial de A Coruña-2015,Augas Tranquilas,240,H INF-B K1 3000,Final,Final,1421,,129,1,00:15:14,205,
2015-08-01,2,Galicia,277,1ª Regata Liga Provincial de A Coruña-2015,Augas Tranquilas,240,H INF-B K1 3000,Final,Final,1422,,122,2,00:15:42.51,202,
2015-08-01,2,Galicia,277,1ª Regata Liga Provincial de A Coruña-2015,Augas Tranquilas,240,H INF-B K1 3000,Final,Final,3309,,100,3,00:16:34.62,199,
2015-08-01,2,Galicia,277,1ª Regata Liga Provincial de A Coruña-2015,Augas Tranquilas,240,H INF-B K1 3000,Final,Final,1424,,108,4,00:16:50.58,198,
2015-08-01,2,Galicia,277,1ª Regata Liga Provincial de A Coruña-2015,Augas Tranquilas,240,H INF-B K1 3000,Final,Final,1425,,103,5,00:16:51.56,197,
2015-08-01,2,Galicia,277,1ª Regata Liga Provincial de A Coruña-2015,Augas Tranquilas,240,H INF-B K1 3000,Final,Final,1426,,118,6,00:17:41.4,196,
2015-08-01,2,Galicia,277,1ª Regata Liga Provincial de A Coruña-2015,Augas Tranquilas,240,H INF-B K1 3000,Final,Final,1427,,114,7,00:17:55.29,195,
2015-08-01,2,Galicia,277,1ª Regata Liga Provincial de A Coruña-2015,Augas Tranquilas,240,H INF-B K1 3000,Final,Final,2837,,112,8,00:18:17.25,194,
2015-08-01,2,Galicia,277,1ª Regata Liga Provincial de A Coruña-2015,Augas Tranquilas,240,H INF-B K1 3000,Final,Final,1429,,135,9,00:18:18.23,193,
2015-08-01,2,Galicia,277,1ª Regata Liga Provincial de A Coruña-2015,Augas Tranquilas,240,H INF-B K1 3000,Final,Final,2993,,127,10,00:18:20.42,192,
2015-08-01,2,Galicia,277,1ª Regata Liga Provincial de A Coruña-2015,Augas Tranquilas,240,H INF-B K1 3000,Final,Final,1431,,130,11,00:19:05.55,191,
2015-08-01,2,Galicia,277,1ª Regata Liga Provincial de A Coruña-2015,Augas Tranquilas,240,H INF-B K1 3000,Final,Final,2997,,128,12,00:19:25.54,190,
2015-08-01,2,Galicia,277,1ª Regata Liga Provincial de A Coruña-2015,Augas Tranquilas,240,H INF-B K1 3000,Final,Final,3653,,119,13,00:19:52.14,189,
2015-08-01,2,Galicia,277,1ª Regata Liga Provincial de A Coruña-2015,Augas Tranquilas,240,H INF-B K1 3000,Final,Final,3304,,105,14,00:20:35.82,188,
2015-08-01,2,Galicia,277,1ª Regata Liga Provincial de A Coruña-2015,Augas Tranquilas,240,H INF-B K1 3000,Final,Final,1435,,101,15,00:20:46.11,187,
2015-08-01,2,Galicia,277,1ª Regata Liga Provincial de A Coruña-2015,Augas Tranquilas,240,H INF-B K1 3000,Final,Final,3317,,123,16,00:20:46.42,186,
2015-08-01,2,Galicia,277,1ª Regata Liga Provincial de A Coruña-2015,Augas Tranquilas,240,H INF-B K1 3000,Final,Final,1437,,124,17,00:21:23.17,,
2015-08-01,2,Galicia,277,1ª Regata Liga Provincial de A Coruña-2015,Augas Tranquilas,240,H INF-B K1 3000,Final,Final,1438,,109,18,00:21:46.22,,
2015-08-01,2,Galicia,277,1ª Regata Liga Provincial de A Coruña-2015,Augas Tranquilas,240,H INF-B K1 3000,Final,Final,1439,,121,19,00:22:43.87,,
2015-08-01,2,Galicia,277,1ª Regata Liga Provincial de A Coruña-2015,Augas Tranquilas,240,H INF-B K1 3000,Final,Final,3328,,106,20,00:22:46.79,,
2015-08-01,2,Galicia,277,1ª Regata Liga Provincial de A Coruña-2015,Augas Tranquilas,240,H INF-B K1 3000,Final,Final,3315,,134,21,00:22:52.81,,
2015-08-01,2,Galicia,277,1ª Regata Liga Provincial de A Coruña-2015,Augas Tranquilas,240,H INF-B K1 3000,Final,Final,1442,,131,22,00:22:56.96,,
2015-08-01,2,Galicia,277,1ª Regata Liga Provincial de A Coruña-2015,Augas Tranquilas,240,H INF-B K1 3000,Final,Final,3314,,133,23,00:24:46.61,,
2015-08-01,2,Galicia,277,1ª Regata Liga Provincial de A Coruña-2015,Augas Tranquilas,240,H INF-B K1 3000,Final,Final,1444,,111,24,00:27:28.19,,
2015-08-01,2,Galicia,277,1ª Regata Liga Provincial de A Coruña-2015,Augas Tranquilas,240,H INF-B K1 3000,Final,Final,1445,,107,25,00:28:57.21,,
2015-08-01,2,Galicia,277,1ª Regata Liga Provincial de A Coruña-2015,Augas Tranquilas,240,H INF-B K1 3000,Final,Final,1446,,126,26,00:30:45.55,,
2015-08-01,2,Galicia,277,1ª Regata Liga Provincial de A Coruña-2015,Augas Tranquilas,240,H INF-B K1 3000,Final,Final,1447,,110,27,00:31:05.01,,
2015-08-01,2,Galicia,277,1ª Regata Liga Provincial de A Coruña-2015,Augas Tranquilas,240,H INF-B K1 3000,Final,Final,3312,,102,28,00:00:00,,
2015-08-01,2,Galicia,277,1ª Regata Liga Provincial de A Coruña-2015,Augas Tranquilas,240,H INF-B K1 3000,Final,Final,3319,,104,29,00:00:00,,
2015-08-01,2,Galicia,277,1ª Regata Liga Provincial de A Coruña-2015,Augas Tranquilas,240,H INF-B K1 3000,Final,Final,1450,,113,30,00:00:00,,
2015-08-01,2,Galicia,277,1ª Regata Liga Provincial de A Coruña-2015,Augas Tranquilas,240,H INF-B K1 3000,Final,Final,1451,,115,31,00:00:00,,
2015-08-01,2,Galicia,277,1ª Regata Liga Provincial de A Coruña-2015,Augas Tranquilas,240,H INF-B K1 3000,Final,Final,1452,,116,32,00:00:00,,
2015-08-01,2,Galicia,277,1ª Regata Liga Provincial de A Coruña-2015,Augas Tranquilas,240,H INF-B K1 3000,Final,Final,1453,,120,33,00:00:00,,
2015-08-01,2,Galicia,277,1ª Regata Liga Provincial de A Coruña-2015,Augas Tranquilas,240,H INF-B K1 3000,Final,Final,1454,,125,34,00:00:00,,
2015-08-01,2,Galicia,277,1ª Regata Liga Provincial de A Coruña-2015,Augas Tranquilas,240,H INF-B K1 3000,Final,Final,1455,,132,35,00:00:00,,
2015-08-01,2,Galicia,277,1ª Regata Liga Provincial de A Coruña-2015,Augas Tranquilas,241,M CAD K1 .,Final,Final,1093,,503,1,00:21:51.56,230,
2015-08-01,2,Galicia,277,1ª Regata Liga Provincial de A Coruña-2015,Augas Tranquilas,241,M CAD K1 .,Final,Final,1097,,500,2,00:22:11.08,227,
2015-08-01,2,Galicia,277,1ª Regata Liga Provincial de A Coruña-2015,Augas Tranquilas,241,M CAD K1 .,Final,Final,1456,,516,3,00:22:44.44,224,
2015-08-01,2,Galicia,277,1ª Regata Liga Provincial de A Coruña-2015,Augas Tranquilas,241,M CAD K1 .,Final,Final,1099,,509,4,00:23:13.12,222,
2015-08-01,2,Galicia,277,1ª Regata Liga Provincial de A Coruña-2015,Augas Tranquilas,241,M CAD K1 .,Final,Final,1101,,508,5,00:23:23.16,221,
2015-08-01,2,Galicia,277,1ª Regata Liga Provincial de A Coruña-2015,Augas Tranquilas,241,M CAD K1 .,Final,Final,1110,,501,6,00:23:47.94,220,
2015-08-01,2,Galicia,277,1ª Regata Liga Provincial de A Coruña-2015,Augas Tranquilas,241,M CAD K1 .,Final,Final,3362,,517,7,00:24:01.82,219,
2015-08-01,2,Galicia,277,1ª Regata Liga Provincial de A Coruña-2015,Augas Tranquilas,241,M CAD K1 .,Final,Final,1114,,502,8,00:24:09.18,218,
2015-08-01,2,Galicia,277,1ª Regata Liga Provincial de A Coruña-2015,Augas Tranquilas,241,M CAD K1 .,Final,Final,2926,,518,9,00:24:27.67,217,
2015-08-01,2,Galicia,277,1ª Regata Liga Provincial de A Coruña-2015,Augas Tranquilas,241,M CAD K1 .,Final,Final,1459,,514,10,00:24:35.67,216,
2015-08-01,2,Galicia,277,1ª Regata Liga Provincial de A Coruña-2015,Augas Tranquilas,241,M CAD K1 .,Final,Final,1104,,510,11,00:24:41.59,215,
2015-08-01,2,Galicia,277,1ª Regata Liga Provincial de A Coruña-2015,Augas Tranquilas,241,M CAD K1 .,Final,Final,3359,,504,12,00:25:48.97,214,
2015-08-01,2,Galicia,277,1ª Regata Liga Provincial de A Coruña-2015,Augas Tranquilas,241,M CAD K1 .,Final,Final,4586,,505,13,00:27:06.43,213,
2015-08-01,2,Galicia,277,1ª Regata Liga Provincial de A Coruña-2015,Augas Tranquilas,241,M CAD K1 .,Final,Final,1461,,512,14,00:27:23.31,212,
2015-08-01,2,Galicia,277,1ª Regata Liga Provincial de A Coruña-2015,Augas Tranquilas,241,M CAD K1 .,Final,Final,4585,,506,15,00:27:37.19,211,
2015-08-01,2,Galicia,277,1ª Regata Liga Provincial de A Coruña-2015,Augas Tranquilas,241,M CAD K1 .,Final,Final,1463,,513,16,00:27:52.73,210,
2015-08-01,2,Galicia,277,1ª Regata Liga Provincial de A Coruña-2015,Augas Tranquilas,241,M CAD K1 .,Final,Final,2928,,519,17,00:30:34.52,,
2015-08-01,2,Galicia,277,1ª Regata Liga Provincial de A Coruña-2015,Augas Tranquilas,241,M CAD K1 .,Final,Final,1464,,507,18,00:00:00,,
2015-08-01,2,Galicia,277,1ª Regata Liga Provincial de A Coruña-2015,Augas Tranquilas,241,M CAD K1 .,Final,Final,1465,,520,19,00:00:00,,
2015-08-01,2,Galicia,277,1ª Regata Liga Provincial de A Coruña-2015,Augas Tranquilas,241,M CAD K1 .,Final,Final,1466,,515,20,00:00:00,,
2015-08-01,2,Galicia,277,1ª Regata Liga Provincial de A Coruña-2015,Augas Tranquilas,242,H CAD C1 .,Final,Final,1052,,804,1,00:24:04,230,
2015-08-01,2,Galicia,277,1ª Regata Liga Provincial de A Coruña-2015,Augas Tranquilas,242,H CAD C1 .,Final,Final,1071,,803,2,00:24:20,227,
2015-08-01,2,Galicia,277,1ª Regata Liga Provincial de A Coruña-2015,Augas Tranquilas,242,H CAD C1 .,Final,Final,1467,,805,3,00:25:03,224,
2015-08-01,2,Galicia,277,1ª Regata Liga Provincial de A Coruña-2015,Augas Tranquilas,242,H CAD C1 .,Final,Final,1063,,802,4,00:25:26,222,
2015-08-01,2,Galicia,277,1ª Regata Liga Provincial de A Coruña-2015,Augas Tranquilas,242,H CAD C1 .,Final,Final,1468,,806,5,00:25:57,221,
2015-08-01,2,Galicia,277,1ª Regata Liga Provincial de A Coruña-2015,Augas Tranquilas,242,H CAD C1 .,Final,Final,1469,,801,6,00:27:11,220,
2015-08-01,2,Galicia,277,1ª Regata Liga Provincial de A Coruña-2015,Augas Tranquilas,243,H CAD K1 .,Final,Final,1538,,220,1,00:19:59.86,230,
2015-08-01,2,Galicia,277,1ª Regata Liga Provincial de A Coruña-2015,Augas Tranquilas,243,H CAD K1 .,Final,Final,1145,,219,2,00:20:09.96,227,
2015-08-01,2,Galicia,277,1ª Regata Liga Provincial de A Coruña-2015,Augas Tranquilas,243,H CAD K1 .,Final,Final,1167,,203,3,00:20:10.93,224,
2015-08-01,2,Galicia,277,1ª Regata Liga Provincial de A Coruña-2015,Augas Tranquilas,243,H CAD K1 .,Final,Final,1149,,213,4,00:21:14.47,222,
2015-08-01,2,Galicia,277,1ª Regata Liga Provincial de A Coruña-2015,Augas Tranquilas,243,H CAD K1 .,Final,Final,1470,,237,5,00:21:29.95,221,
2015-08-01,2,Galicia,277,1ª Regata Liga Provincial de A Coruña-2015,Augas Tranquilas,243,H CAD K1 .,Final,Final,1471,,230,6,00:21:37.63,220,
2015-08-01,2,Galicia,277,1ª Regata Liga Provincial de A Coruña-2015,Augas Tranquilas,243,H CAD K1 .,Final,Final,1166,,212,7,00:21:41.94,219,
2015-08-01,2,Galicia,277,1ª Regata Liga Provincial de A Coruña-2015,Augas Tranquilas,243,H CAD K1 .,Final,Final,1171,,204,8,00:21:44.95,218,
2015-08-01,2,Galicia,277,1ª Regata Liga Provincial de A Coruña-2015,Augas Tranquilas,243,H CAD K1 .,Final,Final,1177,,221,9,00:21:45.23,217,
2015-08-01,2,Galicia,277,1ª Regata Liga Provincial de A Coruña-2015,Augas Tranquilas,243,H CAD K1 .,Final,Final,1151,,202,10,00:21:53.76,216,
2015-08-01,2,Galicia,277,1ª Regata Liga Provincial de A Coruña-2015,Augas Tranquilas,243,H CAD K1 .,Final,Final,1170,,244,11,00:21:59.55,215,
2015-08-01,2,Galicia,277,1ª Regata Liga Provincial de A Coruña-2015,Augas Tranquilas,243,H CAD K1 .,Final,Final,1152,,200,12,00:22:04.83,214,
2015-08-01,2,Galicia,277,1ª Regata Liga Provincial de A Coruña-2015,Augas Tranquilas,243,H CAD K1 .,Final,Final,1472,,234,13,00:22:08.7,213,
2015-08-01,2,Galicia,277,1ª Regata Liga Provincial de A Coruña-2015,Augas Tranquilas,243,H CAD K1 .,Final,Final,3625,,225,14,00:22:23.96,212,
2015-08-01,2,Galicia,277,1ª Regata Liga Provincial de A Coruña-2015,Augas Tranquilas,243,H CAD K1 .,Final,Final,2956,,223,15,00:22:34.97,211,
2015-08-01,2,Galicia,277,1ª Regata Liga Provincial de A Coruña-2015,Augas Tranquilas,243,H CAD K1 .,Final,Final,1169,,222,16,00:22:43.86,210,
2015-08-01,2,Galicia,277,1ª Regata Liga Provincial de A Coruña-2015,Augas Tranquilas,243,H CAD K1 .,Final,Final,1173,,217,17,00:22:48.07,209,
2015-08-01,2,Galicia,277,1ª Regata Liga Provincial de A Coruña-2015,Augas Tranquilas,243,H CAD K1 .,Final,Final,3367,,226,18,00:23:04.23,208,
2015-08-01,2,Galicia,277,1ª Regata Liga Provincial de A Coruña-2015,Augas Tranquilas,243,H CAD K1 .,Final,Final,3351,,224,19,00:23:29.08,207,
2015-08-01,2,Galicia,277,1ª Regata Liga Provincial de A Coruña-2015,Augas Tranquilas,243,H CAD K1 .,Final,Final,1474,,245,20,00:23:42.31,206,
2015-08-01,2,Galicia,277,1ª Regata Liga Provincial de A Coruña-2015,Augas Tranquilas,243,H CAD K1 .,Final,Final,1475,,231,21,00:24:01.2,205,
2015-08-01,2,Galicia,277,1ª Regata Liga Provincial de A Coruña-2015,Augas Tranquilas,243,H CAD K1 .,Final,Final,1476,,232,22,00:24:01.42,204,
2015-08-01,2,Galicia,277,1ª Regata Liga Provincial de A Coruña-2015,Augas Tranquilas,243,H CAD K1 .,Final,Final,1477,,239,23,00:24:09.55,203,
2015-08-01,2,Galicia,277,1ª Regata Liga Provincial de A Coruña-2015,Augas Tranquilas,243,H CAD K1 .,Final,Final,2942,,201,24,00:24:27.06,202,
2015-08-01,2,Galicia,277,1ª Regata Liga Provincial de A Coruña-2015,Augas Tranquilas,243,H CAD K1 .,Final,Final,1150,,214,25,00:24:35.39,201,
2015-08-01,2,Galicia,277,1ª Regata Liga Provincial de A Coruña-2015,Augas Tranquilas,243,H CAD K1 .,Final,Final,1479,,211,26,00:24:40.83,200,
2015-08-01,2,Galicia,277,1ª Regata Liga Provincial de A Coruña-2015,Augas Tranquilas,243,H CAD K1 .,Final,Final,1480,,215,27,00:24:44.13,199,
2015-08-01,2,Galicia,277,1ª Regata Liga Provincial de A Coruña-2015,Augas Tranquilas,243,H CAD K1 .,Final,Final,1481,,236,28,00:24:54.62,198,
2015-08-01,2,Galicia,277,1ª Regata Liga Provincial de A Coruña-2015,Augas Tranquilas,243,H CAD K1 .,Final,Final,1482,,240,29,00:25:05.07,197,
2015-08-01,2,Galicia,277,1ª Regata Liga Provincial de A Coruña-2015,Augas Tranquilas,243,H CAD K1 .,Final,Final,1483,,206,30,00:25:15.13,196,
2015-08-01,2,Galicia,277,1ª Regata Liga Provincial de A Coruña-2015,Augas Tranquilas,243,H CAD K1 .,Final,Final,1484,,207,31,00:25:20.07,195,
2015-08-01,2,Galicia,277,1ª Regata Liga Provincial de A Coruña-2015,Augas Tranquilas,243,H CAD K1 .,Final,Final,1485,,241,32,00:25:53.6,194,
2015-08-01,2,Galicia,277,1ª Regata Liga Provincial de A Coruña-2015,Augas Tranquilas,243,H CAD K1 .,Final,Final,2941,,242,33,00:25:57.27,193,
2015-08-01,2,Galicia,277,1ª Regata Liga Provincial de A Coruña-2015,Augas Tranquilas,243,H CAD K1 .,Final,Final,1486,,229,34,00:26:05.74,192,
2015-08-01,2,Galicia,277,1ª Regata Liga Provincial de A Coruña-2015,Augas Tranquilas,243,H CAD K1 .,Final,Final,1487,,238,35,00:26:06.76,191,
2015-08-01,2,Galicia,277,1ª Regata Liga Provincial de A Coruña-2015,Augas Tranquilas,243,H CAD K1 .,Final,Final,1488,,205,36,00:27:10.5,,
2015-08-01,2,Galicia,277,1ª Regata Liga Provincial de A Coruña-2015,Augas Tranquilas,243,H CAD K1 .,Final,Final,1489,,235,37,00:28:38.59,,
2015-08-01,2,Galicia,277,1ª Regata Liga Provincial de A Coruña-2015,Augas Tranquilas,243,H CAD K1 .,Final,Final,1490,,208,38,00:28:48.7,,
2015-08-01,2,Galicia,277,1ª Regata Liga Provincial de A Coruña-2015,Augas Tranquilas,243,H CAD K1 .,Final,Final,1491,,218,39,00:30:11.45,,
2015-08-01,2,Galicia,277,1ª Regata Liga Provincial de A Coruña-2015,Augas Tranquilas,243,H CAD K1 .,Final,Final,1492,,210,40,00:31:26.4,,
2015-08-01,2,Galicia,277,1ª Regata Liga Provincial de A Coruña-2015,Augas Tranquilas,243,H CAD K1 .,Final,Final,1493,,216,41,00:31:28.78,,
2015-08-01,2,Galicia,277,1ª Regata Liga Provincial de A Coruña-2015,Augas Tranquilas,243,H CAD K1 .,Final,Final,1494,,209,42,00:00:00,,
2015-08-01,2,Galicia,277,1ª Regata Liga Provincial de A Coruña-2015,Augas Tranquilas,243,H CAD K1 .,Final,Final,1495,,227,43,00:00:00,,
2015-08-01,2,Galicia,277,1ª Regata Liga Provincial de A Coruña-2015,Augas Tranquilas,243,H CAD K1 .,Final,Final,1496,,233,44,00:00:00,,
2015-08-01,2,Galicia,277,1ª Regata Liga Provincial de A Coruña-2015,Augas Tranquilas,243,H CAD K1 .,Final,Final,1497,,243,45,00:00:00,,
2015-08-08,2,Galicia,281,2ª Competición Liga Provincial de A Coruña-2015,Augas Tranquilas,244,M BEN K1 1500,Final,Final,4048,,686,1,00:09:39.45,55,
2015-08-08,2,Galicia,281,2ª Competición Liga Provincial de A Coruña-2015,Augas Tranquilas,244,M BEN K1 1500,Final,Final,4062,,694,2,00:09:48.44,52,
2015-08-08,2,Galicia,281,2ª Competición Liga Provincial de A Coruña-2015,Augas Tranquilas,244,M BEN K1 1500,Final,Final,1198,,695,3,00:09:54.75,49,
2015-08-08,2,Galicia,281,2ª Competición Liga Provincial de A Coruña-2015,Augas Tranquilas,244,M BEN K1 1500,Final,Final,4426,,690,4,00:09:58.65,47,
2015-08-08,2,Galicia,281,2ª Competición Liga Provincial de A Coruña-2015,Augas Tranquilas,244,M BEN K1 1500,Final,Final,1201,,692,5,00:10:03.29,46,
2015-08-08,2,Galicia,281,2ª Competición Liga Provincial de A Coruña-2015,Augas Tranquilas,244,M BEN K1 1500,Final,Final,1210,,677,6,00:10:04.72,45,
2015-08-08,2,Galicia,281,2ª Competición Liga Provincial de A Coruña-2015,Augas Tranquilas,244,M BEN K1 1500,Final,Final,1204,,683,7,00:10:11.22,44,
2015-08-08,2,Galicia,281,2ª Competición Liga Provincial de A Coruña-2015,Augas Tranquilas,244,M BEN K1 1500,Final,Final,1208,,691,8,00:10:29.15,43,
2015-08-08,2,Galicia,281,2ª Competición Liga Provincial de A Coruña-2015,Augas Tranquilas,244,M BEN K1 1500,Final,Final,4432,,681,9,00:10:35.54,42,
2015-08-08,2,Galicia,281,2ª Competición Liga Provincial de A Coruña-2015,Augas Tranquilas,244,M BEN K1 1500,Final,Final,4063,,684,10,00:10:53.95,41,
2015-08-08,2,Galicia,281,2ª Competición Liga Provincial de A Coruña-2015,Augas Tranquilas,244,M BEN K1 1500,Final,Final,4061,,679,11,00:10:58.04,40,
2015-08-08,2,Galicia,281,2ª Competición Liga Provincial de A Coruña-2015,Augas Tranquilas,244,M BEN K1 1500,Final,Final,1218,,678,12,00:11:06.7,39,
2015-08-08,2,Galicia,281,2ª Competición Liga Provincial de A Coruña-2015,Augas Tranquilas,244,M BEN K1 1500,Final,Final,1499,,687,13,00:11:13.56,38,
2015-08-08,2,Galicia,281,2ª Competición Liga Provincial de A Coruña-2015,Augas Tranquilas,244,M BEN K1 1500,Final,Final,4041,,685,14,00:11:21.59,37,
2015-08-08,2,Galicia,281,2ª Competición Liga Provincial de A Coruña-2015,Augas Tranquilas,244,M BEN K1 1500,Final,Final,4064,,676,15,00:11:24.8,36,
2015-08-08,2,Galicia,281,2ª Competición Liga Provincial de A Coruña-2015,Augas Tranquilas,244,M BEN K1 1500,Final,Final,1209,,688,16,00:11:40.8,35,
2015-08-08,2,Galicia,281,2ª Competición Liga Provincial de A Coruña-2015,Augas Tranquilas,244,M BEN K1 1500,Final,Final,1211,,689,17,00:12:39.56,34,
2015-08-08,2,Galicia,281,2ª Competición Liga Provincial de A Coruña-2015,Augas Tranquilas,244,M BEN K1 1500,Final,Final,1202,,680,18,00:16:02.37,33,
2015-08-08,2,Galicia,281,2ª Competición Liga Provincial de A Coruña-2015,Augas Tranquilas,244,M BEN K1 1500,Final,Final,1215,,675,19,00:00:00,,
2015-08-08,2,Galicia,281,2ª Competición Liga Provincial de A Coruña-2015,Augas Tranquilas,244,M BEN K1 1500,Final,Final,4429,,682,20,00:00:00,,
2015-08-08,2,Galicia,281,2ª Competición Liga Provincial de A Coruña-2015,Augas Tranquilas,244,M BEN K1 1500,Final,Final,1500,,693,21,00:00:00,,
2015-08-08,2,Galicia,281,2ª Competición Liga Provincial de A Coruña-2015,Augas Tranquilas,245,H BEN K1 1500,Final,Final,4072,,624,1,00:08:18.92,55,
2015-08-08,2,Galicia,281,2ª Competición Liga Provincial de A Coruña-2015,Augas Tranquilas,245,H BEN K1 1500,Final,Final,4071,,621,2,00:08:21.32,52,
2015-08-08,2,Galicia,281,2ª Competición Liga Provincial de A Coruña-2015,Augas Tranquilas,245,H BEN K1 1500,Final,Final,4075,,600,3,00:08:21.63,49,
2015-08-08,2,Galicia,281,2ª Competición Liga Provincial de A Coruña-2015,Augas Tranquilas,245,H BEN K1 1500,Final,Final,4073,,608,4,00:08:24.51,47,
2015-08-08,2,Galicia,281,2ª Competición Liga Provincial de A Coruña-2015,Augas Tranquilas,245,H BEN K1 1500,Final,Final,1227,,606,5,00:09:01.62,46,
2015-08-08,2,Galicia,281,2ª Competición Liga Provincial de A Coruña-2015,Augas Tranquilas,245,H BEN K1 1500,Final,Final,1226,,607,6,00:09:21.63,45,
2015-08-08,2,Galicia,281,2ª Competición Liga Provincial de A Coruña-2015,Augas Tranquilas,245,H BEN K1 1500,Final,Final,4070,,632,7,00:09:28.8,44,
2015-08-08,2,Galicia,281,2ª Competición Liga Provincial de A Coruña-2015,Augas Tranquilas,245,H BEN K1 1500,Final,Final,1233,,633,8,00:09:31.1,43,
2015-08-08,2,Galicia,281,2ª Competición Liga Provincial de A Coruña-2015,Augas Tranquilas,245,H BEN K1 1500,Final,Final,4074,,634,9,00:09:35.16,42,
2015-08-08,2,Galicia,281,2ª Competición Liga Provincial de A Coruña-2015,Augas Tranquilas,245,H BEN K1 1500,Final,Final,4438,,617,10,00:09:37.79,41,
2015-08-08,2,Galicia,281,2ª Competición Liga Provincial de A Coruña-2015,Augas Tranquilas,245,H BEN K1 1500,Final,Final,3738,,623,11,00:09:54.66,40,
2015-08-08,2,Galicia,281,2ª Competición Liga Provincial de A Coruña-2015,Augas Tranquilas,245,H BEN K1 1500,Final,Final,4080,,605,12,00:09:55.41,39,
2015-08-08,2,Galicia,281,2ª Competición Liga Provincial de A Coruña-2015,Augas Tranquilas,245,H BEN K1 1500,Final,Final,1239,,604,13,00:10:00.75,38,
2015-08-08,2,Galicia,281,2ª Competición Liga Provincial de A Coruña-2015,Augas Tranquilas,245,H BEN K1 1500,Final,Final,3736,,631,14,00:10:01.15,37,
2015-08-08,2,Galicia,281,2ª Competición Liga Provincial de A Coruña-2015,Augas Tranquilas,245,H BEN K1 1500,Final,Final,3737,,629,15,00:10:02.15,36,
2015-08-08,2,Galicia,281,2ª Competición Liga Provincial de A Coruña-2015,Augas Tranquilas,245,H BEN K1 1500,Final,Final,1505,,638,16,00:10:06.19,35,
2015-08-08,2,Galicia,281,2ª Competición Liga Provincial de A Coruña-2015,Augas Tranquilas,245,H BEN K1 1500,Final,Final,1246,,614,17,00:10:21.33,34,
2015-08-08,2,Galicia,281,2ª Competición Liga Provincial de A Coruña-2015,Augas Tranquilas,245,H BEN K1 1500,Final,Final,1506,,635,18,00:10:27.24,33,
2015-08-08,2,Galicia,281,2ª Competición Liga Provincial de A Coruña-2015,Augas Tranquilas,245,H BEN K1 1500,Final,Final,4076,,615,19,00:10:28.43,32,
2015-08-08,2,Galicia,281,2ª Competición Liga Provincial de A Coruña-2015,Augas Tranquilas,245,H BEN K1 1500,Final,Final,4031,,628,20,00:10:31.93,31,
2015-08-08,2,Galicia,281,2ª Competición Liga Provincial de A Coruña-2015,Augas Tranquilas,245,H BEN K1 1500,Final,Final,1234,,626,21,00:10:36.85,30,
2015-08-08,2,Galicia,281,2ª Competición Liga Provincial de A Coruña-2015,Augas Tranquilas,245,H BEN K1 1500,Final,Final,1242,,603,22,00:10:45.78,29,
2015-08-08,2,Galicia,281,2ª Competición Liga Provincial de A Coruña-2015,Augas Tranquilas,245,H BEN K1 1500,Final,Final,4079,,622,23,00:10:46.99,28,
2015-08-08,2,Galicia,281,2ª Competición Liga Provincial de A Coruña-2015,Augas Tranquilas,245,H BEN K1 1500,Final,Final,4030,,630,24,00:10:58.7,27,
2015-08-08,2,Galicia,281,2ª Competición Liga Provincial de A Coruña-2015,Augas Tranquilas,245,H BEN K1 1500,Final,Final,1510,,636,25,00:11:00.36,26,
2015-08-08,2,Galicia,281,2ª Competición Liga Provincial de A Coruña-2015,Augas Tranquilas,245,H BEN K1 1500,Final,Final,4034,,613,26,00:11:04.67,25,
2015-08-08,2,Galicia,281,2ª Competición Liga Provincial de A Coruña-2015,Augas Tranquilas,245,H BEN K1 1500,Final,Final,1511,,611,27,00:11:12.24,24,
2015-08-08,2,Galicia,281,2ª Competición Liga Provincial de A Coruña-2015,Augas Tranquilas,245,H BEN K1 1500,Final,Final,1247,,610,28,00:11:20.7,23,
2015-08-08,2,Galicia,281,2ª Competición Liga Provincial de A Coruña-2015,Augas Tranquilas,245,H BEN K1 1500,Final,Final,4414,,618,29,00:11:44.13,22,
2015-08-08,2,Galicia,281,2ª Competición Liga Provincial de A Coruña-2015,Augas Tranquilas,245,H BEN K1 1500,Final,Final,4505,,609,30,00:00:00,,
2015-08-08,2,Galicia,281,2ª Competición Liga Provincial de A Coruña-2015,Augas Tranquilas,245,H BEN K1 1500,Final,Final,1224,,616,31,00:00:00,,
2015-08-08,2,Galicia,281,2ª Competición Liga Provincial de A Coruña-2015,Augas Tranquilas,245,H BEN K1 1500,Final,Final,1512,,619,32,00:00:00,,
2015-08-08,2,Galicia,281,2ª Competición Liga Provincial de A Coruña-2015,Augas Tranquilas,245,H BEN K1 1500,Final,Final,1231,,620,33,00:00:00,,
2015-08-08,2,Galicia,281,2ª Competición Liga Provincial de A Coruña-2015,Augas Tranquilas,245,H BEN K1 1500,Final,Final,1250,,625,34,00:00:00,,
2015-08-08,2,Galicia,281,2ª Competición Liga Provincial de A Coruña-2015,Augas Tranquilas,245,H BEN K1 1500,Final,Final,4077,,627,35,00:00:00,,
2015-08-08,2,Galicia,281,2ª Competición Liga Provincial de A Coruña-2015,Augas Tranquilas,246,M ALE-A K1 1500,Final,Final,2893,,881,1,00:08:20.54,130,
2015-08-08,2,Galicia,281,2ª Competición Liga Provincial de A Coruña-2015,Augas Tranquilas,246,M ALE-A K1 1500,Final,Final,2987,,883,2,00:08:21.21,127,
2015-08-08,2,Galicia,281,2ª Competición Liga Provincial de A Coruña-2015,Augas Tranquilas,246,M ALE-A K1 1500,Final,Final,4086,,879,3,00:08:34.5,124,
2015-08-08,2,Galicia,281,2ª Competición Liga Provincial de A Coruña-2015,Augas Tranquilas,246,M ALE-A K1 1500,Final,Final,1514,,886,4,00:09:08.56,122,
2015-08-08,2,Galicia,281,2ª Competición Liga Provincial de A Coruña-2015,Augas Tranquilas,246,M ALE-A K1 1500,Final,Final,1268,,878,5,00:09:17.73,121,
2015-08-08,2,Galicia,281,2ª Competición Liga Provincial de A Coruña-2015,Augas Tranquilas,246,M ALE-A K1 1500,Final,Final,3241,,875,6,00:09:32.36,120,
2015-08-08,2,Galicia,281,2ª Competición Liga Provincial de A Coruña-2015,Augas Tranquilas,246,M ALE-A K1 1500,Final,Final,1515,,882,7,00:10:07.36,119,
2015-08-08,2,Galicia,281,2ª Competición Liga Provincial de A Coruña-2015,Augas Tranquilas,246,M ALE-A K1 1500,Final,Final,1516,,876,8,00:10:44.75,118,
2015-08-08,2,Galicia,281,2ª Competición Liga Provincial de A Coruña-2015,Augas Tranquilas,246,M ALE-A K1 1500,Final,Final,1267,,885,9,00:11:29.7,117,
2015-08-08,2,Galicia,281,2ª Competición Liga Provincial de A Coruña-2015,Augas Tranquilas,246,M ALE-A K1 1500,Final,Final,1517,,880,10,00:11:36.4,116,
2015-08-08,2,Galicia,281,2ª Competición Liga Provincial de A Coruña-2015,Augas Tranquilas,246,M ALE-A K1 1500,Final,Final,4089,,884,11,00:11:37.35,115,
2015-08-08,2,Galicia,281,2ª Competición Liga Provincial de A Coruña-2015,Augas Tranquilas,246,M ALE-A K1 1500,Final,Final,1266,,877,12,00:00:00,,
2015-08-08,2,Galicia,281,2ª Competición Liga Provincial de A Coruña-2015,Augas Tranquilas,247,M ALE-B K1 1500,Final,Final,3134,,980,1,00:08:22.22,105,
2015-08-08,2,Galicia,281,2ª Competición Liga Provincial de A Coruña-2015,Augas Tranquilas,247,M ALE-B K1 1500,Final,Final,3145,,988,2,00:08:31.59,102,
2015-08-08,2,Galicia,281,2ª Competición Liga Provincial de A Coruña-2015,Augas Tranquilas,247,M ALE-B K1 1500,Final,Final,3139,,982,3,00:08:36.49,99,
2015-08-08,2,Galicia,281,2ª Competición Liga Provincial de A Coruña-2015,Augas Tranquilas,247,M ALE-B K1 1500,Final,Final,3136,,992,4,00:08:37.45,97,
2015-08-08,2,Galicia,281,2ª Competición Liga Provincial de A Coruña-2015,Augas Tranquilas,247,M ALE-B K1 1500,Final,Final,4057,,986,5,00:08:50.16,96,
2015-08-08,2,Galicia,281,2ª Competición Liga Provincial de A Coruña-2015,Augas Tranquilas,247,M ALE-B K1 1500,Final,Final,3141,,977,6,00:08:58.47,95,
2015-08-08,2,Galicia,281,2ª Competición Liga Provincial de A Coruña-2015,Augas Tranquilas,247,M ALE-B K1 1500,Final,Final,3638,,989,7,00:09:17.44,94,
2015-08-08,2,Galicia,281,2ª Competición Liga Provincial de A Coruña-2015,Augas Tranquilas,247,M ALE-B K1 1500,Final,Final,1283,,978,8,00:09:24.34,93,
2015-08-08,2,Galicia,281,2ª Competición Liga Provincial de A Coruña-2015,Augas Tranquilas,247,M ALE-B K1 1500,Final,Final,3168,,987,9,00:09:41.16,92,
2015-08-08,2,Galicia,281,2ª Competición Liga Provincial de A Coruña-2015,Augas Tranquilas,247,M ALE-B K1 1500,Final,Final,1282,,981,10,00:09:43.53,91,
2015-08-08,2,Galicia,281,2ª Competición Liga Provincial de A Coruña-2015,Augas Tranquilas,247,M ALE-B K1 1500,Final,Final,3147,,990,11,00:09:44.07,90,
2015-08-08,2,Galicia,281,2ª Competición Liga Provincial de A Coruña-2015,Augas Tranquilas,247,M ALE-B K1 1500,Final,Final,3636,,985,12,00:10:09.28,89,
2015-08-08,2,Galicia,281,2ª Competición Liga Provincial de A Coruña-2015,Augas Tranquilas,247,M ALE-B K1 1500,Final,Final,1519,,979,13,00:10:20.92,88,
2015-08-08,2,Galicia,281,2ª Competición Liga Provincial de A Coruña-2015,Augas Tranquilas,247,M ALE-B K1 1500,Final,Final,1288,,983,14,00:10:55.37,87,
2015-08-08,2,Galicia,281,2ª Competición Liga Provincial de A Coruña-2015,Augas Tranquilas,247,M ALE-B K1 1500,Final,Final,1287,,976,15,00:00:00,,
2015-08-08,2,Galicia,281,2ª Competición Liga Provincial de A Coruña-2015,Augas Tranquilas,247,M ALE-B K1 1500,Final,Final,3159,,984,16,00:00:00,,
2015-08-08,2,Galicia,281,2ª Competición Liga Provincial de A Coruña-2015,Augas Tranquilas,247,M ALE-B K1 1500,Final,Final,1290,,991,17,00:00:00,,
2015-08-08,2,Galicia,281,2ª Competición Liga Provincial de A Coruña-2015,Augas Tranquilas,248,H ALE-A K1 1500,Final,Final,2868,,817,1,00:06:33.41,130,
2015-08-08,2,Galicia,281,2ª Competición Liga Provincial de A Coruña-2015,Augas Tranquilas,248,H ALE-A K1 1500,Final,Final,3253,,830,2,00:07:37.49,127,
2015-08-08,2,Galicia,281,2ª Competición Liga Provincial de A Coruña-2015,Augas Tranquilas,248,H ALE-A K1 1500,Final,Final,3647,,831,3,00:07:39.5,124,
2015-08-08,2,Galicia,281,2ª Competición Liga Provincial de A Coruña-2015,Augas Tranquilas,248,H ALE-A K1 1500,Final,Final,2881,,814,4,00:07:40.02,122,
2015-08-08,2,Galicia,281,2ª Competición Liga Provincial de A Coruña-2015,Augas Tranquilas,248,H ALE-A K1 1500,Final,Final,3280,,803,5,00:07:42.42,121,
2015-08-08,2,Galicia,281,2ª Competición Liga Provincial de A Coruña-2015,Augas Tranquilas,248,H ALE-A K1 1500,Final,Final,4096,,825,6,00:07:53.45,120,
2015-08-08,2,Galicia,281,2ª Competición Liga Provincial de A Coruña-2015,Augas Tranquilas,248,H ALE-A K1 1500,Final,Final,3257,,800,7,00:07:55.34,119,
2015-08-08,2,Galicia,281,2ª Competición Liga Provincial de A Coruña-2015,Augas Tranquilas,248,H ALE-A K1 1500,Final,Final,4098,,802,8,00:08:09.19,118,
2015-08-08,2,Galicia,281,2ª Competición Liga Provincial de A Coruña-2015,Augas Tranquilas,248,H ALE-A K1 1500,Final,Final,3648,,827,9,00:08:12.96,117,
2015-08-08,2,Galicia,281,2ª Competición Liga Provincial de A Coruña-2015,Augas Tranquilas,248,H ALE-A K1 1500,Final,Final,3249,,806,10,00:08:31.24,116,
2015-08-08,2,Galicia,281,2ª Competición Liga Provincial de A Coruña-2015,Augas Tranquilas,248,H ALE-A K1 1500,Final,Final,1306,,810,11,00:08:36.14,115,
2015-08-08,2,Galicia,281,2ª Competición Liga Provincial de A Coruña-2015,Augas Tranquilas,248,H ALE-A K1 1500,Final,Final,1315,,812,12,00:08:42.44,114,
2015-08-08,2,Galicia,281,2ª Competición Liga Provincial de A Coruña-2015,Augas Tranquilas,248,H ALE-A K1 1500,Final,Final,2887,,813,13,00:08:44.77,113,
2015-08-08,2,Galicia,281,2ª Competición Liga Provincial de A Coruña-2015,Augas Tranquilas,248,H ALE-A K1 1500,Final,Final,4515,,811,14,00:08:47.78,112,
2015-08-08,2,Galicia,281,2ª Competición Liga Provincial de A Coruña-2015,Augas Tranquilas,248,H ALE-A K1 1500,Final,Final,3540,,828,15,00:08:49.36,111,
2015-08-08,2,Galicia,281,2ª Competición Liga Provincial de A Coruña-2015,Augas Tranquilas,248,H ALE-A K1 1500,Final,Final,1318,,808,16,00:09:27.69,110,
2015-08-08,2,Galicia,281,2ª Competición Liga Provincial de A Coruña-2015,Augas Tranquilas,248,H ALE-A K1 1500,Final,Final,3277,,829,17,00:09:53.88,109,
2015-08-08,2,Galicia,281,2ª Competición Liga Provincial de A Coruña-2015,Augas Tranquilas,248,H ALE-A K1 1500,Final,Final,1307,,805,18,00:09:58.06,108,
2015-08-08,2,Galicia,281,2ª Competición Liga Provincial de A Coruña-2015,Augas Tranquilas,248,H ALE-A K1 1500,Final,Final,4516,,809,19,00:10:22.38,107,
2015-08-08,2,Galicia,281,2ª Competición Liga Provincial de A Coruña-2015,Augas Tranquilas,248,H ALE-A K1 1500,Final,Final,1314,,804,20,00:10:45.18,106,
2015-08-08,2,Galicia,281,2ª Competición Liga Provincial de A Coruña-2015,Augas Tranquilas,248,H ALE-A K1 1500,Final,Final,3260,,826,21,00:10:48.19,105,
2015-08-08,2,Galicia,281,2ª Competición Liga Provincial de A Coruña-2015,Augas Tranquilas,248,H ALE-A K1 1500,Final,Final,1521,,801,22,00:14:09.83,104,
2015-08-08,2,Galicia,281,2ª Competición Liga Provincial de A Coruña-2015,Augas Tranquilas,248,H ALE-A K1 1500,Final,Final,1300,,807,23,00:00:00,,
2015-08-08,2,Galicia,281,2ª Competición Liga Provincial de A Coruña-2015,Augas Tranquilas,248,H ALE-A K1 1500,Final,Final,1319,,816,24,00:00:00,,
2015-08-08,2,Galicia,281,2ª Competición Liga Provincial de A Coruña-2015,Augas Tranquilas,248,H ALE-A K1 1500,Final,Final,3269,,818,25,00:00:00,,
2015-08-08,2,Galicia,281,2ª Competición Liga Provincial de A Coruña-2015,Augas Tranquilas,248,H ALE-A K1 1500,Final,Final,1312,,819,26,00:00:00,,
2015-08-08,2,Galicia,281,2ª Competición Liga Provincial de A Coruña-2015,Augas Tranquilas,248,H ALE-A K1 1500,Final,Final,1310,,820,27,00:00:00,,
2015-08-08,2,Galicia,281,2ª Competición Liga Provincial de A Coruña-2015,Augas Tranquilas,248,H ALE-A K1 1500,Final,Final,1522,,821,28,00:00:00,,
2015-08-08,2,Galicia,281,2ª Competición Liga Provincial de A Coruña-2015,Augas Tranquilas,248,H ALE-A K1 1500,Final,Final,1523,,822,29,00:00:00,,
2015-08-08,2,Galicia,281,2ª Competición Liga Provincial de A Coruña-2015,Augas Tranquilas,248,H ALE-A K1 1500,Final,Final,1524,,823,30,00:00:00,,
2015-08-08,2,Galicia,281,2ª Competición Liga Provincial de A Coruña-2015,Augas Tranquilas,248,H ALE-A K1 1500,Final,Final,1525,,824,31,00:00:00,,
2015-08-08,2,Galicia,281,2ª Competición Liga Provincial de A Coruña-2015,Augas Tranquilas,249,H ALE-B K1 1500,Final,Final,3171,,911,1,00:07:45.13,105,
2015-08-08,2,Galicia,281,2ª Competición Liga Provincial de A Coruña-2015,Augas Tranquilas,249,H ALE-B K1 1500,Final,Final,1341,,903,2,00:07:48.26,102,
2015-08-08,2,Galicia,281,2ª Competición Liga Provincial de A Coruña-2015,Augas Tranquilas,249,H ALE-B K1 1500,Final,Final,3222,,908,3,00:08:01.4,99,
2015-08-08,2,Galicia,281,2ª Competición Liga Provincial de A Coruña-2015,Augas Tranquilas,249,H ALE-B K1 1500,Final,Final,3177,,904,4,00:08:05.3,97,
2015-08-08,2,Galicia,281,2ª Competición Liga Provincial de A Coruña-2015,Augas Tranquilas,249,H ALE-B K1 1500,Final,Final,3179,,907,5,00:08:11.02,96,
2015-08-08,2,Galicia,281,2ª Competición Liga Provincial de A Coruña-2015,Augas Tranquilas,249,H ALE-B K1 1500,Final,Final,3640,,915,6,00:08:11.6,95,
2015-08-08,2,Galicia,281,2ª Competición Liga Provincial de A Coruña-2015,Augas Tranquilas,249,H ALE-B K1 1500,Final,Final,1325,,906,7,00:08:14.31,94,
2015-08-08,2,Galicia,281,2ª Competición Liga Provincial de A Coruña-2015,Augas Tranquilas,249,H ALE-B K1 1500,Final,Final,3182,,912,8,00:08:18.81,93,
2015-08-08,2,Galicia,281,2ª Competición Liga Provincial de A Coruña-2015,Augas Tranquilas,249,H ALE-B K1 1500,Final,Final,3641,,923,9,00:08:27.27,92,
2015-08-08,2,Galicia,281,2ª Competición Liga Provincial de A Coruña-2015,Augas Tranquilas,249,H ALE-B K1 1500,Final,Final,3639,,921,10,00:08:50.73,91,
2015-08-08,2,Galicia,281,2ª Competición Liga Provincial de A Coruña-2015,Augas Tranquilas,249,H ALE-B K1 1500,Final,Final,1332,,900,11,00:08:55.66,90,
2015-08-08,2,Galicia,281,2ª Competición Liga Provincial de A Coruña-2015,Augas Tranquilas,249,H ALE-B K1 1500,Final,Final,3215,,901,12,00:08:59.25,89,
2015-08-08,2,Galicia,281,2ª Competición Liga Provincial de A Coruña-2015,Augas Tranquilas,249,H ALE-B K1 1500,Final,Final,3207,,910,13,00:09:09.61,88,
2015-08-08,2,Galicia,281,2ª Competición Liga Provincial de A Coruña-2015,Augas Tranquilas,249,H ALE-B K1 1500,Final,Final,1331,,926,14,00:09:21.68,87,
2015-08-08,2,Galicia,281,2ª Competición Liga Provincial de A Coruña-2015,Augas Tranquilas,249,H ALE-B K1 1500,Final,Final,4066,,902,15,00:09:24.3,86,
2015-08-08,2,Galicia,281,2ª Competición Liga Provincial de A Coruña-2015,Augas Tranquilas,249,H ALE-B K1 1500,Final,Final,3205,,916,16,00:09:33.05,85,
2015-08-08,2,Galicia,281,2ª Competición Liga Provincial de A Coruña-2015,Augas Tranquilas,249,H ALE-B K1 1500,Final,Final,1529,,927,17,00:09:35,84,
2015-08-08,2,Galicia,281,2ª Competición Liga Provincial de A Coruña-2015,Augas Tranquilas,249,H ALE-B K1 1500,Final,Final,3644,,925,18,00:09:45,83,
2015-08-08,2,Galicia,281,2ª Competición Liga Provincial de A Coruña-2015,Augas Tranquilas,249,H ALE-B K1 1500,Final,Final,4832,,924,19,00:10:31.72,82,
2015-08-08,2,Galicia,281,2ª Competición Liga Provincial de A Coruña-2015,Augas Tranquilas,249,H ALE-B K1 1500,Final,Final,1339,,913,20,00:12:59.95,81,
2015-08-08,2,Galicia,281,2ª Competición Liga Provincial de A Coruña-2015,Augas Tranquilas,249,H ALE-B K1 1500,Final,Final,1342,,905,21,00:15:50.93,80,
2015-08-08,2,Galicia,281,2ª Competición Liga Provincial de A Coruña-2015,Augas Tranquilas,249,H ALE-B K1 1500,Final,Final,1345,,909,22,00:00:00,,
2015-08-08,2,Galicia,281,2ª Competición Liga Provincial de A Coruña-2015,Augas Tranquilas,249,H ALE-B K1 1500,Final,Final,3224,,914,23,00:00:00,,
2015-08-08,2,Galicia,281,2ª Competición Liga Provincial de A Coruña-2015,Augas Tranquilas,249,H ALE-B K1 1500,Final,Final,4065,,917,24,00:00:00,,
2015-08-08,2,Galicia,281,2ª Competición Liga Provincial de A Coruña-2015,Augas Tranquilas,249,H ALE-B K1 1500,Final,Final,1530,,918,25,00:00:00,,
2015-08-08,2,Galicia,281,2ª Competición Liga Provincial de A Coruña-2015,Augas Tranquilas,250,M INF-B K1 3000,Final,Final,1357,,703,1,00:15:59,205,
2015-08-08,2,Galicia,281,2ª Competición Liga Provincial de A Coruña-2015,Augas Tranquilas,250,M INF-B K1 3000,Final,Final,1362,,713,2,00:16:08,202,
2015-08-08,2,Galicia,281,2ª Competición Liga Provincial de A Coruña-2015,Augas Tranquilas,250,M INF-B K1 3000,Final,Final,1370,,701,3,00:16:16,199,
2015-08-08,2,Galicia,281,2ª Competición Liga Provincial de A Coruña-2015,Augas Tranquilas,250,M INF-B K1 3000,Final,Final,1356,,715,4,00:16:26,198,
2015-08-08,2,Galicia,281,2ª Competición Liga Provincial de A Coruña-2015,Augas Tranquilas,250,M INF-B K1 3000,Final,Final,1353,,705,5,00:16:55,197,
2015-08-08,2,Galicia,281,2ª Competición Liga Provincial de A Coruña-2015,Augas Tranquilas,250,M INF-B K1 3000,Final,Final,1361,,702,6,00:17:09,196,
2015-08-08,2,Galicia,281,2ª Competición Liga Provincial de A Coruña-2015,Augas Tranquilas,250,M INF-B K1 3000,Final,Final,1364,,707,7,00:17:19,195,
2015-08-08,2,Galicia,281,2ª Competición Liga Provincial de A Coruña-2015,Augas Tranquilas,250,M INF-B K1 3000,Final,Final,1531,,714,8,00:18:25,194,
2015-08-08,2,Galicia,281,2ª Competición Liga Provincial de A Coruña-2015,Augas Tranquilas,250,M INF-B K1 3000,Final,Final,3650,,709,9,00:18:30,193,
2015-08-08,2,Galicia,281,2ª Competición Liga Provincial de A Coruña-2015,Augas Tranquilas,250,M INF-B K1 3000,Final,Final,1354,,712,10,00:18:48,192,
2015-08-08,2,Galicia,281,2ª Competición Liga Provincial de A Coruña-2015,Augas Tranquilas,250,M INF-B K1 3000,Final,Final,1359,,711,11,00:18:50,191,
2015-08-08,2,Galicia,281,2ª Competición Liga Provincial de A Coruña-2015,Augas Tranquilas,250,M INF-B K1 3000,Final,Final,1360,,710,12,00:18:59,190,
2015-08-08,2,Galicia,281,2ª Competición Liga Provincial de A Coruña-2015,Augas Tranquilas,250,M INF-B K1 3000,Final,Final,1358,,708,13,00:19:28,189,
2015-08-08,2,Galicia,281,2ª Competición Liga Provincial de A Coruña-2015,Augas Tranquilas,250,M INF-B K1 3000,Final,Final,2865,,706,14,00:19:37,188,
2015-08-08,2,Galicia,281,2ª Competición Liga Provincial de A Coruña-2015,Augas Tranquilas,250,M INF-B K1 3000,Final,Final,3546,,704,15,00:27:07,,
2015-08-08,2,Galicia,281,2ª Competición Liga Provincial de A Coruña-2015,Augas Tranquilas,250,M INF-B K1 3000,Final,Final,1368,,700,16,00:00:00,,
2015-08-08,2,Galicia,281,2ª Competición Liga Provincial de A Coruña-2015,Augas Tranquilas,250,M INF-B K1 3000,Final,Final,1367,,716,17,00:00:00,,
2015-08-08,2,Galicia,281,2ª Competición Liga Provincial de A Coruña-2015,Augas Tranquilas,251,M INF-A K1 3000,Final,Final,1371,,408,1,00:14:49,230,
2015-08-08,2,Galicia,281,2ª Competición Liga Provincial de A Coruña-2015,Augas Tranquilas,251,M INF-A K1 3000,Final,Final,1372,,401,2,00:15:09,227,
2015-08-08,2,Galicia,281,2ª Competición Liga Provincial de A Coruña-2015,Augas Tranquilas,251,M INF-A K1 3000,Final,Final,1380,,400,3,00:15:29,224,
2015-08-08,2,Galicia,281,2ª Competición Liga Provincial de A Coruña-2015,Augas Tranquilas,251,M INF-A K1 3000,Final,Final,3628,,407,4,00:15:32,222,
2015-08-08,2,Galicia,281,2ª Competición Liga Provincial de A Coruña-2015,Augas Tranquilas,251,M INF-A K1 3000,Final,Final,1376,,403,5,00:16:29,221,
2015-08-08,2,Galicia,281,2ª Competición Liga Provincial de A Coruña-2015,Augas Tranquilas,251,M INF-A K1 3000,Final,Final,1375,,406,6,00:17:04,220,
2015-08-08,2,Galicia,281,2ª Competición Liga Provincial de A Coruña-2015,Augas Tranquilas,251,M INF-A K1 3000,Final,Final,3629,,402,7,00:17:12,219,
2015-08-08,2,Galicia,281,2ª Competición Liga Provincial de A Coruña-2015,Augas Tranquilas,251,M INF-A K1 3000,Final,Final,1532,,404,8,00:19:10,218,
2015-08-08,2,Galicia,281,2ª Competición Liga Provincial de A Coruña-2015,Augas Tranquilas,251,M INF-A K1 3000,Final,Final,1378,,405,9,00:19:59,217,
2015-08-08,2,Galicia,281,2ª Competición Liga Provincial de A Coruña-2015,Augas Tranquilas,251,M INF-A K1 3000,Final,Final,1379,,409,10,00:00:00,,
2015-08-08,2,Galicia,281,2ª Competición Liga Provincial de A Coruña-2015,Augas Tranquilas,252,H INF-B C1 3000,Final,Final,3304,,181,1,00:27:35,,
2015-08-08,2,Galicia,281,2ª Competición Liga Provincial de A Coruña-2015,Augas Tranquilas,252,H INF-B C1 3000,Final,Final,1435,,180,2,00:00:00,,
2015-08-08,2,Galicia,281,2ª Competición Liga Provincial de A Coruña-2015,Augas Tranquilas,253,H INF-B K1 3000,Final,Final,1422,,120,1,00:14:32.64,205,
2015-08-08,2,Galicia,281,2ª Competición Liga Provincial de A Coruña-2015,Augas Tranquilas,253,H INF-B K1 3000,Final,Final,1425,,102,2,00:15:32.75,202,
2015-08-08,2,Galicia,281,2ª Competición Liga Provincial de A Coruña-2015,Augas Tranquilas,253,H INF-B K1 3000,Final,Final,1439,,118,3,00:15:37.88,199,
2015-08-08,2,Galicia,281,2ª Competición Liga Provincial de A Coruña-2015,Augas Tranquilas,253,H INF-B K1 3000,Final,Final,1424,,106,4,00:16:25.9,198,
2015-08-08,2,Galicia,281,2ª Competición Liga Provincial de A Coruña-2015,Augas Tranquilas,253,H INF-B K1 3000,Final,Final,3319,,103,5,00:16:30.08,197,
2015-08-08,2,Galicia,281,2ª Competición Liga Provincial de A Coruña-2015,Augas Tranquilas,253,H INF-B K1 3000,Final,Final,1533,,119,6,00:16:57.64,196,
2015-08-08,2,Galicia,281,2ª Competición Liga Provincial de A Coruña-2015,Augas Tranquilas,253,H INF-B K1 3000,Final,Final,1427,,112,7,00:16:59.53,195,
2015-08-08,2,Galicia,281,2ª Competición Liga Provincial de A Coruña-2015,Augas Tranquilas,253,H INF-B K1 3000,Final,Final,2837,,110,8,00:17:16.13,194,
2015-08-08,2,Galicia,281,2ª Competición Liga Provincial de A Coruña-2015,Augas Tranquilas,253,H INF-B K1 3000,Final,Final,3653,,116,9,00:17:49.13,193,
2015-08-08,2,Galicia,281,2ª Competición Liga Provincial de A Coruña-2015,Augas Tranquilas,253,H INF-B K1 3000,Final,Final,1447,,109,10,00:17:51.34,192,
2015-08-08,2,Galicia,281,2ª Competición Liga Provincial de A Coruña-2015,Augas Tranquilas,253,H INF-B K1 3000,Final,Final,1450,,111,11,00:18:09.96,191,
2015-08-08,2,Galicia,281,2ª Competición Liga Provincial de A Coruña-2015,Augas Tranquilas,253,H INF-B K1 3000,Final,Final,1426,,115,12,00:18:13.65,190,
2015-08-08,2,Galicia,281,2ª Competición Liga Provincial de A Coruña-2015,Augas Tranquilas,253,H INF-B K1 3000,Final,Final,3314,,122,13,00:18:19.51,189,
2015-08-08,2,Galicia,281,2ª Competición Liga Provincial de A Coruña-2015,Augas Tranquilas,253,H INF-B K1 3000,Final,Final,1451,,113,14,00:18:20.67,188,
2015-08-08,2,Galicia,281,2ª Competición Liga Provincial de A Coruña-2015,Augas Tranquilas,253,H INF-B K1 3000,Final,Final,3309,,100,15,00:18:49.48,187,
2015-08-08,2,Galicia,281,2ª Competición Liga Provincial de A Coruña-2015,Augas Tranquilas,253,H INF-B K1 3000,Final,Final,3315,,123,16,00:19:20.07,186,
2015-08-08,2,Galicia,281,2ª Competición Liga Provincial de A Coruña-2015,Augas Tranquilas,253,H INF-B K1 3000,Final,Final,1445,,105,17,00:20:04.78,185,
2015-08-08,2,Galicia,281,2ª Competición Liga Provincial de A Coruña-2015,Augas Tranquilas,253,H INF-B K1 3000,Final,Final,1438,,108,18,00:21:57.65,,
2015-08-08,2,Galicia,281,2ª Competición Liga Provincial de A Coruña-2015,Augas Tranquilas,253,H INF-B K1 3000,Final,Final,3328,,104,19,00:23:23.09,,
2015-08-08,2,Galicia,281,2ª Competición Liga Provincial de A Coruña-2015,Augas Tranquilas,253,H INF-B K1 3000,Final,Final,3312,,101,20,00:00:00,,
2015-08-08,2,Galicia,281,2ª Competición Liga Provincial de A Coruña-2015,Augas Tranquilas,253,H INF-B K1 3000,Final,Final,1444,,107,21,00:00:00,,
2015-08-08,2,Galicia,281,2ª Competición Liga Provincial de A Coruña-2015,Augas Tranquilas,253,H INF-B K1 3000,Final,Final,1453,,117,22,00:00:00,,
2015-08-08,2,Galicia,281,2ª Competición Liga Provincial de A Coruña-2015,Augas Tranquilas,253,H INF-B K1 3000,Final,Final,1455,,121,23,00:00:00,,
2015-08-08,2,Galicia,281,2ª Competición Liga Provincial de A Coruña-2015,Augas Tranquilas,253,H INF-B K1 3000,Final,Final,1429,,124,24,00:00:00,,
2015-08-08,2,Galicia,281,2ª Competición Liga Provincial de A Coruña-2015,Augas Tranquilas,254,H INF-A C1 3000,Final,Final,3344,,83,1,00:16:37,230,
2015-08-08,2,Galicia,281,2ª Competición Liga Provincial de A Coruña-2015,Augas Tranquilas,254,H INF-A C1 3000,Final,Final,1387,,80,2,00:18:18,227,
2015-08-08,2,Galicia,281,2ª Competición Liga Provincial de A Coruña-2015,Augas Tranquilas,254,H INF-A C1 3000,Final,Final,2918,,85,3,00:21:10,224,
2015-08-08,2,Galicia,281,2ª Competición Liga Provincial de A Coruña-2015,Augas Tranquilas,254,H INF-A C1 3000,Final,Final,2917,,84,4,00:21:36,222,
2015-08-08,2,Galicia,281,2ª Competición Liga Provincial de A Coruña-2015,Augas Tranquilas,254,H INF-A C1 3000,Final,Final,1392,,82,5,00:31:15,,
2015-08-08,2,Galicia,281,2ª Competición Liga Provincial de A Coruña-2015,Augas Tranquilas,254,H INF-A C1 3000,Final,Final,1391,,81,6,00:00:00,,
2015-08-08,2,Galicia,281,2ª Competición Liga Provincial de A Coruña-2015,Augas Tranquilas,255,H INF-A K1 3000,Final,Final,1393,,19,1,00:13:21.3,230,
2015-08-08,2,Galicia,281,2ª Competición Liga Provincial de A Coruña-2015,Augas Tranquilas,255,H INF-A K1 3000,Final,Final,1394,,17,2,00:13:22.57,227,
2015-08-08,2,Galicia,281,2ª Competición Liga Provincial de A Coruña-2015,Augas Tranquilas,255,H INF-A K1 3000,Final,Final,1395,,20,3,00:13:34.48,224,
2015-08-08,2,Galicia,281,2ª Competición Liga Provincial de A Coruña-2015,Augas Tranquilas,255,H INF-A K1 3000,Final,Final,1396,,24,4,00:13:39.78,222,
2015-08-08,2,Galicia,281,2ª Competición Liga Provincial de A Coruña-2015,Augas Tranquilas,255,H INF-A K1 3000,Final,Final,1397,,7,5,00:13:47.37,221,
2015-08-08,2,Galicia,281,2ª Competición Liga Provincial de A Coruña-2015,Augas Tranquilas,255,H INF-A K1 3000,Final,Final,1398,,21,6,00:14:29,220,
2015-08-08,2,Galicia,281,2ª Competición Liga Provincial de A Coruña-2015,Augas Tranquilas,255,H INF-A K1 3000,Final,Final,2939,,15,7,00:14:46.54,219,
2015-08-08,2,Galicia,281,2ª Competición Liga Provincial de A Coruña-2015,Augas Tranquilas,255,H INF-A K1 3000,Final,Final,1401,,3,8,00:14:48.61,218,
2015-08-08,2,Galicia,281,2ª Competición Liga Provincial de A Coruña-2015,Augas Tranquilas,255,H INF-A K1 3000,Final,Final,1534,,22,9,00:14:54.88,217,
2015-08-08,2,Galicia,281,2ª Competición Liga Provincial de A Coruña-2015,Augas Tranquilas,255,H INF-A K1 3000,Final,Final,1399,,6,10,00:15:02.24,216,
2015-08-08,2,Galicia,281,2ª Competición Liga Provincial de A Coruña-2015,Augas Tranquilas,255,H INF-A K1 3000,Final,Final,1412,,4,11,00:15:40.13,215,
2015-08-08,2,Galicia,281,2ª Competición Liga Provincial de A Coruña-2015,Augas Tranquilas,255,H INF-A K1 3000,Final,Final,2945,,27,12,00:16:06.93,214,
2015-08-08,2,Galicia,281,2ª Competición Liga Provincial de A Coruña-2015,Augas Tranquilas,255,H INF-A K1 3000,Final,Final,1403,,11,13,00:16:10.14,213,
2015-08-08,2,Galicia,281,2ª Competición Liga Provincial de A Coruña-2015,Augas Tranquilas,255,H INF-A K1 3000,Final,Final,1406,,9,14,00:16:16.88,212,
2015-08-08,2,Galicia,281,2ª Competición Liga Provincial de A Coruña-2015,Augas Tranquilas,255,H INF-A K1 3000,Final,Final,2951,,2,15,00:16:18.59,211,
2015-08-08,2,Galicia,281,2ª Competición Liga Provincial de A Coruña-2015,Augas Tranquilas,255,H INF-A K1 3000,Final,Final,2795,,13,16,00:16:33.69,210,
2015-08-08,2,Galicia,281,2ª Competición Liga Provincial de A Coruña-2015,Augas Tranquilas,255,H INF-A K1 3000,Final,Final,1535,,16,17,00:16:53.56,209,
2015-08-08,2,Galicia,281,2ª Competición Liga Provincial de A Coruña-2015,Augas Tranquilas,255,H INF-A K1 3000,Final,Final,1410,,8,18,00:17:41.64,208,
2015-08-08,2,Galicia,281,2ª Competición Liga Provincial de A Coruña-2015,Augas Tranquilas,255,H INF-A K1 3000,Final,Final,1409,,12,19,00:18:04.13,207,
2015-08-08,2,Galicia,281,2ª Competición Liga Provincial de A Coruña-2015,Augas Tranquilas,255,H INF-A K1 3000,Final,Final,2799,,14,20,00:18:41.76,206,
2015-08-08,2,Galicia,281,2ª Competición Liga Provincial de A Coruña-2015,Augas Tranquilas,255,H INF-A K1 3000,Final,Final,2948,,18,21,00:18:47.96,205,
2015-08-08,2,Galicia,281,2ª Competición Liga Provincial de A Coruña-2015,Augas Tranquilas,255,H INF-A K1 3000,Final,Final,1536,,10,22,00:19:05.88,204,
2015-08-08,2,Galicia,281,2ª Competición Liga Provincial de A Coruña-2015,Augas Tranquilas,255,H INF-A K1 3000,Final,Final,1537,,23,23,00:00:00,,
2015-08-08,2,Galicia,281,2ª Competición Liga Provincial de A Coruña-2015,Augas Tranquilas,255,H INF-A K1 3000,Final,Final,1414,,25,24,00:00:00,,
2015-08-08,2,Galicia,281,2ª Competición Liga Provincial de A Coruña-2015,Augas Tranquilas,255,H INF-A K1 3000,Final,Final,1405,,26,25,00:00:00,,
2015-08-08,2,Galicia,281,2ª Competición Liga Provincial de A Coruña-2015,Augas Tranquilas,256,H CAD K1 .,Final,Final,1538,,220,1,00:12:10.75,230,
2015-08-08,2,Galicia,281,2ª Competición Liga Provincial de A Coruña-2015,Augas Tranquilas,256,H CAD K1 .,Final,Final,1145,,218,2,00:12:11.53,227,
2015-08-08,2,Galicia,281,2ª Competición Liga Provincial de A Coruña-2015,Augas Tranquilas,256,H CAD K1 .,Final,Final,1167,,203,3,00:12:12.5,224,
2015-08-08,2,Galicia,281,2ª Competición Liga Provincial de A Coruña-2015,Augas Tranquilas,256,H CAD K1 .,Final,Final,1151,,202,4,00:12:27.9,222,
2015-08-08,2,Galicia,281,2ª Competición Liga Provincial de A Coruña-2015,Augas Tranquilas,256,H CAD K1 .,Final,Final,1471,,225,5,00:12:30.77,221,
2015-08-08,2,Galicia,281,2ª Competición Liga Provincial de A Coruña-2015,Augas Tranquilas,256,H CAD K1 .,Final,Final,1166,,212,6,00:12:46.04,220,
2015-08-08,2,Galicia,281,2ª Competición Liga Provincial de A Coruña-2015,Augas Tranquilas,256,H CAD K1 .,Final,Final,1177,,221,7,00:13:04.6,219,
2015-08-08,2,Galicia,281,2ª Competición Liga Provincial de A Coruña-2015,Augas Tranquilas,256,H CAD K1 .,Final,Final,1152,,200,8,00:13:05.06,218,
2015-08-08,2,Galicia,281,2ª Competición Liga Provincial de A Coruña-2015,Augas Tranquilas,256,H CAD K1 .,Final,Final,1169,,222,9,00:13:12.67,217,
2015-08-08,2,Galicia,281,2ª Competición Liga Provincial de A Coruña-2015,Augas Tranquilas,256,H CAD K1 .,Final,Final,3625,,234,10,00:13:36.86,216,
2015-08-08,2,Galicia,281,2ª Competición Liga Provincial de A Coruña-2015,Augas Tranquilas,256,H CAD K1 .,Final,Final,1171,,204,11,00:13:38.73,215,
2015-08-08,2,Galicia,281,2ª Competición Liga Provincial de A Coruña-2015,Augas Tranquilas,256,H CAD K1 .,Final,Final,1150,,214,12,00:13:48.38,214,
2015-08-08,2,Galicia,281,2ª Competición Liga Provincial de A Coruña-2015,Augas Tranquilas,256,H CAD K1 .,Final,Final,1474,,228,13,00:13:51.84,213,
2015-08-08,2,Galicia,281,2ª Competición Liga Provincial de A Coruña-2015,Augas Tranquilas,256,H CAD K1 .,Final,Final,2956,,233,14,00:13:59.79,212,
2015-08-08,2,Galicia,281,2ª Competición Liga Provincial de A Coruña-2015,Augas Tranquilas,256,H CAD K1 .,Final,Final,1539,,223,15,00:14:02.1,211,
2015-08-08,2,Galicia,281,2ª Competición Liga Provincial de A Coruña-2015,Augas Tranquilas,256,H CAD K1 .,Final,Final,1173,,215,16,00:14:13.96,210,
2015-08-08,2,Galicia,281,2ª Competición Liga Provincial de A Coruña-2015,Augas Tranquilas,256,H CAD K1 .,Final,Final,1486,,224,17,00:14:29.65,209,
2015-08-08,2,Galicia,281,2ª Competición Liga Provincial de A Coruña-2015,Augas Tranquilas,256,H CAD K1 .,Final,Final,1190,,229,18,00:14:36.73,208,
2015-08-08,2,Galicia,281,2ª Competición Liga Provincial de A Coruña-2015,Augas Tranquilas,256,H CAD K1 .,Final,Final,1476,,227,19,00:14:37.94,207,
2015-08-08,2,Galicia,281,2ª Competición Liga Provincial de A Coruña-2015,Augas Tranquilas,256,H CAD K1 .,Final,Final,2942,,201,20,00:14:42.45,206,
2015-08-08,2,Galicia,281,2ª Competición Liga Provincial de A Coruña-2015,Augas Tranquilas,256,H CAD K1 .,Final,Final,1483,,208,21,00:14:50.07,205,
2015-08-08,2,Galicia,281,2ª Competición Liga Provincial de A Coruña-2015,Augas Tranquilas,256,H CAD K1 .,Final,Final,1484,,209,22,00:14:56.92,204,
2015-08-08,2,Galicia,281,2ª Competición Liga Provincial de A Coruña-2015,Augas Tranquilas,256,H CAD K1 .,Final,Final,2941,,230,23,00:15:03.88,203,
2015-08-08,2,Galicia,281,2ª Competición Liga Provincial de A Coruña-2015,Augas Tranquilas,256,H CAD K1 .,Final,Final,1479,,211,24,00:15:05.35,202,
2015-08-08,2,Galicia,281,2ª Competición Liga Provincial de A Coruña-2015,Augas Tranquilas,256,H CAD K1 .,Final,Final,1488,,206,25,00:15:29.31,201,
2015-08-08,2,Galicia,281,2ª Competición Liga Provincial de A Coruña-2015,Augas Tranquilas,256,H CAD K1 .,Final,Final,1475,,226,26,00:15:37.21,200,
2015-08-08,2,Galicia,281,2ª Competición Liga Provincial de A Coruña-2015,Augas Tranquilas,256,H CAD K1 .,Final,Final,1491,,219,27,00:15:55.55,199,
2015-08-08,2,Galicia,281,2ª Competición Liga Provincial de A Coruña-2015,Augas Tranquilas,256,H CAD K1 .,Final,Final,1149,,213,28,00:16:07.62,198,
2015-08-08,2,Galicia,281,2ª Competición Liga Provincial de A Coruña-2015,Augas Tranquilas,256,H CAD K1 .,Final,Final,1490,,210,29,00:16:10.38,197,
2015-08-08,2,Galicia,281,2ª Competición Liga Provincial de A Coruña-2015,Augas Tranquilas,256,H CAD K1 .,Final,Final,1494,,207,30,00:17:48.92,,
2015-08-08,2,Galicia,281,2ª Competición Liga Provincial de A Coruña-2015,Augas Tranquilas,256,H CAD K1 .,Final,Final,1492,,205,31,00:00:00,,
2015-08-08,2,Galicia,281,2ª Competición Liga Provincial de A Coruña-2015,Augas Tranquilas,256,H CAD K1 .,Final,Final,1493,,216,32,00:00:00,,
2015-08-08,2,Galicia,281,2ª Competición Liga Provincial de A Coruña-2015,Augas Tranquilas,256,H CAD K1 .,Final,Final,1480,,217,33,00:00:00,,
2015-08-08,2,Galicia,281,2ª Competición Liga Provincial de A Coruña-2015,Augas Tranquilas,256,H CAD K1 .,Final,Final,1497,,231,34,00:00:00,,
2015-08-08,2,Galicia,281,2ª Competición Liga Provincial de A Coruña-2015,Augas Tranquilas,257,H CAD C1 .,Final,Final,1052,,1804,1,00:14:19,230,
2015-08-08,2,Galicia,281,2ª Competición Liga Provincial de A Coruña-2015,Augas Tranquilas,257,H CAD C1 .,Final,Final,1071,,1803,2,00:14:33,227,
2015-08-08,2,Galicia,281,2ª Competición Liga Provincial de A Coruña-2015,Augas Tranquilas,257,H CAD C1 .,Final,Final,1063,,1802,3,00:15:32,224,
2015-08-08,2,Galicia,281,2ª Competición Liga Provincial de A Coruña-2015,Augas Tranquilas,257,H CAD C1 .,Final,Final,1469,,1801,4,00:17:59,222,
2015-08-08,2,Galicia,281,2ª Competición Liga Provincial de A Coruña-2015,Augas Tranquilas,257,H CAD C1 .,Final,Final,1056,,1800,5,00:00:00,,
2015-08-08,2,Galicia,281,2ª Competición Liga Provincial de A Coruña-2015,Augas Tranquilas,257,H CAD C1 .,Final,Final,1540,,1805,6,00:00:00,,
2015-08-08,2,Galicia,281,2ª Competición Liga Provincial de A Coruña-2015,Augas Tranquilas,258,M CAD K1 .,Final,Final,1093,,503,1,00:13:13,230,
2015-08-08,2,Galicia,281,2ª Competición Liga Provincial de A Coruña-2015,Augas Tranquilas,258,M CAD K1 .,Final,Final,1097,,500,2,00:13:46,227,
2015-08-08,2,Galicia,281,2ª Competición Liga Provincial de A Coruña-2015,Augas Tranquilas,258,M CAD K1 .,Final,Final,1099,,508,3,00:14:24,224,
2015-08-08,2,Galicia,281,2ª Competición Liga Provincial de A Coruña-2015,Augas Tranquilas,258,M CAD K1 .,Final,Final,2926,,510,4,00:14:38,222,
2015-08-08,2,Galicia,281,2ª Competición Liga Provincial de A Coruña-2015,Augas Tranquilas,258,M CAD K1 .,Final,Final,1114,,502,5,00:14:43,221,
2015-08-08,2,Galicia,281,2ª Competición Liga Provincial de A Coruña-2015,Augas Tranquilas,258,M CAD K1 .,Final,Final,1110,,501,6,00:14:56,220,
2015-08-08,2,Galicia,281,2ª Competición Liga Provincial de A Coruña-2015,Augas Tranquilas,258,M CAD K1 .,Final,Final,1104,,509,7,00:14:58,219,
2015-08-08,2,Galicia,281,2ª Competición Liga Provincial de A Coruña-2015,Augas Tranquilas,258,M CAD K1 .,Final,Final,3359,,504,8,00:15:37,218,
2015-08-08,2,Galicia,281,2ª Competición Liga Provincial de A Coruña-2015,Augas Tranquilas,258,M CAD K1 .,Final,Final,1101,,507,9,00:16:30,217,
2015-08-08,2,Galicia,281,2ª Competición Liga Provincial de A Coruña-2015,Augas Tranquilas,258,M CAD K1 .,Final,Final,4585,,505,10,00:16:39,216,
2015-08-08,2,Galicia,281,2ª Competición Liga Provincial de A Coruña-2015,Augas Tranquilas,258,M CAD K1 .,Final,Final,2928,,511,11,00:18:30,,
2015-08-08,2,Galicia,281,2ª Competición Liga Provincial de A Coruña-2015,Augas Tranquilas,258,M CAD K1 .,Final,Final,1464,,506,12,00:00:00,,
2015-08-08,2,Galicia,281,2ª Competición Liga Provincial de A Coruña-2015,Augas Tranquilas,258,M CAD K1 .,Final,Final,1465,,512,13,00:00:00,,
2015-08-08,2,Galicia,281,2ª Competición Liga Provincial de A Coruña-2015,Augas Tranquilas,258,M CAD K1 .,Final,Final,1098,,513,14,00:00:00,,
2015-08-09,2,Galicia,282,5ª Regata Provincial Liga Diputación Lugo- 2015,Augas Tranquilas,260,H ALE-A K1 1500,Final,Final,2869,,79,1,00:07:11.05,100,
2015-08-09,2,Galicia,282,5ª Regata Provincial Liga Diputación Lugo- 2015,Augas Tranquilas,260,H ALE-A K1 1500,Final,Final,3251,,74,2,00:07:34.61,90,
2015-08-09,2,Galicia,282,5ª Regata Provincial Liga Diputación Lugo- 2015,Augas Tranquilas,260,H ALE-A K1 1500,Final,Final,3620,,78,3,00:08:07.18,85,
2015-08-09,2,Galicia,282,5ª Regata Provincial Liga Diputación Lugo- 2015,Augas Tranquilas,260,H ALE-A K1 1500,Final,Final,1541,,80,4,00:09:57.53,81,
2015-08-09,2,Galicia,282,5ª Regata Provincial Liga Diputación Lugo- 2015,Augas Tranquilas,260,H ALE-A K1 1500,Final,Final,1542,,77,5,00:10:43.17,80,
2015-08-09,2,Galicia,282,5ª Regata Provincial Liga Diputación Lugo- 2015,Augas Tranquilas,260,H ALE-A K1 1500,Final,Final,1543,,73,6,00:11:03.7,79,
2015-08-09,2,Galicia,282,5ª Regata Provincial Liga Diputación Lugo- 2015,Augas Tranquilas,260,H ALE-A K1 1500,Final,Final,770,,75,7,00:00:00,,
2015-08-09,2,Galicia,282,5ª Regata Provincial Liga Diputación Lugo- 2015,Augas Tranquilas,260,H ALE-A K1 1500,Final,Final,769,,76,8,00:00:00,,
2015-08-09,2,Galicia,282,5ª Regata Provincial Liga Diputación Lugo- 2015,Augas Tranquilas,261,M BEN K1 1500,Final,Final,771,,166,1,00:08:43.58,100,
2015-08-09,2,Galicia,282,5ª Regata Provincial Liga Diputación Lugo- 2015,Augas Tranquilas,261,M BEN K1 1500,Final,Final,1544,,167,2,00:09:08.13,90,
2015-08-09,2,Galicia,282,5ª Regata Provincial Liga Diputación Lugo- 2015,Augas Tranquilas,261,M BEN K1 1500,Final,Final,1545,,169,3,00:11:14.38,85,
2015-08-09,2,Galicia,282,5ª Regata Provincial Liga Diputación Lugo- 2015,Augas Tranquilas,261,M BEN K1 1500,Final,Final,1546,,168,4,00:11:50.12,81,
2015-08-09,2,Galicia,282,5ª Regata Provincial Liga Diputación Lugo- 2015,Augas Tranquilas,261,M BEN K1 1500,Final,Final,1547,,165,5,00:14:29.67,80,
2015-08-09,2,Galicia,282,5ª Regata Provincial Liga Diputación Lugo- 2015,Augas Tranquilas,262,H BEN K1 1500,Final,Final,773,,101,1,00:08:06.36,100,
2015-08-09,2,Galicia,282,5ª Regata Provincial Liga Diputación Lugo- 2015,Augas Tranquilas,262,H BEN K1 1500,Final,Final,3565,,98,2,00:08:32.53,90,
2015-08-09,2,Galicia,282,5ª Regata Provincial Liga Diputación Lugo- 2015,Augas Tranquilas,262,H BEN K1 1500,Final,Final,3564,,105,3,00:08:55.34,85,
2015-08-09,2,Galicia,282,5ª Regata Provincial Liga Diputación Lugo- 2015,Augas Tranquilas,262,H BEN K1 1500,Final,Final,3566,,103,4,00:08:55.58,81,
2015-08-09,2,Galicia,282,5ª Regata Provincial Liga Diputación Lugo- 2015,Augas Tranquilas,262,H BEN K1 1500,Final,Final,775,,97,5,00:09:05.24,80,
2015-08-09,2,Galicia,282,5ª Regata Provincial Liga Diputación Lugo- 2015,Augas Tranquilas,262,H BEN K1 1500,Final,Final,1548,,99,6,00:09:32.98,79,
2015-08-09,2,Galicia,282,5ª Regata Provincial Liga Diputación Lugo- 2015,Augas Tranquilas,262,H BEN K1 1500,Final,Final,3568,,104,7,00:09:50.89,78,
2015-08-09,2,Galicia,282,5ª Regata Provincial Liga Diputación Lugo- 2015,Augas Tranquilas,262,H BEN K1 1500,Final,Final,1549,,100,8,00:10:14.77,77,
2015-08-09,2,Galicia,282,5ª Regata Provincial Liga Diputación Lugo- 2015,Augas Tranquilas,262,H BEN K1 1500,Final,Final,779,,102,9,00:00:00,,
2015-08-09,2,Galicia,282,5ª Regata Provincial Liga Diputación Lugo- 2015,Augas Tranquilas,263,M ALE-B K1 1500,Final,Final,781,,164,1,00:07:59.85,100,
2015-08-09,2,Galicia,282,5ª Regata Provincial Liga Diputación Lugo- 2015,Augas Tranquilas,263,M ALE-B K1 1500,Final,Final,782,,163,2,00:08:36.04,90,
2015-08-09,2,Galicia,282,5ª Regata Provincial Liga Diputación Lugo- 2015,Augas Tranquilas,264,H ALE-B K1 1500,Final,Final,784,,81,1,00:07:31.53,100,
2015-08-09,2,Galicia,282,5ª Regata Provincial Liga Diputación Lugo- 2015,Augas Tranquilas,264,H ALE-B K1 1500,Final,Final,3172,,93,2,00:07:43.15,90,
2015-08-09,2,Galicia,282,5ª Regata Provincial Liga Diputación Lugo- 2015,Augas Tranquilas,264,H ALE-B K1 1500,Final,Final,786,,82,3,00:08:20.07,85,
2015-08-09,2,Galicia,282,5ª Regata Provincial Liga Diputación Lugo- 2015,Augas Tranquilas,264,H ALE-B K1 1500,Final,Final,3555,,88,4,00:08:38.83,81,
2015-08-09,2,Galicia,282,5ª Regata Provincial Liga Diputación Lugo- 2015,Augas Tranquilas,264,H ALE-B K1 1500,Final,Final,789,,91,5,00:09:00.34,80,
2015-08-09,2,Galicia,282,5ª Regata Provincial Liga Diputación Lugo- 2015,Augas Tranquilas,264,H ALE-B K1 1500,Final,Final,3559,,86,6,00:09:01.22,79,
2015-08-09,2,Galicia,282,5ª Regata Provincial Liga Diputación Lugo- 2015,Augas Tranquilas,264,H ALE-B K1 1500,Final,Final,3561,,95,7,00:10:02.04,78,
2015-08-09,2,Galicia,282,5ª Regata Provincial Liga Diputación Lugo- 2015,Augas Tranquilas,264,H ALE-B K1 1500,Final,Final,3191,,89,8,00:10:11.41,77,
2015-08-09,2,Galicia,282,5ª Regata Provincial Liga Diputación Lugo- 2015,Augas Tranquilas,264,H ALE-B K1 1500,Final,Final,3557,,87,9,00:10:38.18,76,
2015-08-09,2,Galicia,282,5ª Regata Provincial Liga Diputación Lugo- 2015,Augas Tranquilas,264,H ALE-B K1 1500,Final,Final,3556,,85,10,00:10:41.7,75,
2015-08-09,2,Galicia,282,5ª Regata Provincial Liga Diputación Lugo- 2015,Augas Tranquilas,264,H ALE-B K1 1500,Final,Final,1551,,90,11,00:10:55.73,74,
2015-08-09,2,Galicia,282,5ª Regata Provincial Liga Diputación Lugo- 2015,Augas Tranquilas,264,H ALE-B K1 1500,Final,Final,1552,,92,12,00:10:58.52,73,
2015-08-09,2,Galicia,282,5ª Regata Provincial Liga Diputación Lugo- 2015,Augas Tranquilas,264,H ALE-B K1 1500,Final,Final,1553,,96,13,00:11:05.18,72,
2015-08-09,2,Galicia,282,5ª Regata Provincial Liga Diputación Lugo- 2015,Augas Tranquilas,264,H ALE-B K1 1500,Final,Final,5779,,83,14,00:00:00,,
2015-08-09,2,Galicia,282,5ª Regata Provincial Liga Diputación Lugo- 2015,Augas Tranquilas,265,M ALE-A K1 1500,Final,Final,2898,,162,1,00:07:08.05,100,
2015-08-09,2,Galicia,282,5ª Regata Provincial Liga Diputación Lugo- 2015,Augas Tranquilas,265,M ALE-A K1 1500,Final,Final,3571,,158,2,00:07:45.91,90,
2015-08-09,2,Galicia,282,5ª Regata Provincial Liga Diputación Lugo- 2015,Augas Tranquilas,265,M ALE-A K1 1500,Final,Final,1555,,160,3,00:07:51.29,85,
2015-08-09,2,Galicia,282,5ª Regata Provincial Liga Diputación Lugo- 2015,Augas Tranquilas,265,M ALE-A K1 1500,Final,Final,797,,154,4,00:08:04.9,81,
2015-08-09,2,Galicia,282,5ª Regata Provincial Liga Diputación Lugo- 2015,Augas Tranquilas,265,M ALE-A K1 1500,Final,Final,798,,153,5,00:09:11.25,80,
2015-08-09,2,Galicia,282,5ª Regata Provincial Liga Diputación Lugo- 2015,Augas Tranquilas,265,M ALE-A K1 1500,Final,Final,4745,,157,6,00:09:19.41,79,
2015-08-09,2,Galicia,282,5ª Regata Provincial Liga Diputación Lugo- 2015,Augas Tranquilas,265,M ALE-A K1 1500,Final,Final,4748,,156,7,00:09:27.88,78,
2015-08-09,2,Galicia,282,5ª Regata Provincial Liga Diputación Lugo- 2015,Augas Tranquilas,265,M ALE-A K1 1500,Final,Final,799,,155,8,00:00:00,,
2015-08-09,2,Galicia,282,5ª Regata Provincial Liga Diputación Lugo- 2015,Augas Tranquilas,268,M INF-B K1 3000,Final,Final,800,,150,1,00:15:02.96,100,
2015-08-09,2,Galicia,282,5ª Regata Provincial Liga Diputación Lugo- 2015,Augas Tranquilas,268,M INF-B K1 3000,Final,Final,803,,147,2,00:15:07.13,90,
2015-08-09,2,Galicia,282,5ª Regata Provincial Liga Diputación Lugo- 2015,Augas Tranquilas,268,M INF-B K1 3000,Final,Final,801,,149,3,00:15:37.63,85,
2015-08-09,2,Galicia,282,5ª Regata Provincial Liga Diputación Lugo- 2015,Augas Tranquilas,268,M INF-B K1 3000,Final,Final,802,,151,4,00:16:26.94,81,
2015-08-09,2,Galicia,282,5ª Regata Provincial Liga Diputación Lugo- 2015,Augas Tranquilas,268,M INF-B K1 3000,Final,Final,3573,,152,5,00:18:27.83,80,
2015-08-09,2,Galicia,282,5ª Regata Provincial Liga Diputación Lugo- 2015,Augas Tranquilas,268,M INF-B K1 3000,Final,Final,804,,148,6,00:00:00,,
2015-08-09,2,Galicia,282,5ª Regata Provincial Liga Diputación Lugo- 2015,Augas Tranquilas,269,H INF-B K1 3000,Final,Final,805,,69,1,00:13:45.11,100,
2015-08-09,2,Galicia,282,5ª Regata Provincial Liga Diputación Lugo- 2015,Augas Tranquilas,269,H INF-B K1 3000,Final,Final,806,,72,2,00:14:25.25,90,
2015-08-09,2,Galicia,282,5ª Regata Provincial Liga Diputación Lugo- 2015,Augas Tranquilas,269,H INF-B K1 3000,Final,Final,809,,70,3,00:15:15.42,85,
2015-08-09,2,Galicia,282,5ª Regata Provincial Liga Diputación Lugo- 2015,Augas Tranquilas,269,H INF-B K1 3000,Final,Final,808,,66,4,00:15:27.07,81,
2015-08-09,2,Galicia,282,5ª Regata Provincial Liga Diputación Lugo- 2015,Augas Tranquilas,269,H INF-B K1 3000,Final,Final,810,,67,5,00:15:49.27,80,
2015-08-09,2,Galicia,282,5ª Regata Provincial Liga Diputación Lugo- 2015,Augas Tranquilas,269,H INF-B K1 3000,Final,Final,807,,68,6,00:16:14.55,79,
2015-08-09,2,Galicia,282,5ª Regata Provincial Liga Diputación Lugo- 2015,Augas Tranquilas,272,M INF-A K1 3000,Final,Final,812,,142,1,00:14:40.12,100,
2015-08-09,2,Galicia,282,5ª Regata Provincial Liga Diputación Lugo- 2015,Augas Tranquilas,272,M INF-A K1 3000,Final,Final,3580,,144,2,00:15:38.57,90,
2015-08-09,2,Galicia,282,5ª Regata Provincial Liga Diputación Lugo- 2015,Augas Tranquilas,272,M INF-A K1 3000,Final,Final,815,,145,3,00:15:41.87,85,
2015-08-09,2,Galicia,282,5ª Regata Provincial Liga Diputación Lugo- 2015,Augas Tranquilas,272,M INF-A K1 3000,Final,Final,816,,141,4,00:16:47.79,81,
2015-08-09,2,Galicia,282,5ª Regata Provincial Liga Diputación Lugo- 2015,Augas Tranquilas,272,M INF-A K1 3000,Final,Final,1559,,143,5,00:18:03.32,80,
2015-08-09,2,Galicia,282,5ª Regata Provincial Liga Diputación Lugo- 2015,Augas Tranquilas,272,M INF-A K1 3000,Final,Final,813,,146,6,00:00:00,,
2015-08-09,2,Galicia,282,5ª Regata Provincial Liga Diputación Lugo- 2015,Augas Tranquilas,273,H INF-A K1 3000,Final,Final,817,,63,1,00:12:41.02,100,
2015-08-09,2,Galicia,282,5ª Regata Provincial Liga Diputación Lugo- 2015,Augas Tranquilas,273,H INF-A K1 3000,Final,Final,819,,61,2,00:13:18.01,90,
2015-08-09,2,Galicia,282,5ª Regata Provincial Liga Diputación Lugo- 2015,Augas Tranquilas,273,H INF-A K1 3000,Final,Final,8308,,60,3,00:13:19.92,85,
2015-08-09,2,Galicia,282,5ª Regata Provincial Liga Diputación Lugo- 2015,Augas Tranquilas,273,H INF-A K1 3000,Final,Final,820,,59,4,00:13:35.61,81,
2015-08-09,2,Galicia,282,5ª Regata Provincial Liga Diputación Lugo- 2015,Augas Tranquilas,273,H INF-A K1 3000,Final,Final,821,,58,5,00:14:21,80,
2015-08-09,2,Galicia,282,5ª Regata Provincial Liga Diputación Lugo- 2015,Augas Tranquilas,273,H INF-A K1 3000,Final,Final,2952,,64,6,00:16:18.67,79,
2015-08-09,2,Galicia,282,5ª Regata Provincial Liga Diputación Lugo- 2015,Augas Tranquilas,273,H INF-A K1 3000,Final,Final,1560,,57,7,00:00:00,,
2015-08-09,2,Galicia,282,5ª Regata Provincial Liga Diputación Lugo- 2015,Augas Tranquilas,273,H INF-A K1 3000,Final,Final,1561,,65,8,00:00:00,,
2015-08-09,2,Galicia,282,5ª Regata Provincial Liga Diputación Lugo- 2015,Augas Tranquilas,275,M SEN K1 5000,Final,Final,1562,,172,1,00:27:20.69,65,
2015-08-09,2,Galicia,282,5ª Regata Provincial Liga Diputación Lugo- 2015,Augas Tranquilas,275,M SEN K1 5000,Final,Final,825,,140,2,00:28:07.49,55,
2015-08-09,2,Galicia,282,5ª Regata Provincial Liga Diputación Lugo- 2015,Augas Tranquilas,275,M SEN K1 5000,Final,Final,826,,139,3,00:30:09.76,50,
2015-08-09,2,Galicia,282,5ª Regata Provincial Liga Diputación Lugo- 2015,Augas Tranquilas,275,M SEN K1 5000,Final,Final,827,,137,4,00:00:00,,
2015-08-09,2,Galicia,282,5ª Regata Provincial Liga Diputación Lugo- 2015,Augas Tranquilas,275,M SEN K1 5000,Final,Final,1563,,138,5,00:00:00,,
2015-08-09,2,Galicia,282,5ª Regata Provincial Liga Diputación Lugo- 2015,Augas Tranquilas,275,M SEN K1 5000,Final,Final,1564,,136,6,00:00:00,,
2015-08-09,2,Galicia,282,5ª Regata Provincial Liga Diputación Lugo- 2015,Augas Tranquilas,278,M K1 5000,Final,Final,3621,,170,1,00:34:22.88,65,
2015-08-09,2,Galicia,282,5ª Regata Provincial Liga Diputación Lugo- 2015,Augas Tranquilas,280,M JUN K1 5000,Final,Final,829,,132,1,00:30:21.96,65,
2015-08-09,2,Galicia,282,5ª Regata Provincial Liga Diputación Lugo- 2015,Augas Tranquilas,280,M JUN K1 5000,Final,Final,1077,,133,2,00:30:39.6,55,
2015-08-09,2,Galicia,282,5ª Regata Provincial Liga Diputación Lugo- 2015,Augas Tranquilas,280,M JUN K1 5000,Final,Final,833,,131,3,00:31:31.65,50,
2015-08-09,2,Galicia,282,5ª Regata Provincial Liga Diputación Lugo- 2015,Augas Tranquilas,280,M JUN K1 5000,Final,Final,831,,130,4,00:31:50.02,46,
2015-08-09,2,Galicia,282,5ª Regata Provincial Liga Diputación Lugo- 2015,Augas Tranquilas,280,M JUN K1 5000,Final,Final,1088,,134,5,00:00:00,,
2015-08-09,2,Galicia,282,5ª Regata Provincial Liga Diputación Lugo- 2015,Augas Tranquilas,280,M JUN K1 5000,Final,Final,832,,135,6,00:00:00,,
2015-08-09,2,Galicia,282,5ª Regata Provincial Liga Diputación Lugo- 2015,Augas Tranquilas,281,H CAD K1 5000,Final,Final,834,,15,1,00:25:07.61,65,
2015-08-09,2,Galicia,282,5ª Regata Provincial Liga Diputación Lugo- 2015,Augas Tranquilas,281,H CAD K1 5000,Final,Final,835,,18,2,00:25:22.69,55,
2015-08-09,2,Galicia,282,5ª Regata Provincial Liga Diputación Lugo- 2015,Augas Tranquilas,281,H CAD K1 5000,Final,Final,836,,2,3,00:25:34.37,50,
2015-08-09,2,Galicia,282,5ª Regata Provincial Liga Diputación Lugo- 2015,Augas Tranquilas,281,H CAD K1 5000,Final,Final,837,,1,4,00:25:35.18,46,
2015-08-09,2,Galicia,282,5ª Regata Provincial Liga Diputación Lugo- 2015,Augas Tranquilas,281,H CAD K1 5000,Final,Final,843,,13,5,00:27:09.51,45,
2015-08-09,2,Galicia,282,5ª Regata Provincial Liga Diputación Lugo- 2015,Augas Tranquilas,281,H CAD K1 5000,Final,Final,842,,12,6,00:27:13.54,44,
2015-08-09,2,Galicia,282,5ª Regata Provincial Liga Diputación Lugo- 2015,Augas Tranquilas,281,H CAD K1 5000,Final,Final,2938,,10,7,00:28:08.96,43,
2015-08-09,2,Galicia,282,5ª Regata Provincial Liga Diputación Lugo- 2015,Augas Tranquilas,281,H CAD K1 5000,Final,Final,838,,6,8,00:28:47.69,42,
2015-08-09,2,Galicia,282,5ª Regata Provincial Liga Diputación Lugo- 2015,Augas Tranquilas,281,H CAD K1 5000,Final,Final,845,,16,9,00:29:12.6,41,
2015-08-09,2,Galicia,282,5ª Regata Provincial Liga Diputación Lugo- 2015,Augas Tranquilas,281,H CAD K1 5000,Final,Final,853,,4,10,00:30:51.89,,
2015-08-09,2,Galicia,282,5ª Regata Provincial Liga Diputación Lugo- 2015,Augas Tranquilas,281,H CAD K1 5000,Final,Final,840,,5,11,00:00:00,,
2015-08-09,2,Galicia,282,5ª Regata Provincial Liga Diputación Lugo- 2015,Augas Tranquilas,281,H CAD K1 5000,Final,Final,839,,7,12,00:00:00,,
2015-08-09,2,Galicia,282,5ª Regata Provincial Liga Diputación Lugo- 2015,Augas Tranquilas,281,H CAD K1 5000,Final,Final,1565,,9,13,00:00:00,,
2015-08-09,2,Galicia,282,5ª Regata Provincial Liga Diputación Lugo- 2015,Augas Tranquilas,281,H CAD K1 5000,Final,Final,846,,19,14,00:00:00,,
2015-08-09,2,Galicia,282,5ª Regata Provincial Liga Diputación Lugo- 2015,Augas Tranquilas,281,H CAD K1 5000,Final,Final,848,,3,15,00:00:00,,
2015-08-09,2,Galicia,282,5ª Regata Provincial Liga Diputación Lugo- 2015,Augas Tranquilas,281,H CAD K1 5000,Final,Final,849,,8,16,00:00:00,,
2015-08-09,2,Galicia,282,5ª Regata Provincial Liga Diputación Lugo- 2015,Augas Tranquilas,281,H CAD K1 5000,Final,Final,852,,11,17,00:00:00,,
2015-08-09,2,Galicia,282,5ª Regata Provincial Liga Diputación Lugo- 2015,Augas Tranquilas,281,H CAD K1 5000,Final,Final,851,,14,18,00:00:00,,
2015-08-09,2,Galicia,282,5ª Regata Provincial Liga Diputación Lugo- 2015,Augas Tranquilas,281,H CAD K1 5000,Final,Final,2787,,17,19,00:00:00,,
2015-08-09,2,Galicia,282,5ª Regata Provincial Liga Diputación Lugo- 2015,Augas Tranquilas,282,M CAD K1 5000,Final,Final,857,,126,1,00:28:25.54,65,
2015-08-09,2,Galicia,282,5ª Regata Provincial Liga Diputación Lugo- 2015,Augas Tranquilas,282,M CAD K1 5000,Final,Final,856,,127,2,00:28:58.03,55,
2015-08-09,2,Galicia,282,5ª Regata Provincial Liga Diputación Lugo- 2015,Augas Tranquilas,282,M CAD K1 5000,Final,Final,858,,129,3,00:29:09.54,50,
2015-08-09,2,Galicia,282,5ª Regata Provincial Liga Diputación Lugo- 2015,Augas Tranquilas,282,M CAD K1 5000,Final,Final,859,,128,4,00:33:39.72,,
2015-08-09,2,Galicia,282,5ª Regata Provincial Liga Diputación Lugo- 2015,Augas Tranquilas,285,H JUN K1 5000,Final,Final,865,,20,1,00:25:13.17,65,
2015-08-09,2,Galicia,282,5ª Regata Provincial Liga Diputación Lugo- 2015,Augas Tranquilas,285,H JUN K1 5000,Final,Final,864,,32,2,00:26:36.04,55,
2015-08-09,2,Galicia,282,5ª Regata Provincial Liga Diputación Lugo- 2015,Augas Tranquilas,285,H JUN K1 5000,Final,Final,866,,29,3,00:27:27.4,50,
2015-08-09,2,Galicia,282,5ª Regata Provincial Liga Diputación Lugo- 2015,Augas Tranquilas,285,H JUN K1 5000,Final,Final,863,,28,4,00:28:44.16,46,
2015-08-09,2,Galicia,282,5ª Regata Provincial Liga Diputación Lugo- 2015,Augas Tranquilas,285,H JUN K1 5000,Final,Final,875,,30,5,00:29:06.91,45,
2015-08-09,2,Galicia,282,5ª Regata Provincial Liga Diputación Lugo- 2015,Augas Tranquilas,285,H JUN K1 5000,Final,Final,867,,175,6,00:29:24.06,44,
2015-08-09,2,Galicia,282,5ª Regata Provincial Liga Diputación Lugo- 2015,Augas Tranquilas,285,H JUN K1 5000,Final,Final,869,,33,7,00:29:33.5,43,
2015-08-09,2,Galicia,282,5ª Regata Provincial Liga Diputación Lugo- 2015,Augas Tranquilas,285,H JUN K1 5000,Final,Final,3581,,31,8,00:30:17.34,,
2015-08-09,2,Galicia,282,5ª Regata Provincial Liga Diputación Lugo- 2015,Augas Tranquilas,285,H JUN K1 5000,Final,Final,870,,26,9,00:31:10.75,,
2015-08-09,2,Galicia,282,5ª Regata Provincial Liga Diputación Lugo- 2015,Augas Tranquilas,285,H JUN K1 5000,Final,Final,871,,21,10,00:00:00,,
2015-08-09,2,Galicia,282,5ª Regata Provincial Liga Diputación Lugo- 2015,Augas Tranquilas,285,H JUN K1 5000,Final,Final,861,,22,11,00:00:00,,
2015-08-09,2,Galicia,282,5ª Regata Provincial Liga Diputación Lugo- 2015,Augas Tranquilas,285,H JUN K1 5000,Final,Final,868,,27,12,00:00:00,,
2015-08-09,2,Galicia,282,5ª Regata Provincial Liga Diputación Lugo- 2015,Augas Tranquilas,285,H JUN K1 5000,Final,Final,862,,23,13,00:00:00,,
2015-08-09,2,Galicia,282,5ª Regata Provincial Liga Diputación Lugo- 2015,Augas Tranquilas,285,H JUN K1 5000,Final,Final,1566,,24,14,00:00:00,,
2015-08-09,2,Galicia,282,5ª Regata Provincial Liga Diputación Lugo- 2015,Augas Tranquilas,285,H JUN K1 5000,Final,Final,872,,25,15,00:00:00,,
2015-08-09,2,Galicia,282,5ª Regata Provincial Liga Diputación Lugo- 2015,Augas Tranquilas,286,H SEN K1 5000,Final,Final,876,,46,1,00:23:13.53,65,
2015-08-09,2,Galicia,282,5ª Regata Provincial Liga Diputación Lugo- 2015,Augas Tranquilas,286,H SEN K1 5000,Final,Final,881,,36,2,00:23:22.05,55,
2015-08-09,2,Galicia,282,5ª Regata Provincial Liga Diputación Lugo- 2015,Augas Tranquilas,286,H SEN K1 5000,Final,Final,1567,,48,3,00:24:00.44,50,
2015-08-09,2,Galicia,282,5ª Regata Provincial Liga Diputación Lugo- 2015,Augas Tranquilas,286,H SEN K1 5000,Final,Final,877,,49,4,00:24:01.72,46,
2015-08-09,2,Galicia,282,5ª Regata Provincial Liga Diputación Lugo- 2015,Augas Tranquilas,286,H SEN K1 5000,Final,Final,880,,35,5,00:24:14.93,45,
2015-08-09,2,Galicia,282,5ª Regata Provincial Liga Diputación Lugo- 2015,Augas Tranquilas,286,H SEN K1 5000,Final,Final,879,,52,6,00:24:30.15,44,
2015-08-09,2,Galicia,282,5ª Regata Provincial Liga Diputación Lugo- 2015,Augas Tranquilas,286,H SEN K1 5000,Final,Final,883,,54,7,00:25:07.83,43,
2015-08-09,2,Galicia,282,5ª Regata Provincial Liga Diputación Lugo- 2015,Augas Tranquilas,286,H SEN K1 5000,Final,Final,884,,51,8,00:25:17.29,42,
2015-08-09,2,Galicia,282,5ª Regata Provincial Liga Diputación Lugo- 2015,Augas Tranquilas,286,H SEN K1 5000,Final,Final,1568,,41,9,00:25:22.24,41,
2015-08-09,2,Galicia,282,5ª Regata Provincial Liga Diputación Lugo- 2015,Augas Tranquilas,286,H SEN K1 5000,Final,Final,8710,,55,10,00:25:25.61,40,
2015-08-09,2,Galicia,282,5ª Regata Provincial Liga Diputación Lugo- 2015,Augas Tranquilas,286,H SEN K1 5000,Final,Final,1570,,44,11,00:25:56.74,39,
2015-08-09,2,Galicia,282,5ª Regata Provincial Liga Diputación Lugo- 2015,Augas Tranquilas,286,H SEN K1 5000,Final,Final,3188,,38,12,00:25:58.03,38,
2015-08-09,2,Galicia,282,5ª Regata Provincial Liga Diputación Lugo- 2015,Augas Tranquilas,286,H SEN K1 5000,Final,Final,882,,42,13,00:27:18.06,37,
2015-08-09,2,Galicia,282,5ª Regata Provincial Liga Diputación Lugo- 2015,Augas Tranquilas,286,H SEN K1 5000,Final,Final,890,,40,14,00:27:22.54,36,
2015-08-09,2,Galicia,282,5ª Regata Provincial Liga Diputación Lugo- 2015,Augas Tranquilas,286,H SEN K1 5000,Final,Final,894,,56,15,00:27:56.72,35,
2015-08-09,2,Galicia,282,5ª Regata Provincial Liga Diputación Lugo- 2015,Augas Tranquilas,286,H SEN K1 5000,Final,Final,1571,,34,16,00:00:00,,
2015-08-09,2,Galicia,282,5ª Regata Provincial Liga Diputación Lugo- 2015,Augas Tranquilas,286,H SEN K1 5000,Final,Final,889,,37,17,00:00:00,,
2015-08-09,2,Galicia,282,5ª Regata Provincial Liga Diputación Lugo- 2015,Augas Tranquilas,286,H SEN K1 5000,Final,Final,887,,39,18,00:00:00,,
2015-08-09,2,Galicia,282,5ª Regata Provincial Liga Diputación Lugo- 2015,Augas Tranquilas,286,H SEN K1 5000,Final,Final,886,,43,19,00:00:00,,
2015-08-09,2,Galicia,282,5ª Regata Provincial Liga Diputación Lugo- 2015,Augas Tranquilas,286,H SEN K1 5000,Final,Final,888,,53,20,00:00:00,,
2015-08-09,2,Galicia,282,5ª Regata Provincial Liga Diputación Lugo- 2015,Augas Tranquilas,286,H SEN K1 5000,Final,Final,16420,,45,21,00:00:00,,
2015-08-09,2,Galicia,282,5ª Regata Provincial Liga Diputación Lugo- 2015,Augas Tranquilas,286,H SEN K1 5000,Final,Final,1573,,47,22,00:00:00,,
2015-08-09,2,Galicia,282,5ª Regata Provincial Liga Diputación Lugo- 2015,Augas Tranquilas,286,H SEN K1 5000,Final,Final,1574,,50,23,00:00:00,,
2015-08-09,2,Galicia,282,5ª Regata Provincial Liga Diputación Lugo- 2015,Augas Tranquilas,288,H VET K1 5000,Final,Final,896,,110,1,00:23:07.74,65,
2015-08-09,2,Galicia,282,5ª Regata Provincial Liga Diputación Lugo- 2015,Augas Tranquilas,288,H VET K1 5000,Final,Final,878,,111,2,00:23:09.31,55,
2015-08-09,2,Galicia,282,5ª Regata Provincial Liga Diputación Lugo- 2015,Augas Tranquilas,288,H VET K1 5000,Final,Final,1575,,116,3,00:24:12.13,50,
2015-08-09,2,Galicia,282,5ª Regata Provincial Liga Diputación Lugo- 2015,Augas Tranquilas,288,H VET K1 5000,Final,Final,897,,120,4,00:25:07.6,46,
2015-08-09,2,Galicia,282,5ª Regata Provincial Liga Diputación Lugo- 2015,Augas Tranquilas,288,H VET K1 5000,Final,Final,901,,124,5,00:25:41.44,45,
2015-08-09,2,Galicia,282,5ª Regata Provincial Liga Diputación Lugo- 2015,Augas Tranquilas,288,H VET K1 5000,Final,Final,909,,113,6,00:25:58.25,44,
2015-08-09,2,Galicia,282,5ª Regata Provincial Liga Diputación Lugo- 2015,Augas Tranquilas,288,H VET K1 5000,Final,Final,1576,,106,7,00:26:20.08,43,
2015-08-09,2,Galicia,282,5ª Regata Provincial Liga Diputación Lugo- 2015,Augas Tranquilas,288,H VET K1 5000,Final,Final,942,,108,8,00:00:00,,
2015-08-09,2,Galicia,282,5ª Regata Provincial Liga Diputación Lugo- 2015,Augas Tranquilas,288,H VET K1 5000,Final,Final,903,,109,9,00:00:00,,
2015-08-09,2,Galicia,282,5ª Regata Provincial Liga Diputación Lugo- 2015,Augas Tranquilas,288,H VET K1 5000,Final,Final,1577,,118,10,00:00:00,,
2015-08-09,2,Galicia,282,5ª Regata Provincial Liga Diputación Lugo- 2015,Augas Tranquilas,288,H VET K1 5000,Final,Final,1578,,119,11,00:00:00,,
2015-08-09,2,Galicia,282,5ª Regata Provincial Liga Diputación Lugo- 2015,Augas Tranquilas,288,H VET K1 5000,Final,Final,1579,,121,12,00:00:00,,
2015-08-09,2,Galicia,282,5ª Regata Provincial Liga Diputación Lugo- 2015,Augas Tranquilas,288,H VET K1 5000,Final,Final,1012,,122,13,00:00:00,,
2015-08-09,2,Galicia,282,5ª Regata Provincial Liga Diputación Lugo- 2015,Augas Tranquilas,288,H VET K1 5000,Final,Final,911,,123,14,00:00:00,,
2015-08-09,2,Galicia,282,5ª Regata Provincial Liga Diputación Lugo- 2015,Augas Tranquilas,288,H VET K1 5000,Final,Final,898,,125,15,00:00:00,,
2015-08-09,2,Galicia,282,5ª Regata Provincial Liga Diputación Lugo- 2015,Augas Tranquilas,288,H VET K1 5000,Final,Final,949,,107,16,00:00:00,,
2015-08-09,2,Galicia,282,5ª Regata Provincial Liga Diputación Lugo- 2015,Augas Tranquilas,288,H VET K1 5000,Final,Final,3583,,112,17,00:00:00,,
2015-08-09,2,Galicia,282,5ª Regata Provincial Liga Diputación Lugo- 2015,Augas Tranquilas,288,H VET K1 5000,Final,Final,907,,114,18,00:00:00,,
2015-08-09,2,Galicia,282,5ª Regata Provincial Liga Diputación Lugo- 2015,Augas Tranquilas,288,H VET K1 5000,Final,Final,9590,,115,19,00:00:00,,
2015-08-09,2,Galicia,282,5ª Regata Provincial Liga Diputación Lugo- 2015,Augas Tranquilas,288,H VET K1 5000,Final,Final,1581,,117,20,00:00:00,,
2015-08-09,2,Galicia,283,3ª Competición Liga Provincial Coruña 2015,Augas Tranquilas,290,M BEN K1 1500,Final,Final,4048,,562,1,00:07:54.52,55,
2015-08-09,2,Galicia,283,3ª Competición Liga Provincial Coruña 2015,Augas Tranquilas,290,M BEN K1 1500,Final,Final,1198,,573,2,00:08:05.9,52,
2015-08-09,2,Galicia,283,3ª Competición Liga Provincial Coruña 2015,Augas Tranquilas,290,M BEN K1 1500,Final,Final,4426,,565,3,00:08:11.53,49,
2015-08-09,2,Galicia,283,3ª Competición Liga Provincial Coruña 2015,Augas Tranquilas,290,M BEN K1 1500,Final,Final,4427,,577,4,00:08:50.58,47,
2015-08-09,2,Galicia,283,3ª Competición Liga Provincial Coruña 2015,Augas Tranquilas,290,M BEN K1 1500,Final,Final,1218,,553,5,00:08:56.79,46,
2015-08-09,2,Galicia,283,3ª Competición Liga Provincial Coruña 2015,Augas Tranquilas,290,M BEN K1 1500,Final,Final,1201,,570,6,00:09:05.97,45,
2015-08-09,2,Galicia,283,3ª Competición Liga Provincial Coruña 2015,Augas Tranquilas,290,M BEN K1 1500,Final,Final,1215,,550,7,00:09:23.53,44,
2015-08-09,2,Galicia,283,3ª Competición Liga Provincial Coruña 2015,Augas Tranquilas,290,M BEN K1 1500,Final,Final,1210,,552,8,00:09:27.36,43,
2015-08-09,2,Galicia,283,3ª Competición Liga Provincial Coruña 2015,Augas Tranquilas,290,M BEN K1 1500,Final,Final,4429,,557,9,00:09:27.82,42,
2015-08-09,2,Galicia,283,3ª Competición Liga Provincial Coruña 2015,Augas Tranquilas,290,M BEN K1 1500,Final,Final,4432,,556,10,00:09:28.44,41,
2015-08-09,2,Galicia,283,3ª Competición Liga Provincial Coruña 2015,Augas Tranquilas,290,M BEN K1 1500,Final,Final,4041,,561,11,00:09:37.76,40,
2015-08-09,2,Galicia,283,3ª Competición Liga Provincial Coruña 2015,Augas Tranquilas,290,M BEN K1 1500,Final,Final,1213,,560,12,00:09:40.41,39,
2015-08-09,2,Galicia,283,3ª Competición Liga Provincial Coruña 2015,Augas Tranquilas,290,M BEN K1 1500,Final,Final,4064,,551,13,00:09:50.46,38,
2015-08-09,2,Galicia,283,3ª Competición Liga Provincial Coruña 2015,Augas Tranquilas,290,M BEN K1 1500,Final,Final,4061,,554,14,00:09:56.67,37,
2015-08-09,2,Galicia,283,3ª Competición Liga Provincial Coruña 2015,Augas Tranquilas,290,M BEN K1 1500,Final,Final,4063,,559,15,00:10:17.01,36,
2015-08-09,2,Galicia,283,3ª Competición Liga Provincial Coruña 2015,Augas Tranquilas,290,M BEN K1 1500,Final,Final,1499,,563,16,00:10:27.46,35,
2015-08-09,2,Galicia,283,3ª Competición Liga Provincial Coruña 2015,Augas Tranquilas,290,M BEN K1 1500,Final,Final,1204,,558,17,00:10:27.98,34,
2015-08-09,2,Galicia,283,3ª Competición Liga Provincial Coruña 2015,Augas Tranquilas,290,M BEN K1 1500,Final,Final,1209,,564,18,00:10:28.72,33,
2015-08-09,2,Galicia,283,3ª Competición Liga Provincial Coruña 2015,Augas Tranquilas,290,M BEN K1 1500,Final,Final,1211,,566,19,00:10:42.49,32,
2015-08-09,2,Galicia,283,3ª Competición Liga Provincial Coruña 2015,Augas Tranquilas,290,M BEN K1 1500,Final,Final,1219,,574,20,00:10:49.27,31,
2015-08-09,2,Galicia,283,3ª Competición Liga Provincial Coruña 2015,Augas Tranquilas,290,M BEN K1 1500,Final,Final,1206,,567,21,00:15:22.16,30,
2015-08-09,2,Galicia,283,3ª Competición Liga Provincial Coruña 2015,Augas Tranquilas,290,M BEN K1 1500,Final,Final,1202,,555,22,00:00:00,,
2015-08-09,2,Galicia,283,3ª Competición Liga Provincial Coruña 2015,Augas Tranquilas,290,M BEN K1 1500,Final,Final,1582,,568,23,00:00:00,,
2015-08-09,2,Galicia,283,3ª Competición Liga Provincial Coruña 2015,Augas Tranquilas,290,M BEN K1 1500,Final,Final,1208,,569,24,00:00:00,,
2015-08-09,2,Galicia,283,3ª Competición Liga Provincial Coruña 2015,Augas Tranquilas,290,M BEN K1 1500,Final,Final,1500,,571,25,00:00:00,,
2015-08-09,2,Galicia,283,3ª Competición Liga Provincial Coruña 2015,Augas Tranquilas,290,M BEN K1 1500,Final,Final,4062,,572,26,00:00:00,,
2015-08-09,2,Galicia,283,3ª Competición Liga Provincial Coruña 2015,Augas Tranquilas,290,M BEN K1 1500,Final,Final,1220,,575,27,00:00:00,,
2015-08-09,2,Galicia,283,3ª Competición Liga Provincial Coruña 2015,Augas Tranquilas,290,M BEN K1 1500,Final,Final,4428,,576,28,00:00:00,,
2015-08-09,2,Galicia,283,3ª Competición Liga Provincial Coruña 2015,Augas Tranquilas,291,H BEN K1 1500,Final,Final,4073,,508,1,00:06:58.96,55,
2015-08-09,2,Galicia,283,3ª Competición Liga Provincial Coruña 2015,Augas Tranquilas,291,H BEN K1 1500,Final,Final,4071,,520,2,00:07:07.46,52,
2015-08-09,2,Galicia,283,3ª Competición Liga Provincial Coruña 2015,Augas Tranquilas,291,H BEN K1 1500,Final,Final,4075,,500,3,00:07:23.82,49,
2015-08-09,2,Galicia,283,3ª Competición Liga Provincial Coruña 2015,Augas Tranquilas,291,H BEN K1 1500,Final,Final,4072,,523,4,00:07:37.18,47,
2015-08-09,2,Galicia,283,3ª Competición Liga Provincial Coruña 2015,Augas Tranquilas,291,H BEN K1 1500,Final,Final,4437,,532,5,00:07:37.91,46,
2015-08-09,2,Galicia,283,3ª Competición Liga Provincial Coruña 2015,Augas Tranquilas,291,H BEN K1 1500,Final,Final,4074,,542,6,00:07:38.67,45,
2015-08-09,2,Galicia,283,3ª Competición Liga Provincial Coruña 2015,Augas Tranquilas,291,H BEN K1 1500,Final,Final,4440,,531,7,00:07:53.31,44,
2015-08-09,2,Galicia,283,3ª Competición Liga Provincial Coruña 2015,Augas Tranquilas,291,H BEN K1 1500,Final,Final,1246,,513,8,00:07:55.19,43,
2015-08-09,2,Galicia,283,3ª Competición Liga Provincial Coruña 2015,Augas Tranquilas,291,H BEN K1 1500,Final,Final,1233,,541,9,00:08:07.16,42,
2015-08-09,2,Galicia,283,3ª Competición Liga Provincial Coruña 2015,Augas Tranquilas,291,H BEN K1 1500,Final,Final,4445,,533,10,00:08:25.3,41,
2015-08-09,2,Galicia,283,3ª Competición Liga Provincial Coruña 2015,Augas Tranquilas,291,H BEN K1 1500,Final,Final,1227,,506,11,00:08:32.44,40,
2015-08-09,2,Galicia,283,3ª Competición Liga Provincial Coruña 2015,Augas Tranquilas,291,H BEN K1 1500,Final,Final,4080,,505,12,00:08:34.14,39,
2015-08-09,2,Galicia,283,3ª Competición Liga Provincial Coruña 2015,Augas Tranquilas,291,H BEN K1 1500,Final,Final,1245,,535,13,00:08:41.12,38,
2015-08-09,2,Galicia,283,3ª Competición Liga Provincial Coruña 2015,Augas Tranquilas,291,H BEN K1 1500,Final,Final,1226,,507,14,00:08:43.48,37,
2015-08-09,2,Galicia,283,3ª Competición Liga Provincial Coruña 2015,Augas Tranquilas,291,H BEN K1 1500,Final,Final,4076,,514,15,00:08:49.41,36,
2015-08-09,2,Galicia,283,3ª Competición Liga Provincial Coruña 2015,Augas Tranquilas,291,H BEN K1 1500,Final,Final,1506,,1552,16,00:09:01.74,35,
2015-08-09,2,Galicia,283,3ª Competición Liga Provincial Coruña 2015,Augas Tranquilas,291,H BEN K1 1500,Final,Final,1242,,503,17,00:09:02.65,34,
2015-08-09,2,Galicia,283,3ª Competición Liga Provincial Coruña 2015,Augas Tranquilas,291,H BEN K1 1500,Final,Final,1511,,511,18,00:09:09.55,33,
2015-08-09,2,Galicia,283,3ª Competición Liga Provincial Coruña 2015,Augas Tranquilas,291,H BEN K1 1500,Final,Final,4031,,527,19,00:09:10.24,32,
2015-08-09,2,Galicia,283,3ª Competición Liga Provincial Coruña 2015,Augas Tranquilas,291,H BEN K1 1500,Final,Final,1239,,504,20,00:09:16.29,31,
2015-08-09,2,Galicia,283,3ª Competición Liga Provincial Coruña 2015,Augas Tranquilas,291,H BEN K1 1500,Final,Final,4030,,538,21,00:09:18.73,30,
2015-08-09,2,Galicia,283,3ª Competición Liga Provincial Coruña 2015,Augas Tranquilas,291,H BEN K1 1500,Final,Final,3737,,537,22,00:09:22.54,29,
2015-08-09,2,Galicia,283,3ª Competición Liga Provincial Coruña 2015,Augas Tranquilas,291,H BEN K1 1500,Final,Final,1505,,509,23,00:09:23.14,28,
2015-08-09,2,Galicia,283,3ª Competición Liga Provincial Coruña 2015,Augas Tranquilas,291,H BEN K1 1500,Final,Final,1583,,517,24,00:09:23.71,27,
2015-08-09,2,Galicia,283,3ª Competición Liga Provincial Coruña 2015,Augas Tranquilas,291,H BEN K1 1500,Final,Final,1510,,1553,25,00:09:24.31,26,
2015-08-09,2,Galicia,283,3ª Competición Liga Provincial Coruña 2015,Augas Tranquilas,291,H BEN K1 1500,Final,Final,1252,,512,26,00:09:36.45,25,
2015-08-09,2,Galicia,283,3ª Competición Liga Provincial Coruña 2015,Augas Tranquilas,291,H BEN K1 1500,Final,Final,4079,,521,27,00:09:40.93,24,
2015-08-09,2,Galicia,283,3ª Competición Liga Provincial Coruña 2015,Augas Tranquilas,291,H BEN K1 1500,Final,Final,1247,,510,28,00:09:41.5,23,
2015-08-09,2,Galicia,283,3ª Competición Liga Provincial Coruña 2015,Augas Tranquilas,291,H BEN K1 1500,Final,Final,1224,,515,29,00:09:52.76,22,
2015-08-09,2,Galicia,283,3ª Competición Liga Provincial Coruña 2015,Augas Tranquilas,291,H BEN K1 1500,Final,Final,3738,,522,30,00:09:53.3,21,
2015-08-09,2,Galicia,283,3ª Competición Liga Provincial Coruña 2015,Augas Tranquilas,291,H BEN K1 1500,Final,Final,1260,,501,31,00:10:02.04,20,
2015-08-09,2,Galicia,283,3ª Competición Liga Provincial Coruña 2015,Augas Tranquilas,291,H BEN K1 1500,Final,Final,3736,,539,32,00:10:24.83,19,
2015-08-09,2,Galicia,283,3ª Competición Liga Provincial Coruña 2015,Augas Tranquilas,291,H BEN K1 1500,Final,Final,4070,,540,33,00:11:28.55,18,
2015-08-09,2,Galicia,283,3ª Competición Liga Provincial Coruña 2015,Augas Tranquilas,291,H BEN K1 1500,Final,Final,1512,,519,34,00:12:15.99,17,
2015-08-09,2,Galicia,283,3ª Competición Liga Provincial Coruña 2015,Augas Tranquilas,291,H BEN K1 1500,Final,Final,1231,,516,35,00:00:00,,
2015-08-09,2,Galicia,283,3ª Competición Liga Provincial Coruña 2015,Augas Tranquilas,291,H BEN K1 1500,Final,Final,1254,,518,36,00:00:00,,
2015-08-09,2,Galicia,283,3ª Competición Liga Provincial Coruña 2015,Augas Tranquilas,291,H BEN K1 1500,Final,Final,1234,,525,37,00:00:00,,
2015-08-09,2,Galicia,283,3ª Competición Liga Provincial Coruña 2015,Augas Tranquilas,291,H BEN K1 1500,Final,Final,4077,,526,38,00:00:00,,
2015-08-09,2,Galicia,283,3ª Competición Liga Provincial Coruña 2015,Augas Tranquilas,291,H BEN K1 1500,Final,Final,1257,,529,39,00:00:00,,
2015-08-09,2,Galicia,283,3ª Competición Liga Provincial Coruña 2015,Augas Tranquilas,291,H BEN K1 1500,Final,Final,1258,,530,40,00:00:00,,
2015-08-09,2,Galicia,283,3ª Competición Liga Provincial Coruña 2015,Augas Tranquilas,291,H BEN K1 1500,Final,Final,1584,,534,41,00:00:00,,
2015-08-09,2,Galicia,283,3ª Competición Liga Provincial Coruña 2015,Augas Tranquilas,291,H BEN K1 1500,Final,Final,7081,,536,42,00:00:00,,
2015-08-09,2,Galicia,283,3ª Competición Liga Provincial Coruña 2015,Augas Tranquilas,292,M ALE-A K1 1500,Final,Final,2987,,385,1,00:06:23.78,130,
2015-08-09,2,Galicia,283,3ª Competición Liga Provincial Coruña 2015,Augas Tranquilas,292,M ALE-A K1 1500,Final,Final,2893,,381,2,00:06:25.42,127,
2015-08-09,2,Galicia,283,3ª Competición Liga Provincial Coruña 2015,Augas Tranquilas,292,M ALE-A K1 1500,Final,Final,4086,,379,3,00:06:34.98,124,
2015-08-09,2,Galicia,283,3ª Competición Liga Provincial Coruña 2015,Augas Tranquilas,292,M ALE-A K1 1500,Final,Final,3645,,382,4,00:06:43.91,122,
2015-08-09,2,Galicia,283,3ª Competición Liga Provincial Coruña 2015,Augas Tranquilas,292,M ALE-A K1 1500,Final,Final,1517,,380,5,00:06:59.32,121,
2015-08-09,2,Galicia,283,3ª Competición Liga Provincial Coruña 2015,Augas Tranquilas,292,M ALE-A K1 1500,Final,Final,1514,,389,6,00:07:05.53,120,
2015-08-09,2,Galicia,283,3ª Competición Liga Provincial Coruña 2015,Augas Tranquilas,292,M ALE-A K1 1500,Final,Final,3241,,375,7,00:08:00.68,119,
2015-08-09,2,Galicia,283,3ª Competición Liga Provincial Coruña 2015,Augas Tranquilas,292,M ALE-A K1 1500,Final,Final,4089,,387,8,00:08:50.09,118,
2015-08-09,2,Galicia,283,3ª Competición Liga Provincial Coruña 2015,Augas Tranquilas,292,M ALE-A K1 1500,Final,Final,1269,,383,9,00:08:51.15,117,
2015-08-09,2,Galicia,283,3ª Competición Liga Provincial Coruña 2015,Augas Tranquilas,292,M ALE-A K1 1500,Final,Final,1267,,388,10,00:09:58.78,116,
2015-08-09,2,Galicia,283,3ª Competición Liga Provincial Coruña 2015,Augas Tranquilas,292,M ALE-A K1 1500,Final,Final,1268,,378,11,00:12:48.81,115,
2015-08-09,2,Galicia,283,3ª Competición Liga Provincial Coruña 2015,Augas Tranquilas,292,M ALE-A K1 1500,Final,Final,1266,,377,12,00:00:00,,
2015-08-09,2,Galicia,283,3ª Competición Liga Provincial Coruña 2015,Augas Tranquilas,292,M ALE-A K1 1500,Final,Final,1585,,384,13,00:00:00,,
2015-08-09,2,Galicia,283,3ª Competición Liga Provincial Coruña 2015,Augas Tranquilas,292,M ALE-A K1 1500,Final,Final,1270,,386,14,00:00:00,,
2015-08-09,2,Galicia,283,3ª Competición Liga Provincial Coruña 2015,Augas Tranquilas,293,M ALE-B K1 1500,Final,Final,3134,,480,1,00:06:37.2,105,
2015-08-09,2,Galicia,283,3ª Competición Liga Provincial Coruña 2015,Augas Tranquilas,293,M ALE-B K1 1500,Final,Final,3139,,482,2,00:06:41.69,102,
2015-08-09,2,Galicia,283,3ª Competición Liga Provincial Coruña 2015,Augas Tranquilas,293,M ALE-B K1 1500,Final,Final,3145,,488,3,00:06:50.85,99,
2015-08-09,2,Galicia,283,3ª Competición Liga Provincial Coruña 2015,Augas Tranquilas,293,M ALE-B K1 1500,Final,Final,4057,,486,4,00:06:52.43,97,
2015-08-09,2,Galicia,283,3ª Competición Liga Provincial Coruña 2015,Augas Tranquilas,293,M ALE-B K1 1500,Final,Final,3168,,487,5,00:07:33.7,96,
2015-08-09,2,Galicia,283,3ª Competición Liga Provincial Coruña 2015,Augas Tranquilas,293,M ALE-B K1 1500,Final,Final,1276,,492,6,00:07:35.81,95,
2015-08-09,2,Galicia,283,3ª Competición Liga Provincial Coruña 2015,Augas Tranquilas,293,M ALE-B K1 1500,Final,Final,1282,,481,7,00:07:51.19,94,
2015-08-09,2,Galicia,283,3ª Competición Liga Provincial Coruña 2015,Augas Tranquilas,293,M ALE-B K1 1500,Final,Final,1283,,478,8,00:07:51.73,93,
2015-08-09,2,Galicia,283,3ª Competición Liga Provincial Coruña 2015,Augas Tranquilas,293,M ALE-B K1 1500,Final,Final,3636,,485,9,00:07:55.81,92,
2015-08-09,2,Galicia,283,3ª Competición Liga Provincial Coruña 2015,Augas Tranquilas,293,M ALE-B K1 1500,Final,Final,3147,,494,10,00:07:57.04,91,
2015-08-09,2,Galicia,283,3ª Competición Liga Provincial Coruña 2015,Augas Tranquilas,293,M ALE-B K1 1500,Final,Final,1288,,483,11,00:08:35.19,90,
2015-08-09,2,Galicia,283,3ª Competición Liga Provincial Coruña 2015,Augas Tranquilas,293,M ALE-B K1 1500,Final,Final,1519,,479,12,00:08:47.59,89,
2015-08-09,2,Galicia,283,3ª Competición Liga Provincial Coruña 2015,Augas Tranquilas,293,M ALE-B K1 1500,Final,Final,1284,,490,13,00:08:56.17,88,
2015-08-09,2,Galicia,283,3ª Competición Liga Provincial Coruña 2015,Augas Tranquilas,293,M ALE-B K1 1500,Final,Final,3159,,484,14,00:09:37.99,87,
2015-08-09,2,Galicia,283,3ª Competición Liga Provincial Coruña 2015,Augas Tranquilas,293,M ALE-B K1 1500,Final,Final,1291,,491,15,00:09:38.28,86,
2015-08-09,2,Galicia,283,3ª Competición Liga Provincial Coruña 2015,Augas Tranquilas,293,M ALE-B K1 1500,Final,Final,3136,,496,16,00:10:03.4,85,
2015-08-09,2,Galicia,283,3ª Competición Liga Provincial Coruña 2015,Augas Tranquilas,293,M ALE-B K1 1500,Final,Final,3141,,477,17,00:10:33.19,84,
2015-08-09,2,Galicia,283,3ª Competición Liga Provincial Coruña 2015,Augas Tranquilas,293,M ALE-B K1 1500,Final,Final,3638,,489,18,00:00:00,,
2015-08-09,2,Galicia,283,3ª Competición Liga Provincial Coruña 2015,Augas Tranquilas,293,M ALE-B K1 1500,Final,Final,3637,,493,19,00:00:00,,
2015-08-09,2,Galicia,283,3ª Competición Liga Provincial Coruña 2015,Augas Tranquilas,293,M ALE-B K1 1500,Final,Final,1290,,495,20,00:00:00,,
2015-08-09,2,Galicia,283,3ª Competición Liga Provincial Coruña 2015,Augas Tranquilas,294,H ALE-A K1 1500,Final,Final,2868,,322,1,00:05:28.37,130,
2015-08-09,2,Galicia,283,3ª Competición Liga Provincial Coruña 2015,Augas Tranquilas,294,H ALE-A K1 1500,Final,Final,3253,,335,2,00:06:13.35,127,
2015-08-09,2,Galicia,283,3ª Competición Liga Provincial Coruña 2015,Augas Tranquilas,294,H ALE-A K1 1500,Final,Final,3647,,336,3,00:06:16.31,124,
2015-08-09,2,Galicia,283,3ª Competición Liga Provincial Coruña 2015,Augas Tranquilas,294,H ALE-A K1 1500,Final,Final,3648,,327,4,00:06:22.47,122,
2015-08-09,2,Galicia,283,3ª Competición Liga Provincial Coruña 2015,Augas Tranquilas,294,H ALE-A K1 1500,Final,Final,2881,,314,5,00:06:30.02,121,
2015-08-09,2,Galicia,283,3ª Competición Liga Provincial Coruña 2015,Augas Tranquilas,294,H ALE-A K1 1500,Final,Final,3280,,303,6,00:06:53.61,120,
2015-08-09,2,Galicia,283,3ª Competición Liga Provincial Coruña 2015,Augas Tranquilas,294,H ALE-A K1 1500,Final,Final,4098,,302,7,00:06:55.66,119,
2015-08-09,2,Galicia,283,3ª Competición Liga Provincial Coruña 2015,Augas Tranquilas,294,H ALE-A K1 1500,Final,Final,4096,,325,8,00:07:07.35,118,
2015-08-09,2,Galicia,283,3ª Competición Liga Provincial Coruña 2015,Augas Tranquilas,294,H ALE-A K1 1500,Final,Final,3540,,333,9,00:07:08.12,117,
2015-08-09,2,Galicia,283,3ª Competición Liga Provincial Coruña 2015,Augas Tranquilas,294,H ALE-A K1 1500,Final,Final,3260,,326,10,00:07:17.64,116,
2015-08-09,2,Galicia,283,3ª Competición Liga Provincial Coruña 2015,Augas Tranquilas,294,H ALE-A K1 1500,Final,Final,2887,,313,11,00:07:18.35,115,
2015-08-09,2,Galicia,283,3ª Competición Liga Provincial Coruña 2015,Augas Tranquilas,294,H ALE-A K1 1500,Final,Final,1318,,308,12,00:07:35.3,114,
2015-08-09,2,Galicia,283,3ª Competición Liga Provincial Coruña 2015,Augas Tranquilas,294,H ALE-A K1 1500,Final,Final,3262,,315,13,00:07:41.94,113,
2015-08-09,2,Galicia,283,3ª Competición Liga Provincial Coruña 2015,Augas Tranquilas,294,H ALE-A K1 1500,Final,Final,1306,,309,14,00:07:50.77,112,
2015-08-09,2,Galicia,283,3ª Competición Liga Provincial Coruña 2015,Augas Tranquilas,294,H ALE-A K1 1500,Final,Final,3269,,318,15,00:08:31.81,111,
2015-08-09,2,Galicia,283,3ª Competición Liga Provincial Coruña 2015,Augas Tranquilas,294,H ALE-A K1 1500,Final,Final,1307,,305,16,00:08:34,110,
2015-08-09,2,Galicia,283,3ª Competición Liga Provincial Coruña 2015,Augas Tranquilas,294,H ALE-A K1 1500,Final,Final,2976,,329,17,00:08:49.43,109,
2015-08-09,2,Galicia,283,3ª Competición Liga Provincial Coruña 2015,Augas Tranquilas,294,H ALE-A K1 1500,Final,Final,3277,,334,18,00:09:13.01,108,
2015-08-09,2,Galicia,283,3ª Competición Liga Provincial Coruña 2015,Augas Tranquilas,294,H ALE-A K1 1500,Final,Final,3257,,300,19,00:09:40,107,
2015-08-09,2,Galicia,283,3ª Competición Liga Provincial Coruña 2015,Augas Tranquilas,294,H ALE-A K1 1500,Final,Final,1315,,312,20,00:09:46.13,106,
2015-08-09,2,Galicia,283,3ª Competición Liga Provincial Coruña 2015,Augas Tranquilas,294,H ALE-A K1 1500,Final,Final,1312,,319,21,00:10:13.26,105,
2015-08-09,2,Galicia,283,3ª Competición Liga Provincial Coruña 2015,Augas Tranquilas,294,H ALE-A K1 1500,Final,Final,4516,,310,22,00:10:30.91,104,
2015-08-09,2,Galicia,283,3ª Competición Liga Provincial Coruña 2015,Augas Tranquilas,294,H ALE-A K1 1500,Final,Final,3268,,330,23,00:13:11.17,103,
2015-08-09,2,Galicia,283,3ª Competición Liga Provincial Coruña 2015,Augas Tranquilas,294,H ALE-A K1 1500,Final,Final,3249,,306,24,00:00:00,,
2015-08-09,2,Galicia,283,3ª Competición Liga Provincial Coruña 2015,Augas Tranquilas,294,H ALE-A K1 1500,Final,Final,4515,,311,25,00:00:00,,
2015-08-09,2,Galicia,283,3ª Competición Liga Provincial Coruña 2015,Augas Tranquilas,294,H ALE-A K1 1500,Final,Final,1319,,316,26,00:00:00,,
2015-08-09,2,Galicia,283,3ª Competición Liga Provincial Coruña 2015,Augas Tranquilas,294,H ALE-A K1 1500,Final,Final,1523,,317,27,00:00:00,,
2015-08-09,2,Galicia,283,3ª Competición Liga Provincial Coruña 2015,Augas Tranquilas,294,H ALE-A K1 1500,Final,Final,1524,,320,28,00:00:00,,
2015-08-09,2,Galicia,283,3ª Competición Liga Provincial Coruña 2015,Augas Tranquilas,294,H ALE-A K1 1500,Final,Final,1522,,321,29,00:00:00,,
2015-08-09,2,Galicia,283,3ª Competición Liga Provincial Coruña 2015,Augas Tranquilas,294,H ALE-A K1 1500,Final,Final,1310,,323,30,00:00:00,,
2015-08-09,2,Galicia,283,3ª Competición Liga Provincial Coruña 2015,Augas Tranquilas,294,H ALE-A K1 1500,Final,Final,1525,,324,31,00:00:00,,
2015-08-09,2,Galicia,283,3ª Competición Liga Provincial Coruña 2015,Augas Tranquilas,294,H ALE-A K1 1500,Final,Final,3539,,328,32,00:00:00,,
2015-08-09,2,Galicia,283,3ª Competición Liga Provincial Coruña 2015,Augas Tranquilas,294,H ALE-A K1 1500,Final,Final,1322,,331,33,00:00:00,,
2015-08-09,2,Galicia,283,3ª Competición Liga Provincial Coruña 2015,Augas Tranquilas,294,H ALE-A K1 1500,Final,Final,2979,,332,34,00:00:00,,
2015-08-09,2,Galicia,283,3ª Competición Liga Provincial Coruña 2015,Augas Tranquilas,295,H ALE-B K1 1500,Final,Final,3222,,408,1,00:06:31.84,105,
2015-08-09,2,Galicia,283,3ª Competición Liga Provincial Coruña 2015,Augas Tranquilas,295,H ALE-B K1 1500,Final,Final,3177,,404,2,00:06:46.69,102,
2015-08-09,2,Galicia,283,3ª Competición Liga Provincial Coruña 2015,Augas Tranquilas,295,H ALE-B K1 1500,Final,Final,1341,,403,3,00:06:49.89,99,
2015-08-09,2,Galicia,283,3ª Competición Liga Provincial Coruña 2015,Augas Tranquilas,295,H ALE-B K1 1500,Final,Final,3640,,414,4,00:06:52.52,97,
2015-08-09,2,Galicia,283,3ª Competición Liga Provincial Coruña 2015,Augas Tranquilas,295,H ALE-B K1 1500,Final,Final,1325,,406,5,00:06:55.83,96,
2015-08-09,2,Galicia,283,3ª Competición Liga Provincial Coruña 2015,Augas Tranquilas,295,H ALE-B K1 1500,Final,Final,3641,,430,6,00:06:59.33,95,
2015-08-09,2,Galicia,283,3ª Competición Liga Provincial Coruña 2015,Augas Tranquilas,295,H ALE-B K1 1500,Final,Final,3182,,412,7,00:07:01.69,94,
2015-08-09,2,Galicia,283,3ª Competición Liga Provincial Coruña 2015,Augas Tranquilas,295,H ALE-B K1 1500,Final,Final,1331,,433,8,00:07:15.85,93,
2015-08-09,2,Galicia,283,3ª Competición Liga Provincial Coruña 2015,Augas Tranquilas,295,H ALE-B K1 1500,Final,Final,3639,,424,9,00:07:20.46,92,
2015-08-09,2,Galicia,283,3ª Competición Liga Provincial Coruña 2015,Augas Tranquilas,295,H ALE-B K1 1500,Final,Final,3215,,401,10,00:07:20.92,91,
2015-08-09,2,Galicia,283,3ª Competición Liga Provincial Coruña 2015,Augas Tranquilas,295,H ALE-B K1 1500,Final,Final,3179,,407,11,00:07:26.18,90,
2015-08-09,2,Galicia,283,3ª Competición Liga Provincial Coruña 2015,Augas Tranquilas,295,H ALE-B K1 1500,Final,Final,3224,,415,12,00:07:31.53,89,
2015-08-09,2,Galicia,283,3ª Competición Liga Provincial Coruña 2015,Augas Tranquilas,295,H ALE-B K1 1500,Final,Final,4066,,402,13,00:07:33.74,88,
2015-08-09,2,Galicia,283,3ª Competición Liga Provincial Coruña 2015,Augas Tranquilas,295,H ALE-B K1 1500,Final,Final,3207,,410,14,00:07:38.54,87,
2015-08-09,2,Galicia,283,3ª Competición Liga Provincial Coruña 2015,Augas Tranquilas,295,H ALE-B K1 1500,Final,Final,1332,,400,15,00:07:45.92,86,
2015-08-09,2,Galicia,283,3ª Competición Liga Provincial Coruña 2015,Augas Tranquilas,295,H ALE-B K1 1500,Final,Final,3205,,416,16,00:08:09.01,85,
2015-08-09,2,Galicia,283,3ª Competición Liga Provincial Coruña 2015,Augas Tranquilas,295,H ALE-B K1 1500,Final,Final,3644,,432,17,00:08:22.26,84,
2015-08-09,2,Galicia,283,3ª Competición Liga Provincial Coruña 2015,Augas Tranquilas,295,H ALE-B K1 1500,Final,Final,4065,,417,18,00:08:44.47,83,
2015-08-09,2,Galicia,283,3ª Competición Liga Provincial Coruña 2015,Augas Tranquilas,295,H ALE-B K1 1500,Final,Final,1349,,428,19,00:09:02.12,82,
2015-08-09,2,Galicia,283,3ª Competición Liga Provincial Coruña 2015,Augas Tranquilas,295,H ALE-B K1 1500,Final,Final,1344,,425,20,00:09:04.73,81,
2015-08-09,2,Galicia,283,3ª Competición Liga Provincial Coruña 2015,Augas Tranquilas,295,H ALE-B K1 1500,Final,Final,3171,,411,21,00:09:10.84,80,
2015-08-09,2,Galicia,283,3ª Competición Liga Provincial Coruña 2015,Augas Tranquilas,295,H ALE-B K1 1500,Final,Final,1342,,405,22,00:09:39.49,79,
2015-08-09,2,Galicia,283,3ª Competición Liga Provincial Coruña 2015,Augas Tranquilas,295,H ALE-B K1 1500,Final,Final,1335,,426,23,00:10:04.5,78,
2015-08-09,2,Galicia,283,3ª Competición Liga Provincial Coruña 2015,Augas Tranquilas,295,H ALE-B K1 1500,Final,Final,1350,,427,24,00:10:39.16,77,
2015-08-09,2,Galicia,283,3ª Competición Liga Provincial Coruña 2015,Augas Tranquilas,295,H ALE-B K1 1500,Final,Final,4832,,431,25,00:12:14.85,76,
2015-08-09,2,Galicia,283,3ª Competición Liga Provincial Coruña 2015,Augas Tranquilas,295,H ALE-B K1 1500,Final,Final,1345,,409,26,00:00:00,,
2015-08-09,2,Galicia,283,3ª Competición Liga Provincial Coruña 2015,Augas Tranquilas,295,H ALE-B K1 1500,Final,Final,1339,,413,27,00:00:00,,
2015-08-09,2,Galicia,283,3ª Competición Liga Provincial Coruña 2015,Augas Tranquilas,295,H ALE-B K1 1500,Final,Final,1529,,,28,00:00:00,,
2015-08-09,2,Galicia,283,3ª Competición Liga Provincial Coruña 2015,Augas Tranquilas,295,H ALE-B K1 1500,Final,Final,1530,,418,29,00:00:00,,
2015-08-09,2,Galicia,283,3ª Competición Liga Provincial Coruña 2015,Augas Tranquilas,295,H ALE-B K1 1500,Final,Final,1587,,419,30,00:00:00,,
2015-08-09,2,Galicia,283,3ª Competición Liga Provincial Coruña 2015,Augas Tranquilas,295,H ALE-B K1 1500,Final,Final,1346,,420,31,00:00:00,,
2015-08-09,2,Galicia,283,3ª Competición Liga Provincial Coruña 2015,Augas Tranquilas,295,H ALE-B K1 1500,Final,Final,1347,,421,32,00:00:00,,
2015-08-09,2,Galicia,283,3ª Competición Liga Provincial Coruña 2015,Augas Tranquilas,295,H ALE-B K1 1500,Final,Final,1588,,422,33,00:00:00,,
2015-08-09,2,Galicia,283,3ª Competición Liga Provincial Coruña 2015,Augas Tranquilas,295,H ALE-B K1 1500,Final,Final,1589,,423,34,00:00:00,,
2015-08-09,2,Galicia,283,3ª Competición Liga Provincial Coruña 2015,Augas Tranquilas,295,H ALE-B K1 1500,Final,Final,3214,,429,35,00:00:00,,
2015-08-09,2,Galicia,283,3ª Competición Liga Provincial Coruña 2015,Augas Tranquilas,297,H INF-B C1 3000,Final,Final,3304,,151,1,00:18:19,,
2015-08-09,2,Galicia,283,3ª Competición Liga Provincial Coruña 2015,Augas Tranquilas,297,H INF-B C1 3000,Final,Final,1435,,150,2,00:21:48,,
2015-08-09,2,Galicia,283,3ª Competición Liga Provincial Coruña 2015,Augas Tranquilas,298,M INF-B K1 3000,Final,Final,1357,,178,1,00:12:52.16,205,
2015-08-09,2,Galicia,283,3ª Competición Liga Provincial Coruña 2015,Augas Tranquilas,298,M INF-B K1 3000,Final,Final,1352,,191,2,00:13:10.22,202,
2015-08-09,2,Galicia,283,3ª Competición Liga Provincial Coruña 2015,Augas Tranquilas,298,M INF-B K1 3000,Final,Final,3650,,184,3,00:13:22.08,199,
2015-08-09,2,Galicia,283,3ª Competición Liga Provincial Coruña 2015,Augas Tranquilas,298,M INF-B K1 3000,Final,Final,1353,,180,4,00:13:25.15,198,
2015-08-09,2,Galicia,283,3ª Competición Liga Provincial Coruña 2015,Augas Tranquilas,298,M INF-B K1 3000,Final,Final,1356,,190,5,00:13:33.77,197,
2015-08-09,2,Galicia,283,3ª Competición Liga Provincial Coruña 2015,Augas Tranquilas,298,M INF-B K1 3000,Final,Final,1362,,187,6,00:13:36.86,196,
2015-08-09,2,Galicia,283,3ª Competición Liga Provincial Coruña 2015,Augas Tranquilas,298,M INF-B K1 3000,Final,Final,1354,,188,7,00:13:45.04,195,
2015-08-09,2,Galicia,283,3ª Competición Liga Provincial Coruña 2015,Augas Tranquilas,298,M INF-B K1 3000,Final,Final,1364,,182,8,00:13:49.69,194,
2015-08-09,2,Galicia,283,3ª Competición Liga Provincial Coruña 2015,Augas Tranquilas,298,M INF-B K1 3000,Final,Final,1370,,176,9,00:14:10.11,193,
2015-08-09,2,Galicia,283,3ª Competición Liga Provincial Coruña 2015,Augas Tranquilas,298,M INF-B K1 3000,Final,Final,1358,,183,10,00:14:11.79,192,
2015-08-09,2,Galicia,283,3ª Competición Liga Provincial Coruña 2015,Augas Tranquilas,298,M INF-B K1 3000,Final,Final,1361,,177,11,00:14:41.71,191,
2015-08-09,2,Galicia,283,3ª Competición Liga Provincial Coruña 2015,Augas Tranquilas,298,M INF-B K1 3000,Final,Final,1531,,189,12,00:14:51.2,190,
2015-08-09,2,Galicia,283,3ª Competición Liga Provincial Coruña 2015,Augas Tranquilas,298,M INF-B K1 3000,Final,Final,2865,,181,13,00:15:17.79,189,
2015-08-09,2,Galicia,283,3ª Competición Liga Provincial Coruña 2015,Augas Tranquilas,298,M INF-B K1 3000,Final,Final,1359,,186,14,00:17:36.2,188,
2015-08-09,2,Galicia,283,3ª Competición Liga Provincial Coruña 2015,Augas Tranquilas,298,M INF-B K1 3000,Final,Final,1590,,192,15,00:18:10.98,187,
2015-08-09,2,Galicia,283,3ª Competición Liga Provincial Coruña 2015,Augas Tranquilas,298,M INF-B K1 3000,Final,Final,1366,,193,16,00:18:32.81,186,
2015-08-09,2,Galicia,283,3ª Competición Liga Provincial Coruña 2015,Augas Tranquilas,298,M INF-B K1 3000,Final,Final,3546,,179,17,00:22:11.41,,
2015-08-09,2,Galicia,283,3ª Competición Liga Provincial Coruña 2015,Augas Tranquilas,298,M INF-B K1 3000,Final,Final,1360,,185,18,00:00:00,,
2015-08-09,2,Galicia,283,3ª Competición Liga Provincial Coruña 2015,Augas Tranquilas,298,M INF-B K1 3000,Final,Final,1367,,194,19,00:00:00,,
2015-08-09,2,Galicia,283,3ª Competición Liga Provincial Coruña 2015,Augas Tranquilas,300,H INF-A C1 3000,Final,Final,1382,,59,1,00:12:44,230,
2015-08-09,2,Galicia,283,3ª Competición Liga Provincial Coruña 2015,Augas Tranquilas,300,H INF-A C1 3000,Final,Final,3344,,53,2,00:13:30,227,
2015-08-09,2,Galicia,283,3ª Competición Liga Provincial Coruña 2015,Augas Tranquilas,300,H INF-A C1 3000,Final,Final,1386,,57,3,00:13:39,224,
2015-08-09,2,Galicia,283,3ª Competición Liga Provincial Coruña 2015,Augas Tranquilas,300,H INF-A C1 3000,Final,Final,1387,,50,4,00:14:00,222,
2015-08-09,2,Galicia,283,3ª Competición Liga Provincial Coruña 2015,Augas Tranquilas,300,H INF-A C1 3000,Final,Final,3345,,58,5,00:14:25,221,
2015-08-09,2,Galicia,283,3ª Competición Liga Provincial Coruña 2015,Augas Tranquilas,300,H INF-A C1 3000,Final,Final,1388,,56,6,00:14:46,220,
2015-08-09,2,Galicia,283,3ª Competición Liga Provincial Coruña 2015,Augas Tranquilas,300,H INF-A C1 3000,Final,Final,2917,,54,7,00:15:53,219,
2015-08-09,2,Galicia,283,3ª Competición Liga Provincial Coruña 2015,Augas Tranquilas,300,H INF-A C1 3000,Final,Final,1384,,60,8,00:17:43,218,
2015-08-09,2,Galicia,283,3ª Competición Liga Provincial Coruña 2015,Augas Tranquilas,300,H INF-A C1 3000,Final,Final,2918,,55,9,00:18:21,217,
2015-08-09,2,Galicia,283,3ª Competición Liga Provincial Coruña 2015,Augas Tranquilas,300,H INF-A C1 3000,Final,Final,1392,,52,10,00:23:10,,
2015-08-09,2,Galicia,283,3ª Competición Liga Provincial Coruña 2015,Augas Tranquilas,301,M INF-A K1 3000,Final,Final,1371,,83,1,00:12:12.4,230,
2015-08-09,2,Galicia,283,3ª Competición Liga Provincial Coruña 2015,Augas Tranquilas,301,M INF-A K1 3000,Final,Final,1372,,76,2,00:12:22.47,227,
2015-08-09,2,Galicia,283,3ª Competición Liga Provincial Coruña 2015,Augas Tranquilas,301,M INF-A K1 3000,Final,Final,3628,,82,3,00:12:41.82,224,
2015-08-09,2,Galicia,283,3ª Competición Liga Provincial Coruña 2015,Augas Tranquilas,301,M INF-A K1 3000,Final,Final,1380,,75,4,00:12:58.15,222,
2015-08-09,2,Galicia,283,3ª Competición Liga Provincial Coruña 2015,Augas Tranquilas,301,M INF-A K1 3000,Final,Final,1375,,81,5,00:13:17.21,221,
2015-08-09,2,Galicia,283,3ª Competición Liga Provincial Coruña 2015,Augas Tranquilas,301,M INF-A K1 3000,Final,Final,1376,,78,6,00:13:29.91,220,
2015-08-09,2,Galicia,283,3ª Competición Liga Provincial Coruña 2015,Augas Tranquilas,301,M INF-A K1 3000,Final,Final,3629,,77,7,00:14:07.4,219,
2015-08-09,2,Galicia,283,3ª Competición Liga Provincial Coruña 2015,Augas Tranquilas,301,M INF-A K1 3000,Final,Final,1374,,84,8,00:14:34.22,218,
2015-08-09,2,Galicia,283,3ª Competición Liga Provincial Coruña 2015,Augas Tranquilas,301,M INF-A K1 3000,Final,Final,1378,,80,9,00:14:49.24,217,
2015-08-09,2,Galicia,283,3ª Competición Liga Provincial Coruña 2015,Augas Tranquilas,301,M INF-A K1 3000,Final,Final,1379,,85,10,00:00:00,,
2015-08-09,2,Galicia,283,3ª Competición Liga Provincial Coruña 2015,Augas Tranquilas,302,H INF-A K1 3000,Final,Final,1393,,20,1,00:10:56.04,230,
2015-08-09,2,Galicia,283,3ª Competición Liga Provincial Coruña 2015,Augas Tranquilas,302,H INF-A K1 3000,Final,Final,1394,,18,2,00:10:57.26,227,
2015-08-09,2,Galicia,283,3ª Competición Liga Provincial Coruña 2015,Augas Tranquilas,302,H INF-A K1 3000,Final,Final,1395,,21,3,00:11:22.53,224,
2015-08-09,2,Galicia,283,3ª Competición Liga Provincial Coruña 2015,Augas Tranquilas,302,H INF-A K1 3000,Final,Final,1398,,22,4,00:11:34.51,222,
2015-08-09,2,Galicia,283,3ª Competición Liga Provincial Coruña 2015,Augas Tranquilas,302,H INF-A K1 3000,Final,Final,1397,,7,5,00:11:40.61,221,
2015-08-09,2,Galicia,283,3ª Competición Liga Provincial Coruña 2015,Augas Tranquilas,302,H INF-A K1 3000,Final,Final,1396,,26,6,00:11:40.76,220,
2015-08-09,2,Galicia,283,3ª Competición Liga Provincial Coruña 2015,Augas Tranquilas,302,H INF-A K1 3000,Final,Final,2939,,15,7,00:12:03.84,219,
2015-08-09,2,Galicia,283,3ª Competición Liga Provincial Coruña 2015,Augas Tranquilas,302,H INF-A K1 3000,Final,Final,1401,,3,8,00:12:36.48,218,
2015-08-09,2,Galicia,283,3ª Competición Liga Provincial Coruña 2015,Augas Tranquilas,302,H INF-A K1 3000,Final,Final,1537,,25,9,00:12:46.23,217,
2015-08-09,2,Galicia,283,3ª Competición Liga Provincial Coruña 2015,Augas Tranquilas,302,H INF-A K1 3000,Final,Final,1403,,13,10,00:13:06.23,216,
2015-08-09,2,Galicia,283,3ª Competición Liga Provincial Coruña 2015,Augas Tranquilas,302,H INF-A K1 3000,Final,Final,1534,,23,11,00:13:07.41,215,
2015-08-09,2,Galicia,283,3ª Competición Liga Provincial Coruña 2015,Augas Tranquilas,302,H INF-A K1 3000,Final,Final,1412,,4,12,00:13:26.82,214,
2015-08-09,2,Galicia,283,3ª Competición Liga Provincial Coruña 2015,Augas Tranquilas,302,H INF-A K1 3000,Final,Final,1406,,8,13,00:13:28.41,213,
2015-08-09,2,Galicia,283,3ª Competición Liga Provincial Coruña 2015,Augas Tranquilas,302,H INF-A K1 3000,Final,Final,2951,,2,14,00:13:59.2,212,
2015-08-09,2,Galicia,283,3ª Competición Liga Provincial Coruña 2015,Augas Tranquilas,302,H INF-A K1 3000,Final,Final,1402,,12,15,00:14:03.33,211,
2015-08-09,2,Galicia,283,3ª Competición Liga Provincial Coruña 2015,Augas Tranquilas,302,H INF-A K1 3000,Final,Final,1408,,24,16,00:14:06.51,210,
2015-08-09,2,Galicia,283,3ª Competición Liga Provincial Coruña 2015,Augas Tranquilas,302,H INF-A K1 3000,Final,Final,1535,,17,17,00:14:17.87,209,
2015-08-09,2,Galicia,283,3ª Competición Liga Provincial Coruña 2015,Augas Tranquilas,302,H INF-A K1 3000,Final,Final,1405,,28,18,00:15:07.88,208,
2015-08-09,2,Galicia,283,3ª Competición Liga Provincial Coruña 2015,Augas Tranquilas,302,H INF-A K1 3000,Final,Final,2948,,19,19,00:15:26.72,207,
2015-08-09,2,Galicia,283,3ª Competición Liga Provincial Coruña 2015,Augas Tranquilas,302,H INF-A K1 3000,Final,Final,1420,,29,20,00:15:35.85,206,
2015-08-09,2,Galicia,283,3ª Competición Liga Provincial Coruña 2015,Augas Tranquilas,302,H INF-A K1 3000,Final,Final,1409,,32,21,00:15:59.2,205,
2015-08-09,2,Galicia,283,3ª Competición Liga Provincial Coruña 2015,Augas Tranquilas,302,H INF-A K1 3000,Final,Final,1399,,6,22,00:16:59.5,,
2015-08-09,2,Galicia,283,3ª Competición Liga Provincial Coruña 2015,Augas Tranquilas,302,H INF-A K1 3000,Final,Final,2795,,10,23,00:17:36.92,,
2015-08-09,2,Galicia,283,3ª Competición Liga Provincial Coruña 2015,Augas Tranquilas,302,H INF-A K1 3000,Final,Final,1415,,30,24,00:18:22.83,,
2015-08-09,2,Galicia,283,3ª Competición Liga Provincial Coruña 2015,Augas Tranquilas,302,H INF-A K1 3000,Final,Final,2799,,11,25,00:19:29.06,,
2015-08-09,2,Galicia,283,3ª Competición Liga Provincial Coruña 2015,Augas Tranquilas,302,H INF-A K1 3000,Final,Final,1410,,9,26,00:20:30.08,,
2015-08-09,2,Galicia,283,3ª Competición Liga Provincial Coruña 2015,Augas Tranquilas,302,H INF-A K1 3000,Final,Final,1419,,16,27,00:00:00,,
2015-08-09,2,Galicia,283,3ª Competición Liga Provincial Coruña 2015,Augas Tranquilas,302,H INF-A K1 3000,Final,Final,1414,,27,28,00:00:00,,
2015-08-09,2,Galicia,283,3ª Competición Liga Provincial Coruña 2015,Augas Tranquilas,302,H INF-A K1 3000,Final,Final,1591,,31,29,00:00:00,,
2015-08-09,2,Galicia,283,3ª Competición Liga Provincial Coruña 2015,Augas Tranquilas,303,H INF-B K1 3000,Final,Final,1421,,126,1,00:12:32,205,
2015-08-09,2,Galicia,283,3ª Competición Liga Provincial Coruña 2015,Augas Tranquilas,303,H INF-B K1 3000,Final,Final,1422,,121,2,00:12:35,202,
2015-08-09,2,Galicia,283,3ª Competición Liga Provincial Coruña 2015,Augas Tranquilas,303,H INF-B K1 3000,Final,Final,1425,,102,3,00:13:24,199,
2015-08-09,2,Galicia,283,3ª Competición Liga Provincial Coruña 2015,Augas Tranquilas,303,H INF-B K1 3000,Final,Final,3309,,100,4,00:13:29,198,
2015-08-09,2,Galicia,283,3ª Competición Liga Provincial Coruña 2015,Augas Tranquilas,303,H INF-B K1 3000,Final,Final,1439,,119,5,00:13:51,197,
2015-08-09,2,Galicia,283,3ª Competición Liga Provincial Coruña 2015,Augas Tranquilas,303,H INF-B K1 3000,Final,Final,1424,,106,6,00:14:10,196,
2015-08-09,2,Galicia,283,3ª Competición Liga Provincial Coruña 2015,Augas Tranquilas,303,H INF-B K1 3000,Final,Final,1452,,114,7,00:14:22,195,
2015-08-09,2,Galicia,283,3ª Competición Liga Provincial Coruña 2015,Augas Tranquilas,303,H INF-B K1 3000,Final,Final,1427,,112,8,00:14:51,194,
2015-08-09,2,Galicia,283,3ª Competición Liga Provincial Coruña 2015,Augas Tranquilas,303,H INF-B K1 3000,Final,Final,2993,,124,9,00:15:07,193,
2015-08-09,2,Galicia,283,3ª Competición Liga Provincial Coruña 2015,Augas Tranquilas,303,H INF-B K1 3000,Final,Final,3653,,117,10,00:15:13,192,
2015-08-09,2,Galicia,283,3ª Competición Liga Provincial Coruña 2015,Augas Tranquilas,303,H INF-B K1 3000,Final,Final,1426,,116,11,00:15:39,191,
2015-08-09,2,Galicia,283,3ª Competición Liga Provincial Coruña 2015,Augas Tranquilas,303,H INF-B K1 3000,Final,Final,1451,,113,12,00:15:46,190,
2015-08-09,2,Galicia,283,3ª Competición Liga Provincial Coruña 2015,Augas Tranquilas,303,H INF-B K1 3000,Final,Final,2997,,125,13,00:16:04,189,
2015-08-09,2,Galicia,283,3ª Competición Liga Provincial Coruña 2015,Augas Tranquilas,303,H INF-B K1 3000,Final,Final,2837,,110,14,00:16:31,188,
2015-08-09,2,Galicia,283,3ª Competición Liga Provincial Coruña 2015,Augas Tranquilas,303,H INF-B K1 3000,Final,Final,1592,,115,15,00:16:33,187,
2015-08-09,2,Galicia,283,3ª Competición Liga Provincial Coruña 2015,Augas Tranquilas,303,H INF-B K1 3000,Final,Final,1445,,105,16,00:16:42,186,
2015-08-09,2,Galicia,283,3ª Competición Liga Provincial Coruña 2015,Augas Tranquilas,303,H INF-B K1 3000,Final,Final,1447,,109,17,00:17:13,185,
2015-08-09,2,Galicia,283,3ª Competición Liga Provincial Coruña 2015,Augas Tranquilas,303,H INF-B K1 3000,Final,Final,1533,,120,18,00:17:36,184,
2015-08-09,2,Galicia,283,3ª Competición Liga Provincial Coruña 2015,Augas Tranquilas,303,H INF-B K1 3000,Final,Final,1438,,108,19,00:17:56,183,
2015-08-09,2,Galicia,283,3ª Competición Liga Provincial Coruña 2015,Augas Tranquilas,303,H INF-B K1 3000,Final,Final,3319,,103,20,00:18:01,182,
2015-08-09,2,Galicia,283,3ª Competición Liga Provincial Coruña 2015,Augas Tranquilas,303,H INF-B K1 3000,Final,Final,3314,,130,21,00:18:12,181,
2015-08-09,2,Galicia,283,3ª Competición Liga Provincial Coruña 2015,Augas Tranquilas,303,H INF-B K1 3000,Final,Final,1442,,128,22,00:18:22,180,
2015-08-09,2,Galicia,283,3ª Competición Liga Provincial Coruña 2015,Augas Tranquilas,303,H INF-B K1 3000,Final,Final,3328,,104,23,00:19:35,,
2015-08-09,2,Galicia,283,3ª Competición Liga Provincial Coruña 2015,Augas Tranquilas,303,H INF-B K1 3000,Final,Final,1454,,122,24,00:19:54,,
2015-08-09,2,Galicia,283,3ª Competición Liga Provincial Coruña 2015,Augas Tranquilas,303,H INF-B K1 3000,Final,Final,3315,,131,25,00:20:04,,
2015-08-09,2,Galicia,283,3ª Competición Liga Provincial Coruña 2015,Augas Tranquilas,303,H INF-B K1 3000,Final,Final,1446,,123,26,00:23:29,,
2015-08-09,2,Galicia,283,3ª Competición Liga Provincial Coruña 2015,Augas Tranquilas,303,H INF-B K1 3000,Final,Final,1453,,118,27,00:00:00,,
2015-08-09,2,Galicia,283,3ª Competición Liga Provincial Coruña 2015,Augas Tranquilas,303,H INF-B K1 3000,Final,Final,1431,,127,28,00:00:00,,
2015-08-09,2,Galicia,283,3ª Competición Liga Provincial Coruña 2015,Augas Tranquilas,303,H INF-B K1 3000,Final,Final,1455,,129,29,00:00:00,,
2015-08-09,2,Galicia,283,3ª Competición Liga Provincial Coruña 2015,Augas Tranquilas,304,H CAD K1 3000,Final,Final,1538,,220,1,00:10:13.48,230,
2015-08-09,2,Galicia,283,3ª Competición Liga Provincial Coruña 2015,Augas Tranquilas,304,H CAD K1 3000,Final,Final,1145,,218,2,00:10:15.36,227,
2015-08-09,2,Galicia,283,3ª Competición Liga Provincial Coruña 2015,Augas Tranquilas,304,H CAD K1 3000,Final,Final,1470,,240,3,00:10:20.93,224,
2015-08-09,2,Galicia,283,3ª Competición Liga Provincial Coruña 2015,Augas Tranquilas,304,H CAD K1 3000,Final,Final,1167,,203,4,00:10:22.35,222,
2015-08-09,2,Galicia,283,3ª Competición Liga Provincial Coruña 2015,Augas Tranquilas,304,H CAD K1 3000,Final,Final,1151,,202,5,00:10:26.76,221,
2015-08-09,2,Galicia,283,3ª Competición Liga Provincial Coruña 2015,Augas Tranquilas,304,H CAD K1 3000,Final,Final,1166,,212,6,00:10:49.99,220,
2015-08-09,2,Galicia,283,3ª Competición Liga Provincial Coruña 2015,Augas Tranquilas,304,H CAD K1 3000,Final,Final,1487,,241,7,00:10:57.16,219,
2015-08-09,2,Galicia,283,3ª Competición Liga Provincial Coruña 2015,Augas Tranquilas,304,H CAD K1 3000,Final,Final,1481,,239,8,00:11:02.08,218,
2015-08-09,2,Galicia,283,3ª Competición Liga Provincial Coruña 2015,Augas Tranquilas,304,H CAD K1 3000,Final,Final,1152,,200,9,00:11:06.08,217,
2015-08-09,2,Galicia,283,3ª Competición Liga Provincial Coruña 2015,Augas Tranquilas,304,H CAD K1 3000,Final,Final,1169,,222,10,00:11:10.83,216,
2015-08-09,2,Galicia,283,3ª Competición Liga Provincial Coruña 2015,Augas Tranquilas,304,H CAD K1 3000,Final,Final,1472,,237,11,00:11:23.91,215,
2015-08-09,2,Galicia,283,3ª Competición Liga Provincial Coruña 2015,Augas Tranquilas,304,H CAD K1 3000,Final,Final,1177,,221,12,00:11:29.12,214,
2015-08-09,2,Galicia,283,3ª Competición Liga Provincial Coruña 2015,Augas Tranquilas,304,H CAD K1 3000,Final,Final,1171,,204,13,00:11:29.68,213,
2015-08-09,2,Galicia,283,3ª Competición Liga Provincial Coruña 2015,Augas Tranquilas,304,H CAD K1 3000,Final,Final,3625,,225,14,00:11:37.51,212,
2015-08-09,2,Galicia,283,3ª Competición Liga Provincial Coruña 2015,Augas Tranquilas,304,H CAD K1 3000,Final,Final,3351,,223,15,00:11:37.51,211,
2015-08-09,2,Galicia,283,3ª Competición Liga Provincial Coruña 2015,Augas Tranquilas,304,H CAD K1 3000,Final,Final,1150,,214,16,00:11:40.09,210,
2015-08-09,2,Galicia,283,3ª Competición Liga Provincial Coruña 2015,Augas Tranquilas,304,H CAD K1 3000,Final,Final,2956,,224,17,00:11:46.48,209,
2015-08-09,2,Galicia,283,3ª Competición Liga Provincial Coruña 2015,Augas Tranquilas,304,H CAD K1 3000,Final,Final,1173,,216,18,00:11:54.15,208,
2015-08-09,2,Galicia,283,3ª Competición Liga Provincial Coruña 2015,Augas Tranquilas,304,H CAD K1 3000,Final,Final,1482,,243,19,00:11:59.21,207,
2015-08-09,2,Galicia,283,3ª Competición Liga Provincial Coruña 2015,Augas Tranquilas,304,H CAD K1 3000,Final,Final,2942,,201,20,00:12:01.7,206,
2015-08-09,2,Galicia,283,3ª Competición Liga Provincial Coruña 2015,Augas Tranquilas,304,H CAD K1 3000,Final,Final,1190,,245,21,00:12:02.11,205,
2015-08-09,2,Galicia,283,3ª Competición Liga Provincial Coruña 2015,Augas Tranquilas,304,H CAD K1 3000,Final,Final,1474,,236,22,00:12:09.22,204,
2015-08-09,2,Galicia,283,3ª Competición Liga Provincial Coruña 2015,Augas Tranquilas,304,H CAD K1 3000,Final,Final,1477,,242,23,00:12:20.82,203,
2015-08-09,2,Galicia,283,3ª Competición Liga Provincial Coruña 2015,Augas Tranquilas,304,H CAD K1 3000,Final,Final,1476,,235,24,00:12:30.71,202,
2015-08-09,2,Galicia,283,3ª Competición Liga Provincial Coruña 2015,Augas Tranquilas,304,H CAD K1 3000,Final,Final,2941,,246,25,00:12:32.77,201,
2015-08-09,2,Galicia,283,3ª Competición Liga Provincial Coruña 2015,Augas Tranquilas,304,H CAD K1 3000,Final,Final,1479,,211,26,00:12:34.69,200,
2015-08-09,2,Galicia,283,3ª Competición Liga Provincial Coruña 2015,Augas Tranquilas,304,H CAD K1 3000,Final,Final,1475,,234,27,00:12:39.39,199,
2015-08-09,2,Galicia,283,3ª Competición Liga Provincial Coruña 2015,Augas Tranquilas,304,H CAD K1 3000,Final,Final,1483,,208,28,00:12:45.26,198,
2015-08-09,2,Galicia,283,3ª Competición Liga Provincial Coruña 2015,Augas Tranquilas,304,H CAD K1 3000,Final,Final,1484,,209,29,00:12:54.62,197,
2015-08-09,2,Galicia,283,3ª Competición Liga Provincial Coruña 2015,Augas Tranquilas,304,H CAD K1 3000,Final,Final,1486,,232,30,00:13:07.54,196,
2015-08-09,2,Galicia,283,3ª Competición Liga Provincial Coruña 2015,Augas Tranquilas,304,H CAD K1 3000,Final,Final,3367,,226,31,00:13:29.79,195,
2015-08-09,2,Galicia,283,3ª Competición Liga Provincial Coruña 2015,Augas Tranquilas,304,H CAD K1 3000,Final,Final,1485,,244,32,00:13:39.59,194,
2015-08-09,2,Galicia,283,3ª Competición Liga Provincial Coruña 2015,Augas Tranquilas,304,H CAD K1 3000,Final,Final,1490,,210,33,00:13:57.89,193,
2015-08-09,2,Galicia,283,3ª Competición Liga Provincial Coruña 2015,Augas Tranquilas,304,H CAD K1 3000,Final,Final,1491,,219,34,00:15:00.14,,
2015-08-09,2,Galicia,283,3ª Competición Liga Provincial Coruña 2015,Augas Tranquilas,304,H CAD K1 3000,Final,Final,1494,,207,35,00:15:04.79,,
2015-08-09,2,Galicia,283,3ª Competición Liga Provincial Coruña 2015,Augas Tranquilas,304,H CAD K1 3000,Final,Final,1493,,217,36,00:15:15.95,,
2015-08-09,2,Galicia,283,3ª Competición Liga Provincial Coruña 2015,Augas Tranquilas,304,H CAD K1 3000,Final,Final,1539,,231,37,00:17:02.94,,
2015-08-09,2,Galicia,283,3ª Competición Liga Provincial Coruña 2015,Augas Tranquilas,304,H CAD K1 3000,Final,Final,1488,,205,38,00:00:00,,
2015-08-09,2,Galicia,283,3ª Competición Liga Provincial Coruña 2015,Augas Tranquilas,304,H CAD K1 3000,Final,Final,1492,,206,39,00:00:00,,
2015-08-09,2,Galicia,283,3ª Competición Liga Provincial Coruña 2015,Augas Tranquilas,304,H CAD K1 3000,Final,Final,1149,,213,40,00:00:00,,
2015-08-09,2,Galicia,283,3ª Competición Liga Provincial Coruña 2015,Augas Tranquilas,304,H CAD K1 3000,Final,Final,1480,,215,41,00:00:00,,
2015-08-09,2,Galicia,283,3ª Competición Liga Provincial Coruña 2015,Augas Tranquilas,304,H CAD K1 3000,Final,Final,1495,,228,42,00:00:00,,
2015-08-09,2,Galicia,283,3ª Competición Liga Provincial Coruña 2015,Augas Tranquilas,304,H CAD K1 3000,Final,Final,1593,,229,43,00:00:00,,
2015-08-09,2,Galicia,283,3ª Competición Liga Provincial Coruña 2015,Augas Tranquilas,304,H CAD K1 3000,Final,Final,1594,,230,44,00:00:00,,
2015-08-09,2,Galicia,283,3ª Competición Liga Provincial Coruña 2015,Augas Tranquilas,304,H CAD K1 3000,Final,Final,1489,,238,45,00:00:00,,
2015-08-09,2,Galicia,283,3ª Competición Liga Provincial Coruña 2015,Augas Tranquilas,304,H CAD K1 3000,Final,Final,1497,,247,46,00:00:00,,
2015-08-09,2,Galicia,283,3ª Competición Liga Provincial Coruña 2015,Augas Tranquilas,304,H CAD K1 3000,Final,Final,1170,,248,47,00:00:00,,
2015-08-09,2,Galicia,283,3ª Competición Liga Provincial Coruña 2015,Augas Tranquilas,305,M CAD K1 3000,Final,Final,1093,,603,1,00:10:59.74,230,
2015-08-09,2,Galicia,283,3ª Competición Liga Provincial Coruña 2015,Augas Tranquilas,305,M CAD K1 3000,Final,Final,1097,,600,2,00:11:18.11,227,
2015-08-09,2,Galicia,283,3ª Competición Liga Provincial Coruña 2015,Augas Tranquilas,305,M CAD K1 3000,Final,Final,1456,,614,3,00:11:22.73,224,
2015-08-09,2,Galicia,283,3ª Competición Liga Provincial Coruña 2015,Augas Tranquilas,305,M CAD K1 3000,Final,Final,1101,,607,4,00:11:43.16,222,
2015-08-09,2,Galicia,283,3ª Competición Liga Provincial Coruña 2015,Augas Tranquilas,305,M CAD K1 3000,Final,Final,3362,,615,5,00:11:48.54,221,
2015-08-09,2,Galicia,283,3ª Competición Liga Provincial Coruña 2015,Augas Tranquilas,305,M CAD K1 3000,Final,Final,2926,,616,6,00:12:11.28,220,
2015-08-09,2,Galicia,283,3ª Competición Liga Provincial Coruña 2015,Augas Tranquilas,305,M CAD K1 3000,Final,Final,1110,,601,7,00:12:21.84,219,
2015-08-09,2,Galicia,283,3ª Competición Liga Provincial Coruña 2015,Augas Tranquilas,305,M CAD K1 3000,Final,Final,1114,,602,8,00:12:25.61,218,
2015-08-09,2,Galicia,283,3ª Competición Liga Provincial Coruña 2015,Augas Tranquilas,305,M CAD K1 3000,Final,Final,1459,,612,9,00:12:36.01,217,
2015-08-09,2,Galicia,283,3ª Competición Liga Provincial Coruña 2015,Augas Tranquilas,305,M CAD K1 3000,Final,Final,3359,,604,10,00:13:02.6,216,
2015-08-09,2,Galicia,283,3ª Competición Liga Provincial Coruña 2015,Augas Tranquilas,305,M CAD K1 3000,Final,Final,1461,,610,11,00:13:19.61,215,
2015-08-09,2,Galicia,283,3ª Competición Liga Provincial Coruña 2015,Augas Tranquilas,305,M CAD K1 3000,Final,Final,1463,,611,12,00:13:32.83,214,
2015-08-09,2,Galicia,283,3ª Competición Liga Provincial Coruña 2015,Augas Tranquilas,305,M CAD K1 3000,Final,Final,4585,,605,13,00:13:45.6,213,
2015-08-09,2,Galicia,283,3ª Competición Liga Provincial Coruña 2015,Augas Tranquilas,305,M CAD K1 3000,Final,Final,2928,,617,14,00:13:51.65,212,
2015-08-09,2,Galicia,283,3ª Competición Liga Provincial Coruña 2015,Augas Tranquilas,305,M CAD K1 3000,Final,Final,1466,,613,15,00:17:15.37,,
2015-08-09,2,Galicia,283,3ª Competición Liga Provincial Coruña 2015,Augas Tranquilas,305,M CAD K1 3000,Final,Final,1464,,606,16,00:00:00,,
2015-08-09,2,Galicia,283,3ª Competición Liga Provincial Coruña 2015,Augas Tranquilas,305,M CAD K1 3000,Final,Final,1099,,608,17,00:00:00,,
2015-08-09,2,Galicia,283,3ª Competición Liga Provincial Coruña 2015,Augas Tranquilas,305,M CAD K1 3000,Final,Final,1465,,618,18,00:00:00,,
2015-08-09,2,Galicia,283,3ª Competición Liga Provincial Coruña 2015,Augas Tranquilas,306,H CAD C1 3000,Final,Final,1052,,803,1,00:12:00.11,230,
2015-08-09,2,Galicia,283,3ª Competición Liga Provincial Coruña 2015,Augas Tranquilas,306,H CAD C1 3000,Final,Final,1071,,804,2,00:12:15.56,227,
2015-08-09,2,Galicia,283,3ª Competición Liga Provincial Coruña 2015,Augas Tranquilas,306,H CAD C1 3000,Final,Final,1467,,807,3,00:12:28.15,224,
2015-08-09,2,Galicia,283,3ª Competición Liga Provincial Coruña 2015,Augas Tranquilas,306,H CAD C1 3000,Final,Final,1468,,806,4,00:12:29.47,222,
2015-08-09,2,Galicia,283,3ª Competición Liga Provincial Coruña 2015,Augas Tranquilas,306,H CAD C1 3000,Final,Final,1063,,802,5,00:12:32.56,221,
2015-08-09,2,Galicia,283,3ª Competición Liga Provincial Coruña 2015,Augas Tranquilas,306,H CAD C1 3000,Final,Final,1469,,801,6,00:18:05.39,,
2015-08-09,2,Galicia,283,3ª Competición Liga Provincial Coruña 2015,Augas Tranquilas,306,H CAD C1 3000,Final,Final,1540,,805,7,00:00:00,,
2015-08-15,2,Galicia,288,L DESCENSO MIÑO DE TUI-2015,Augas Tranquilas,308,H SEN K1 14000,Final,Final,1595,,6,1,01:03:30,55,
2015-08-15,2,Galicia,288,L DESCENSO MIÑO DE TUI-2015,Augas Tranquilas,308,H SEN K1 14000,Final,Final,1596,,7,2,01:04:37,52,
2015-08-15,2,Galicia,288,L DESCENSO MIÑO DE TUI-2015,Augas Tranquilas,308,H SEN K1 14000,Final,Final,1597,,54,3,01:06:58,49,
2015-08-15,2,Galicia,288,L DESCENSO MIÑO DE TUI-2015,Augas Tranquilas,308,H SEN K1 14000,Final,Final,1598,,35,4,01:07:47,47,
2015-08-15,2,Galicia,288,L DESCENSO MIÑO DE TUI-2015,Augas Tranquilas,308,H SEN K1 14000,Final,Final,1599,,17,5,01:09:14,46,
2015-08-15,2,Galicia,288,L DESCENSO MIÑO DE TUI-2015,Augas Tranquilas,308,H SEN K1 14000,Final,Final,928,,1,6,01:10:17,45,
2015-08-15,2,Galicia,288,L DESCENSO MIÑO DE TUI-2015,Augas Tranquilas,308,H SEN K1 14000,Final,Final,1600,,50,7,01:10:21,44,
2015-08-15,2,Galicia,288,L DESCENSO MIÑO DE TUI-2015,Augas Tranquilas,308,H SEN K1 14000,Final,Final,1601,,16,8,01:11:56,43,
2015-08-15,2,Galicia,288,L DESCENSO MIÑO DE TUI-2015,Augas Tranquilas,308,H SEN K1 14000,Final,Final,1602,,12,9,01:12:11,42,
2015-08-15,2,Galicia,288,L DESCENSO MIÑO DE TUI-2015,Augas Tranquilas,308,H SEN K1 14000,Final,Final,921,,39,10,01:12:25,41,
2015-08-15,2,Galicia,288,L DESCENSO MIÑO DE TUI-2015,Augas Tranquilas,308,H SEN K1 14000,Final,Final,1603,,15,11,01:12:40,40,
2015-08-15,2,Galicia,288,L DESCENSO MIÑO DE TUI-2015,Augas Tranquilas,308,H SEN K1 14000,Final,Final,1604,,8,12,01:12:41,39,
2015-08-15,2,Galicia,288,L DESCENSO MIÑO DE TUI-2015,Augas Tranquilas,308,H SEN K1 14000,Final,Final,1605,,10,13,01:12:54,38,
2015-08-15,2,Galicia,288,L DESCENSO MIÑO DE TUI-2015,Augas Tranquilas,308,H SEN K1 14000,Final,Final,1606,,53,14,01:13:29,37,
2015-08-15,2,Galicia,288,L DESCENSO MIÑO DE TUI-2015,Augas Tranquilas,308,H SEN K1 14000,Final,Final,1607,,52,15,01:13:31,36,
2015-08-15,2,Galicia,288,L DESCENSO MIÑO DE TUI-2015,Augas Tranquilas,308,H SEN K1 14000,Final,Final,1608,,13,16,01:13:43,35,
2015-08-15,2,Galicia,288,L DESCENSO MIÑO DE TUI-2015,Augas Tranquilas,308,H SEN K1 14000,Final,Final,879,,36,17,01:14:07,34,
2015-08-15,2,Galicia,288,L DESCENSO MIÑO DE TUI-2015,Augas Tranquilas,308,H SEN K1 14000,Final,Final,1609,,43,18,01:14:56,33,
2015-08-15,2,Galicia,288,L DESCENSO MIÑO DE TUI-2015,Augas Tranquilas,308,H SEN K1 14000,Final,Final,1610,,32,19,01:16:10,32,
2015-08-15,2,Galicia,288,L DESCENSO MIÑO DE TUI-2015,Augas Tranquilas,308,H SEN K1 14000,Final,Final,920,,23,20,01:17:03,31,
2015-08-15,2,Galicia,288,L DESCENSO MIÑO DE TUI-2015,Augas Tranquilas,308,H SEN K1 14000,Final,Final,935,,28,21,01:18:36,30,
2015-08-15,2,Galicia,288,L DESCENSO MIÑO DE TUI-2015,Augas Tranquilas,308,H SEN K1 14000,Final,Final,934,,2,22,01:18:48,29,
2015-08-15,2,Galicia,288,L DESCENSO MIÑO DE TUI-2015,Augas Tranquilas,308,H SEN K1 14000,Final,Final,1611,,11,23,01:18:57,28,
2015-08-15,2,Galicia,288,L DESCENSO MIÑO DE TUI-2015,Augas Tranquilas,308,H SEN K1 14000,Final,Final,989,,18,24,01:19:52,27,
2015-08-15,2,Galicia,288,L DESCENSO MIÑO DE TUI-2015,Augas Tranquilas,308,H SEN K1 14000,Final,Final,1612,,4,25,01:20:09,26,
2015-08-15,2,Galicia,288,L DESCENSO MIÑO DE TUI-2015,Augas Tranquilas,308,H SEN K1 14000,Final,Final,1613,,56,26,01:20:36,25,
2015-08-15,2,Galicia,288,L DESCENSO MIÑO DE TUI-2015,Augas Tranquilas,308,H SEN K1 14000,Final,Final,880,,5,27,01:20:39,24,
2015-08-15,2,Galicia,288,L DESCENSO MIÑO DE TUI-2015,Augas Tranquilas,308,H SEN K1 14000,Final,Final,991,,40,28,01:21:14,23,
2015-08-15,2,Galicia,288,L DESCENSO MIÑO DE TUI-2015,Augas Tranquilas,308,H SEN K1 14000,Final,Final,8515,,38,29,01:21:23,22,
2015-08-15,2,Galicia,288,L DESCENSO MIÑO DE TUI-2015,Augas Tranquilas,308,H SEN K1 14000,Final,Final,1615,,34,30,01:21:30,21,
2015-08-15,2,Galicia,288,L DESCENSO MIÑO DE TUI-2015,Augas Tranquilas,308,H SEN K1 14000,Final,Final,1616,,21,31,01:22:42,20,
2015-08-15,2,Galicia,288,L DESCENSO MIÑO DE TUI-2015,Augas Tranquilas,308,H SEN K1 14000,Final,Final,1617,,37,32,01:22:56,19,
2015-08-15,2,Galicia,288,L DESCENSO MIÑO DE TUI-2015,Augas Tranquilas,308,H SEN K1 14000,Final,Final,931,,27,33,01:23:10,18,
2015-08-15,2,Galicia,288,L DESCENSO MIÑO DE TUI-2015,Augas Tranquilas,308,H SEN K1 14000,Final,Final,1618,,48,34,01:23:19,17,
2015-08-15,2,Galicia,288,L DESCENSO MIÑO DE TUI-2015,Augas Tranquilas,308,H SEN K1 14000,Final,Final,938,,3,35,01:24:20,16,
2015-08-15,2,Galicia,288,L DESCENSO MIÑO DE TUI-2015,Augas Tranquilas,308,H SEN K1 14000,Final,Final,990,,20,36,01:25:05,,
2015-08-15,2,Galicia,288,L DESCENSO MIÑO DE TUI-2015,Augas Tranquilas,308,H SEN K1 14000,Final,Final,1619,,47,37,01:25:18,,
2015-08-15,2,Galicia,288,L DESCENSO MIÑO DE TUI-2015,Augas Tranquilas,308,H SEN K1 14000,Final,Final,7074,,14,38,01:25:42,,
2015-08-15,2,Galicia,288,L DESCENSO MIÑO DE TUI-2015,Augas Tranquilas,308,H SEN K1 14000,Final,Final,1621,,29,39,01:26:26,,
2015-08-15,2,Galicia,288,L DESCENSO MIÑO DE TUI-2015,Augas Tranquilas,308,H SEN K1 14000,Final,Final,923,,24,40,01:28:13,,
2015-08-15,2,Galicia,288,L DESCENSO MIÑO DE TUI-2015,Augas Tranquilas,308,H SEN K1 14000,Final,Final,929,,46,41,01:28:29,,
2015-08-15,2,Galicia,288,L DESCENSO MIÑO DE TUI-2015,Augas Tranquilas,308,H SEN K1 14000,Final,Final,1622,,44,42,01:29:08,,
2015-08-15,2,Galicia,288,L DESCENSO MIÑO DE TUI-2015,Augas Tranquilas,308,H SEN K1 14000,Final,Final,1623,,49,43,01:29:38,,
2015-08-15,2,Galicia,288,L DESCENSO MIÑO DE TUI-2015,Augas Tranquilas,308,H SEN K1 14000,Final,Final,937,,19,44,01:29:43,,
2015-08-15,2,Galicia,288,L DESCENSO MIÑO DE TUI-2015,Augas Tranquilas,308,H SEN K1 14000,Final,Final,1624,,45,45,01:30:04,,
2015-08-15,2,Galicia,288,L DESCENSO MIÑO DE TUI-2015,Augas Tranquilas,308,H SEN K1 14000,Final,Final,1625,,33,46,01:36:29,,
2015-08-15,2,Galicia,288,L DESCENSO MIÑO DE TUI-2015,Augas Tranquilas,308,H SEN K1 14000,Final,Final,3047,,42,47,01:37:18,,
2015-08-15,2,Galicia,288,L DESCENSO MIÑO DE TUI-2015,Augas Tranquilas,308,H SEN K1 14000,Final,Final,936,,41,48,01:38:18,,
2015-08-15,2,Galicia,288,L DESCENSO MIÑO DE TUI-2015,Augas Tranquilas,308,H SEN K1 14000,Final,Final,1627,,51,49,02:02:32,,
2015-08-15,2,Galicia,288,L DESCENSO MIÑO DE TUI-2015,Augas Tranquilas,308,H SEN K1 14000,Final,Final,3046,,9,50,00:00:00,,
2015-08-15,2,Galicia,288,L DESCENSO MIÑO DE TUI-2015,Augas Tranquilas,308,H SEN K1 14000,Final,Final,1629,,22,51,00:00:00,,
2015-08-15,2,Galicia,288,L DESCENSO MIÑO DE TUI-2015,Augas Tranquilas,308,H SEN K1 14000,Final,Final,1630,,30,52,00:00:00,,
2015-08-15,2,Galicia,288,L DESCENSO MIÑO DE TUI-2015,Augas Tranquilas,308,H SEN K1 14000,Final,Final,1631,,31,53,00:00:00,,
2015-08-15,2,Galicia,288,L DESCENSO MIÑO DE TUI-2015,Augas Tranquilas,309,M SEN K2 14000,Final,Final,1632 1633,,1305,1,01:13:45,105,
2015-08-15,2,Galicia,288,L DESCENSO MIÑO DE TUI-2015,Augas Tranquilas,309,M SEN K2 14000,Final,Final,2921 8302,,1301,2,01:18:10,102,
2015-08-15,2,Galicia,288,L DESCENSO MIÑO DE TUI-2015,Augas Tranquilas,309,M SEN K2 14000,Final,Final,1130 1131,,1303,3,01:18:53,99,
2015-08-15,2,Galicia,288,L DESCENSO MIÑO DE TUI-2015,Augas Tranquilas,309,M SEN K2 14000,Final,Final,825 826,,1309,4,01:20:35,97,
2015-08-15,2,Galicia,288,L DESCENSO MIÑO DE TUI-2015,Augas Tranquilas,309,M SEN K2 14000,Final,Final,1128 1140,,1300,5,01:23:13,96,
2015-08-15,2,Galicia,288,L DESCENSO MIÑO DE TUI-2015,Augas Tranquilas,309,M SEN K2 14000,Final,Final,1634 1635,,1304,6,01:26:01,95,
2015-08-15,2,Galicia,288,L DESCENSO MIÑO DE TUI-2015,Augas Tranquilas,309,M SEN K2 14000,Final,Final,829 1134,,1308,7,01:27:20,94,
2015-08-15,2,Galicia,288,L DESCENSO MIÑO DE TUI-2015,Augas Tranquilas,309,M SEN K2 14000,Final,Final,1636 1637,,1311,8,01:30:32,93,
2015-08-15,2,Galicia,288,L DESCENSO MIÑO DE TUI-2015,Augas Tranquilas,309,M SEN K2 14000,Final,Final,1638 6032,,1302,9,00:00:00,,
2015-08-15,2,Galicia,288,L DESCENSO MIÑO DE TUI-2015,Augas Tranquilas,309,M SEN K2 14000,Final,Final,1640 2922,,1306,10,00:00:00,,
2015-08-15,2,Galicia,288,L DESCENSO MIÑO DE TUI-2015,Augas Tranquilas,309,M SEN K2 14000,Final,Final,1641 1642,,1310,11,00:00:00,,
2015-08-15,2,Galicia,288,L DESCENSO MIÑO DE TUI-2015,Augas Tranquilas,309,M SEN K2 14000,Final,Final,1643 1644,,1312,12,00:00:00,,
2015-08-15,2,Galicia,288,L DESCENSO MIÑO DE TUI-2015,Augas Tranquilas,310,M SEN C1 14000,Final,Final,1072,,392,1,01:37:13,105,
2015-08-15,2,Galicia,288,L DESCENSO MIÑO DE TUI-2015,Augas Tranquilas,310,M SEN C1 14000,Final,Final,1073,,391,2,01:43:47,102,
2015-08-15,2,Galicia,288,L DESCENSO MIÑO DE TUI-2015,Augas Tranquilas,310,M SEN C1 14000,Final,Final,1645,,390,3,01:49:12,99,
2015-08-15,2,Galicia,288,L DESCENSO MIÑO DE TUI-2015,Augas Tranquilas,312,M JUN K1 14000,Final,Final,1646,,409,1,01:21:34,55,
2015-08-15,2,Galicia,288,L DESCENSO MIÑO DE TUI-2015,Augas Tranquilas,312,M JUN K1 14000,Final,Final,1647,,413,2,01:22:03,52,
2015-08-15,2,Galicia,288,L DESCENSO MIÑO DE TUI-2015,Augas Tranquilas,312,M JUN K1 14000,Final,Final,1648,,414,3,01:26:00,49,
2015-08-15,2,Galicia,288,L DESCENSO MIÑO DE TUI-2015,Augas Tranquilas,312,M JUN K1 14000,Final,Final,1649,,402,4,01:28:10,47,
2015-08-15,2,Galicia,288,L DESCENSO MIÑO DE TUI-2015,Augas Tranquilas,312,M JUN K1 14000,Final,Final,1650,,411,5,01:29:05,46,
2015-08-15,2,Galicia,288,L DESCENSO MIÑO DE TUI-2015,Augas Tranquilas,312,M JUN K1 14000,Final,Final,1651,,401,6,01:29:29,45,
2015-08-15,2,Galicia,288,L DESCENSO MIÑO DE TUI-2015,Augas Tranquilas,312,M JUN K1 14000,Final,Final,1652,,403,7,01:29:39,44,
2015-08-15,2,Galicia,288,L DESCENSO MIÑO DE TUI-2015,Augas Tranquilas,312,M JUN K1 14000,Final,Final,1123,,406,8,01:30:44,43,
2015-08-15,2,Galicia,288,L DESCENSO MIÑO DE TUI-2015,Augas Tranquilas,312,M JUN K1 14000,Final,Final,1653,,417,9,01:31:51,42,
2015-08-15,2,Galicia,288,L DESCENSO MIÑO DE TUI-2015,Augas Tranquilas,312,M JUN K1 14000,Final,Final,1127,,404,10,01:44:23,,
2015-08-15,2,Galicia,288,L DESCENSO MIÑO DE TUI-2015,Augas Tranquilas,312,M JUN K1 14000,Final,Final,1122,,405,11,01:47:48,,
2015-08-15,2,Galicia,288,L DESCENSO MIÑO DE TUI-2015,Augas Tranquilas,312,M JUN K1 14000,Final,Final,1126,,412,12,01:49:16,,
2015-08-15,2,Galicia,288,L DESCENSO MIÑO DE TUI-2015,Augas Tranquilas,312,M JUN K1 14000,Final,Final,1654,,410,13,01:49:30,,
2015-08-15,2,Galicia,288,L DESCENSO MIÑO DE TUI-2015,Augas Tranquilas,312,M JUN K1 14000,Final,Final,1655,,418,14,01:54:03,,
2015-08-15,2,Galicia,288,L DESCENSO MIÑO DE TUI-2015,Augas Tranquilas,312,M JUN K1 14000,Final,Final,1656,,407,15,02:00:03,,
2015-08-15,2,Galicia,288,L DESCENSO MIÑO DE TUI-2015,Augas Tranquilas,312,M JUN K1 14000,Final,Final,1657,,400,16,02:02:00,,
2015-08-15,2,Galicia,288,L DESCENSO MIÑO DE TUI-2015,Augas Tranquilas,312,M JUN K1 14000,Final,Final,1658,,408,17,00:00:00,,
2015-08-15,2,Galicia,288,L DESCENSO MIÑO DE TUI-2015,Augas Tranquilas,313,M JUN K2 14000,Final,Final,1124 1125,,1401,1,01:17:53,105,
2015-08-15,2,Galicia,288,L DESCENSO MIÑO DE TUI-2015,Augas Tranquilas,313,M JUN K2 14000,Final,Final,1075 1119,,1405,2,01:18:50,102,
2015-08-15,2,Galicia,288,L DESCENSO MIÑO DE TUI-2015,Augas Tranquilas,313,M JUN K2 14000,Final,Final,1120 1121,,1400,3,01:21:36,99,
2015-08-15,2,Galicia,288,L DESCENSO MIÑO DE TUI-2015,Augas Tranquilas,313,M JUN K2 14000,Final,Final,1659 1660,,1406,4,01:27:34,97,
2015-08-15,2,Galicia,288,L DESCENSO MIÑO DE TUI-2015,Augas Tranquilas,313,M JUN K2 14000,Final,Final,1661 1662,,1407,5,01:29:02,96,
2015-08-15,2,Galicia,288,L DESCENSO MIÑO DE TUI-2015,Augas Tranquilas,313,M JUN K2 14000,Final,Final,833 1077,,1404,6,01:33:19,95,
2015-08-15,2,Galicia,288,L DESCENSO MIÑO DE TUI-2015,Augas Tranquilas,313,M JUN K2 14000,Final,Final,1663 1664,,1403,7,01:37:56,94,
2015-08-15,2,Galicia,288,L DESCENSO MIÑO DE TUI-2015,Augas Tranquilas,313,M JUN K2 14000,Final,Final,1081 1113,,1402,8,01:41:29,,
2015-08-15,2,Galicia,288,L DESCENSO MIÑO DE TUI-2015,Augas Tranquilas,314,M JUN C1 14000,Final,Final,1665,,499,1,00:00:00,,
2015-08-15,2,Galicia,288,L DESCENSO MIÑO DE TUI-2015,Augas Tranquilas,316,M CAD K1 14000,Final,Final,1666,,521,1,01:21:07,55,
2015-08-15,2,Galicia,288,L DESCENSO MIÑO DE TUI-2015,Augas Tranquilas,316,M CAD K1 14000,Final,Final,1096,,503,2,01:21:33,52,
2015-08-15,2,Galicia,288,L DESCENSO MIÑO DE TUI-2015,Augas Tranquilas,316,M CAD K1 14000,Final,Final,1667,,520,3,01:22:44,49,
2015-08-15,2,Galicia,288,L DESCENSO MIÑO DE TUI-2015,Augas Tranquilas,316,M CAD K1 14000,Final,Final,1117,,513,4,01:23:34,47,
2015-08-15,2,Galicia,288,L DESCENSO MIÑO DE TUI-2015,Augas Tranquilas,316,M CAD K1 14000,Final,Final,1097,,500,5,01:26:20,46,
2015-08-15,2,Galicia,288,L DESCENSO MIÑO DE TUI-2015,Augas Tranquilas,316,M CAD K1 14000,Final,Final,1668,,512,6,01:29:33,45,
2015-08-15,2,Galicia,288,L DESCENSO MIÑO DE TUI-2015,Augas Tranquilas,316,M CAD K1 14000,Final,Final,1669,,519,7,01:30:34,44,
2015-08-15,2,Galicia,288,L DESCENSO MIÑO DE TUI-2015,Augas Tranquilas,316,M CAD K1 14000,Final,Final,1099,,515,8,01:34:41,43,
2015-08-15,2,Galicia,288,L DESCENSO MIÑO DE TUI-2015,Augas Tranquilas,316,M CAD K1 14000,Final,Final,1103,,509,9,01:36:42,42,
2015-08-15,2,Galicia,288,L DESCENSO MIÑO DE TUI-2015,Augas Tranquilas,316,M CAD K1 14000,Final,Final,3359,,508,10,01:36:56,41,
2015-08-15,2,Galicia,288,L DESCENSO MIÑO DE TUI-2015,Augas Tranquilas,316,M CAD K1 14000,Final,Final,1670,,522,11,01:39:34,40,
2015-08-15,2,Galicia,288,L DESCENSO MIÑO DE TUI-2015,Augas Tranquilas,316,M CAD K1 14000,Final,Final,1658,,510,12,01:42:11,,
2015-08-15,2,Galicia,288,L DESCENSO MIÑO DE TUI-2015,Augas Tranquilas,316,M CAD K1 14000,Final,Final,4805,,507,13,01:42:25,,
2015-08-15,2,Galicia,288,L DESCENSO MIÑO DE TUI-2015,Augas Tranquilas,316,M CAD K1 14000,Final,Final,1101,,514,14,01:43:26,,
2015-08-15,2,Galicia,288,L DESCENSO MIÑO DE TUI-2015,Augas Tranquilas,316,M CAD K1 14000,Final,Final,1672,,518,15,01:44:34,,
2015-08-15,2,Galicia,288,L DESCENSO MIÑO DE TUI-2015,Augas Tranquilas,316,M CAD K1 14000,Final,Final,2936,,505,16,01:50:19,,
2015-08-15,2,Galicia,288,L DESCENSO MIÑO DE TUI-2015,Augas Tranquilas,316,M CAD K1 14000,Final,Final,1673,,523,17,01:54:38,,
2015-08-15,2,Galicia,288,L DESCENSO MIÑO DE TUI-2015,Augas Tranquilas,316,M CAD K1 14000,Final,Final,1674,,517,18,02:02:37,,
2015-08-15,2,Galicia,288,L DESCENSO MIÑO DE TUI-2015,Augas Tranquilas,316,M CAD K1 14000,Final,Final,1675,,506,19,02:02:40,,
2015-08-15,2,Galicia,288,L DESCENSO MIÑO DE TUI-2015,Augas Tranquilas,316,M CAD K1 14000,Final,Final,1084,,504,20,00:00:00,,
2015-08-15,2,Galicia,288,L DESCENSO MIÑO DE TUI-2015,Augas Tranquilas,316,M CAD K1 14000,Final,Final,1676,,511,21,00:00:00,,
2015-08-15,2,Galicia,288,L DESCENSO MIÑO DE TUI-2015,Augas Tranquilas,316,M CAD K1 14000,Final,Final,1104,,516,22,00:00:00,,
2015-08-15,2,Galicia,288,L DESCENSO MIÑO DE TUI-2015,Augas Tranquilas,316,M CAD K1 14000,Final,Final,1677,,524,23,00:00:00,,
2015-08-15,2,Galicia,288,L DESCENSO MIÑO DE TUI-2015,Augas Tranquilas,316,M CAD K1 14000,Final,Final,1678,,525,24,00:00:00,,
2015-08-15,2,Galicia,288,L DESCENSO MIÑO DE TUI-2015,Augas Tranquilas,317,M CAD K2 14000,Final,Final,1091 1095,,1506,1,01:17:06,105,
2015-08-15,2,Galicia,288,L DESCENSO MIÑO DE TUI-2015,Augas Tranquilas,317,M CAD K2 14000,Final,Final,1679 1680,,1513,2,01:17:51,102,
2015-08-15,2,Galicia,288,L DESCENSO MIÑO DE TUI-2015,Augas Tranquilas,317,M CAD K2 14000,Final,Final,1084 1087,,1504,3,01:19:56,99,
2015-08-15,2,Galicia,288,L DESCENSO MIÑO DE TUI-2015,Augas Tranquilas,317,M CAD K2 14000,Final,Final,855 858,,1512,4,01:21:41,97,
2015-08-15,2,Galicia,288,L DESCENSO MIÑO DE TUI-2015,Augas Tranquilas,317,M CAD K2 14000,Final,Final,1079 1085,,1502,5,01:23:41,96,
2015-08-15,2,Galicia,288,L DESCENSO MIÑO DE TUI-2015,Augas Tranquilas,317,M CAD K2 14000,Final,Final,1078 1094,,1505,6,01:24:06,95,
2015-08-15,2,Galicia,288,L DESCENSO MIÑO DE TUI-2015,Augas Tranquilas,317,M CAD K2 14000,Final,Final,1681 1682,,1514,7,01:25:01,94,
2015-08-15,2,Galicia,288,L DESCENSO MIÑO DE TUI-2015,Augas Tranquilas,317,M CAD K2 14000,Final,Final,1683 1684,,1515,8,01:25:26,93,
2015-08-15,2,Galicia,288,L DESCENSO MIÑO DE TUI-2015,Augas Tranquilas,317,M CAD K2 14000,Final,Final,1102 1106,,1500,9,01:26:50,92,
2015-08-15,2,Galicia,288,L DESCENSO MIÑO DE TUI-2015,Augas Tranquilas,317,M CAD K2 14000,Final,Final,1685 1686,,1511,10,01:27:25,91,
2015-08-15,2,Galicia,288,L DESCENSO MIÑO DE TUI-2015,Augas Tranquilas,317,M CAD K2 14000,Final,Final,1082 1083,,1508,11,01:28:34,90,
2015-08-15,2,Galicia,288,L DESCENSO MIÑO DE TUI-2015,Augas Tranquilas,317,M CAD K2 14000,Final,Final,1080 1108,,1501,12,01:30:06,89,
2015-08-15,2,Galicia,288,L DESCENSO MIÑO DE TUI-2015,Augas Tranquilas,317,M CAD K2 14000,Final,Final,2801 3039,,1507,13,01:33:34,88,
2015-08-15,2,Galicia,288,L DESCENSO MIÑO DE TUI-2015,Augas Tranquilas,317,M CAD K2 14000,Final,Final,1090 1688,,1510,14,01:39:19,,
2015-08-15,2,Galicia,288,L DESCENSO MIÑO DE TUI-2015,Augas Tranquilas,317,M CAD K2 14000,Final,Final,1689 1690,,1509,15,01:41:10,,
2015-08-15,2,Galicia,288,L DESCENSO MIÑO DE TUI-2015,Augas Tranquilas,317,M CAD K2 14000,Final,Final,1111 1115,,1503,16,01:52:17,,
2015-08-15,2,Galicia,288,L DESCENSO MIÑO DE TUI-2015,Augas Tranquilas,318,M CAD C1 14000,Final,Final,1118,,592,1,01:55:45,55,
2015-08-15,2,Galicia,288,L DESCENSO MIÑO DE TUI-2015,Augas Tranquilas,318,M CAD C1 14000,Final,Final,1691,,591,2,01:57:01,52,
2015-08-15,2,Galicia,288,L DESCENSO MIÑO DE TUI-2015,Augas Tranquilas,318,M CAD C1 14000,Final,Final,1692,,590,3,01:59:58,49,
2015-08-15,2,Galicia,288,L DESCENSO MIÑO DE TUI-2015,Augas Tranquilas,320,M VET K1 14000,Final,Final,1191,,954,1,01:30:08,55,
2015-08-15,2,Galicia,288,L DESCENSO MIÑO DE TUI-2015,Augas Tranquilas,320,M VET K1 14000,Final,Final,1693,,950,2,01:31:28,52,
2015-08-15,2,Galicia,288,L DESCENSO MIÑO DE TUI-2015,Augas Tranquilas,320,M VET K1 14000,Final,Final,1694,,955,3,01:43:14,49,
2015-08-15,2,Galicia,288,L DESCENSO MIÑO DE TUI-2015,Augas Tranquilas,320,M VET K1 14000,Final,Final,1192,,953,4,01:43:38,47,
2015-08-15,2,Galicia,288,L DESCENSO MIÑO DE TUI-2015,Augas Tranquilas,320,M VET K1 14000,Final,Final,1695,,951,5,00:00:00,,
2015-08-15,2,Galicia,288,L DESCENSO MIÑO DE TUI-2015,Augas Tranquilas,320,M VET K1 14000,Final,Final,1696,,952,6,00:00:00,,
2015-08-15,2,Galicia,288,L DESCENSO MIÑO DE TUI-2015,Augas Tranquilas,320,M VET K1 14000,Final,Final,1697,,956,7,00:00:00,,
2015-08-15,2,Galicia,288,L DESCENSO MIÑO DE TUI-2015,Augas Tranquilas,322,M SEN K1 14000,Final,Final,1129,,300,1,01:21:05,55,
2015-08-15,2,Galicia,288,L DESCENSO MIÑO DE TUI-2015,Augas Tranquilas,322,M SEN K1 14000,Final,Final,1698,,303,2,01:28:07,52,
2015-08-15,2,Galicia,288,L DESCENSO MIÑO DE TUI-2015,Augas Tranquilas,322,M SEN K1 14000,Final,Final,1699,,310,3,01:31:30,49,
2015-08-15,2,Galicia,288,L DESCENSO MIÑO DE TUI-2015,Augas Tranquilas,322,M SEN K1 14000,Final,Final,1136,,307,4,01:33:48,47,
2015-08-15,2,Galicia,288,L DESCENSO MIÑO DE TUI-2015,Augas Tranquilas,322,M SEN K1 14000,Final,Final,2922,,305,5,01:38:42,46,
2015-08-15,2,Galicia,288,L DESCENSO MIÑO DE TUI-2015,Augas Tranquilas,322,M SEN K1 14000,Final,Final,1142,,306,6,01:52:15,,
2015-08-15,2,Galicia,288,L DESCENSO MIÑO DE TUI-2015,Augas Tranquilas,322,M SEN K1 14000,Final,Final,1143,,301,7,01:53:33,,
2015-08-15,2,Galicia,288,L DESCENSO MIÑO DE TUI-2015,Augas Tranquilas,322,M SEN K1 14000,Final,Final,1700,,308,8,01:54:47,,
2015-08-15,2,Galicia,288,L DESCENSO MIÑO DE TUI-2015,Augas Tranquilas,322,M SEN K1 14000,Final,Final,1141,,302,9,01:55:17,,
2015-08-15,2,Galicia,288,L DESCENSO MIÑO DE TUI-2015,Augas Tranquilas,322,M SEN K1 14000,Final,Final,1701,,304,10,00:00:00,,
2015-08-15,2,Galicia,288,L DESCENSO MIÑO DE TUI-2015,Augas Tranquilas,323,H VET C1 14000,Final,Final,1702,,992,1,01:22:51,55,
2015-08-15,2,Galicia,288,L DESCENSO MIÑO DE TUI-2015,Augas Tranquilas,323,H VET C1 14000,Final,Final,1703,,990,2,01:26:59,52,
2015-08-15,2,Galicia,288,L DESCENSO MIÑO DE TUI-2015,Augas Tranquilas,323,H VET C1 14000,Final,Final,1704,,997,3,01:27:14,49,
2015-08-15,2,Galicia,288,L DESCENSO MIÑO DE TUI-2015,Augas Tranquilas,323,H VET C1 14000,Final,Final,1705,,993,4,01:34:36,47,
2015-08-15,2,Galicia,288,L DESCENSO MIÑO DE TUI-2015,Augas Tranquilas,323,H VET C1 14000,Final,Final,2822,,991,5,01:35:41,46,
2015-08-15,2,Galicia,288,L DESCENSO MIÑO DE TUI-2015,Augas Tranquilas,323,H VET C1 14000,Final,Final,1707,,994,6,01:45:35,,
2015-08-15,2,Galicia,288,L DESCENSO MIÑO DE TUI-2015,Augas Tranquilas,323,H VET C1 14000,Final,Final,1708,,995,7,00:00:00,,
2015-08-15,2,Galicia,288,L DESCENSO MIÑO DE TUI-2015,Augas Tranquilas,323,H VET C1 14000,Final,Final,1709,,996,8,00:00:00,,
2015-08-15,2,Galicia,288,L DESCENSO MIÑO DE TUI-2015,Augas Tranquilas,324,H SEN K2 14000,Final,Final,979 980,,1005,1,01:00:04,105,
2015-08-15,2,Galicia,288,L DESCENSO MIÑO DE TUI-2015,Augas Tranquilas,324,H SEN K2 14000,Final,Final,983 984,,1000,2,01:03:32,102,
2015-08-15,2,Galicia,288,L DESCENSO MIÑO DE TUI-2015,Augas Tranquilas,324,H SEN K2 14000,Final,Final,1710 1711,,1019,3,01:03:34,99,
2015-08-15,2,Galicia,288,L DESCENSO MIÑO DE TUI-2015,Augas Tranquilas,324,H SEN K2 14000,Final,Final,1712 1713,,1007,4,01:03:44,97,
2015-08-15,2,Galicia,288,L DESCENSO MIÑO DE TUI-2015,Augas Tranquilas,324,H SEN K2 14000,Final,Final,1714 1715,,1004,5,01:03:57,96,
2015-08-15,2,Galicia,288,L DESCENSO MIÑO DE TUI-2015,Augas Tranquilas,324,H SEN K2 14000,Final,Final,1716 1717,,1002,6,01:05:37,95,
2015-08-15,2,Galicia,288,L DESCENSO MIÑO DE TUI-2015,Augas Tranquilas,324,H SEN K2 14000,Final,Final,985 1718,,1006,7,01:06:53,94,
2015-08-15,2,Galicia,288,L DESCENSO MIÑO DE TUI-2015,Augas Tranquilas,324,H SEN K2 14000,Final,Final,986 1719,,1009,8,01:07:45,93,
2015-08-15,2,Galicia,288,L DESCENSO MIÑO DE TUI-2015,Augas Tranquilas,324,H SEN K2 14000,Final,Final,1720 1721,,1015,9,01:07:45,92,
2015-08-15,2,Galicia,288,L DESCENSO MIÑO DE TUI-2015,Augas Tranquilas,324,H SEN K2 14000,Final,Final,1722 1723,,1023,10,01:08:47,91,
2015-08-15,2,Galicia,288,L DESCENSO MIÑO DE TUI-2015,Augas Tranquilas,324,H SEN K2 14000,Final,Final,860 882,,1003,11,01:09:10,90,
2015-08-15,2,Galicia,288,L DESCENSO MIÑO DE TUI-2015,Augas Tranquilas,324,H SEN K2 14000,Final,Final,1724 1725,,1022,12,01:11:52,89,
2015-08-15,2,Galicia,288,L DESCENSO MIÑO DE TUI-2015,Augas Tranquilas,324,H SEN K2 14000,Final,Final,957 1726,,1020,13,01:12:48,88,
2015-08-15,2,Galicia,288,L DESCENSO MIÑO DE TUI-2015,Augas Tranquilas,324,H SEN K2 14000,Final,Final,1727 1728,,1008,14,01:13:40,87,
2015-08-15,2,Galicia,288,L DESCENSO MIÑO DE TUI-2015,Augas Tranquilas,324,H SEN K2 14000,Final,Final,1729 1730,,1016,15,01:13:54,86,
2015-08-15,2,Galicia,288,L DESCENSO MIÑO DE TUI-2015,Augas Tranquilas,324,H SEN K2 14000,Final,Final,987 988,,1013,16,01:15:48,85,
2015-08-15,2,Galicia,288,L DESCENSO MIÑO DE TUI-2015,Augas Tranquilas,324,H SEN K2 14000,Final,Final,995 1731,,1001,17,01:17:38,84,
2015-08-15,2,Galicia,288,L DESCENSO MIÑO DE TUI-2015,Augas Tranquilas,324,H SEN K2 14000,Final,Final,1732 1733,,1012,18,01:21:02,83,
2015-08-15,2,Galicia,288,L DESCENSO MIÑO DE TUI-2015,Augas Tranquilas,324,H SEN K2 14000,Final,Final,1631 3017,,1014,19,01:22:53,,
2015-08-15,2,Galicia,288,L DESCENSO MIÑO DE TUI-2015,Augas Tranquilas,324,H SEN K2 14000,Final,Final,1735 1736,,1017,20,01:26:15,,
2015-08-15,2,Galicia,288,L DESCENSO MIÑO DE TUI-2015,Augas Tranquilas,324,H SEN K2 14000,Final,Final,3682 3705,,1011,21,01:27:59,,
2015-08-15,2,Galicia,288,L DESCENSO MIÑO DE TUI-2015,Augas Tranquilas,324,H SEN K2 14000,Final,Final,1739 1740,,1010,22,00:00:00,,
2015-08-15,2,Galicia,288,L DESCENSO MIÑO DE TUI-2015,Augas Tranquilas,324,H SEN K2 14000,Final,Final,1034 1741,,1018,23,00:00:00,,
2015-08-15,2,Galicia,288,L DESCENSO MIÑO DE TUI-2015,Augas Tranquilas,324,H SEN K2 14000,Final,Final,3072 3372,,1021,24,00:00:00,,
2015-08-15,2,Galicia,288,L DESCENSO MIÑO DE TUI-2015,Augas Tranquilas,325,H SEN C1 14000,Final,Final,1744,,609,1,01:13:05,55,
2015-08-15,2,Galicia,288,L DESCENSO MIÑO DE TUI-2015,Augas Tranquilas,325,H SEN C1 14000,Final,Final,1745,,618,2,01:14:24,52,
2015-08-15,2,Galicia,288,L DESCENSO MIÑO DE TUI-2015,Augas Tranquilas,325,H SEN C1 14000,Final,Final,1746,,620,3,01:17:16,49,
2015-08-15,2,Galicia,288,L DESCENSO MIÑO DE TUI-2015,Augas Tranquilas,325,H SEN C1 14000,Final,Final,1747,,604,4,01:17:40,47,
2015-08-15,2,Galicia,288,L DESCENSO MIÑO DE TUI-2015,Augas Tranquilas,325,H SEN C1 14000,Final,Final,3631,,610,5,01:19:01,46,
2015-08-15,2,Galicia,288,L DESCENSO MIÑO DE TUI-2015,Augas Tranquilas,325,H SEN C1 14000,Final,Final,1037,,600,6,01:21:09,45,
2015-08-15,2,Galicia,288,L DESCENSO MIÑO DE TUI-2015,Augas Tranquilas,325,H SEN C1 14000,Final,Final,1027,,601,7,01:22:08,44,
2015-08-15,2,Galicia,288,L DESCENSO MIÑO DE TUI-2015,Augas Tranquilas,325,H SEN C1 14000,Final,Final,1026,,612,8,01:25:52,43,
2015-08-15,2,Galicia,288,L DESCENSO MIÑO DE TUI-2015,Augas Tranquilas,325,H SEN C1 14000,Final,Final,1039,,602,9,01:29:52,42,
2015-08-15,2,Galicia,288,L DESCENSO MIÑO DE TUI-2015,Augas Tranquilas,325,H SEN C1 14000,Final,Final,1749,,621,10,01:30:31,41,
2015-08-15,2,Galicia,288,L DESCENSO MIÑO DE TUI-2015,Augas Tranquilas,325,H SEN C1 14000,Final,Final,1750,,619,11,01:31:06,40,
2015-08-15,2,Galicia,288,L DESCENSO MIÑO DE TUI-2015,Augas Tranquilas,325,H SEN C1 14000,Final,Final,1751,,606,12,01:31:53,39,
2015-08-15,2,Galicia,288,L DESCENSO MIÑO DE TUI-2015,Augas Tranquilas,325,H SEN C1 14000,Final,Final,1752,,616,13,01:33:26,38,
2015-08-15,2,Galicia,288,L DESCENSO MIÑO DE TUI-2015,Augas Tranquilas,325,H SEN C1 14000,Final,Final,1753,,605,14,01:36:05,,
2015-08-15,2,Galicia,288,L DESCENSO MIÑO DE TUI-2015,Augas Tranquilas,325,H SEN C1 14000,Final,Final,1033,,611,15,01:38:01,,
2015-08-15,2,Galicia,288,L DESCENSO MIÑO DE TUI-2015,Augas Tranquilas,325,H SEN C1 14000,Final,Final,1754,,607,16,01:39:57,,
2015-08-15,2,Galicia,288,L DESCENSO MIÑO DE TUI-2015,Augas Tranquilas,325,H SEN C1 14000,Final,Final,1755,,614,17,01:41:02,,
2015-08-15,2,Galicia,288,L DESCENSO MIÑO DE TUI-2015,Augas Tranquilas,325,H SEN C1 14000,Final,Final,1756,,613,18,01:45:18,,
2015-08-15,2,Galicia,288,L DESCENSO MIÑO DE TUI-2015,Augas Tranquilas,325,H SEN C1 14000,Final,Final,1757,,608,19,00:00:00,,
2015-08-15,2,Galicia,288,L DESCENSO MIÑO DE TUI-2015,Augas Tranquilas,325,H SEN C1 14000,Final,Final,1758,,617,20,00:00:00,,
2015-08-15,2,Galicia,288,L DESCENSO MIÑO DE TUI-2015,Augas Tranquilas,326,H SEN C2 14000,Final,Final,1759 1760,,1603,1,01:08:35,105,
2015-08-15,2,Galicia,288,L DESCENSO MIÑO DE TUI-2015,Augas Tranquilas,326,H SEN C2 14000,Final,Final,1761 1762,,1604,2,01:11:05,102,
2015-08-15,2,Galicia,288,L DESCENSO MIÑO DE TUI-2015,Augas Tranquilas,326,H SEN C2 14000,Final,Final,1763 1764,,1608,3,01:15:39,99,
2015-08-15,2,Galicia,288,L DESCENSO MIÑO DE TUI-2015,Augas Tranquilas,326,H SEN C2 14000,Final,Final,1028 1765,,1602,4,01:16:52,97,
2015-08-15,2,Galicia,288,L DESCENSO MIÑO DE TUI-2015,Augas Tranquilas,326,H SEN C2 14000,Final,Final,1042 2915,,1605,5,01:26:17,96,
2015-08-15,2,Galicia,288,L DESCENSO MIÑO DE TUI-2015,Augas Tranquilas,326,H SEN C2 14000,Final,Final,1758 1767,,1610,6,01:29:41,,
2015-08-15,2,Galicia,288,L DESCENSO MIÑO DE TUI-2015,Augas Tranquilas,326,H SEN C2 14000,Final,Final,1036 1768,,1600,7,01:30:10,,
2015-08-15,2,Galicia,288,L DESCENSO MIÑO DE TUI-2015,Augas Tranquilas,326,H SEN C2 14000,Final,Final,1769 1770,,1601,8,00:00:00,,
2015-08-15,2,Galicia,288,L DESCENSO MIÑO DE TUI-2015,Augas Tranquilas,326,H SEN C2 14000,Final,Final,1771 1772,,1607,9,00:00:00,,
2015-08-15,2,Galicia,288,L DESCENSO MIÑO DE TUI-2015,Augas Tranquilas,327,H JUN K1 14000,Final,Final,3369,,115,1,01:07:53,55,
2015-08-15,2,Galicia,288,L DESCENSO MIÑO DE TUI-2015,Augas Tranquilas,327,H JUN K1 14000,Final,Final,1774,,133,2,01:09:08,52,
2015-08-15,2,Galicia,288,L DESCENSO MIÑO DE TUI-2015,Augas Tranquilas,327,H JUN K1 14000,Final,Final,1775,,116,3,01:15:03,49,
2015-08-15,2,Galicia,288,L DESCENSO MIÑO DE TUI-2015,Augas Tranquilas,327,H JUN K1 14000,Final,Final,1776,,127,4,01:15:22,47,
2015-08-15,2,Galicia,288,L DESCENSO MIÑO DE TUI-2015,Augas Tranquilas,327,H JUN K1 14000,Final,Final,1777,,114,5,01:18:26,46,
2015-08-15,2,Galicia,288,L DESCENSO MIÑO DE TUI-2015,Augas Tranquilas,327,H JUN K1 14000,Final,Final,971,,104,6,01:18:45,45,
2015-08-15,2,Galicia,288,L DESCENSO MIÑO DE TUI-2015,Augas Tranquilas,327,H JUN K1 14000,Final,Final,1778,,134,7,01:20:30,44,
2015-08-15,2,Galicia,288,L DESCENSO MIÑO DE TUI-2015,Augas Tranquilas,327,H JUN K1 14000,Final,Final,1779,,128,8,01:20:52,43,
2015-08-15,2,Galicia,288,L DESCENSO MIÑO DE TUI-2015,Augas Tranquilas,327,H JUN K1 14000,Final,Final,1780,,125,9,01:21:29,42,
2015-08-15,2,Galicia,288,L DESCENSO MIÑO DE TUI-2015,Augas Tranquilas,327,H JUN K1 14000,Final,Final,865,,103,10,01:21:55,41,
2015-08-15,2,Galicia,288,L DESCENSO MIÑO DE TUI-2015,Augas Tranquilas,327,H JUN K1 14000,Final,Final,1009,,100,11,01:22:34,40,
2015-08-15,2,Galicia,288,L DESCENSO MIÑO DE TUI-2015,Augas Tranquilas,327,H JUN K1 14000,Final,Final,967,,109,12,01:25:22,39,
2015-08-15,2,Galicia,288,L DESCENSO MIÑO DE TUI-2015,Augas Tranquilas,327,H JUN K1 14000,Final,Final,960,,111,13,01:25:38,38,
2015-08-15,2,Galicia,288,L DESCENSO MIÑO DE TUI-2015,Augas Tranquilas,327,H JUN K1 14000,Final,Final,961,,120,14,01:25:53,37,
2015-08-15,2,Galicia,288,L DESCENSO MIÑO DE TUI-2015,Augas Tranquilas,327,H JUN K1 14000,Final,Final,1781,,119,15,01:28:11,36,
2015-08-15,2,Galicia,288,L DESCENSO MIÑO DE TUI-2015,Augas Tranquilas,327,H JUN K1 14000,Final,Final,974,,121,16,01:30:23,,
2015-08-15,2,Galicia,288,L DESCENSO MIÑO DE TUI-2015,Augas Tranquilas,327,H JUN K1 14000,Final,Final,965,,122,17,01:30:41,,
2015-08-15,2,Galicia,288,L DESCENSO MIÑO DE TUI-2015,Augas Tranquilas,327,H JUN K1 14000,Final,Final,1004,,123,18,01:30:49,,
2015-08-15,2,Galicia,288,L DESCENSO MIÑO DE TUI-2015,Augas Tranquilas,327,H JUN K1 14000,Final,Final,1782,,132,19,01:39:35,,
2015-08-15,2,Galicia,288,L DESCENSO MIÑO DE TUI-2015,Augas Tranquilas,327,H JUN K1 14000,Final,Final,1783,,117,20,01:39:41,,
2015-08-15,2,Galicia,288,L DESCENSO MIÑO DE TUI-2015,Augas Tranquilas,327,H JUN K1 14000,Final,Final,1784,,129,21,01:40:21,,
2015-08-15,2,Galicia,288,L DESCENSO MIÑO DE TUI-2015,Augas Tranquilas,327,H JUN K1 14000,Final,Final,1785,,126,22,01:40:59,,
2015-08-15,2,Galicia,288,L DESCENSO MIÑO DE TUI-2015,Augas Tranquilas,327,H JUN K1 14000,Final,Final,978,,118,23,01:41:16,,
2015-08-15,2,Galicia,288,L DESCENSO MIÑO DE TUI-2015,Augas Tranquilas,327,H JUN K1 14000,Final,Final,1786,,112,24,01:42:10,,
2015-08-15,2,Galicia,288,L DESCENSO MIÑO DE TUI-2015,Augas Tranquilas,327,H JUN K1 14000,Final,Final,1787,,113,25,01:43:21,,
2015-08-15,2,Galicia,288,L DESCENSO MIÑO DE TUI-2015,Augas Tranquilas,327,H JUN K1 14000,Final,Final,1788,,105,26,00:00:00,,
2015-08-15,2,Galicia,288,L DESCENSO MIÑO DE TUI-2015,Augas Tranquilas,327,H JUN K1 14000,Final,Final,973,,106,27,00:00:00,,
2015-08-15,2,Galicia,288,L DESCENSO MIÑO DE TUI-2015,Augas Tranquilas,327,H JUN K1 14000,Final,Final,1789,,107,28,00:00:00,,
2015-08-15,2,Galicia,288,L DESCENSO MIÑO DE TUI-2015,Augas Tranquilas,327,H JUN K1 14000,Final,Final,972,,108,29,00:00:00,,
2015-08-15,2,Galicia,288,L DESCENSO MIÑO DE TUI-2015,Augas Tranquilas,327,H JUN K1 14000,Final,Final,3059,,110,30,00:00:00,,
2015-08-15,2,Galicia,288,L DESCENSO MIÑO DE TUI-2015,Augas Tranquilas,327,H JUN K1 14000,Final,Final,970,,124,31,00:00:00,,
2015-08-15,2,Galicia,288,L DESCENSO MIÑO DE TUI-2015,Augas Tranquilas,327,H JUN K1 14000,Final,Final,1791,,135,32,00:00:00,,
2015-08-15,2,Galicia,288,L DESCENSO MIÑO DE TUI-2015,Augas Tranquilas,328,H JUN K2 14000,Final,Final,1792 1793,,1121,1,01:03:46,105,
2015-08-15,2,Galicia,288,L DESCENSO MIÑO DE TUI-2015,Augas Tranquilas,328,H JUN K2 14000,Final,Final,964 4811,,1117,2,01:08:33,102,
2015-08-15,2,Galicia,288,L DESCENSO MIÑO DE TUI-2015,Augas Tranquilas,328,H JUN K2 14000,Final,Final,962 3371,,1100,3,01:10:34,99,
2015-08-15,2,Galicia,288,L DESCENSO MIÑO DE TUI-2015,Augas Tranquilas,328,H JUN K2 14000,Final,Final,1795 1796,,1105,4,01:10:40,97,
2015-08-15,2,Galicia,288,L DESCENSO MIÑO DE TUI-2015,Augas Tranquilas,328,H JUN K2 14000,Final,Final,958 1788,,1108,5,01:11:55,96,
2015-08-15,2,Galicia,288,L DESCENSO MIÑO DE TUI-2015,Augas Tranquilas,328,H JUN K2 14000,Final,Final,1797 1798,,1115,6,01:14:52,95,
2015-08-15,2,Galicia,288,L DESCENSO MIÑO DE TUI-2015,Augas Tranquilas,328,H JUN K2 14000,Final,Final,1001 1002,,1107,7,01:16:42,94,
2015-08-15,2,Galicia,288,L DESCENSO MIÑO DE TUI-2015,Augas Tranquilas,328,H JUN K2 14000,Final,Final,999 1000,,1109,8,01:17:42,93,
2015-08-15,2,Galicia,288,L DESCENSO MIÑO DE TUI-2015,Augas Tranquilas,328,H JUN K2 14000,Final,Final,1799 1800,,1114,9,01:18:02,92,
2015-08-15,2,Galicia,288,L DESCENSO MIÑO DE TUI-2015,Augas Tranquilas,328,H JUN K2 14000,Final,Final,863 866,,1116,10,01:19:02,91,
2015-08-15,2,Galicia,288,L DESCENSO MIÑO DE TUI-2015,Augas Tranquilas,328,H JUN K2 14000,Final,Final,1006 1789,,1110,11,01:20:28,90,
2015-08-15,2,Galicia,288,L DESCENSO MIÑO DE TUI-2015,Augas Tranquilas,328,H JUN K2 14000,Final,Final,1801 3073,,1106,12,01:20:44,89,
2015-08-15,2,Galicia,288,L DESCENSO MIÑO DE TUI-2015,Augas Tranquilas,328,H JUN K2 14000,Final,Final,1172 1179,,1101,13,01:20:54,88,
2015-08-15,2,Galicia,288,L DESCENSO MIÑO DE TUI-2015,Augas Tranquilas,328,H JUN K2 14000,Final,Final,1802 1803,,1120,14,01:21:45,87,
2015-08-15,2,Galicia,288,L DESCENSO MIÑO DE TUI-2015,Augas Tranquilas,328,H JUN K2 14000,Final,Final,968 1804,,1102,15,01:23:27,86,
2015-08-15,2,Galicia,288,L DESCENSO MIÑO DE TUI-2015,Augas Tranquilas,328,H JUN K2 14000,Final,Final,1007 1008,,1103,16,01:29:25,,
2015-08-15,2,Galicia,288,L DESCENSO MIÑO DE TUI-2015,Augas Tranquilas,328,H JUN K2 14000,Final,Final,1003 1805,,1118,17,01:29:28,,
2015-08-15,2,Galicia,288,L DESCENSO MIÑO DE TUI-2015,Augas Tranquilas,328,H JUN K2 14000,Final,Final,1187 1806,,1111,18,01:35:36,,
2015-08-15,2,Galicia,288,L DESCENSO MIÑO DE TUI-2015,Augas Tranquilas,328,H JUN K2 14000,Final,Final,1159 1807,,1104,19,01:36:41,,
2015-08-15,2,Galicia,288,L DESCENSO MIÑO DE TUI-2015,Augas Tranquilas,328,H JUN K2 14000,Final,Final,1808 1809,,1112,20,00:00:00,,
2015-08-15,2,Galicia,288,L DESCENSO MIÑO DE TUI-2015,Augas Tranquilas,328,H JUN K2 14000,Final,Final,1810 1811,,1113,21,00:00:00,,
2015-08-15,2,Galicia,288,L DESCENSO MIÑO DE TUI-2015,Augas Tranquilas,328,H JUN K2 14000,Final,Final,2957 3053,,1119,22,00:00:00,,
2015-08-15,2,Galicia,288,L DESCENSO MIÑO DE TUI-2015,Augas Tranquilas,329,H JUN C1 14000,Final,Final,1814,,706,1,01:19:32,55,
2015-08-15,2,Galicia,288,L DESCENSO MIÑO DE TUI-2015,Augas Tranquilas,329,H JUN C1 14000,Final,Final,1815,,705,2,01:25:24,52,
2015-08-15,2,Galicia,288,L DESCENSO MIÑO DE TUI-2015,Augas Tranquilas,329,H JUN C1 14000,Final,Final,1816,,703,3,01:29:09,49,
2015-08-15,2,Galicia,288,L DESCENSO MIÑO DE TUI-2015,Augas Tranquilas,329,H JUN C1 14000,Final,Final,1817,,707,4,01:31:48,47,
2015-08-15,2,Galicia,288,L DESCENSO MIÑO DE TUI-2015,Augas Tranquilas,329,H JUN C1 14000,Final,Final,1818,,704,5,01:40:19,46,
2015-08-15,2,Galicia,288,L DESCENSO MIÑO DE TUI-2015,Augas Tranquilas,329,H JUN C1 14000,Final,Final,1819,,708,6,01:41:43,,
2015-08-15,2,Galicia,288,L DESCENSO MIÑO DE TUI-2015,Augas Tranquilas,329,H JUN C1 14000,Final,Final,1041,,700,7,00:00:00,,
2015-08-15,2,Galicia,288,L DESCENSO MIÑO DE TUI-2015,Augas Tranquilas,329,H JUN C1 14000,Final,Final,1820,,701,8,00:00:00,,
2015-08-15,2,Galicia,288,L DESCENSO MIÑO DE TUI-2015,Augas Tranquilas,329,H JUN C1 14000,Final,Final,1048,,702,9,00:00:00,,
2015-08-15,2,Galicia,288,L DESCENSO MIÑO DE TUI-2015,Augas Tranquilas,330,H JUN C2 14000,Final,Final,1821 1822,,1707,1,01:14:33,105,
2015-08-15,2,Galicia,288,L DESCENSO MIÑO DE TUI-2015,Augas Tranquilas,330,H JUN C2 14000,Final,Final,1823 1824,,1703,2,01:17:37,102,
2015-08-15,2,Galicia,288,L DESCENSO MIÑO DE TUI-2015,Augas Tranquilas,330,H JUN C2 14000,Final,Final,1045 1047,,1704,3,01:21:46,99,
2015-08-15,2,Galicia,288,L DESCENSO MIÑO DE TUI-2015,Augas Tranquilas,330,H JUN C2 14000,Final,Final,1825 1826,,1705,4,01:25:56,97,
2015-08-15,2,Galicia,288,L DESCENSO MIÑO DE TUI-2015,Augas Tranquilas,330,H JUN C2 14000,Final,Final,1827 1828,,1706,5,01:28:52,96,
2015-08-15,2,Galicia,288,L DESCENSO MIÑO DE TUI-2015,Augas Tranquilas,330,H JUN C2 14000,Final,Final,1067 1070,,1702,6,01:37:04,,
2015-08-15,2,Galicia,288,L DESCENSO MIÑO DE TUI-2015,Augas Tranquilas,330,H JUN C2 14000,Final,Final,1046 1820,,1701,7,01:37:37,,
2015-08-15,2,Galicia,288,L DESCENSO MIÑO DE TUI-2015,Augas Tranquilas,331,H CAD K1 14000,Final,Final,1829,,249,1,01:09:11,55,
2015-08-15,2,Galicia,288,L DESCENSO MIÑO DE TUI-2015,Augas Tranquilas,331,H CAD K1 14000,Final,Final,1830,,237,2,01:16:14,52,
2015-08-15,2,Galicia,288,L DESCENSO MIÑO DE TUI-2015,Augas Tranquilas,331,H CAD K1 14000,Final,Final,1831,,207,3,01:17:48,49,
2015-08-15,2,Galicia,288,L DESCENSO MIÑO DE TUI-2015,Augas Tranquilas,331,H CAD K1 14000,Final,Final,1832,,253,4,01:17:59,48,
2015-08-15,2,Galicia,288,L DESCENSO MIÑO DE TUI-2015,Augas Tranquilas,331,H CAD K1 14000,Final,Final,1833,,224,5,01:20:33,47,
2015-08-15,2,Galicia,288,L DESCENSO MIÑO DE TUI-2015,Augas Tranquilas,331,H CAD K1 14000,Final,Final,3350,,210,6,01:20:38,46,
2015-08-15,2,Galicia,288,L DESCENSO MIÑO DE TUI-2015,Augas Tranquilas,331,H CAD K1 14000,Final,Final,837,,205,7,01:21:57,45,
2015-08-15,2,Galicia,288,L DESCENSO MIÑO DE TUI-2015,Augas Tranquilas,331,H CAD K1 14000,Final,Final,2937,,236,8,01:22:55,44,
2015-08-15,2,Galicia,288,L DESCENSO MIÑO DE TUI-2015,Augas Tranquilas,331,H CAD K1 14000,Final,Final,1471,,230,9,01:22:56,43,
2015-08-15,2,Galicia,288,L DESCENSO MIÑO DE TUI-2015,Augas Tranquilas,331,H CAD K1 14000,Final,Final,1835,,244,10,01:23:11,42,
2015-08-15,2,Galicia,288,L DESCENSO MIÑO DE TUI-2015,Augas Tranquilas,331,H CAD K1 14000,Final,Final,1167,,202,11,01:24:09,41,
2015-08-15,2,Galicia,288,L DESCENSO MIÑO DE TUI-2015,Augas Tranquilas,331,H CAD K1 14000,Final,Final,1162,,212,12,01:24:11,40,
2015-08-15,2,Galicia,288,L DESCENSO MIÑO DE TUI-2015,Augas Tranquilas,331,H CAD K1 14000,Final,Final,1148,,232,13,01:24:47,39,
2015-08-15,2,Galicia,288,L DESCENSO MIÑO DE TUI-2015,Augas Tranquilas,331,H CAD K1 14000,Final,Final,1836,,254,14,01:25:29,38,
2015-08-15,2,Galicia,288,L DESCENSO MIÑO DE TUI-2015,Augas Tranquilas,331,H CAD K1 14000,Final,Final,2747,,229,15,01:25:44,37,
2015-08-15,2,Galicia,288,L DESCENSO MIÑO DE TUI-2015,Augas Tranquilas,331,H CAD K1 14000,Final,Final,836,,204,16,01:25:51,36,
2015-08-15,2,Galicia,288,L DESCENSO MIÑO DE TUI-2015,Augas Tranquilas,331,H CAD K1 14000,Final,Final,3625,,227,17,01:26:22,35,
2015-08-15,2,Galicia,288,L DESCENSO MIÑO DE TUI-2015,Augas Tranquilas,331,H CAD K1 14000,Final,Final,1837,,250,18,01:27:09,34,
2015-08-15,2,Galicia,288,L DESCENSO MIÑO DE TUI-2015,Augas Tranquilas,331,H CAD K1 14000,Final,Final,2956,,226,19,01:27:53,33,
2015-08-15,2,Galicia,288,L DESCENSO MIÑO DE TUI-2015,Augas Tranquilas,331,H CAD K1 14000,Final,Final,1838,,206,20,01:27:56,32,
2015-08-15,2,Galicia,288,L DESCENSO MIÑO DE TUI-2015,Augas Tranquilas,331,H CAD K1 14000,Final,Final,2752,,208,21,01:28:39,31,
2015-08-15,2,Galicia,288,L DESCENSO MIÑO DE TUI-2015,Augas Tranquilas,331,H CAD K1 14000,Final,Final,1156,,218,22,01:28:44,30,
2015-08-15,2,Galicia,288,L DESCENSO MIÑO DE TUI-2015,Augas Tranquilas,331,H CAD K1 14000,Final,Final,1147,,234,23,01:31:18,,
2015-08-15,2,Galicia,288,L DESCENSO MIÑO DE TUI-2015,Augas Tranquilas,331,H CAD K1 14000,Final,Final,1840,,243,24,01:32:59,,
2015-08-15,2,Galicia,288,L DESCENSO MIÑO DE TUI-2015,Augas Tranquilas,331,H CAD K1 14000,Final,Final,1841,,223,25,01:33:13,,
2015-08-15,2,Galicia,288,L DESCENSO MIÑO DE TUI-2015,Augas Tranquilas,331,H CAD K1 14000,Final,Final,1153,,233,26,01:34:08,,
2015-08-15,2,Galicia,288,L DESCENSO MIÑO DE TUI-2015,Augas Tranquilas,331,H CAD K1 14000,Final,Final,1182,,200,27,01:35:21,,
2015-08-15,2,Galicia,288,L DESCENSO MIÑO DE TUI-2015,Augas Tranquilas,331,H CAD K1 14000,Final,Final,3365,,225,28,01:35:22,,
2015-08-15,2,Galicia,288,L DESCENSO MIÑO DE TUI-2015,Augas Tranquilas,331,H CAD K1 14000,Final,Final,2789,,238,29,01:36:15,,
2015-08-15,2,Galicia,288,L DESCENSO MIÑO DE TUI-2015,Augas Tranquilas,331,H CAD K1 14000,Final,Final,1169,,222,30,01:36:20,,
2015-08-15,2,Galicia,288,L DESCENSO MIÑO DE TUI-2015,Augas Tranquilas,331,H CAD K1 14000,Final,Final,1479,,215,31,01:37:02,,
2015-08-15,2,Galicia,288,L DESCENSO MIÑO DE TUI-2015,Augas Tranquilas,331,H CAD K1 14000,Final,Final,2941,,241,32,01:37:24,,
2015-08-15,2,Galicia,288,L DESCENSO MIÑO DE TUI-2015,Augas Tranquilas,331,H CAD K1 14000,Final,Final,1844,,220,33,01:38:06,,
2015-08-15,2,Galicia,288,L DESCENSO MIÑO DE TUI-2015,Augas Tranquilas,331,H CAD K1 14000,Final,Final,1149,,214,34,01:42:05,,
2015-08-15,2,Galicia,288,L DESCENSO MIÑO DE TUI-2015,Augas Tranquilas,331,H CAD K1 14000,Final,Final,3634,,228,35,01:43:17,,
2015-08-15,2,Galicia,288,L DESCENSO MIÑO DE TUI-2015,Augas Tranquilas,331,H CAD K1 14000,Final,Final,1154,,231,36,01:43:40,,
2015-08-15,2,Galicia,288,L DESCENSO MIÑO DE TUI-2015,Augas Tranquilas,331,H CAD K1 14000,Final,Final,1846,,246,37,01:44:26,,
2015-08-15,2,Galicia,288,L DESCENSO MIÑO DE TUI-2015,Augas Tranquilas,331,H CAD K1 14000,Final,Final,2796,,219,38,01:46:41,,
2015-08-15,2,Galicia,288,L DESCENSO MIÑO DE TUI-2015,Augas Tranquilas,331,H CAD K1 14000,Final,Final,1848,,242,39,01:52:11,,
2015-08-15,2,Galicia,288,L DESCENSO MIÑO DE TUI-2015,Augas Tranquilas,331,H CAD K1 14000,Final,Final,1188,,213,40,01:56:58,,
2015-08-15,2,Galicia,288,L DESCENSO MIÑO DE TUI-2015,Augas Tranquilas,331,H CAD K1 14000,Final,Final,2949,,209,41,01:57:39,,
2015-08-15,2,Galicia,288,L DESCENSO MIÑO DE TUI-2015,Augas Tranquilas,331,H CAD K1 14000,Final,Final,1480,,216,42,01:58:26,,
2015-08-15,2,Galicia,288,L DESCENSO MIÑO DE TUI-2015,Augas Tranquilas,331,H CAD K1 14000,Final,Final,1850,,201,43,00:00:00,,
2015-08-15,2,Galicia,288,L DESCENSO MIÑO DE TUI-2015,Augas Tranquilas,331,H CAD K1 14000,Final,Final,1010,,203,44,00:00:00,,
2015-08-15,2,Galicia,288,L DESCENSO MIÑO DE TUI-2015,Augas Tranquilas,331,H CAD K1 14000,Final,Final,1851,,211,45,00:00:00,,
2015-08-15,2,Galicia,288,L DESCENSO MIÑO DE TUI-2015,Augas Tranquilas,331,H CAD K1 14000,Final,Final,1852,,217,46,00:00:00,,
2015-08-15,2,Galicia,288,L DESCENSO MIÑO DE TUI-2015,Augas Tranquilas,331,H CAD K1 14000,Final,Final,1177,,221,47,00:00:00,,
2015-08-15,2,Galicia,288,L DESCENSO MIÑO DE TUI-2015,Augas Tranquilas,331,H CAD K1 14000,Final,Final,1853,,235,48,00:00:00,,
2015-08-15,2,Galicia,288,L DESCENSO MIÑO DE TUI-2015,Augas Tranquilas,331,H CAD K1 14000,Final,Final,1170,,240,49,00:00:00,,
2015-08-15,2,Galicia,288,L DESCENSO MIÑO DE TUI-2015,Augas Tranquilas,332,H CAD K2 14000,Final,Final,1854 1855,,1218,1,01:11:03,105,
2015-08-15,2,Galicia,288,L DESCENSO MIÑO DE TUI-2015,Augas Tranquilas,332,H CAD K2 14000,Final,Final,1856 1857,,1217,2,01:11:53,102,
2015-08-15,2,Galicia,288,L DESCENSO MIÑO DE TUI-2015,Augas Tranquilas,332,H CAD K2 14000,Final,Final,834 835,,1211,3,01:14:18,99,
2015-08-15,2,Galicia,288,L DESCENSO MIÑO DE TUI-2015,Augas Tranquilas,332,H CAD K2 14000,Final,Final,838 839,,1202,4,01:14:36,97,
2015-08-15,2,Galicia,288,L DESCENSO MIÑO DE TUI-2015,Augas Tranquilas,332,H CAD K2 14000,Final,Final,1858 1859,,1220,5,01:14:51,96,
2015-08-15,2,Galicia,288,L DESCENSO MIÑO DE TUI-2015,Augas Tranquilas,332,H CAD K2 14000,Final,Final,1145 1538,,1209,6,01:15:25,95,
2015-08-15,2,Galicia,288,L DESCENSO MIÑO DE TUI-2015,Augas Tranquilas,332,H CAD K2 14000,Final,Final,1860 1861,,1208,7,01:15:56,94,
2015-08-15,2,Galicia,288,L DESCENSO MIÑO DE TUI-2015,Augas Tranquilas,332,H CAD K2 14000,Final,Final,1862 1863,,1203,8,01:16:26,93,
2015-08-15,2,Galicia,288,L DESCENSO MIÑO DE TUI-2015,Augas Tranquilas,332,H CAD K2 14000,Final,Final,1161 1163,,1201,9,01:19:08,92,
2015-08-15,2,Galicia,288,L DESCENSO MIÑO DE TUI-2015,Augas Tranquilas,332,H CAD K2 14000,Final,Final,1864 1865,,1210,10,01:19:09,91,
2015-08-15,2,Galicia,288,L DESCENSO MIÑO DE TUI-2015,Augas Tranquilas,332,H CAD K2 14000,Final,Final,1150 1166,,1206,11,01:20:03,90,
2015-08-15,2,Galicia,288,L DESCENSO MIÑO DE TUI-2015,Augas Tranquilas,332,H CAD K2 14000,Final,Final,1165 1175,,1216,12,01:20:07,89,
2015-08-15,2,Galicia,288,L DESCENSO MIÑO DE TUI-2015,Augas Tranquilas,332,H CAD K2 14000,Final,Final,3351 3367,,1214,13,01:22:19,88,
2015-08-15,2,Galicia,288,L DESCENSO MIÑO DE TUI-2015,Augas Tranquilas,332,H CAD K2 14000,Final,Final,1151 1152,,1200,14,01:26:31,87,
2015-08-15,2,Galicia,288,L DESCENSO MIÑO DE TUI-2015,Augas Tranquilas,332,H CAD K2 14000,Final,Final,1157 1158,,1205,15,01:26:46,86,
2015-08-15,2,Galicia,288,L DESCENSO MIÑO DE TUI-2015,Augas Tranquilas,332,H CAD K2 14000,Final,Final,1178 1181,,1213,16,01:27:10,85,
2015-08-15,2,Galicia,288,L DESCENSO MIÑO DE TUI-2015,Augas Tranquilas,332,H CAD K2 14000,Final,Final,1866 1867,,1219,17,01:28:37,84,
2015-08-15,2,Galicia,288,L DESCENSO MIÑO DE TUI-2015,Augas Tranquilas,332,H CAD K2 14000,Final,Final,1155 2798,,1207,18,01:28:46,83,
2015-08-15,2,Galicia,288,L DESCENSO MIÑO DE TUI-2015,Augas Tranquilas,332,H CAD K2 14000,Final,Final,1848 1869,,1204,19,00:00:00,,
2015-08-15,2,Galicia,288,L DESCENSO MIÑO DE TUI-2015,Augas Tranquilas,332,H CAD K2 14000,Final,Final,1870 1871,,1212,20,00:00:00,,
2015-08-15,2,Galicia,288,L DESCENSO MIÑO DE TUI-2015,Augas Tranquilas,332,H CAD K2 14000,Final,Final,1475 1486,,1215,21,00:00:00,,
2015-08-15,2,Galicia,288,L DESCENSO MIÑO DE TUI-2015,Augas Tranquilas,333,H CAD C1 14000,Final,Final,1872,,803,1,01:25:14,55,
2015-08-15,2,Galicia,288,L DESCENSO MIÑO DE TUI-2015,Augas Tranquilas,333,H CAD C1 14000,Final,Final,1873,,813,2,01:26:11,52,
2015-08-15,2,Galicia,288,L DESCENSO MIÑO DE TUI-2015,Augas Tranquilas,333,H CAD C1 14000,Final,Final,3633,,802,3,01:27:51,49,
2015-08-15,2,Galicia,288,L DESCENSO MIÑO DE TUI-2015,Augas Tranquilas,333,H CAD C1 14000,Final,Final,1059,,800,4,01:33:16,47,
2015-08-15,2,Galicia,288,L DESCENSO MIÑO DE TUI-2015,Augas Tranquilas,333,H CAD C1 14000,Final,Final,1874,,804,5,01:33:46,46,
2015-08-15,2,Galicia,288,L DESCENSO MIÑO DE TUI-2015,Augas Tranquilas,333,H CAD C1 14000,Final,Final,1060,,801,6,01:33:58,45,
2015-08-15,2,Galicia,288,L DESCENSO MIÑO DE TUI-2015,Augas Tranquilas,333,H CAD C1 14000,Final,Final,1069,,810,7,01:34:43,44,
2015-08-15,2,Galicia,288,L DESCENSO MIÑO DE TUI-2015,Augas Tranquilas,333,H CAD C1 14000,Final,Final,1066,,812,8,01:36:22,43,
2015-08-15,2,Galicia,288,L DESCENSO MIÑO DE TUI-2015,Augas Tranquilas,333,H CAD C1 14000,Final,Final,1052,,808,9,01:36:31,42,
2015-08-15,2,Galicia,288,L DESCENSO MIÑO DE TUI-2015,Augas Tranquilas,333,H CAD C1 14000,Final,Final,1063,,807,10,01:38:02,41,
2015-08-15,2,Galicia,288,L DESCENSO MIÑO DE TUI-2015,Augas Tranquilas,333,H CAD C1 14000,Final,Final,1065,,809,11,01:39:24,40,
2015-08-15,2,Galicia,288,L DESCENSO MIÑO DE TUI-2015,Augas Tranquilas,333,H CAD C1 14000,Final,Final,1061,,811,12,01:41:53,39,
2015-08-15,2,Galicia,288,L DESCENSO MIÑO DE TUI-2015,Augas Tranquilas,333,H CAD C1 14000,Final,Final,1875,,821,13,01:44:30,38,
2015-08-15,2,Galicia,288,L DESCENSO MIÑO DE TUI-2015,Augas Tranquilas,333,H CAD C1 14000,Final,Final,1876,,816,14,01:47:58,,
2015-08-15,2,Galicia,288,L DESCENSO MIÑO DE TUI-2015,Augas Tranquilas,333,H CAD C1 14000,Final,Final,1877,,820,15,01:50:55,,
2015-08-15,2,Galicia,288,L DESCENSO MIÑO DE TUI-2015,Augas Tranquilas,333,H CAD C1 14000,Final,Final,976,,805,16,00:00:00,,
2015-08-15,2,Galicia,288,L DESCENSO MIÑO DE TUI-2015,Augas Tranquilas,333,H CAD C1 14000,Final,Final,1878,,806,17,00:00:00,,
2015-08-15,2,Galicia,288,L DESCENSO MIÑO DE TUI-2015,Augas Tranquilas,333,H CAD C1 14000,Final,Final,1879,,815,18,00:00:00,,
2015-08-15,2,Galicia,288,L DESCENSO MIÑO DE TUI-2015,Augas Tranquilas,333,H CAD C1 14000,Final,Final,1880,,817,19,00:00:00,,
2015-08-15,2,Galicia,288,L DESCENSO MIÑO DE TUI-2015,Augas Tranquilas,333,H CAD C1 14000,Final,Final,1881,,818,20,00:00:00,,
2015-08-15,2,Galicia,288,L DESCENSO MIÑO DE TUI-2015,Augas Tranquilas,333,H CAD C1 14000,Final,Final,1882,,819,21,00:00:00,,
2015-08-15,2,Galicia,288,L DESCENSO MIÑO DE TUI-2015,Augas Tranquilas,334,H CAD C2 14000,Final,Final,1051 1057,,1800,1,01:20:01,105,
2015-08-15,2,Galicia,288,L DESCENSO MIÑO DE TUI-2015,Augas Tranquilas,334,H CAD C2 14000,Final,Final,1054 22505,,1801,2,01:21:21,102,
2015-08-15,2,Galicia,288,L DESCENSO MIÑO DE TUI-2015,Augas Tranquilas,334,H CAD C2 14000,Final,Final,1062 1064,,1803,3,01:24:51,99,
2015-08-15,2,Galicia,288,L DESCENSO MIÑO DE TUI-2015,Augas Tranquilas,334,H CAD C2 14000,Final,Final,1068 1883,,1804,4,01:30:51,97,
2015-08-15,2,Galicia,288,L DESCENSO MIÑO DE TUI-2015,Augas Tranquilas,334,H CAD C2 14000,Final,Final,1049 1058,,1802,5,01:32:03,96,
2015-08-15,2,Galicia,288,L DESCENSO MIÑO DE TUI-2015,Augas Tranquilas,334,H CAD C2 14000,Final,Final,1884 1885,,1805,6,01:47:43,,
2015-08-15,2,Galicia,288,L DESCENSO MIÑO DE TUI-2015,Augas Tranquilas,335,H VET K1 14000,Final,Final,941,,921,1,01:08:19,55,
2015-08-15,2,Galicia,288,L DESCENSO MIÑO DE TUI-2015,Augas Tranquilas,335,H VET K1 14000,Final,Final,1886,,944,2,01:15:08,52,
2015-08-15,2,Galicia,288,L DESCENSO MIÑO DE TUI-2015,Augas Tranquilas,335,H VET K1 14000,Final,Final,943,,913,3,01:15:10,49,
2015-08-15,2,Galicia,288,L DESCENSO MIÑO DE TUI-2015,Augas Tranquilas,335,H VET K1 14000,Final,Final,1887,,917,4,01:16:00,47,
2015-08-15,2,Galicia,288,L DESCENSO MIÑO DE TUI-2015,Augas Tranquilas,335,H VET K1 14000,Final,Final,946,,920,5,01:16:35,46,
2015-08-15,2,Galicia,288,L DESCENSO MIÑO DE TUI-2015,Augas Tranquilas,335,H VET K1 14000,Final,Final,1888,,927,6,01:17:44,45,
2015-08-15,2,Galicia,288,L DESCENSO MIÑO DE TUI-2015,Augas Tranquilas,335,H VET K1 14000,Final,Final,1889,,919,7,01:18:32,44,
2015-08-15,2,Galicia,288,L DESCENSO MIÑO DE TUI-2015,Augas Tranquilas,335,H VET K1 14000,Final,Final,947,,908,8,01:21:00,43,
2015-08-15,2,Galicia,288,L DESCENSO MIÑO DE TUI-2015,Augas Tranquilas,335,H VET K1 14000,Final,Final,12873,,940,9,01:22:04,42,
2015-08-15,2,Galicia,288,L DESCENSO MIÑO DE TUI-2015,Augas Tranquilas,335,H VET K1 14000,Final,Final,1891,,907,10,01:22:13,41,
2015-08-15,2,Galicia,288,L DESCENSO MIÑO DE TUI-2015,Augas Tranquilas,335,H VET K1 14000,Final,Final,1892,,931,11,01:23:04,40,
2015-08-15,2,Galicia,288,L DESCENSO MIÑO DE TUI-2015,Augas Tranquilas,335,H VET K1 14000,Final,Final,1019,,922,12,01:23:25,39,
2015-08-15,2,Galicia,288,L DESCENSO MIÑO DE TUI-2015,Augas Tranquilas,335,H VET K1 14000,Final,Final,1576,,903,13,01:23:51,38,
2015-08-15,2,Galicia,288,L DESCENSO MIÑO DE TUI-2015,Augas Tranquilas,335,H VET K1 14000,Final,Final,1893,,914,14,01:24:36,37,
2015-08-15,2,Galicia,288,L DESCENSO MIÑO DE TUI-2015,Augas Tranquilas,335,H VET K1 14000,Final,Final,1894,,942,15,01:25:11,36,
2015-08-15,2,Galicia,288,L DESCENSO MIÑO DE TUI-2015,Augas Tranquilas,335,H VET K1 14000,Final,Final,1895,,932,16,01:25:16,35,
2015-08-15,2,Galicia,288,L DESCENSO MIÑO DE TUI-2015,Augas Tranquilas,335,H VET K1 14000,Final,Final,953,,902,17,01:29:19,34,
2015-08-15,2,Galicia,288,L DESCENSO MIÑO DE TUI-2015,Augas Tranquilas,335,H VET K1 14000,Final,Final,3064,,904,18,01:31:03,,
2015-08-15,2,Galicia,288,L DESCENSO MIÑO DE TUI-2015,Augas Tranquilas,335,H VET K1 14000,Final,Final,1693,,950,19,01:31:28,,
2015-08-15,2,Galicia,288,L DESCENSO MIÑO DE TUI-2015,Augas Tranquilas,335,H VET K1 14000,Final,Final,1896,,941,20,01:31:44,,
2015-08-15,2,Galicia,288,L DESCENSO MIÑO DE TUI-2015,Augas Tranquilas,335,H VET K1 14000,Final,Final,1897,,923,21,01:32:24,,
2015-08-15,2,Galicia,288,L DESCENSO MIÑO DE TUI-2015,Augas Tranquilas,335,H VET K1 14000,Final,Final,1898,,943,22,01:34:23,,
2015-08-15,2,Galicia,288,L DESCENSO MIÑO DE TUI-2015,Augas Tranquilas,335,H VET K1 14000,Final,Final,1899,,901,23,01:35:15,,
2015-08-15,2,Galicia,288,L DESCENSO MIÑO DE TUI-2015,Augas Tranquilas,335,H VET K1 14000,Final,Final,1900,,924,24,01:36:06,,
2015-08-15,2,Galicia,288,L DESCENSO MIÑO DE TUI-2015,Augas Tranquilas,335,H VET K1 14000,Final,Final,3009,,918,25,01:37:34,,
2015-08-15,2,Galicia,288,L DESCENSO MIÑO DE TUI-2015,Augas Tranquilas,335,H VET K1 14000,Final,Final,3681,,928,26,01:39:17,,
2015-08-15,2,Galicia,288,L DESCENSO MIÑO DE TUI-2015,Augas Tranquilas,335,H VET K1 14000,Final,Final,950,,911,27,01:41:03,,
2015-08-15,2,Galicia,288,L DESCENSO MIÑO DE TUI-2015,Augas Tranquilas,335,H VET K1 14000,Final,Final,1903,,915,28,01:41:30,,
2015-08-15,2,Galicia,288,L DESCENSO MIÑO DE TUI-2015,Augas Tranquilas,335,H VET K1 14000,Final,Final,1904,,905,29,01:41:59,,
2015-08-15,2,Galicia,288,L DESCENSO MIÑO DE TUI-2015,Augas Tranquilas,335,H VET K1 14000,Final,Final,3750,,906,30,01:47:12,,
2015-08-15,2,Galicia,288,L DESCENSO MIÑO DE TUI-2015,Augas Tranquilas,335,H VET K1 14000,Final,Final,3626,,933,31,01:53:16,,
2015-08-15,2,Galicia,288,L DESCENSO MIÑO DE TUI-2015,Augas Tranquilas,335,H VET K1 14000,Final,Final,3006,,930,32,01:57:09,,
2015-08-15,2,Galicia,288,L DESCENSO MIÑO DE TUI-2015,Augas Tranquilas,335,H VET K1 14000,Final,Final,1907,,900,33,00:00:00,,
2015-08-15,2,Galicia,288,L DESCENSO MIÑO DE TUI-2015,Augas Tranquilas,335,H VET K1 14000,Final,Final,1908,,910,34,00:00:00,,
2015-08-15,2,Galicia,288,L DESCENSO MIÑO DE TUI-2015,Augas Tranquilas,335,H VET K1 14000,Final,Final,1909,,916,35,00:00:00,,
2015-08-15,2,Galicia,288,L DESCENSO MIÑO DE TUI-2015,Augas Tranquilas,335,H VET K1 14000,Final,Final,1910,,925,36,00:00:00,,
2015-08-15,2,Galicia,288,L DESCENSO MIÑO DE TUI-2015,Augas Tranquilas,335,H VET K1 14000,Final,Final,1911,,926,37,00:00:00,,
2015-08-15,2,Galicia,288,L DESCENSO MIÑO DE TUI-2015,Augas Tranquilas,335,H VET K1 14000,Final,Final,1912,,929,38,00:00:00,,
2015-08-15,2,Galicia,288,L DESCENSO MIÑO DE TUI-2015,Augas Tranquilas,335,H VET K1 14000,Final,Final,1913,,949,39,00:00:00,,
2015-08-15,2,Galicia,288,L DESCENSO MIÑO DE TUI-2015,Augas Tranquilas,336,H VET K2 14000,Final,Final,897 1012,,1910,1,01:09:13,105,
2015-08-15,2,Galicia,288,L DESCENSO MIÑO DE TUI-2015,Augas Tranquilas,336,H VET K2 14000,Final,Final,1914 1915,,1901,2,01:10:23,102,
2015-08-15,2,Galicia,288,L DESCENSO MIÑO DE TUI-2015,Augas Tranquilas,336,H VET K2 14000,Final,Final,944 1020,,1911,3,01:11:43,99,
2015-08-15,2,Galicia,288,L DESCENSO MIÑO DE TUI-2015,Augas Tranquilas,336,H VET K2 14000,Final,Final,1916 1917,,1915,4,01:13:41,97,
2015-08-15,2,Galicia,288,L DESCENSO MIÑO DE TUI-2015,Augas Tranquilas,336,H VET K2 14000,Final,Final,1918 1919,,1912,5,01:15:26,96,
2015-08-15,2,Galicia,288,L DESCENSO MIÑO DE TUI-2015,Augas Tranquilas,336,H VET K2 14000,Final,Final,1920 1921,,1909,6,01:15:28,95,
2015-08-15,2,Galicia,288,L DESCENSO MIÑO DE TUI-2015,Augas Tranquilas,336,H VET K2 14000,Final,Final,956 1922,,1908,7,01:16:13,94,
2015-08-15,2,Galicia,288,L DESCENSO MIÑO DE TUI-2015,Augas Tranquilas,336,H VET K2 14000,Final,Final,1017 1018,,1916,8,01:17:30,93,
2015-08-15,2,Galicia,288,L DESCENSO MIÑO DE TUI-2015,Augas Tranquilas,336,H VET K2 14000,Final,Final,1923 1924,,1913,9,01:21:32,92,
2015-08-15,2,Galicia,288,L DESCENSO MIÑO DE TUI-2015,Augas Tranquilas,336,H VET K2 14000,Final,Final,1013 1014,,1900,10,01:22:50,91,
2015-08-15,2,Galicia,288,L DESCENSO MIÑO DE TUI-2015,Augas Tranquilas,336,H VET K2 14000,Final,Final,1925 1926,,1902,11,01:25:43,90,
2015-08-15,2,Galicia,288,L DESCENSO MIÑO DE TUI-2015,Augas Tranquilas,336,H VET K2 14000,Final,Final,1927 1928,,1917,12,01:26:33,89,
2015-08-15,2,Galicia,288,L DESCENSO MIÑO DE TUI-2015,Augas Tranquilas,336,H VET K2 14000,Final,Final,1929 3337,,1914,13,01:28:08,88,
2015-08-15,2,Galicia,288,L DESCENSO MIÑO DE TUI-2015,Augas Tranquilas,336,H VET K2 14000,Final,Final,1931 1932,,1905,14,01:28:33,87,
2015-08-15,2,Galicia,288,L DESCENSO MIÑO DE TUI-2015,Augas Tranquilas,336,H VET K2 14000,Final,Final,1015 1016,,1903,15,00:00:00,,
2015-08-15,2,Galicia,288,L DESCENSO MIÑO DE TUI-2015,Augas Tranquilas,336,H VET K2 14000,Final,Final,1933 1934,,1904,16,00:00:00,,
2015-08-15,2,Galicia,288,L DESCENSO MIÑO DE TUI-2015,Augas Tranquilas,336,H VET K2 14000,Final,Final,1613 1935,,1906,17,00:00:00,,
2015-08-15,2,Galicia,288,L DESCENSO MIÑO DE TUI-2015,Augas Tranquilas,336,H VET K2 14000,Final,Final,1693 1936,,1919,18,00:00:00,,
2015-08-15,2,Galicia,288,L DESCENSO MIÑO DE TUI-2015,Augas Tranquilas,336,H VET K2 14000,Final,Final,1937 1938,,1920,19,00:00:00,,
2015-08-15,2,Galicia,288,L DESCENSO MIÑO DE TUI-2015,Augas Tranquilas,337,H VET C2 14000,Final,Final,1939 1940,,1991,1,01:25:47,105,
2015-08-15,2,Galicia,288,L DESCENSO MIÑO DE TUI-2015,Augas Tranquilas,337,H VET C2 14000,Final,Final,1708 1709,,1992,2,01:25:58,102,
2015-08-15,2,Galicia,288,L DESCENSO MIÑO DE TUI-2015,Augas Tranquilas,337,H VET C2 14000,Final,Final,2761 2912,,1990,3,01:39:55,99,
2015-08-16,2,Galicia,289,REGATA AMISTOSA FGP- K-2/C-2 INFANTILES A Y B,Augas Tranquilas,338,M INF-B K2 3000,Final,Final,1942 1943,,400,1,00:14:21,,
2015-08-16,2,Galicia,289,REGATA AMISTOSA FGP- K-2/C-2 INFANTILES A Y B,Augas Tranquilas,338,M INF-B K2 3000,Final,Final,1944 1945,,402,2,00:14:33,,
2015-08-16,2,Galicia,289,REGATA AMISTOSA FGP- K-2/C-2 INFANTILES A Y B,Augas Tranquilas,338,M INF-B K2 3000,Final,Final,1946 1947,,403,3,00:15:56,,
2015-08-16,2,Galicia,289,REGATA AMISTOSA FGP- K-2/C-2 INFANTILES A Y B,Augas Tranquilas,338,M INF-B K2 3000,Final,Final,1949 2866,,401,4,00:17:18,,
2015-08-16,2,Galicia,289,REGATA AMISTOSA FGP- K-2/C-2 INFANTILES A Y B,Augas Tranquilas,338,M INF-B K2 3000,Final,Final,1950 2867,,404,5,00:17:45,,
2015-08-16,2,Galicia,289,REGATA AMISTOSA FGP- K-2/C-2 INFANTILES A Y B,Augas Tranquilas,338,M INF-B K2 3000,Final,Final,1952 1953,,405,6,00:00:00,,
2015-08-16,2,Galicia,289,REGATA AMISTOSA FGP- K-2/C-2 INFANTILES A Y B,Augas Tranquilas,339,M INF-A K2 3000,Final,Final,1954 1955,,305,1,00:14:15,,
2015-08-16,2,Galicia,289,REGATA AMISTOSA FGP- K-2/C-2 INFANTILES A Y B,Augas Tranquilas,339,M INF-A K2 3000,Final,Final,1956 1957,,302,2,00:14:20,,
2015-08-16,2,Galicia,289,REGATA AMISTOSA FGP- K-2/C-2 INFANTILES A Y B,Augas Tranquilas,339,M INF-A K2 3000,Final,Final,1958 1959,,303,3,00:14:59,,
2015-08-16,2,Galicia,289,REGATA AMISTOSA FGP- K-2/C-2 INFANTILES A Y B,Augas Tranquilas,339,M INF-A K2 3000,Final,Final,1960 1961,,306,4,00:16:16,,
2015-08-16,2,Galicia,289,REGATA AMISTOSA FGP- K-2/C-2 INFANTILES A Y B,Augas Tranquilas,339,M INF-A K2 3000,Final,Final,1962 1963,,300,5,00:00:00,,
2015-08-16,2,Galicia,289,REGATA AMISTOSA FGP- K-2/C-2 INFANTILES A Y B,Augas Tranquilas,339,M INF-A K2 3000,Final,Final,1964 1965,,301,6,00:00:00,,
2015-08-16,2,Galicia,289,REGATA AMISTOSA FGP- K-2/C-2 INFANTILES A Y B,Augas Tranquilas,339,M INF-A K2 3000,Final,Final,1966 1967,,304,7,00:00:00,,
2015-08-16,2,Galicia,289,REGATA AMISTOSA FGP- K-2/C-2 INFANTILES A Y B,Augas Tranquilas,340,H INF-B K2 3000,Final,Final,1968 1969,,213,1,00:13:26,,
2015-08-16,2,Galicia,289,REGATA AMISTOSA FGP- K-2/C-2 INFANTILES A Y B,Augas Tranquilas,340,H INF-B K2 3000,Final,Final,1970 3547,,214,2,00:14:10,,
2015-08-16,2,Galicia,289,REGATA AMISTOSA FGP- K-2/C-2 INFANTILES A Y B,Augas Tranquilas,340,H INF-B K2 3000,Final,Final,1972 1973,,210,3,00:14:29,,
2015-08-16,2,Galicia,289,REGATA AMISTOSA FGP- K-2/C-2 INFANTILES A Y B,Augas Tranquilas,340,H INF-B K2 3000,Final,Final,1974 1975,,211,4,00:15:05,,
2015-08-16,2,Galicia,289,REGATA AMISTOSA FGP- K-2/C-2 INFANTILES A Y B,Augas Tranquilas,340,H INF-B K2 3000,Final,Final,2839 3548,,204,5,00:15:27,,
2015-08-16,2,Galicia,289,REGATA AMISTOSA FGP- K-2/C-2 INFANTILES A Y B,Augas Tranquilas,340,H INF-B K2 3000,Final,Final,1978 1979,,206,6,00:16:17,,
2015-08-16,2,Galicia,289,REGATA AMISTOSA FGP- K-2/C-2 INFANTILES A Y B,Augas Tranquilas,340,H INF-B K2 3000,Final,Final,1981 4801,,209,7,00:18:13,,
2015-08-16,2,Galicia,289,REGATA AMISTOSA FGP- K-2/C-2 INFANTILES A Y B,Augas Tranquilas,340,H INF-B K2 3000,Final,Final,1982 1983,,200,8,00:00:00,,
2015-08-16,2,Galicia,289,REGATA AMISTOSA FGP- K-2/C-2 INFANTILES A Y B,Augas Tranquilas,340,H INF-B K2 3000,Final,Final,1984 3330,,201,9,00:00:00,,
2015-08-16,2,Galicia,289,REGATA AMISTOSA FGP- K-2/C-2 INFANTILES A Y B,Augas Tranquilas,340,H INF-B K2 3000,Final,Final,1986 1987,,202,10,00:00:00,,
2015-08-16,2,Galicia,289,REGATA AMISTOSA FGP- K-2/C-2 INFANTILES A Y B,Augas Tranquilas,340,H INF-B K2 3000,Final,Final,1988 1989,,203,11,00:00:00,,
2015-08-16,2,Galicia,289,REGATA AMISTOSA FGP- K-2/C-2 INFANTILES A Y B,Augas Tranquilas,340,H INF-B K2 3000,Final,Final,2834 2840,,205,12,00:00:00,,
2015-08-16,2,Galicia,289,REGATA AMISTOSA FGP- K-2/C-2 INFANTILES A Y B,Augas Tranquilas,340,H INF-B K2 3000,Final,Final,1992 1993,,207,13,00:00:00,,
2015-08-16,2,Galicia,289,REGATA AMISTOSA FGP- K-2/C-2 INFANTILES A Y B,Augas Tranquilas,340,H INF-B K2 3000,Final,Final,1994 1995,,208,14,00:00:00,,
2015-08-16,2,Galicia,289,REGATA AMISTOSA FGP- K-2/C-2 INFANTILES A Y B,Augas Tranquilas,340,H INF-B K2 3000,Final,Final,1996 1997,,212,15,00:00:00,,
2015-08-16,2,Galicia,289,REGATA AMISTOSA FGP- K-2/C-2 INFANTILES A Y B,Augas Tranquilas,340,H INF-B K2 3000,Final,Final,1998 2843,,215,16,00:00:00,,
2015-08-16,2,Galicia,289,REGATA AMISTOSA FGP- K-2/C-2 INFANTILES A Y B,Augas Tranquilas,341,H INF-B C2 3000,Final,Final,2000 2001,,803,1,00:16:12,,
2015-08-16,2,Galicia,289,REGATA AMISTOSA FGP- K-2/C-2 INFANTILES A Y B,Augas Tranquilas,341,H INF-B C2 3000,Final,Final,2002 2003,,801,2,00:17:14,,
2015-08-16,2,Galicia,289,REGATA AMISTOSA FGP- K-2/C-2 INFANTILES A Y B,Augas Tranquilas,341,H INF-B C2 3000,Final,Final,2004 2005,,800,3,00:17:38,,
2015-08-16,2,Galicia,289,REGATA AMISTOSA FGP- K-2/C-2 INFANTILES A Y B,Augas Tranquilas,342,H INF-A C2 3000,Final,Final,2006 17272,,602,1,00:14:30,,
2015-08-16,2,Galicia,289,REGATA AMISTOSA FGP- K-2/C-2 INFANTILES A Y B,Augas Tranquilas,342,H INF-A C2 3000,Final,Final,2008 2009,,603,2,00:15:04,,
2015-08-16,2,Galicia,289,REGATA AMISTOSA FGP- K-2/C-2 INFANTILES A Y B,Augas Tranquilas,342,H INF-A C2 3000,Final,Final,2010 2011,,601,3,00:16:11,,
2015-08-16,2,Galicia,289,REGATA AMISTOSA FGP- K-2/C-2 INFANTILES A Y B,Augas Tranquilas,342,H INF-A C2 3000,Final,Final,2012 2013,,600,4,00:17:35,,
2015-08-16,2,Galicia,289,REGATA AMISTOSA FGP- K-2/C-2 INFANTILES A Y B,Augas Tranquilas,343,MX INF-A K2 3000,Final,Final,2014 2015,,701,1,00:15:44,,
2015-08-16,2,Galicia,289,REGATA AMISTOSA FGP- K-2/C-2 INFANTILES A Y B,Augas Tranquilas,343,MX INF-A K2 3000,Final,Final,2016 2017,,703,2,00:16:26,,
2015-08-16,2,Galicia,289,REGATA AMISTOSA FGP- K-2/C-2 INFANTILES A Y B,Augas Tranquilas,343,MX INF-A K2 3000,Final,Final,1964 2018,,704,3,00:16:45,,
2015-08-16,2,Galicia,289,REGATA AMISTOSA FGP- K-2/C-2 INFANTILES A Y B,Augas Tranquilas,343,MX INF-A K2 3000,Final,Final,2019 5433,,702,4,00:17:11,,
2015-08-16,2,Galicia,289,REGATA AMISTOSA FGP- K-2/C-2 INFANTILES A Y B,Augas Tranquilas,343,MX INF-A K2 3000,Final,Final,2760 2866,,705,5,00:00:00,,
2015-08-16,2,Galicia,289,REGATA AMISTOSA FGP- K-2/C-2 INFANTILES A Y B,Augas Tranquilas,346,H INF-A K2 3000,Final,Final,2022 2023,,16,1,00:13:01,,
2015-08-16,2,Galicia,289,REGATA AMISTOSA FGP- K-2/C-2 INFANTILES A Y B,Augas Tranquilas,346,H INF-A K2 3000,Final,Final,2025 3125,,17,2,00:13:26,,
2015-08-16,2,Galicia,289,REGATA AMISTOSA FGP- K-2/C-2 INFANTILES A Y B,Augas Tranquilas,346,H INF-A K2 3000,Final,Final,1396 1537,,12,3,00:13:28,,
2015-08-16,2,Galicia,289,REGATA AMISTOSA FGP- K-2/C-2 INFANTILES A Y B,Augas Tranquilas,346,H INF-A K2 3000,Final,Final,2026 3536,,19,4,00:13:37,,
2015-08-16,2,Galicia,289,REGATA AMISTOSA FGP- K-2/C-2 INFANTILES A Y B,Augas Tranquilas,346,H INF-A K2 3000,Final,Final,2028 2029,,14,5,00:14:17,,
2015-08-16,2,Galicia,289,REGATA AMISTOSA FGP- K-2/C-2 INFANTILES A Y B,Augas Tranquilas,346,H INF-A K2 3000,Final,Final,2030 2031,,2,6,00:14:19,,
2015-08-16,2,Galicia,289,REGATA AMISTOSA FGP- K-2/C-2 INFANTILES A Y B,Augas Tranquilas,346,H INF-A K2 3000,Final,Final,2032 3712,,18,7,00:14:27,,
2015-08-16,2,Galicia,289,REGATA AMISTOSA FGP- K-2/C-2 INFANTILES A Y B,Augas Tranquilas,346,H INF-A K2 3000,Final,Final,2034 2035,,9,8,00:16:03,,
2015-08-16,2,Galicia,289,REGATA AMISTOSA FGP- K-2/C-2 INFANTILES A Y B,Augas Tranquilas,346,H INF-A K2 3000,Final,Final,2755 2760,,10,9,00:16:50,,
2015-08-16,2,Galicia,289,REGATA AMISTOSA FGP- K-2/C-2 INFANTILES A Y B,Augas Tranquilas,346,H INF-A K2 3000,Final,Final,2037 2756,,11,10,00:17:25,,
2015-08-16,2,Galicia,289,REGATA AMISTOSA FGP- K-2/C-2 INFANTILES A Y B,Augas Tranquilas,346,H INF-A K2 3000,Final,Final,2039 2040,,1,11,00:20:31,,
2015-08-16,2,Galicia,289,REGATA AMISTOSA FGP- K-2/C-2 INFANTILES A Y B,Augas Tranquilas,346,H INF-A K2 3000,Final,Final,2042 2797,,7,12,00:20:36,,
2015-08-16,2,Galicia,289,REGATA AMISTOSA FGP- K-2/C-2 INFANTILES A Y B,Augas Tranquilas,346,H INF-A K2 3000,Final,Final,2043 2044,,4,13,00:00:00,,
2015-08-16,2,Galicia,289,REGATA AMISTOSA FGP- K-2/C-2 INFANTILES A Y B,Augas Tranquilas,346,H INF-A K2 3000,Final,Final,2045 2046,,8,14,00:00:00,,
2015-08-16,2,Galicia,289,REGATA AMISTOSA FGP- K-2/C-2 INFANTILES A Y B,Augas Tranquilas,346,H INF-A K2 3000,Final,Final,1405 1437,,13,15,00:00:00,,
2015-08-16,2,Galicia,289,REGATA AMISTOSA FGP- K-2/C-2 INFANTILES A Y B,Augas Tranquilas,346,H INF-A K2 3000,Final,Final,2047 2048,,15,16,00:00:00,,
2015-08-22,2,Galicia,290,4ª Regata Liga Provincial Coruña 2015,Augas Tranquilas,347,M BEN K1 1500,Final,Final,1210,,1502,1,00:11:29.88,55,
2015-08-22,2,Galicia,290,4ª Regata Liga Provincial Coruña 2015,Augas Tranquilas,347,M BEN K1 1500,Final,Final,4061,,1504,2,00:11:39.95,52,
2015-08-22,2,Galicia,290,4ª Regata Liga Provincial Coruña 2015,Augas Tranquilas,347,M BEN K1 1500,Final,Final,4048,,1512,3,00:11:56.23,49,
2015-08-22,2,Galicia,290,4ª Regata Liga Provincial Coruña 2015,Augas Tranquilas,347,M BEN K1 1500,Final,Final,4426,,1516,4,00:11:58.21,47,
2015-08-22,2,Galicia,290,4ª Regata Liga Provincial Coruña 2015,Augas Tranquilas,347,M BEN K1 1500,Final,Final,1198,,1524,5,00:11:59.98,46,
2015-08-22,2,Galicia,290,4ª Regata Liga Provincial Coruña 2015,Augas Tranquilas,347,M BEN K1 1500,Final,Final,1204,,1508,6,00:12:26.22,45,
2015-08-22,2,Galicia,290,4ª Regata Liga Provincial Coruña 2015,Augas Tranquilas,347,M BEN K1 1500,Final,Final,4063,,1509,7,00:12:49.95,44,
2015-08-22,2,Galicia,290,4ª Regata Liga Provincial Coruña 2015,Augas Tranquilas,347,M BEN K1 1500,Final,Final,1215,,1500,8,00:12:54.51,43,
2015-08-22,2,Galicia,290,4ª Regata Liga Provincial Coruña 2015,Augas Tranquilas,347,M BEN K1 1500,Final,Final,1218,,1503,9,00:13:12.44,42,
2015-08-22,2,Galicia,290,4ª Regata Liga Provincial Coruña 2015,Augas Tranquilas,347,M BEN K1 1500,Final,Final,2049,,1528,10,00:13:24,41,
2015-08-22,2,Galicia,290,4ª Regata Liga Provincial Coruña 2015,Augas Tranquilas,347,M BEN K1 1500,Final,Final,1201,,1521,11,00:13:33.31,40,
2015-08-22,2,Galicia,290,4ª Regata Liga Provincial Coruña 2015,Augas Tranquilas,347,M BEN K1 1500,Final,Final,4429,,1507,12,00:13:38.22,39,
2015-08-22,2,Galicia,290,4ª Regata Liga Provincial Coruña 2015,Augas Tranquilas,347,M BEN K1 1500,Final,Final,4041,,1511,13,00:13:43.11,38,
2015-08-22,2,Galicia,290,4ª Regata Liga Provincial Coruña 2015,Augas Tranquilas,347,M BEN K1 1500,Final,Final,1287,,1506,14,00:13:45.58,37,
2015-08-22,2,Galicia,290,4ª Regata Liga Provincial Coruña 2015,Augas Tranquilas,347,M BEN K1 1500,Final,Final,1208,,1520,15,00:14:05.21,36,
2015-08-22,2,Galicia,290,4ª Regata Liga Provincial Coruña 2015,Augas Tranquilas,347,M BEN K1 1500,Final,Final,1202,,1505,16,00:14:16.37,35,
2015-08-22,2,Galicia,290,4ª Regata Liga Provincial Coruña 2015,Augas Tranquilas,347,M BEN K1 1500,Final,Final,1499,,1513,17,00:14:29.27,34,
2015-08-22,2,Galicia,290,4ª Regata Liga Provincial Coruña 2015,Augas Tranquilas,347,M BEN K1 1500,Final,Final,1209,,1514,18,00:14:38.64,33,
2015-08-22,2,Galicia,290,4ª Regata Liga Provincial Coruña 2015,Augas Tranquilas,347,M BEN K1 1500,Final,Final,4064,,1501,19,00:14:51.28,32,
2015-08-22,2,Galicia,290,4ª Regata Liga Provincial Coruña 2015,Augas Tranquilas,347,M BEN K1 1500,Final,Final,1211,,1517,20,00:14:55.7,31,
2015-08-22,2,Galicia,290,4ª Regata Liga Provincial Coruña 2015,Augas Tranquilas,347,M BEN K1 1500,Final,Final,1213,,1510,21,00:15:33.02,30,
2015-08-22,2,Galicia,290,4ª Regata Liga Provincial Coruña 2015,Augas Tranquilas,347,M BEN K1 1500,Final,Final,4427,,1526,22,00:15:43.25,29,
2015-08-22,2,Galicia,290,4ª Regata Liga Provincial Coruña 2015,Augas Tranquilas,347,M BEN K1 1500,Final,Final,2050,,1515,23,00:16:01.37,28,
2015-08-22,2,Galicia,290,4ª Regata Liga Provincial Coruña 2015,Augas Tranquilas,347,M BEN K1 1500,Final,Final,2051,,1530,24,00:16:46.69,27,
2015-08-22,2,Galicia,290,4ª Regata Liga Provincial Coruña 2015,Augas Tranquilas,347,M BEN K1 1500,Final,Final,1206,,1518,25,00:00:00,,
2015-08-22,2,Galicia,290,4ª Regata Liga Provincial Coruña 2015,Augas Tranquilas,347,M BEN K1 1500,Final,Final,2052,,1519,26,00:00:00,,
2015-08-22,2,Galicia,290,4ª Regata Liga Provincial Coruña 2015,Augas Tranquilas,347,M BEN K1 1500,Final,Final,1500,,1522,27,00:00:00,,
2015-08-22,2,Galicia,290,4ª Regata Liga Provincial Coruña 2015,Augas Tranquilas,347,M BEN K1 1500,Final,Final,4062,,1523,28,00:00:00,,
2015-08-22,2,Galicia,290,4ª Regata Liga Provincial Coruña 2015,Augas Tranquilas,347,M BEN K1 1500,Final,Final,1220,,1527,29,00:00:00,,
2015-08-22,2,Galicia,290,4ª Regata Liga Provincial Coruña 2015,Augas Tranquilas,348,H BEN K1 1500,Final,Final,4070,,539,1,00:10:24.21,55,
2015-08-22,2,Galicia,290,4ª Regata Liga Provincial Coruña 2015,Augas Tranquilas,348,H BEN K1 1500,Final,Final,4073,,510,2,00:10:45.21,52,
2015-08-22,2,Galicia,290,4ª Regata Liga Provincial Coruña 2015,Augas Tranquilas,348,H BEN K1 1500,Final,Final,4437,,532,3,00:10:48.87,49,
2015-08-22,2,Galicia,290,4ª Regata Liga Provincial Coruña 2015,Augas Tranquilas,348,H BEN K1 1500,Final,Final,4072,,527,4,00:10:59.73,47,
2015-08-22,2,Galicia,290,4ª Regata Liga Provincial Coruña 2015,Augas Tranquilas,348,H BEN K1 1500,Final,Final,1227,,506,5,00:11:00.84,46,
2015-08-22,2,Galicia,290,4ª Regata Liga Provincial Coruña 2015,Augas Tranquilas,348,H BEN K1 1500,Final,Final,4074,,542,6,00:11:01.27,45,
2015-08-22,2,Galicia,290,4ª Regata Liga Provincial Coruña 2015,Augas Tranquilas,348,H BEN K1 1500,Final,Final,1233,,540,7,00:11:35.45,44,
2015-08-22,2,Galicia,290,4ª Regata Liga Provincial Coruña 2015,Augas Tranquilas,348,H BEN K1 1500,Final,Final,1239,,504,8,00:11:45.72,43,
2015-08-22,2,Galicia,290,4ª Regata Liga Provincial Coruña 2015,Augas Tranquilas,348,H BEN K1 1500,Final,Final,3737,,536,9,00:11:54.96,42,
2015-08-22,2,Galicia,290,4ª Regata Liga Provincial Coruña 2015,Augas Tranquilas,348,H BEN K1 1500,Final,Final,1246,,517,10,00:12:01.3,41,
2015-08-22,2,Galicia,290,4ª Regata Liga Provincial Coruña 2015,Augas Tranquilas,348,H BEN K1 1500,Final,Final,1510,,513,11,00:12:17.03,40,
2015-08-22,2,Galicia,290,4ª Regata Liga Provincial Coruña 2015,Augas Tranquilas,348,H BEN K1 1500,Final,Final,4445,,533,12,00:12:40.65,39,
2015-08-22,2,Galicia,290,4ª Regata Liga Provincial Coruña 2015,Augas Tranquilas,348,H BEN K1 1500,Final,Final,7081,,535,13,00:12:44.51,38,
2015-08-22,2,Galicia,290,4ª Regata Liga Provincial Coruña 2015,Augas Tranquilas,348,H BEN K1 1500,Final,Final,1226,,509,14,00:13:00.16,37,
2015-08-22,2,Galicia,290,4ª Regata Liga Provincial Coruña 2015,Augas Tranquilas,348,H BEN K1 1500,Final,Final,1583,,523,15,00:13:03.23,36,
2015-08-22,2,Galicia,290,4ª Regata Liga Provincial Coruña 2015,Augas Tranquilas,348,H BEN K1 1500,Final,Final,1242,,503,16,00:13:06.81,35,
2015-08-22,2,Galicia,290,4ª Regata Liga Provincial Coruña 2015,Augas Tranquilas,348,H BEN K1 1500,Final,Final,1234,,528,17,00:13:09.36,34,
2015-08-22,2,Galicia,290,4ª Regata Liga Provincial Coruña 2015,Augas Tranquilas,348,H BEN K1 1500,Final,Final,4031,,529,18,00:13:11.16,33,
2015-08-22,2,Galicia,290,4ª Regata Liga Provincial Coruña 2015,Augas Tranquilas,348,H BEN K1 1500,Final,Final,3738,,526,19,00:13:22.91,32,
2015-08-22,2,Galicia,290,4ª Regata Liga Provincial Coruña 2015,Augas Tranquilas,348,H BEN K1 1500,Final,Final,4076,,519,20,00:13:26.41,31,
2015-08-22,2,Galicia,290,4ª Regata Liga Provincial Coruña 2015,Augas Tranquilas,348,H BEN K1 1500,Final,Final,3736,,538,21,00:13:30.6,30,
2015-08-22,2,Galicia,290,4ª Regata Liga Provincial Coruña 2015,Augas Tranquilas,348,H BEN K1 1500,Final,Final,4030,,537,22,00:13:35.09,29,
2015-08-22,2,Galicia,290,4ª Regata Liga Provincial Coruña 2015,Augas Tranquilas,348,H BEN K1 1500,Final,Final,4438,,522,23,00:13:47.57,28,
2015-08-22,2,Galicia,290,4ª Regata Liga Provincial Coruña 2015,Augas Tranquilas,348,H BEN K1 1500,Final,Final,4034,,516,24,00:13:50.32,27,
2015-08-22,2,Galicia,290,4ª Regata Liga Provincial Coruña 2015,Augas Tranquilas,348,H BEN K1 1500,Final,Final,4079,,525,25,00:13:54.94,26,
2015-08-22,2,Galicia,290,4ª Regata Liga Provincial Coruña 2015,Augas Tranquilas,348,H BEN K1 1500,Final,Final,2053,,507,26,00:13:56.77,25,
2015-08-22,2,Galicia,290,4ª Regata Liga Provincial Coruña 2015,Augas Tranquilas,348,H BEN K1 1500,Final,Final,1247,,511,27,00:14:01.67,24,
2015-08-22,2,Galicia,290,4ª Regata Liga Provincial Coruña 2015,Augas Tranquilas,348,H BEN K1 1500,Final,Final,1511,,514,28,00:14:05.2,23,
2015-08-22,2,Galicia,290,4ª Regata Liga Provincial Coruña 2015,Augas Tranquilas,348,H BEN K1 1500,Final,Final,1224,,520,29,00:14:16.39,22,
2015-08-22,2,Galicia,290,4ª Regata Liga Provincial Coruña 2015,Augas Tranquilas,348,H BEN K1 1500,Final,Final,4418,,518,30,00:14:35.27,21,
2015-08-22,2,Galicia,290,4ª Regata Liga Provincial Coruña 2015,Augas Tranquilas,348,H BEN K1 1500,Final,Final,4414,,521,31,00:14:39,20,
2015-08-22,2,Galicia,290,4ª Regata Liga Provincial Coruña 2015,Augas Tranquilas,348,H BEN K1 1500,Final,Final,1252,,515,32,00:16:22.48,19,
2015-08-22,2,Galicia,290,4ª Regata Liga Provincial Coruña 2015,Augas Tranquilas,348,H BEN K1 1500,Final,Final,1506,,512,33,00:16:28.1,18,
2015-08-22,2,Galicia,290,4ª Regata Liga Provincial Coruña 2015,Augas Tranquilas,348,H BEN K1 1500,Final,Final,2054,,541,34,00:17:26.43,17,
2015-08-22,2,Galicia,290,4ª Regata Liga Provincial Coruña 2015,Augas Tranquilas,348,H BEN K1 1500,Final,Final,1249,,502,35,00:00:00,,
2015-08-22,2,Galicia,290,4ª Regata Liga Provincial Coruña 2015,Augas Tranquilas,348,H BEN K1 1500,Final,Final,4080,,505,36,00:00:00,,
2015-08-22,2,Galicia,290,4ª Regata Liga Provincial Coruña 2015,Augas Tranquilas,348,H BEN K1 1500,Final,Final,1505,,508,37,00:00:00,,
2015-08-22,2,Galicia,290,4ª Regata Liga Provincial Coruña 2015,Augas Tranquilas,348,H BEN K1 1500,Final,Final,1254,,524,38,00:00:00,,
2015-08-22,2,Galicia,290,4ª Regata Liga Provincial Coruña 2015,Augas Tranquilas,348,H BEN K1 1500,Final,Final,1232,,530,39,00:00:00,,
2015-08-22,2,Galicia,290,4ª Regata Liga Provincial Coruña 2015,Augas Tranquilas,348,H BEN K1 1500,Final,Final,4440,,531,40,00:00:00,,
2015-08-22,2,Galicia,290,4ª Regata Liga Provincial Coruña 2015,Augas Tranquilas,348,H BEN K1 1500,Final,Final,1245,,534,41,00:00:00,,
2015-08-22,2,Galicia,290,4ª Regata Liga Provincial Coruña 2015,Augas Tranquilas,349,M ALE-A K1 1500,Final,Final,2893,,1306,1,00:10:08.64,130,
2015-08-22,2,Galicia,290,4ª Regata Liga Provincial Coruña 2015,Augas Tranquilas,349,M ALE-A K1 1500,Final,Final,2987,,1312,2,00:10:21.6,127,
2015-08-22,2,Galicia,290,4ª Regata Liga Provincial Coruña 2015,Augas Tranquilas,349,M ALE-A K1 1500,Final,Final,3645,,1309,3,00:10:34.8,124,
2015-08-22,2,Galicia,290,4ª Regata Liga Provincial Coruña 2015,Augas Tranquilas,349,M ALE-A K1 1500,Final,Final,4086,,1304,4,00:10:44.27,122,
2015-08-22,2,Galicia,290,4ª Regata Liga Provincial Coruña 2015,Augas Tranquilas,349,M ALE-A K1 1500,Final,Final,1514,,1314,5,00:10:57.8,121,
2015-08-22,2,Galicia,290,4ª Regata Liga Provincial Coruña 2015,Augas Tranquilas,349,M ALE-A K1 1500,Final,Final,1517,,1305,6,00:11:07.43,120,
2015-08-22,2,Galicia,290,4ª Regata Liga Provincial Coruña 2015,Augas Tranquilas,349,M ALE-A K1 1500,Final,Final,3241,,1300,7,00:11:45.05,119,
2015-08-22,2,Galicia,290,4ª Regata Liga Provincial Coruña 2015,Augas Tranquilas,349,M ALE-A K1 1500,Final,Final,1267,,1315,8,00:11:50.08,118,
2015-08-22,2,Galicia,290,4ª Regata Liga Provincial Coruña 2015,Augas Tranquilas,349,M ALE-A K1 1500,Final,Final,1266,,1302,9,00:12:02.06,117,
2015-08-22,2,Galicia,290,4ª Regata Liga Provincial Coruña 2015,Augas Tranquilas,349,M ALE-A K1 1500,Final,Final,4087,,1308,10,00:12:26.59,116,
2015-08-22,2,Galicia,290,4ª Regata Liga Provincial Coruña 2015,Augas Tranquilas,349,M ALE-A K1 1500,Final,Final,1515,,1311,11,00:13:16.38,115,
2015-08-22,2,Galicia,290,4ª Regata Liga Provincial Coruña 2015,Augas Tranquilas,349,M ALE-A K1 1500,Final,Final,1268,,1303,12,00:13:27.45,114,
2015-08-22,2,Galicia,290,4ª Regata Liga Provincial Coruña 2015,Augas Tranquilas,349,M ALE-A K1 1500,Final,Final,1269,,1310,13,00:13:35.14,113,
2015-08-22,2,Galicia,290,4ª Regata Liga Provincial Coruña 2015,Augas Tranquilas,349,M ALE-A K1 1500,Final,Final,4089,,1316,14,00:14:21.2,112,
2015-08-22,2,Galicia,290,4ª Regata Liga Provincial Coruña 2015,Augas Tranquilas,349,M ALE-A K1 1500,Final,Final,1270,,1313,15,00:14:25.27,111,
2015-08-22,2,Galicia,290,4ª Regata Liga Provincial Coruña 2015,Augas Tranquilas,349,M ALE-A K1 1500,Final,Final,1516,,1301,16,00:00:00,,
2015-08-22,2,Galicia,290,4ª Regata Liga Provincial Coruña 2015,Augas Tranquilas,349,M ALE-A K1 1500,Final,Final,2056,,1307,17,00:00:00,,
2015-08-22,2,Galicia,290,4ª Regata Liga Provincial Coruña 2015,Augas Tranquilas,350,M ALE-B K1 1500,Final,Final,3134,,1404,1,00:10:40.36,105,
2015-08-22,2,Galicia,290,4ª Regata Liga Provincial Coruña 2015,Augas Tranquilas,350,M ALE-B K1 1500,Final,Final,3139,,1406,2,00:10:57.8,102,
2015-08-22,2,Galicia,290,4ª Regata Liga Provincial Coruña 2015,Augas Tranquilas,350,M ALE-B K1 1500,Final,Final,3145,,1413,3,00:11:21.02,99,
2015-08-22,2,Galicia,290,4ª Regata Liga Provincial Coruña 2015,Augas Tranquilas,350,M ALE-B K1 1500,Final,Final,3141,,1401,4,00:11:32.61,97,
2015-08-22,2,Galicia,290,4ª Regata Liga Provincial Coruña 2015,Augas Tranquilas,350,M ALE-B K1 1500,Final,Final,4057,,1411,5,00:11:39.49,96,
2015-08-22,2,Galicia,290,4ª Regata Liga Provincial Coruña 2015,Augas Tranquilas,350,M ALE-B K1 1500,Final,Final,3638,,1414,6,00:12:09.09,95,
2015-08-22,2,Galicia,290,4ª Regata Liga Provincial Coruña 2015,Augas Tranquilas,350,M ALE-B K1 1500,Final,Final,1283,,1402,7,00:12:14.16,94,
2015-08-22,2,Galicia,290,4ª Regata Liga Provincial Coruña 2015,Augas Tranquilas,350,M ALE-B K1 1500,Final,Final,1276,,1417,8,00:12:18.13,93,
2015-08-22,2,Galicia,290,4ª Regata Liga Provincial Coruña 2015,Augas Tranquilas,350,M ALE-B K1 1500,Final,Final,3147,,1418,9,00:12:23.14,92,
2015-08-22,2,Galicia,290,4ª Regata Liga Provincial Coruña 2015,Augas Tranquilas,350,M ALE-B K1 1500,Final,Final,3636,,1410,10,00:12:28.76,91,
2015-08-22,2,Galicia,290,4ª Regata Liga Provincial Coruña 2015,Augas Tranquilas,350,M ALE-B K1 1500,Final,Final,3168,,1412,11,00:12:35.59,90,
2015-08-22,2,Galicia,290,4ª Regata Liga Provincial Coruña 2015,Augas Tranquilas,350,M ALE-B K1 1500,Final,Final,1282,,1405,12,00:12:38.84,89,
2015-08-22,2,Galicia,290,4ª Regata Liga Provincial Coruña 2015,Augas Tranquilas,350,M ALE-B K1 1500,Final,Final,1288,,1407,13,00:14:10.69,88,
2015-08-22,2,Galicia,290,4ª Regata Liga Provincial Coruña 2015,Augas Tranquilas,350,M ALE-B K1 1500,Final,Final,1284,,1415,14,00:14:33.67,87,
2015-08-22,2,Galicia,290,4ª Regata Liga Provincial Coruña 2015,Augas Tranquilas,350,M ALE-B K1 1500,Final,Final,3159,,1408,15,00:15:11.96,86,
2015-08-22,2,Galicia,290,4ª Regata Liga Provincial Coruña 2015,Augas Tranquilas,350,M ALE-B K1 1500,Final,Final,1291,,1416,16,00:15:15.03,85,
2015-08-22,2,Galicia,290,4ª Regata Liga Provincial Coruña 2015,Augas Tranquilas,350,M ALE-B K1 1500,Final,Final,2057,,1400,17,00:17:31.77,84,
2015-08-22,2,Galicia,290,4ª Regata Liga Provincial Coruña 2015,Augas Tranquilas,350,M ALE-B K1 1500,Final,Final,2058,,1409,18,00:18:13.95,83,
2015-08-22,2,Galicia,290,4ª Regata Liga Provincial Coruña 2015,Augas Tranquilas,350,M ALE-B K1 1500,Final,Final,1519,,1403,19,00:00:00,,
2015-08-22,2,Galicia,290,4ª Regata Liga Provincial Coruña 2015,Augas Tranquilas,350,M ALE-B K1 1500,Final,Final,1285,,1419,20,00:00:00,,
2015-08-22,2,Galicia,290,4ª Regata Liga Provincial Coruña 2015,Augas Tranquilas,351,H ALE-A K1 1500,Final,Final,2868,,619,1,00:08:26.66,130,
2015-08-22,2,Galicia,290,4ª Regata Liga Provincial Coruña 2015,Augas Tranquilas,351,H ALE-A K1 1500,Final,Final,3253,,631,2,00:09:51.18,127,
2015-08-22,2,Galicia,290,4ª Regata Liga Provincial Coruña 2015,Augas Tranquilas,351,H ALE-A K1 1500,Final,Final,2881,,615,3,00:09:53.38,124,
2015-08-22,2,Galicia,290,4ª Regata Liga Provincial Coruña 2015,Augas Tranquilas,351,H ALE-A K1 1500,Final,Final,3257,,600,4,00:09:58.46,122,
2015-08-22,2,Galicia,290,4ª Regata Liga Provincial Coruña 2015,Augas Tranquilas,351,H ALE-A K1 1500,Final,Final,3647,,632,5,00:10:06.23,121,
2015-08-22,2,Galicia,290,4ª Regata Liga Provincial Coruña 2015,Augas Tranquilas,351,H ALE-A K1 1500,Final,Final,3280,,603,6,00:10:11.71,120,
2015-08-22,2,Galicia,290,4ª Regata Liga Provincial Coruña 2015,Augas Tranquilas,351,H ALE-A K1 1500,Final,Final,3648,,623,7,00:10:16.93,119,
2015-08-22,2,Galicia,290,4ª Regata Liga Provincial Coruña 2015,Augas Tranquilas,351,H ALE-A K1 1500,Final,Final,4516,,611,8,00:10:39.37,118,
2015-08-22,2,Galicia,290,4ª Regata Liga Provincial Coruña 2015,Augas Tranquilas,351,H ALE-A K1 1500,Final,Final,3249,,607,9,00:10:49.5,117,
2015-08-22,2,Galicia,290,4ª Regata Liga Provincial Coruña 2015,Augas Tranquilas,351,H ALE-A K1 1500,Final,Final,2887,,614,10,00:11:01.52,116,
2015-08-22,2,Galicia,290,4ª Regata Liga Provincial Coruña 2015,Augas Tranquilas,351,H ALE-A K1 1500,Final,Final,3260,,622,11,00:11:10.64,115,
2015-08-22,2,Galicia,290,4ª Regata Liga Provincial Coruña 2015,Augas Tranquilas,351,H ALE-A K1 1500,Final,Final,1306,,610,12,00:11:20.5,114,
2015-08-22,2,Galicia,290,4ª Regata Liga Provincial Coruña 2015,Augas Tranquilas,351,H ALE-A K1 1500,Final,Final,1321,,626,13,00:11:27.81,113,
2015-08-22,2,Galicia,290,4ª Regata Liga Provincial Coruña 2015,Augas Tranquilas,351,H ALE-A K1 1500,Final,Final,1315,,613,14,00:11:29.47,112,
2015-08-22,2,Galicia,290,4ª Regata Liga Provincial Coruña 2015,Augas Tranquilas,351,H ALE-A K1 1500,Final,Final,4098,,602,15,00:11:33.69,111,
2015-08-22,2,Galicia,290,4ª Regata Liga Provincial Coruña 2015,Augas Tranquilas,351,H ALE-A K1 1500,Final,Final,1318,,609,16,00:11:50.11,110,
2015-08-22,2,Galicia,290,4ª Regata Liga Provincial Coruña 2015,Augas Tranquilas,351,H ALE-A K1 1500,Final,Final,4515,,612,17,00:11:58.49,109,
2015-08-22,2,Galicia,290,4ª Regata Liga Provincial Coruña 2015,Augas Tranquilas,351,H ALE-A K1 1500,Final,Final,3265,,617,18,00:12:01.29,108,
2015-08-22,2,Galicia,290,4ª Regata Liga Provincial Coruña 2015,Augas Tranquilas,351,H ALE-A K1 1500,Final,Final,3263,,616,19,00:12:23.76,107,
2015-08-22,2,Galicia,290,4ª Regata Liga Provincial Coruña 2015,Augas Tranquilas,351,H ALE-A K1 1500,Final,Final,1307,,606,20,00:13:15.9,106,
2015-08-22,2,Galicia,290,4ª Regata Liga Provincial Coruña 2015,Augas Tranquilas,351,H ALE-A K1 1500,Final,Final,1310,,621,21,00:13:26.11,105,
2015-08-22,2,Galicia,290,4ª Regata Liga Provincial Coruña 2015,Augas Tranquilas,351,H ALE-A K1 1500,Final,Final,3539,,624,22,00:13:48.99,104,
2015-08-22,2,Galicia,290,4ª Regata Liga Provincial Coruña 2015,Augas Tranquilas,351,H ALE-A K1 1500,Final,Final,1314,,604,23,00:13:51.45,103,
2015-08-22,2,Galicia,290,4ª Regata Liga Provincial Coruña 2015,Augas Tranquilas,351,H ALE-A K1 1500,Final,Final,2979,,628,24,00:14:10.9,102,
2015-08-22,2,Galicia,290,4ª Regata Liga Provincial Coruña 2015,Augas Tranquilas,351,H ALE-A K1 1500,Final,Final,3277,,630,25,00:14:23.08,101,
2015-08-22,2,Galicia,290,4ª Regata Liga Provincial Coruña 2015,Augas Tranquilas,351,H ALE-A K1 1500,Final,Final,2061,,605,26,00:15:18.04,100,
2015-08-22,2,Galicia,290,4ª Regata Liga Provincial Coruña 2015,Augas Tranquilas,351,H ALE-A K1 1500,Final,Final,2062,,618,27,00:15:21,99,
2015-08-22,2,Galicia,290,4ª Regata Liga Provincial Coruña 2015,Augas Tranquilas,351,H ALE-A K1 1500,Final,Final,2976,,625,28,00:16:07.85,98,
2015-08-22,2,Galicia,290,4ª Regata Liga Provincial Coruña 2015,Augas Tranquilas,351,H ALE-A K1 1500,Final,Final,3540,,629,29,00:16:15.91,97,
2015-08-22,2,Galicia,290,4ª Regata Liga Provincial Coruña 2015,Augas Tranquilas,351,H ALE-A K1 1500,Final,Final,3269,,620,30,00:16:22.34,96,
2015-08-22,2,Galicia,290,4ª Regata Liga Provincial Coruña 2015,Augas Tranquilas,351,H ALE-A K1 1500,Final,Final,1521,,601,31,00:00:00,,
2015-08-22,2,Galicia,290,4ª Regata Liga Provincial Coruña 2015,Augas Tranquilas,351,H ALE-A K1 1500,Final,Final,1300,,608,32,00:00:00,,
2015-08-22,2,Galicia,290,4ª Regata Liga Provincial Coruña 2015,Augas Tranquilas,351,H ALE-A K1 1500,Final,Final,3268,,627,33,00:00:00,,
2015-08-22,2,Galicia,290,4ª Regata Liga Provincial Coruña 2015,Augas Tranquilas,352,H ALE-B K1 1500,Final,Final,3222,,710,1,00:10:04.08,105,
2015-08-22,2,Galicia,290,4ª Regata Liga Provincial Coruña 2015,Augas Tranquilas,352,H ALE-B K1 1500,Final,Final,3171,,713,2,00:10:07.94,102,
2015-08-22,2,Galicia,290,4ª Regata Liga Provincial Coruña 2015,Augas Tranquilas,352,H ALE-B K1 1500,Final,Final,3177,,704,3,00:10:20.09,99,
2015-08-22,2,Galicia,290,4ª Regata Liga Provincial Coruña 2015,Augas Tranquilas,352,H ALE-B K1 1500,Final,Final,3640,,716,4,00:10:34.62,97,
2015-08-22,2,Galicia,290,4ª Regata Liga Provincial Coruña 2015,Augas Tranquilas,352,H ALE-B K1 1500,Final,Final,1331,,732,5,00:10:54.2,96,
2015-08-22,2,Galicia,290,4ª Regata Liga Provincial Coruña 2015,Augas Tranquilas,352,H ALE-B K1 1500,Final,Final,3182,,714,6,00:10:57.17,95,
2015-08-22,2,Galicia,290,4ª Regata Liga Provincial Coruña 2015,Augas Tranquilas,352,H ALE-B K1 1500,Final,Final,3641,,729,7,00:11:08.36,94,
2015-08-22,2,Galicia,290,4ª Regata Liga Provincial Coruña 2015,Augas Tranquilas,352,H ALE-B K1 1500,Final,Final,3639,,723,8,00:11:12.32,93,
2015-08-22,2,Galicia,290,4ª Regata Liga Provincial Coruña 2015,Augas Tranquilas,352,H ALE-B K1 1500,Final,Final,1325,,708,9,00:11:55.53,92,
2015-08-22,2,Galicia,290,4ª Regata Liga Provincial Coruña 2015,Augas Tranquilas,352,H ALE-B K1 1500,Final,Final,1335,,726,10,00:12:03.96,91,
2015-08-22,2,Galicia,290,4ª Regata Liga Provincial Coruña 2015,Augas Tranquilas,352,H ALE-B K1 1500,Final,Final,4066,,702,11,00:12:05.68,90,
2015-08-22,2,Galicia,290,4ª Regata Liga Provincial Coruña 2015,Augas Tranquilas,352,H ALE-B K1 1500,Final,Final,3205,,719,12,00:12:09.75,89,
2015-08-22,2,Galicia,290,4ª Regata Liga Provincial Coruña 2015,Augas Tranquilas,352,H ALE-B K1 1500,Final,Final,3215,,701,13,00:12:11.92,88,
2015-08-22,2,Galicia,290,4ª Regata Liga Provincial Coruña 2015,Augas Tranquilas,352,H ALE-B K1 1500,Final,Final,1339,,715,14,00:12:20.54,87,
2015-08-22,2,Galicia,290,4ª Regata Liga Provincial Coruña 2015,Augas Tranquilas,352,H ALE-B K1 1500,Final,Final,1341,,703,15,00:12:37.2,86,
2015-08-22,2,Galicia,290,4ª Regata Liga Provincial Coruña 2015,Augas Tranquilas,352,H ALE-B K1 1500,Final,Final,4065,,720,16,00:12:39.81,85,
2015-08-22,2,Galicia,290,4ª Regata Liga Provincial Coruña 2015,Augas Tranquilas,352,H ALE-B K1 1500,Final,Final,4832,,730,17,00:12:44.48,84,
2015-08-22,2,Galicia,290,4ª Regata Liga Provincial Coruña 2015,Augas Tranquilas,352,H ALE-B K1 1500,Final,Final,1350,,727,18,00:13:23.6,83,
2015-08-22,2,Galicia,290,4ª Regata Liga Provincial Coruña 2015,Augas Tranquilas,352,H ALE-B K1 1500,Final,Final,3214,,728,19,00:13:34.43,82,
2015-08-22,2,Galicia,290,4ª Regata Liga Provincial Coruña 2015,Augas Tranquilas,352,H ALE-B K1 1500,Final,Final,2063,,706,20,00:13:45.59,81,
2015-08-22,2,Galicia,290,4ª Regata Liga Provincial Coruña 2015,Augas Tranquilas,352,H ALE-B K1 1500,Final,Final,2064,,705,21,00:14:42.14,80,
2015-08-22,2,Galicia,290,4ª Regata Liga Provincial Coruña 2015,Augas Tranquilas,352,H ALE-B K1 1500,Final,Final,2065,,731,22,00:14:49.75,79,
2015-08-22,2,Galicia,290,4ª Regata Liga Provincial Coruña 2015,Augas Tranquilas,352,H ALE-B K1 1500,Final,Final,1342,,707,23,00:15:01.07,78,
2015-08-22,2,Galicia,290,4ª Regata Liga Provincial Coruña 2015,Augas Tranquilas,352,H ALE-B K1 1500,Final,Final,2066,,718,24,00:17:38.2,77,
2015-08-22,2,Galicia,290,4ª Regata Liga Provincial Coruña 2015,Augas Tranquilas,352,H ALE-B K1 1500,Final,Final,1332,,700,25,00:00:00,,
2015-08-22,2,Galicia,290,4ª Regata Liga Provincial Coruña 2015,Augas Tranquilas,352,H ALE-B K1 1500,Final,Final,3179,,709,26,00:00:00,,
2015-08-22,2,Galicia,290,4ª Regata Liga Provincial Coruña 2015,Augas Tranquilas,352,H ALE-B K1 1500,Final,Final,1345,,711,27,00:00:00,,
2015-08-22,2,Galicia,290,4ª Regata Liga Provincial Coruña 2015,Augas Tranquilas,352,H ALE-B K1 1500,Final,Final,3207,,712,28,00:00:00,,
2015-08-22,2,Galicia,290,4ª Regata Liga Provincial Coruña 2015,Augas Tranquilas,352,H ALE-B K1 1500,Final,Final,3224,,717,29,00:00:00,,
2015-08-22,2,Galicia,290,4ª Regata Liga Provincial Coruña 2015,Augas Tranquilas,352,H ALE-B K1 1500,Final,Final,1530,,721,30,00:00:00,,
2015-08-22,2,Galicia,290,4ª Regata Liga Provincial Coruña 2015,Augas Tranquilas,352,H ALE-B K1 1500,Final,Final,1347,,722,31,00:00:00,,
2015-08-22,2,Galicia,290,4ª Regata Liga Provincial Coruña 2015,Augas Tranquilas,352,H ALE-B K1 1500,Final,Final,1349,,724,32,00:00:00,,
2015-08-22,2,Galicia,290,4ª Regata Liga Provincial Coruña 2015,Augas Tranquilas,352,H ALE-B K1 1500,Final,Final,1344,,725,33,00:00:00,,
2015-08-22,2,Galicia,290,4ª Regata Liga Provincial Coruña 2015,Augas Tranquilas,355,H INF-B C1 3000,Final,Final,3304,,181,1,00:22:11,,
2015-08-22,2,Galicia,290,4ª Regata Liga Provincial Coruña 2015,Augas Tranquilas,355,H INF-B C1 3000,Final,Final,1435,,180,2,00:29:42,,
2015-08-22,2,Galicia,290,4ª Regata Liga Provincial Coruña 2015,Augas Tranquilas,356,H INF-A C1 3000,Final,Final,1382,,87,1,00:15:51,230,
2015-08-22,2,Galicia,290,4ª Regata Liga Provincial Coruña 2015,Augas Tranquilas,356,H INF-A C1 3000,Final,Final,1384,,88,2,00:16:17,227,
2015-08-22,2,Galicia,290,4ª Regata Liga Provincial Coruña 2015,Augas Tranquilas,356,H INF-A C1 3000,Final,Final,1386,,85,3,00:16:24,224,
2015-08-22,2,Galicia,290,4ª Regata Liga Provincial Coruña 2015,Augas Tranquilas,356,H INF-A C1 3000,Final,Final,1387,,80,4,00:17:10,222,
2015-08-22,2,Galicia,290,4ª Regata Liga Provincial Coruña 2015,Augas Tranquilas,356,H INF-A C1 3000,Final,Final,3345,,86,5,00:17:11,221,
2015-08-22,2,Galicia,290,4ª Regata Liga Provincial Coruña 2015,Augas Tranquilas,356,H INF-A C1 3000,Final,Final,1388,,84,6,00:18:28,220,
2015-08-22,2,Galicia,290,4ª Regata Liga Provincial Coruña 2015,Augas Tranquilas,356,H INF-A C1 3000,Final,Final,2917,,82,7,00:19:07,219,
2015-08-22,2,Galicia,290,4ª Regata Liga Provincial Coruña 2015,Augas Tranquilas,356,H INF-A C1 3000,Final,Final,2918,,83,8,00:23:46,,
2015-08-22,2,Galicia,290,4ª Regata Liga Provincial Coruña 2015,Augas Tranquilas,356,H INF-A C1 3000,Final,Final,1392,,81,9,00:00:00,,
2015-08-22,2,Galicia,290,4ª Regata Liga Provincial Coruña 2015,Augas Tranquilas,357,M INF-B K1 3000,Final,Final,1531,,1116,1,00:14:45.35,205,
2015-08-22,2,Galicia,290,4ª Regata Liga Provincial Coruña 2015,Augas Tranquilas,357,M INF-B K1 3000,Final,Final,1352,,1118,2,00:15:07.24,202,
2015-08-22,2,Galicia,290,4ª Regata Liga Provincial Coruña 2015,Augas Tranquilas,357,M INF-B K1 3000,Final,Final,1362,,1114,3,00:15:14.33,199,
2015-08-22,2,Galicia,290,4ª Regata Liga Provincial Coruña 2015,Augas Tranquilas,357,M INF-B K1 3000,Final,Final,1357,,1102,4,00:15:25.48,198,
2015-08-22,2,Galicia,290,4ª Regata Liga Provincial Coruña 2015,Augas Tranquilas,357,M INF-B K1 3000,Final,Final,1356,,1117,5,00:15:42.51,197,
2015-08-22,2,Galicia,290,4ª Regata Liga Provincial Coruña 2015,Augas Tranquilas,357,M INF-B K1 3000,Final,Final,1361,,1101,6,00:16:07.23,196,
2015-08-22,2,Galicia,290,4ª Regata Liga Provincial Coruña 2015,Augas Tranquilas,357,M INF-B K1 3000,Final,Final,1364,,1106,7,00:16:20.41,195,
2015-08-22,2,Galicia,290,4ª Regata Liga Provincial Coruña 2015,Augas Tranquilas,357,M INF-B K1 3000,Final,Final,1353,,1104,8,00:16:33.42,194,
2015-08-22,2,Galicia,290,4ª Regata Liga Provincial Coruña 2015,Augas Tranquilas,357,M INF-B K1 3000,Final,Final,1358,,1108,9,00:16:50.93,193,
2015-08-22,2,Galicia,290,4ª Regata Liga Provincial Coruña 2015,Augas Tranquilas,357,M INF-B K1 3000,Final,Final,3650,,1111,10,00:17:02.81,192,
2015-08-22,2,Galicia,290,4ª Regata Liga Provincial Coruña 2015,Augas Tranquilas,357,M INF-B K1 3000,Final,Final,1359,,1113,11,00:17:32.15,191,
2015-08-22,2,Galicia,290,4ª Regata Liga Provincial Coruña 2015,Augas Tranquilas,357,M INF-B K1 3000,Final,Final,1360,,1112,12,00:19:44.87,190,
2015-08-22,2,Galicia,290,4ª Regata Liga Provincial Coruña 2015,Augas Tranquilas,357,M INF-B K1 3000,Final,Final,2865,,1105,13,00:19:55.67,189,
2015-08-22,2,Galicia,290,4ª Regata Liga Provincial Coruña 2015,Augas Tranquilas,357,M INF-B K1 3000,Final,Final,1370,,1100,14,00:20:03.42,188,
2015-08-22,2,Galicia,290,4ª Regata Liga Provincial Coruña 2015,Augas Tranquilas,357,M INF-B K1 3000,Final,Final,3546,,1103,15,00:20:07.97,187,
2015-08-22,2,Galicia,290,4ª Regata Liga Provincial Coruña 2015,Augas Tranquilas,357,M INF-B K1 3000,Final,Final,2067,,1109,16,00:20:15.83,186,
2015-08-22,2,Galicia,290,4ª Regata Liga Provincial Coruña 2015,Augas Tranquilas,357,M INF-B K1 3000,Final,Final,1354,,1115,17,00:20:22.56,185,
2015-08-22,2,Galicia,290,4ª Regata Liga Provincial Coruña 2015,Augas Tranquilas,357,M INF-B K1 3000,Final,Final,2068,,1110,18,00:25:16.46,,
2015-08-22,2,Galicia,290,4ª Regata Liga Provincial Coruña 2015,Augas Tranquilas,357,M INF-B K1 3000,Final,Final,2069,,1107,19,00:25:46.17,,
2015-08-22,2,Galicia,290,4ª Regata Liga Provincial Coruña 2015,Augas Tranquilas,357,M INF-B K1 3000,Final,Final,1367,,1121,20,00:26:04.19,,
2015-08-22,2,Galicia,290,4ª Regata Liga Provincial Coruña 2015,Augas Tranquilas,357,M INF-B K1 3000,Final,Final,1590,,1119,21,00:00:00,,
2015-08-22,2,Galicia,290,4ª Regata Liga Provincial Coruña 2015,Augas Tranquilas,358,M INF-A K1 3000,Final,Final,1372,,1001,1,00:14:14.86,230,
2015-08-22,2,Galicia,290,4ª Regata Liga Provincial Coruña 2015,Augas Tranquilas,358,M INF-A K1 3000,Final,Final,3628,,1006,2,00:14:53.65,227,
2015-08-22,2,Galicia,290,4ª Regata Liga Provincial Coruña 2015,Augas Tranquilas,358,M INF-A K1 3000,Final,Final,1380,,1000,3,00:14:58.94,224,
2015-08-22,2,Galicia,290,4ª Regata Liga Provincial Coruña 2015,Augas Tranquilas,358,M INF-A K1 3000,Final,Final,1374,,1008,4,00:15:22.41,222,
2015-08-22,2,Galicia,290,4ª Regata Liga Provincial Coruña 2015,Augas Tranquilas,358,M INF-A K1 3000,Final,Final,1371,,1007,5,00:15:27.9,221,
2015-08-22,2,Galicia,290,4ª Regata Liga Provincial Coruña 2015,Augas Tranquilas,358,M INF-A K1 3000,Final,Final,1375,,1005,6,00:15:30.07,220,
2015-08-22,2,Galicia,290,4ª Regata Liga Provincial Coruña 2015,Augas Tranquilas,358,M INF-A K1 3000,Final,Final,3629,,1002,7,00:16:23.1,219,
2015-08-22,2,Galicia,290,4ª Regata Liga Provincial Coruña 2015,Augas Tranquilas,358,M INF-A K1 3000,Final,Final,1379,,1009,8,00:17:44.21,218,
2015-08-22,2,Galicia,290,4ª Regata Liga Provincial Coruña 2015,Augas Tranquilas,358,M INF-A K1 3000,Final,Final,1378,,1004,9,00:17:48.38,217,
2015-08-22,2,Galicia,290,4ª Regata Liga Provincial Coruña 2015,Augas Tranquilas,358,M INF-A K1 3000,Final,Final,1532,,1003,10,00:19:53.21,216,
2015-08-22,2,Galicia,290,4ª Regata Liga Provincial Coruña 2015,Augas Tranquilas,359,H INF-A K1 3000,Final,Final,1393,,21,1,00:11:37.46,230,
2015-08-22,2,Galicia,290,4ª Regata Liga Provincial Coruña 2015,Augas Tranquilas,359,H INF-A K1 3000,Final,Final,1394,,19,2,00:11:38.3,227,
2015-08-22,2,Galicia,290,4ª Regata Liga Provincial Coruña 2015,Augas Tranquilas,359,H INF-A K1 3000,Final,Final,1395,,22,3,00:12:17.04,224,
2015-08-22,2,Galicia,290,4ª Regata Liga Provincial Coruña 2015,Augas Tranquilas,359,H INF-A K1 3000,Final,Final,1396,,25,4,00:12:18.43,222,
2015-08-22,2,Galicia,290,4ª Regata Liga Provincial Coruña 2015,Augas Tranquilas,359,H INF-A K1 3000,Final,Final,1397,,7,5,00:12:38.81,221,
2015-08-22,2,Galicia,290,4ª Regata Liga Provincial Coruña 2015,Augas Tranquilas,359,H INF-A K1 3000,Final,Final,1398,,23,6,00:12:59.94,220,
2015-08-22,2,Galicia,290,4ª Regata Liga Provincial Coruña 2015,Augas Tranquilas,359,H INF-A K1 3000,Final,Final,1537,,24,7,00:13:24.92,219,
2015-08-22,2,Galicia,290,4ª Regata Liga Provincial Coruña 2015,Augas Tranquilas,359,H INF-A K1 3000,Final,Final,1401,,3,8,00:14:39.52,218,
2015-08-22,2,Galicia,290,4ª Regata Liga Provincial Coruña 2015,Augas Tranquilas,359,H INF-A K1 3000,Final,Final,2795,,11,9,00:14:40.92,217,
2015-08-22,2,Galicia,290,4ª Regata Liga Provincial Coruña 2015,Augas Tranquilas,359,H INF-A K1 3000,Final,Final,2939,,16,10,00:14:43.35,216,
2015-08-22,2,Galicia,290,4ª Regata Liga Provincial Coruña 2015,Augas Tranquilas,359,H INF-A K1 3000,Final,Final,1403,,15,11,00:14:47.38,215,
2015-08-22,2,Galicia,290,4ª Regata Liga Provincial Coruña 2015,Augas Tranquilas,359,H INF-A K1 3000,Final,Final,2951,,2,12,00:15:18.68,214,
2015-08-22,2,Galicia,290,4ª Regata Liga Provincial Coruña 2015,Augas Tranquilas,359,H INF-A K1 3000,Final,Final,1399,,6,13,00:15:37.81,213,
2015-08-22,2,Galicia,290,4ª Regata Liga Provincial Coruña 2015,Augas Tranquilas,359,H INF-A K1 3000,Final,Final,1406,,8,14,00:15:52.58,212,
2015-08-22,2,Galicia,290,4ª Regata Liga Provincial Coruña 2015,Augas Tranquilas,359,H INF-A K1 3000,Final,Final,2945,,29,15,00:16:06.34,211,
2015-08-22,2,Galicia,290,4ª Regata Liga Provincial Coruña 2015,Augas Tranquilas,359,H INF-A K1 3000,Final,Final,1402,,13,16,00:16:55.28,210,
2015-08-22,2,Galicia,290,4ª Regata Liga Provincial Coruña 2015,Augas Tranquilas,359,H INF-A K1 3000,Final,Final,1409,,12,17,00:17:03.42,209,
2015-08-22,2,Galicia,290,4ª Regata Liga Provincial Coruña 2015,Augas Tranquilas,359,H INF-A K1 3000,Final,Final,2948,,20,18,00:17:16.15,208,
2015-08-22,2,Galicia,290,4ª Regata Liga Provincial Coruña 2015,Augas Tranquilas,359,H INF-A K1 3000,Final,Final,1410,,9,19,00:17:18.41,207,
2015-08-22,2,Galicia,290,4ª Regata Liga Provincial Coruña 2015,Augas Tranquilas,359,H INF-A K1 3000,Final,Final,1414,,26,20,00:17:39.91,,
2015-08-22,2,Galicia,290,4ª Regata Liga Provincial Coruña 2015,Augas Tranquilas,359,H INF-A K1 3000,Final,Final,1536,,14,21,00:18:13.16,,
2015-08-22,2,Galicia,290,4ª Regata Liga Provincial Coruña 2015,Augas Tranquilas,359,H INF-A K1 3000,Final,Final,1415,,27,22,00:18:21.37,,
2015-08-22,2,Galicia,290,4ª Regata Liga Provincial Coruña 2015,Augas Tranquilas,359,H INF-A K1 3000,Final,Final,1420,,28,23,00:18:36.08,,
2015-08-22,2,Galicia,290,4ª Regata Liga Provincial Coruña 2015,Augas Tranquilas,359,H INF-A K1 3000,Final,Final,2799,,10,24,00:19:57.96,,
2015-08-22,2,Galicia,290,4ª Regata Liga Provincial Coruña 2015,Augas Tranquilas,359,H INF-A K1 3000,Final,Final,2070,,1,25,00:00:00,,
2015-08-22,2,Galicia,290,4ª Regata Liga Provincial Coruña 2015,Augas Tranquilas,359,H INF-A K1 3000,Final,Final,1412,,4,26,00:00:00,,
2015-08-22,2,Galicia,290,4ª Regata Liga Provincial Coruña 2015,Augas Tranquilas,359,H INF-A K1 3000,Final,Final,1416,,5,27,00:00:00,,
2015-08-22,2,Galicia,290,4ª Regata Liga Provincial Coruña 2015,Augas Tranquilas,359,H INF-A K1 3000,Final,Final,1419,,17,28,00:00:00,,
2015-08-22,2,Galicia,290,4ª Regata Liga Provincial Coruña 2015,Augas Tranquilas,359,H INF-A K1 3000,Final,Final,1535,,18,29,00:00:00,,
2015-08-22,2,Galicia,290,4ª Regata Liga Provincial Coruña 2015,Augas Tranquilas,360,H INF-B K1 3000,Final,Final,1421,,125,1,00:13:21.74,205,
2015-08-22,2,Galicia,290,4ª Regata Liga Provincial Coruña 2015,Augas Tranquilas,360,H INF-B K1 3000,Final,Final,1422,,119,2,00:13:47.05,202,
2015-08-22,2,Galicia,290,4ª Regata Liga Provincial Coruña 2015,Augas Tranquilas,360,H INF-B K1 3000,Final,Final,1592,,115,3,00:13:53.93,199,
2015-08-22,2,Galicia,290,4ª Regata Liga Provincial Coruña 2015,Augas Tranquilas,360,H INF-B K1 3000,Final,Final,1439,,118,4,00:14:29.48,198,
2015-08-22,2,Galicia,290,4ª Regata Liga Provincial Coruña 2015,Augas Tranquilas,360,H INF-B K1 3000,Final,Final,3309,,100,5,00:15:09.01,197,
2015-08-22,2,Galicia,290,4ª Regata Liga Provincial Coruña 2015,Augas Tranquilas,360,H INF-B K1 3000,Final,Final,3319,,103,6,00:15:31.67,196,
2015-08-22,2,Galicia,290,4ª Regata Liga Provincial Coruña 2015,Augas Tranquilas,360,H INF-B K1 3000,Final,Final,1424,,106,7,00:15:41.4,195,
2015-08-22,2,Galicia,290,4ª Regata Liga Provincial Coruña 2015,Augas Tranquilas,360,H INF-B K1 3000,Final,Final,2837,,109,8,00:15:44.43,194,
2015-08-22,2,Galicia,290,4ª Regata Liga Provincial Coruña 2015,Augas Tranquilas,360,H INF-B K1 3000,Final,Final,1452,,114,9,00:15:48.97,193,
2015-08-22,2,Galicia,290,4ª Regata Liga Provincial Coruña 2015,Augas Tranquilas,360,H INF-B K1 3000,Final,Final,1426,,116,10,00:15:55.9,192,
2015-08-22,2,Galicia,290,4ª Regata Liga Provincial Coruña 2015,Augas Tranquilas,360,H INF-B K1 3000,Final,Final,1425,,102,11,00:16:27.43,191,
2015-08-22,2,Galicia,290,4ª Regata Liga Provincial Coruña 2015,Augas Tranquilas,360,H INF-B K1 3000,Final,Final,3314,,129,12,00:16:43.02,190,
2015-08-22,2,Galicia,290,4ª Regata Liga Provincial Coruña 2015,Augas Tranquilas,360,H INF-B K1 3000,Final,Final,3653,,117,13,00:16:59.82,189,
2015-08-22,2,Galicia,290,4ª Regata Liga Provincial Coruña 2015,Augas Tranquilas,360,H INF-B K1 3000,Final,Final,1431,,126,14,00:17:08.8,188,
2015-08-22,2,Galicia,290,4ª Regata Liga Provincial Coruña 2015,Augas Tranquilas,360,H INF-B K1 3000,Final,Final,2997,,124,15,00:17:11.4,187,
2015-08-22,2,Galicia,290,4ª Regata Liga Provincial Coruña 2015,Augas Tranquilas,360,H INF-B K1 3000,Final,Final,2993,,128,16,00:17:38.28,186,
2015-08-22,2,Galicia,290,4ª Regata Liga Provincial Coruña 2015,Augas Tranquilas,360,H INF-B K1 3000,Final,Final,1437,,121,17,00:17:41.46,185,
2015-08-22,2,Galicia,290,4ª Regata Liga Provincial Coruña 2015,Augas Tranquilas,360,H INF-B K1 3000,Final,Final,1427,,112,18,00:18:08.96,184,
2015-08-22,2,Galicia,290,4ª Regata Liga Provincial Coruña 2015,Augas Tranquilas,360,H INF-B K1 3000,Final,Final,3317,,120,19,00:18:15.15,183,
2015-08-22,2,Galicia,290,4ª Regata Liga Provincial Coruña 2015,Augas Tranquilas,360,H INF-B K1 3000,Final,Final,1450,,111,20,00:18:19.7,182,
2015-08-22,2,Galicia,290,4ª Regata Liga Provincial Coruña 2015,Augas Tranquilas,360,H INF-B K1 3000,Final,Final,1451,,113,21,00:18:31,181,
2015-08-22,2,Galicia,290,4ª Regata Liga Provincial Coruña 2015,Augas Tranquilas,360,H INF-B K1 3000,Final,Final,1429,,131,22,00:18:34.09,180,
2015-08-22,2,Galicia,290,4ª Regata Liga Provincial Coruña 2015,Augas Tranquilas,360,H INF-B K1 3000,Final,Final,3315,,130,23,00:18:41.37,179,
2015-08-22,2,Galicia,290,4ª Regata Liga Provincial Coruña 2015,Augas Tranquilas,360,H INF-B K1 3000,Final,Final,3328,,104,24,00:19:47.08,,
2015-08-22,2,Galicia,290,4ª Regata Liga Provincial Coruña 2015,Augas Tranquilas,360,H INF-B K1 3000,Final,Final,1447,,108,25,00:19:54.94,,
2015-08-22,2,Galicia,290,4ª Regata Liga Provincial Coruña 2015,Augas Tranquilas,360,H INF-B K1 3000,Final,Final,1445,,105,26,00:20:38.55,,
2015-08-22,2,Galicia,290,4ª Regata Liga Provincial Coruña 2015,Augas Tranquilas,360,H INF-B K1 3000,Final,Final,2071,,110,27,00:21:07.5,,
2015-08-22,2,Galicia,290,4ª Regata Liga Provincial Coruña 2015,Augas Tranquilas,360,H INF-B K1 3000,Final,Final,1446,,123,28,00:21:09.85,,
2015-08-22,2,Galicia,290,4ª Regata Liga Provincial Coruña 2015,Augas Tranquilas,360,H INF-B K1 3000,Final,Final,3312,,101,29,00:00:00,,
2015-08-22,2,Galicia,290,4ª Regata Liga Provincial Coruña 2015,Augas Tranquilas,360,H INF-B K1 3000,Final,Final,1438,,107,30,00:00:00,,
2015-08-22,2,Galicia,290,4ª Regata Liga Provincial Coruña 2015,Augas Tranquilas,360,H INF-B K1 3000,Final,Final,1454,,122,31,00:00:00,,
2015-08-22,2,Galicia,290,4ª Regata Liga Provincial Coruña 2015,Augas Tranquilas,361,H CAD K1 3000,Final,Final,1538,,220,1,00:11:25.14,230,
2015-08-22,2,Galicia,290,4ª Regata Liga Provincial Coruña 2015,Augas Tranquilas,361,H CAD K1 3000,Final,Final,1145,,218,2,00:11:26.18,227,
2015-08-22,2,Galicia,290,4ª Regata Liga Provincial Coruña 2015,Augas Tranquilas,361,H CAD K1 3000,Final,Final,1167,,203,3,00:11:27.92,224,
2015-08-22,2,Galicia,290,4ª Regata Liga Provincial Coruña 2015,Augas Tranquilas,361,H CAD K1 3000,Final,Final,1151,,202,4,00:11:59.96,222,
2015-08-22,2,Galicia,290,4ª Regata Liga Provincial Coruña 2015,Augas Tranquilas,361,H CAD K1 3000,Final,Final,1471,,232,5,00:12:08.83,221,
2015-08-22,2,Galicia,290,4ª Regata Liga Provincial Coruña 2015,Augas Tranquilas,361,H CAD K1 3000,Final,Final,1166,,212,6,00:12:10.21,220,
2015-08-22,2,Galicia,290,4ª Regata Liga Provincial Coruña 2015,Augas Tranquilas,361,H CAD K1 3000,Final,Final,1470,,239,7,00:12:23.12,219,
2015-08-22,2,Galicia,290,4ª Regata Liga Provincial Coruña 2015,Augas Tranquilas,361,H CAD K1 3000,Final,Final,1169,,223,8,00:12:26.08,218,
2015-08-22,2,Galicia,290,4ª Regata Liga Provincial Coruña 2015,Augas Tranquilas,361,H CAD K1 3000,Final,Final,1487,,240,9,00:12:28.61,217,
2015-08-22,2,Galicia,290,4ª Regata Liga Provincial Coruña 2015,Augas Tranquilas,361,H CAD K1 3000,Final,Final,1170,,246,10,00:12:46.16,216,
2015-08-22,2,Galicia,290,4ª Regata Liga Provincial Coruña 2015,Augas Tranquilas,361,H CAD K1 3000,Final,Final,1152,,200,11,00:12:51.1,215,
2015-08-22,2,Galicia,290,4ª Regata Liga Provincial Coruña 2015,Augas Tranquilas,361,H CAD K1 3000,Final,Final,1472,,236,12,00:12:56.15,214,
2015-08-22,2,Galicia,290,4ª Regata Liga Provincial Coruña 2015,Augas Tranquilas,361,H CAD K1 3000,Final,Final,1171,,204,13,00:12:58.31,213,
2015-08-22,2,Galicia,290,4ª Regata Liga Provincial Coruña 2015,Augas Tranquilas,361,H CAD K1 3000,Final,Final,1481,,238,14,00:13:16.03,212,
2015-08-22,2,Galicia,290,4ª Regata Liga Provincial Coruña 2015,Augas Tranquilas,361,H CAD K1 3000,Final,Final,1149,,213,15,00:13:21.29,211,
2015-08-22,2,Galicia,290,4ª Regata Liga Provincial Coruña 2015,Augas Tranquilas,361,H CAD K1 3000,Final,Final,3367,,227,16,00:13:24.94,210,
2015-08-22,2,Galicia,290,4ª Regata Liga Provincial Coruña 2015,Augas Tranquilas,361,H CAD K1 3000,Final,Final,3351,,224,17,00:13:29.95,209,
2015-08-22,2,Galicia,290,4ª Regata Liga Provincial Coruña 2015,Augas Tranquilas,361,H CAD K1 3000,Final,Final,1173,,216,18,00:13:32.8,208,
2015-08-22,2,Galicia,290,4ª Regata Liga Provincial Coruña 2015,Augas Tranquilas,361,H CAD K1 3000,Final,Final,1150,,214,19,00:13:48.39,207,
2015-08-22,2,Galicia,290,4ª Regata Liga Provincial Coruña 2015,Augas Tranquilas,361,H CAD K1 3000,Final,Final,2956,,225,20,00:13:49.81,206,
2015-08-22,2,Galicia,290,4ª Regata Liga Provincial Coruña 2015,Augas Tranquilas,361,H CAD K1 3000,Final,Final,2942,,201,21,00:13:55.79,205,
2015-08-22,2,Galicia,290,4ª Regata Liga Provincial Coruña 2015,Augas Tranquilas,361,H CAD K1 3000,Final,Final,2941,,245,22,00:13:59.56,204,
2015-08-22,2,Galicia,290,4ª Regata Liga Provincial Coruña 2015,Augas Tranquilas,361,H CAD K1 3000,Final,Final,1177,,221,23,00:14:01.22,203,
2015-08-22,2,Galicia,290,4ª Regata Liga Provincial Coruña 2015,Augas Tranquilas,361,H CAD K1 3000,Final,Final,1479,,211,24,00:14:03.25,202,
2015-08-22,2,Galicia,290,4ª Regata Liga Provincial Coruña 2015,Augas Tranquilas,361,H CAD K1 3000,Final,Final,1190,,244,25,00:14:08.95,201,
2015-08-22,2,Galicia,290,4ª Regata Liga Provincial Coruña 2015,Augas Tranquilas,361,H CAD K1 3000,Final,Final,1475,,231,26,00:14:12.26,200,
2015-08-22,2,Galicia,290,4ª Regata Liga Provincial Coruña 2015,Augas Tranquilas,361,H CAD K1 3000,Final,Final,1476,,233,27,00:14:13.99,199,
2015-08-22,2,Galicia,290,4ª Regata Liga Provincial Coruña 2015,Augas Tranquilas,361,H CAD K1 3000,Final,Final,1489,,237,28,00:14:16.79,198,
2015-08-22,2,Galicia,290,4ª Regata Liga Provincial Coruña 2015,Augas Tranquilas,361,H CAD K1 3000,Final,Final,1483,,208,29,00:14:47.99,197,
2015-08-22,2,Galicia,290,4ª Regata Liga Provincial Coruña 2015,Augas Tranquilas,361,H CAD K1 3000,Final,Final,1482,,242,30,00:14:50.16,196,
2015-08-22,2,Galicia,290,4ª Regata Liga Provincial Coruña 2015,Augas Tranquilas,361,H CAD K1 3000,Final,Final,1480,,215,31,00:14:59.19,195,
2015-08-22,2,Galicia,290,4ª Regata Liga Provincial Coruña 2015,Augas Tranquilas,361,H CAD K1 3000,Final,Final,1477,,241,32,00:15:01.62,194,
2015-08-22,2,Galicia,290,4ª Regata Liga Provincial Coruña 2015,Augas Tranquilas,361,H CAD K1 3000,Final,Final,1484,,209,33,00:15:11.14,193,
2015-08-22,2,Galicia,290,4ª Regata Liga Provincial Coruña 2015,Augas Tranquilas,361,H CAD K1 3000,Final,Final,1486,,230,34,00:15:16.47,192,
2015-08-22,2,Galicia,290,4ª Regata Liga Provincial Coruña 2015,Augas Tranquilas,361,H CAD K1 3000,Final,Final,1474,,234,35,00:15:20.46,191,
2015-08-22,2,Galicia,290,4ª Regata Liga Provincial Coruña 2015,Augas Tranquilas,361,H CAD K1 3000,Final,Final,1490,,210,36,00:15:42.3,190,
2015-08-22,2,Galicia,290,4ª Regata Liga Provincial Coruña 2015,Augas Tranquilas,361,H CAD K1 3000,Final,Final,2072,,219,37,00:16:06.35,,
2015-08-22,2,Galicia,290,4ª Regata Liga Provincial Coruña 2015,Augas Tranquilas,361,H CAD K1 3000,Final,Final,1488,,205,38,00:16:10.12,,
2015-08-22,2,Galicia,290,4ª Regata Liga Provincial Coruña 2015,Augas Tranquilas,361,H CAD K1 3000,Final,Final,2073,,222,39,00:16:11.6,,
2015-08-22,2,Galicia,290,4ª Regata Liga Provincial Coruña 2015,Augas Tranquilas,361,H CAD K1 3000,Final,Final,2074,,235,40,00:16:46.26,,
2015-08-22,2,Galicia,290,4ª Regata Liga Provincial Coruña 2015,Augas Tranquilas,361,H CAD K1 3000,Final,Final,1539,,228,41,00:17:17.38,,
2015-08-22,2,Galicia,290,4ª Regata Liga Provincial Coruña 2015,Augas Tranquilas,361,H CAD K1 3000,Final,Final,1492,,206,42,00:00:00,,
2015-08-22,2,Galicia,290,4ª Regata Liga Provincial Coruña 2015,Augas Tranquilas,361,H CAD K1 3000,Final,Final,1494,,207,43,00:00:00,,
2015-08-22,2,Galicia,290,4ª Regata Liga Provincial Coruña 2015,Augas Tranquilas,361,H CAD K1 3000,Final,Final,1493,,217,44,00:00:00,,
2015-08-22,2,Galicia,290,4ª Regata Liga Provincial Coruña 2015,Augas Tranquilas,361,H CAD K1 3000,Final,Final,3625,,226,45,00:00:00,,
2015-08-22,2,Galicia,290,4ª Regata Liga Provincial Coruña 2015,Augas Tranquilas,361,H CAD K1 3000,Final,Final,2075,,229,46,00:00:00,,
2015-08-22,2,Galicia,290,4ª Regata Liga Provincial Coruña 2015,Augas Tranquilas,361,H CAD K1 3000,Final,Final,1485,,243,47,00:00:00,,
2015-08-22,2,Galicia,290,4ª Regata Liga Provincial Coruña 2015,Augas Tranquilas,362,H CAD C1 3000,Final,Final,1052,,802,1,00:13:55,230,
2015-08-22,2,Galicia,290,4ª Regata Liga Provincial Coruña 2015,Augas Tranquilas,362,H CAD C1 3000,Final,Final,1468,,804,2,00:14:35,227,
2015-08-22,2,Galicia,290,4ª Regata Liga Provincial Coruña 2015,Augas Tranquilas,362,H CAD C1 3000,Final,Final,1063,,801,3,00:14:53,224,
2015-08-22,2,Galicia,290,4ª Regata Liga Provincial Coruña 2015,Augas Tranquilas,362,H CAD C1 3000,Final,Final,1467,,805,4,00:15:23,222,
2015-08-22,2,Galicia,290,4ª Regata Liga Provincial Coruña 2015,Augas Tranquilas,362,H CAD C1 3000,Final,Final,1469,,800,5,00:15:49,221,
2015-08-22,2,Galicia,290,4ª Regata Liga Provincial Coruña 2015,Augas Tranquilas,364,M CAD K1 3000,Final,Final,1097,,1200,1,00:14:03.15,230,
2015-08-22,2,Galicia,290,4ª Regata Liga Provincial Coruña 2015,Augas Tranquilas,364,M CAD K1 3000,Final,Final,1456,,1214,2,00:14:20.83,227,
2015-08-22,2,Galicia,290,4ª Regata Liga Provincial Coruña 2015,Augas Tranquilas,364,M CAD K1 3000,Final,Final,1110,,1201,3,00:14:29.05,224,
2015-08-22,2,Galicia,290,4ª Regata Liga Provincial Coruña 2015,Augas Tranquilas,364,M CAD K1 3000,Final,Final,1114,,1202,4,00:14:40.05,222,
2015-08-22,2,Galicia,290,4ª Regata Liga Provincial Coruña 2015,Augas Tranquilas,364,M CAD K1 3000,Final,Final,1093,,1203,5,00:15:02.28,221,
2015-08-22,2,Galicia,290,4ª Regata Liga Provincial Coruña 2015,Augas Tranquilas,364,M CAD K1 3000,Final,Final,2926,,1216,6,00:15:13.64,220,
2015-08-22,2,Galicia,290,4ª Regata Liga Provincial Coruña 2015,Augas Tranquilas,364,M CAD K1 3000,Final,Final,3362,,1215,7,00:15:16.33,219,
2015-08-22,2,Galicia,290,4ª Regata Liga Provincial Coruña 2015,Augas Tranquilas,364,M CAD K1 3000,Final,Final,1459,,1212,8,00:15:25.04,218,
2015-08-22,2,Galicia,290,4ª Regata Liga Provincial Coruña 2015,Augas Tranquilas,364,M CAD K1 3000,Final,Final,3359,,1204,9,00:15:34.75,217,
2015-08-22,2,Galicia,290,4ª Regata Liga Provincial Coruña 2015,Augas Tranquilas,364,M CAD K1 3000,Final,Final,2928,,1217,10,00:16:03.48,216,
2015-08-22,2,Galicia,290,4ª Regata Liga Provincial Coruña 2015,Augas Tranquilas,364,M CAD K1 3000,Final,Final,1463,,1210,11,00:16:22.57,215,
2015-08-22,2,Galicia,290,4ª Regata Liga Provincial Coruña 2015,Augas Tranquilas,364,M CAD K1 3000,Final,Final,1461,,1211,12,00:16:31.66,214,
2015-08-22,2,Galicia,290,4ª Regata Liga Provincial Coruña 2015,Augas Tranquilas,364,M CAD K1 3000,Final,Final,4585,,1205,13,00:00:00,,
2015-08-22,2,Galicia,290,4ª Regata Liga Provincial Coruña 2015,Augas Tranquilas,364,M CAD K1 3000,Final,Final,1101,,1207,14,00:00:00,,
2015-08-22,2,Galicia,290,4ª Regata Liga Provincial Coruña 2015,Augas Tranquilas,364,M CAD K1 3000,Final,Final,1099,,1208,15,00:00:00,,
2015-08-22,2,Galicia,290,4ª Regata Liga Provincial Coruña 2015,Augas Tranquilas,364,M CAD K1 3000,Final,Final,1104,,1209,16,00:00:00,,
2015-08-22,2,Galicia,290,4ª Regata Liga Provincial Coruña 2015,Augas Tranquilas,364,M CAD K1 3000,Final,Final,1466,,1213,17,00:00:00,,
2015-08-22,2,Galicia,291,4ª Regata Liga Provincial Pontevedra-2015,Augas Tranquilas,365,M BEN K1 1500,Final,Final,3438,,566,1,00:08:35,55,
2015-08-22,2,Galicia,291,4ª Regata Liga Provincial Pontevedra-2015,Augas Tranquilas,365,M BEN K1 1500,Final,Final,3441,,536,2,00:08:43,52,
2015-08-22,2,Galicia,291,4ª Regata Liga Provincial Pontevedra-2015,Augas Tranquilas,365,M BEN K1 1500,Final,Final,3377,,505,3,00:08:45,49,
2015-08-22,2,Galicia,291,4ª Regata Liga Provincial Pontevedra-2015,Augas Tranquilas,365,M BEN K1 1500,Final,Final,3440,,545,4,00:08:52,47,
2015-08-22,2,Galicia,291,4ª Regata Liga Provincial Pontevedra-2015,Augas Tranquilas,365,M BEN K1 1500,Final,Final,2080,,537,5,00:09:14,46,
2015-08-22,2,Galicia,291,4ª Regata Liga Provincial Pontevedra-2015,Augas Tranquilas,365,M BEN K1 1500,Final,Final,3445,,509,6,00:09:17,45,
2015-08-22,2,Galicia,291,4ª Regata Liga Provincial Pontevedra-2015,Augas Tranquilas,365,M BEN K1 1500,Final,Final,3443,,522,7,00:09:40,44,
2015-08-22,2,Galicia,291,4ª Regata Liga Provincial Pontevedra-2015,Augas Tranquilas,365,M BEN K1 1500,Final,Final,3379,,546,8,00:09:47,43,
2015-08-22,2,Galicia,291,4ª Regata Liga Provincial Pontevedra-2015,Augas Tranquilas,365,M BEN K1 1500,Final,Final,3376,,529,9,00:09:53,42,
2015-08-22,2,Galicia,291,4ª Regata Liga Provincial Pontevedra-2015,Augas Tranquilas,365,M BEN K1 1500,Final,Final,2085,,526,10,00:09:57,41,
2015-08-22,2,Galicia,291,4ª Regata Liga Provincial Pontevedra-2015,Augas Tranquilas,365,M BEN K1 1500,Final,Final,2086,,560,11,00:09:58,40,
2015-08-22,2,Galicia,291,4ª Regata Liga Provincial Pontevedra-2015,Augas Tranquilas,365,M BEN K1 1500,Final,Final,2087,,520,12,00:10:03,39,
2015-08-22,2,Galicia,291,4ª Regata Liga Provincial Pontevedra-2015,Augas Tranquilas,365,M BEN K1 1500,Final,Final,3606,,515,13,00:10:04,38,
2015-08-22,2,Galicia,291,4ª Regata Liga Provincial Pontevedra-2015,Augas Tranquilas,365,M BEN K1 1500,Final,Final,4111,,514,14,00:10:06,37,
2015-08-22,2,Galicia,291,4ª Regata Liga Provincial Pontevedra-2015,Augas Tranquilas,365,M BEN K1 1500,Final,Final,2090,,551,15,00:10:17,36,
2015-08-22,2,Galicia,291,4ª Regata Liga Provincial Pontevedra-2015,Augas Tranquilas,365,M BEN K1 1500,Final,Final,2091,,553,16,00:10:18,35,
2015-08-22,2,Galicia,291,4ª Regata Liga Provincial Pontevedra-2015,Augas Tranquilas,365,M BEN K1 1500,Final,Final,4215,,549,17,00:10:25,34,
2015-08-22,2,Galicia,291,4ª Regata Liga Provincial Pontevedra-2015,Augas Tranquilas,365,M BEN K1 1500,Final,Final,3439,,501,18,00:10:43,33,
2015-08-22,2,Galicia,291,4ª Regata Liga Provincial Pontevedra-2015,Augas Tranquilas,365,M BEN K1 1500,Final,Final,3450,,547,19,00:10:44,32,
2015-08-22,2,Galicia,291,4ª Regata Liga Provincial Pontevedra-2015,Augas Tranquilas,365,M BEN K1 1500,Final,Final,3380,,544,20,00:10:49,31,
2015-08-22,2,Galicia,291,4ª Regata Liga Provincial Pontevedra-2015,Augas Tranquilas,365,M BEN K1 1500,Final,Final,2096,,510,21,00:10:53,30,
2015-08-22,2,Galicia,291,4ª Regata Liga Provincial Pontevedra-2015,Augas Tranquilas,365,M BEN K1 1500,Final,Final,2097,,523,22,00:10:59,29,
2015-08-22,2,Galicia,291,4ª Regata Liga Provincial Pontevedra-2015,Augas Tranquilas,365,M BEN K1 1500,Final,Final,5550,,550,23,00:11:03,28,
2015-08-22,2,Galicia,291,4ª Regata Liga Provincial Pontevedra-2015,Augas Tranquilas,365,M BEN K1 1500,Final,Final,3743,,534,24,00:11:09,27,
2015-08-22,2,Galicia,291,4ª Regata Liga Provincial Pontevedra-2015,Augas Tranquilas,365,M BEN K1 1500,Final,Final,2100,,538,25,00:11:12,26,
2015-08-22,2,Galicia,291,4ª Regata Liga Provincial Pontevedra-2015,Augas Tranquilas,365,M BEN K1 1500,Final,Final,2101,,533,26,00:11:13,25,
2015-08-22,2,Galicia,291,4ª Regata Liga Provincial Pontevedra-2015,Augas Tranquilas,365,M BEN K1 1500,Final,Final,2102,,563,27,00:11:27,24,
2015-08-22,2,Galicia,291,4ª Regata Liga Provincial Pontevedra-2015,Augas Tranquilas,365,M BEN K1 1500,Final,Final,2103,,512,28,00:11:28,23,
2015-08-22,2,Galicia,291,4ª Regata Liga Provincial Pontevedra-2015,Augas Tranquilas,365,M BEN K1 1500,Final,Final,3382,,540,29,00:11:34,22,
2015-08-22,2,Galicia,291,4ª Regata Liga Provincial Pontevedra-2015,Augas Tranquilas,365,M BEN K1 1500,Final,Final,2105,,554,30,00:11:36,21,
2015-08-22,2,Galicia,291,4ª Regata Liga Provincial Pontevedra-2015,Augas Tranquilas,365,M BEN K1 1500,Final,Final,3447,,535,31,00:11:43,20,
2015-08-22,2,Galicia,291,4ª Regata Liga Provincial Pontevedra-2015,Augas Tranquilas,365,M BEN K1 1500,Final,Final,2107,,530,32,00:11:48,19,
2015-08-22,2,Galicia,291,4ª Regata Liga Provincial Pontevedra-2015,Augas Tranquilas,365,M BEN K1 1500,Final,Final,3449,,519,33,00:11:58,18,
2015-08-22,2,Galicia,291,4ª Regata Liga Provincial Pontevedra-2015,Augas Tranquilas,365,M BEN K1 1500,Final,Final,2109,,532,34,00:12:00,17,
2015-08-22,2,Galicia,291,4ª Regata Liga Provincial Pontevedra-2015,Augas Tranquilas,365,M BEN K1 1500,Final,Final,2110,,555,35,00:12:05,16,
2015-08-22,2,Galicia,291,4ª Regata Liga Provincial Pontevedra-2015,Augas Tranquilas,365,M BEN K1 1500,Final,Final,2111,,561,36,00:12:13,15,
2015-08-22,2,Galicia,291,4ª Regata Liga Provincial Pontevedra-2015,Augas Tranquilas,365,M BEN K1 1500,Final,Final,2112,,543,37,00:12:24,14,
2015-08-22,2,Galicia,291,4ª Regata Liga Provincial Pontevedra-2015,Augas Tranquilas,365,M BEN K1 1500,Final,Final,3386,,531,38,00:12:37,13,
2015-08-22,2,Galicia,291,4ª Regata Liga Provincial Pontevedra-2015,Augas Tranquilas,365,M BEN K1 1500,Final,Final,2114,,558,39,00:12:50,12,
2015-08-22,2,Galicia,291,4ª Regata Liga Provincial Pontevedra-2015,Augas Tranquilas,365,M BEN K1 1500,Final,Final,2115,,569,40,00:13:05,11,
2015-08-22,2,Galicia,291,4ª Regata Liga Provincial Pontevedra-2015,Augas Tranquilas,365,M BEN K1 1500,Final,Final,2116,,539,41,00:13:15,10,
2015-08-22,2,Galicia,291,4ª Regata Liga Provincial Pontevedra-2015,Augas Tranquilas,365,M BEN K1 1500,Final,Final,5816,,513,42,00:13:27,9,
2015-08-22,2,Galicia,291,4ª Regata Liga Provincial Pontevedra-2015,Augas Tranquilas,365,M BEN K1 1500,Final,Final,3393,,557,43,00:13:34,8,
2015-08-22,2,Galicia,291,4ª Regata Liga Provincial Pontevedra-2015,Augas Tranquilas,365,M BEN K1 1500,Final,Final,2119,,507,44,00:13:41,7,
2015-08-22,2,Galicia,291,4ª Regata Liga Provincial Pontevedra-2015,Augas Tranquilas,365,M BEN K1 1500,Final,Final,2120,,527,45,00:13:45,6,
2015-08-22,2,Galicia,291,4ª Regata Liga Provincial Pontevedra-2015,Augas Tranquilas,365,M BEN K1 1500,Final,Final,2121,,541,46,00:14:03,5,
2015-08-22,2,Galicia,291,4ª Regata Liga Provincial Pontevedra-2015,Augas Tranquilas,365,M BEN K1 1500,Final,Final,2122,,516,47,00:14:11,4,
2015-08-22,2,Galicia,291,4ª Regata Liga Provincial Pontevedra-2015,Augas Tranquilas,365,M BEN K1 1500,Final,Final,3593,,518,48,00:14:24,3,
2015-08-22,2,Galicia,291,4ª Regata Liga Provincial Pontevedra-2015,Augas Tranquilas,365,M BEN K1 1500,Final,Final,2124,,525,49,00:15:16,2,
2015-08-22,2,Galicia,291,4ª Regata Liga Provincial Pontevedra-2015,Augas Tranquilas,365,M BEN K1 1500,Final,Final,3388,,548,50,00:15:31,1,
2015-08-22,2,Galicia,291,4ª Regata Liga Provincial Pontevedra-2015,Augas Tranquilas,365,M BEN K1 1500,Final,Final,2126,,500,51,00:00:00,,
2015-08-22,2,Galicia,291,4ª Regata Liga Provincial Pontevedra-2015,Augas Tranquilas,365,M BEN K1 1500,Final,Final,2127,,502,52,00:00:00,,
2015-08-22,2,Galicia,291,4ª Regata Liga Provincial Pontevedra-2015,Augas Tranquilas,365,M BEN K1 1500,Final,Final,2128,,503,53,00:00:00,,
2015-08-22,2,Galicia,291,4ª Regata Liga Provincial Pontevedra-2015,Augas Tranquilas,365,M BEN K1 1500,Final,Final,2129,,504,54,00:00:00,,
2015-08-22,2,Galicia,291,4ª Regata Liga Provincial Pontevedra-2015,Augas Tranquilas,365,M BEN K1 1500,Final,Final,2130,,506,55,00:00:00,,
2015-08-22,2,Galicia,291,4ª Regata Liga Provincial Pontevedra-2015,Augas Tranquilas,365,M BEN K1 1500,Final,Final,2131,,508,56,00:00:00,,
2015-08-22,2,Galicia,291,4ª Regata Liga Provincial Pontevedra-2015,Augas Tranquilas,365,M BEN K1 1500,Final,Final,2132,,511,57,00:00:00,,
2015-08-22,2,Galicia,291,4ª Regata Liga Provincial Pontevedra-2015,Augas Tranquilas,365,M BEN K1 1500,Final,Final,2133,,517,58,00:00:00,,
2015-08-22,2,Galicia,291,4ª Regata Liga Provincial Pontevedra-2015,Augas Tranquilas,365,M BEN K1 1500,Final,Final,4133,,521,59,00:00:00,,
2015-08-22,2,Galicia,291,4ª Regata Liga Provincial Pontevedra-2015,Augas Tranquilas,365,M BEN K1 1500,Final,Final,2135,,524,60,00:00:00,,
2015-08-22,2,Galicia,291,4ª Regata Liga Provincial Pontevedra-2015,Augas Tranquilas,365,M BEN K1 1500,Final,Final,2136,,528,61,00:00:00,,
2015-08-22,2,Galicia,291,4ª Regata Liga Provincial Pontevedra-2015,Augas Tranquilas,365,M BEN K1 1500,Final,Final,3381,,556,62,00:00:00,,
2015-08-22,2,Galicia,291,4ª Regata Liga Provincial Pontevedra-2015,Augas Tranquilas,365,M BEN K1 1500,Final,Final,2138,,562,63,00:00:00,,
2015-08-22,2,Galicia,291,4ª Regata Liga Provincial Pontevedra-2015,Augas Tranquilas,365,M BEN K1 1500,Final,Final,2139,,564,64,00:00:00,,
2015-08-22,2,Galicia,291,4ª Regata Liga Provincial Pontevedra-2015,Augas Tranquilas,365,M BEN K1 1500,Final,Final,2140,,565,65,00:00:00,,
2015-08-22,2,Galicia,291,4ª Regata Liga Provincial Pontevedra-2015,Augas Tranquilas,365,M BEN K1 1500,Final,Final,2141,,567,66,00:00:00,,
2015-08-22,2,Galicia,291,4ª Regata Liga Provincial Pontevedra-2015,Augas Tranquilas,365,M BEN K1 1500,Final,Final,2142,,568,67,00:00:00,,
2015-08-22,2,Galicia,291,4ª Regata Liga Provincial Pontevedra-2015,Augas Tranquilas,365,M BEN K1 1500,Final,Final,2143,,571,68,00:00:00,,
2015-08-22,2,Galicia,291,4ª Regata Liga Provincial Pontevedra-2015,Augas Tranquilas,365,M BEN K1 1500,Final,Final,2144,,542,69,00:00:00,,
2015-08-22,2,Galicia,291,4ª Regata Liga Provincial Pontevedra-2015,Augas Tranquilas,365,M BEN K1 1500,Final,Final,2145,,552,70,00:00:00,,
2015-08-22,2,Galicia,291,4ª Regata Liga Provincial Pontevedra-2015,Augas Tranquilas,365,M BEN K1 1500,Final,Final,2146,,559,71,00:00:00,,
2015-08-22,2,Galicia,291,4ª Regata Liga Provincial Pontevedra-2015,Augas Tranquilas,365,M BEN K1 1500,Final,Final,2147,,570,72,00:00:00,,
2015-08-22,2,Galicia,291,4ª Regata Liga Provincial Pontevedra-2015,Augas Tranquilas,366,H BEN K1 1500,Final,Final,3453,,198,1,00:08:04,55,
2015-08-22,2,Galicia,291,4ª Regata Liga Provincial Pontevedra-2015,Augas Tranquilas,366,H BEN K1 1500,Final,Final,3483,,216,2,00:08:05,52,
2015-08-22,2,Galicia,291,4ª Regata Liga Provincial Pontevedra-2015,Augas Tranquilas,366,H BEN K1 1500,Final,Final,2150,,157,3,00:08:15,49,
2015-08-22,2,Galicia,291,4ª Regata Liga Provincial Pontevedra-2015,Augas Tranquilas,366,H BEN K1 1500,Final,Final,3457,,208,4,00:08:19,47,
2015-08-22,2,Galicia,291,4ª Regata Liga Provincial Pontevedra-2015,Augas Tranquilas,366,H BEN K1 1500,Final,Final,3396,,121,5,00:08:26,46,
2015-08-22,2,Galicia,291,4ª Regata Liga Provincial Pontevedra-2015,Augas Tranquilas,366,H BEN K1 1500,Final,Final,3398,,190,6,00:08:37,45,
2015-08-22,2,Galicia,291,4ª Regata Liga Provincial Pontevedra-2015,Augas Tranquilas,366,H BEN K1 1500,Final,Final,3456,,152,7,00:08:39,44,
2015-08-22,2,Galicia,291,4ª Regata Liga Provincial Pontevedra-2015,Augas Tranquilas,366,H BEN K1 1500,Final,Final,3459,,146,8,00:08:40,43,
2015-08-22,2,Galicia,291,4ª Regata Liga Provincial Pontevedra-2015,Augas Tranquilas,366,H BEN K1 1500,Final,Final,3598,,215,9,00:08:50,42,
2015-08-22,2,Galicia,291,4ª Regata Liga Provincial Pontevedra-2015,Augas Tranquilas,366,H BEN K1 1500,Final,Final,3397,,204,10,00:08:51,41,
2015-08-22,2,Galicia,291,4ª Regata Liga Provincial Pontevedra-2015,Augas Tranquilas,366,H BEN K1 1500,Final,Final,2158,,155,11,00:09:01,40,
2015-08-22,2,Galicia,291,4ª Regata Liga Provincial Pontevedra-2015,Augas Tranquilas,366,H BEN K1 1500,Final,Final,4241,,194,12,00:09:05,39,
2015-08-22,2,Galicia,291,4ª Regata Liga Provincial Pontevedra-2015,Augas Tranquilas,366,H BEN K1 1500,Final,Final,3482,,211,13,00:09:07,38,
2015-08-22,2,Galicia,291,4ª Regata Liga Provincial Pontevedra-2015,Augas Tranquilas,366,H BEN K1 1500,Final,Final,2161,,104,14,00:09:14,37,
2015-08-22,2,Galicia,291,4ª Regata Liga Provincial Pontevedra-2015,Augas Tranquilas,366,H BEN K1 1500,Final,Final,2162,,154,15,00:09:16,36,
2015-08-22,2,Galicia,291,4ª Regata Liga Provincial Pontevedra-2015,Augas Tranquilas,366,H BEN K1 1500,Final,Final,3434,,175,16,00:09:17,35,
2015-08-22,2,Galicia,291,4ª Regata Liga Provincial Pontevedra-2015,Augas Tranquilas,366,H BEN K1 1500,Final,Final,3613,,139,17,00:09:18,34,
2015-08-22,2,Galicia,291,4ª Regata Liga Provincial Pontevedra-2015,Augas Tranquilas,366,H BEN K1 1500,Final,Final,3404,,149,18,00:09:19,33,
2015-08-22,2,Galicia,291,4ª Regata Liga Provincial Pontevedra-2015,Augas Tranquilas,366,H BEN K1 1500,Final,Final,3400,,217,19,00:09:26,32,
2015-08-22,2,Galicia,291,4ª Regata Liga Provincial Pontevedra-2015,Augas Tranquilas,366,H BEN K1 1500,Final,Final,2167,,160,20,00:09:36,31,
2015-08-22,2,Galicia,291,4ª Regata Liga Provincial Pontevedra-2015,Augas Tranquilas,366,H BEN K1 1500,Final,Final,3462,,145,21,00:09:38,30,
2015-08-22,2,Galicia,291,4ª Regata Liga Provincial Pontevedra-2015,Augas Tranquilas,366,H BEN K1 1500,Final,Final,3399,,151,22,00:09:40,29,
2015-08-22,2,Galicia,291,4ª Regata Liga Provincial Pontevedra-2015,Augas Tranquilas,366,H BEN K1 1500,Final,Final,3477,,176,23,00:09:42,28,
2015-08-22,2,Galicia,291,4ª Regata Liga Provincial Pontevedra-2015,Augas Tranquilas,366,H BEN K1 1500,Final,Final,2171,,140,24,00:09:43,27,
2015-08-22,2,Galicia,291,4ª Regata Liga Provincial Pontevedra-2015,Augas Tranquilas,366,H BEN K1 1500,Final,Final,2172,,174,25,00:09:44,26,
2015-08-22,2,Galicia,291,4ª Regata Liga Provincial Pontevedra-2015,Augas Tranquilas,366,H BEN K1 1500,Final,Final,3407,,184,26,00:09:58,25,
2015-08-22,2,Galicia,291,4ª Regata Liga Provincial Pontevedra-2015,Augas Tranquilas,366,H BEN K1 1500,Final,Final,2174,,172,27,00:10:00,24,
2015-08-22,2,Galicia,291,4ª Regata Liga Provincial Pontevedra-2015,Augas Tranquilas,366,H BEN K1 1500,Final,Final,3481,,210,28,00:10:02,23,
2015-08-22,2,Galicia,291,4ª Regata Liga Provincial Pontevedra-2015,Augas Tranquilas,366,H BEN K1 1500,Final,Final,3410,,173,29,00:10:03,22,
2015-08-22,2,Galicia,291,4ª Regata Liga Provincial Pontevedra-2015,Augas Tranquilas,366,H BEN K1 1500,Final,Final,2177,,168,30,00:10:04,21,
2015-08-22,2,Galicia,291,4ª Regata Liga Provincial Pontevedra-2015,Augas Tranquilas,366,H BEN K1 1500,Final,Final,3478,,186,31,00:10:12,20,
2015-08-22,2,Galicia,291,4ª Regata Liga Provincial Pontevedra-2015,Augas Tranquilas,366,H BEN K1 1500,Final,Final,2179,,124,32,00:10:13,19,
2015-08-22,2,Galicia,291,4ª Regata Liga Provincial Pontevedra-2015,Augas Tranquilas,366,H BEN K1 1500,Final,Final,2180,,156,33,00:10:15,18,
2015-08-22,2,Galicia,291,4ª Regata Liga Provincial Pontevedra-2015,Augas Tranquilas,366,H BEN K1 1500,Final,Final,3608,,143,34,00:10:24,17,
2015-08-22,2,Galicia,291,4ª Regata Liga Provincial Pontevedra-2015,Augas Tranquilas,366,H BEN K1 1500,Final,Final,3409,,144,35,00:10:27,16,
2015-08-22,2,Galicia,291,4ª Regata Liga Provincial Pontevedra-2015,Augas Tranquilas,366,H BEN K1 1500,Final,Final,2183,,183,36,00:10:34,15,
2015-08-22,2,Galicia,291,4ª Regata Liga Provincial Pontevedra-2015,Augas Tranquilas,366,H BEN K1 1500,Final,Final,3466,,171,37,00:10:37,14,
2015-08-22,2,Galicia,291,4ª Regata Liga Provincial Pontevedra-2015,Augas Tranquilas,366,H BEN K1 1500,Final,Final,3403,,153,38,00:10:46,13,
2015-08-22,2,Galicia,291,4ª Regata Liga Provincial Pontevedra-2015,Augas Tranquilas,366,H BEN K1 1500,Final,Final,2186,,166,39,00:10:48,12,
2015-08-22,2,Galicia,291,4ª Regata Liga Provincial Pontevedra-2015,Augas Tranquilas,366,H BEN K1 1500,Final,Final,2187,,201,40,00:10:50,11,
2015-08-22,2,Galicia,291,4ª Regata Liga Provincial Pontevedra-2015,Augas Tranquilas,366,H BEN K1 1500,Final,Final,3416,,131,41,00:10:51,10,
2015-08-22,2,Galicia,291,4ª Regata Liga Provincial Pontevedra-2015,Augas Tranquilas,366,H BEN K1 1500,Final,Final,3412,,162,42,00:10:54,9,
2015-08-22,2,Galicia,291,4ª Regata Liga Provincial Pontevedra-2015,Augas Tranquilas,366,H BEN K1 1500,Final,Final,3408,,185,43,00:10:55,8,
2015-08-22,2,Galicia,291,4ª Regata Liga Provincial Pontevedra-2015,Augas Tranquilas,366,H BEN K1 1500,Final,Final,3739,,147,44,00:10:56,7,
2015-08-22,2,Galicia,291,4ª Regata Liga Provincial Pontevedra-2015,Augas Tranquilas,366,H BEN K1 1500,Final,Final,3435,,187,45,00:11:04,6,
2015-08-22,2,Galicia,291,4ª Regata Liga Provincial Pontevedra-2015,Augas Tranquilas,366,H BEN K1 1500,Final,Final,3469,,113,46,00:11:07,5,
2015-08-22,2,Galicia,291,4ª Regata Liga Provincial Pontevedra-2015,Augas Tranquilas,366,H BEN K1 1500,Final,Final,2194,,178,47,00:11:08,4,
2015-08-22,2,Galicia,291,4ª Regata Liga Provincial Pontevedra-2015,Augas Tranquilas,366,H BEN K1 1500,Final,Final,4150,,112,48,00:11:21,3,
2015-08-22,2,Galicia,291,4ª Regata Liga Provincial Pontevedra-2015,Augas Tranquilas,366,H BEN K1 1500,Final,Final,5882,,159,49,00:11:27,2,
2015-08-22,2,Galicia,291,4ª Regata Liga Provincial Pontevedra-2015,Augas Tranquilas,366,H BEN K1 1500,Final,Final,3455,,203,50,00:11:34,1,
2015-08-22,2,Galicia,291,4ª Regata Liga Provincial Pontevedra-2015,Augas Tranquilas,366,H BEN K1 1500,Final,Final,2198,,114,51,00:11:35,,
2015-08-22,2,Galicia,291,4ª Regata Liga Provincial Pontevedra-2015,Augas Tranquilas,366,H BEN K1 1500,Final,Final,3411,,207,52,00:11:36,,
2015-08-22,2,Galicia,291,4ª Regata Liga Provincial Pontevedra-2015,Augas Tranquilas,366,H BEN K1 1500,Final,Final,4146,,109,53,00:11:41,,
2015-08-22,2,Galicia,291,4ª Regata Liga Provincial Pontevedra-2015,Augas Tranquilas,366,H BEN K1 1500,Final,Final,2201,,188,54,00:11:45,,
2015-08-22,2,Galicia,291,4ª Regata Liga Provincial Pontevedra-2015,Augas Tranquilas,366,H BEN K1 1500,Final,Final,3458,,132,55,00:11:47,,
2015-08-22,2,Galicia,291,4ª Regata Liga Provincial Pontevedra-2015,Augas Tranquilas,366,H BEN K1 1500,Final,Final,2203,,158,56,00:11:49,,
2015-08-22,2,Galicia,291,4ª Regata Liga Provincial Pontevedra-2015,Augas Tranquilas,366,H BEN K1 1500,Final,Final,2204,,106,57,00:11:50,,
2015-08-22,2,Galicia,291,4ª Regata Liga Provincial Pontevedra-2015,Augas Tranquilas,366,H BEN K1 1500,Final,Final,3419,,193,58,00:11:53,,
2015-08-22,2,Galicia,291,4ª Regata Liga Provincial Pontevedra-2015,Augas Tranquilas,366,H BEN K1 1500,Final,Final,3415,,165,59,00:11:55,,
2015-08-22,2,Galicia,291,4ª Regata Liga Provincial Pontevedra-2015,Augas Tranquilas,366,H BEN K1 1500,Final,Final,2207,,197,60,00:11:57,,
2015-08-22,2,Galicia,291,4ª Regata Liga Provincial Pontevedra-2015,Augas Tranquilas,366,H BEN K1 1500,Final,Final,3414,,169,61,00:11:58,,
2015-08-22,2,Galicia,291,4ª Regata Liga Provincial Pontevedra-2015,Augas Tranquilas,366,H BEN K1 1500,Final,Final,3741,,130,62,00:12:00,,
2015-08-22,2,Galicia,291,4ª Regata Liga Provincial Pontevedra-2015,Augas Tranquilas,366,H BEN K1 1500,Final,Final,4149,,205,63,00:12:02,,
2015-08-22,2,Galicia,291,4ª Regata Liga Provincial Pontevedra-2015,Augas Tranquilas,366,H BEN K1 1500,Final,Final,2211,,134,64,00:12:05,,
2015-08-22,2,Galicia,291,4ª Regata Liga Provincial Pontevedra-2015,Augas Tranquilas,366,H BEN K1 1500,Final,Final,5573,,148,65,00:12:09,,
2015-08-22,2,Galicia,291,4ª Regata Liga Provincial Pontevedra-2015,Augas Tranquilas,366,H BEN K1 1500,Final,Final,3468,,125,66,00:12:12,,
2015-08-22,2,Galicia,291,4ª Regata Liga Provincial Pontevedra-2015,Augas Tranquilas,366,H BEN K1 1500,Final,Final,3418,,136,67,00:12:17,,
2015-08-22,2,Galicia,291,4ª Regata Liga Provincial Pontevedra-2015,Augas Tranquilas,366,H BEN K1 1500,Final,Final,2215,,105,68,00:12:18,,
2015-08-22,2,Galicia,291,4ª Regata Liga Provincial Pontevedra-2015,Augas Tranquilas,366,H BEN K1 1500,Final,Final,2216,,142,69,00:12:21,,
2015-08-22,2,Galicia,291,4ª Regata Liga Provincial Pontevedra-2015,Augas Tranquilas,366,H BEN K1 1500,Final,Final,2217,,117,70,00:12:22,,
2015-08-22,2,Galicia,291,4ª Regata Liga Provincial Pontevedra-2015,Augas Tranquilas,366,H BEN K1 1500,Final,Final,2218,,170,71,00:12:25,,
2015-08-22,2,Galicia,291,4ª Regata Liga Provincial Pontevedra-2015,Augas Tranquilas,366,H BEN K1 1500,Final,Final,7336,,127,72,00:12:32,,
2015-08-22,2,Galicia,291,4ª Regata Liga Provincial Pontevedra-2015,Augas Tranquilas,366,H BEN K1 1500,Final,Final,2220,,138,73,00:12:44,,
2015-08-22,2,Galicia,291,4ª Regata Liga Provincial Pontevedra-2015,Augas Tranquilas,366,H BEN K1 1500,Final,Final,3413,,214,74,00:12:48,,
2015-08-22,2,Galicia,291,4ª Regata Liga Provincial Pontevedra-2015,Augas Tranquilas,366,H BEN K1 1500,Final,Final,2222,,180,75,00:12:50,,
2015-08-22,2,Galicia,291,4ª Regata Liga Provincial Pontevedra-2015,Augas Tranquilas,366,H BEN K1 1500,Final,Final,6000,,213,76,00:12:58,,
2015-08-22,2,Galicia,291,4ª Regata Liga Provincial Pontevedra-2015,Augas Tranquilas,366,H BEN K1 1500,Final,Final,2224,,191,77,00:13:05,,
2015-08-22,2,Galicia,291,4ª Regata Liga Provincial Pontevedra-2015,Augas Tranquilas,366,H BEN K1 1500,Final,Final,2225,,108,78,00:13:10,,
2015-08-22,2,Galicia,291,4ª Regata Liga Provincial Pontevedra-2015,Augas Tranquilas,366,H BEN K1 1500,Final,Final,4165,,128,79,00:13:14,,
2015-08-22,2,Galicia,291,4ª Regata Liga Provincial Pontevedra-2015,Augas Tranquilas,366,H BEN K1 1500,Final,Final,4233,,115,80,00:13:23,,
2015-08-22,2,Galicia,291,4ª Regata Liga Provincial Pontevedra-2015,Augas Tranquilas,366,H BEN K1 1500,Final,Final,3424,,164,81,00:13:25,,
2015-08-22,2,Galicia,291,4ª Regata Liga Provincial Pontevedra-2015,Augas Tranquilas,366,H BEN K1 1500,Final,Final,2229,,107,82,00:13:35,,
2015-08-22,2,Galicia,291,4ª Regata Liga Provincial Pontevedra-2015,Augas Tranquilas,366,H BEN K1 1500,Final,Final,2230,,182,83,00:14:27,,
2015-08-22,2,Galicia,291,4ª Regata Liga Provincial Pontevedra-2015,Augas Tranquilas,366,H BEN K1 1500,Final,Final,3417,,110,84,00:15:03,,
2015-08-22,2,Galicia,291,4ª Regata Liga Provincial Pontevedra-2015,Augas Tranquilas,366,H BEN K1 1500,Final,Final,3420,,123,85,00:15:08,,
2015-08-22,2,Galicia,291,4ª Regata Liga Provincial Pontevedra-2015,Augas Tranquilas,366,H BEN K1 1500,Final,Final,3472,,137,86,00:16:10,,
2015-08-22,2,Galicia,291,4ª Regata Liga Provincial Pontevedra-2015,Augas Tranquilas,366,H BEN K1 1500,Final,Final,2234,,100,87,00:00:00,,
2015-08-22,2,Galicia,291,4ª Regata Liga Provincial Pontevedra-2015,Augas Tranquilas,366,H BEN K1 1500,Final,Final,2235,,101,88,00:00:00,,
2015-08-22,2,Galicia,291,4ª Regata Liga Provincial Pontevedra-2015,Augas Tranquilas,366,H BEN K1 1500,Final,Final,2236,,102,89,00:00:00,,
2015-08-22,2,Galicia,291,4ª Regata Liga Provincial Pontevedra-2015,Augas Tranquilas,366,H BEN K1 1500,Final,Final,2237,,103,90,00:00:00,,
2015-08-22,2,Galicia,291,4ª Regata Liga Provincial Pontevedra-2015,Augas Tranquilas,366,H BEN K1 1500,Final,Final,2238,,111,91,00:00:00,,
2015-08-22,2,Galicia,291,4ª Regata Liga Provincial Pontevedra-2015,Augas Tranquilas,366,H BEN K1 1500,Final,Final,2239,,118,92,00:00:00,,
2015-08-22,2,Galicia,291,4ª Regata Liga Provincial Pontevedra-2015,Augas Tranquilas,366,H BEN K1 1500,Final,Final,2240,,119,93,00:00:00,,
2015-08-22,2,Galicia,291,4ª Regata Liga Provincial Pontevedra-2015,Augas Tranquilas,366,H BEN K1 1500,Final,Final,2241,,120,94,00:00:00,,
2015-08-22,2,Galicia,291,4ª Regata Liga Provincial Pontevedra-2015,Augas Tranquilas,366,H BEN K1 1500,Final,Final,4179,,126,95,00:00:00,,
2015-08-22,2,Galicia,291,4ª Regata Liga Provincial Pontevedra-2015,Augas Tranquilas,366,H BEN K1 1500,Final,Final,3406,,129,96,00:00:00,,
2015-08-22,2,Galicia,291,4ª Regata Liga Provincial Pontevedra-2015,Augas Tranquilas,366,H BEN K1 1500,Final,Final,4173,,133,97,00:00:00,,
2015-08-22,2,Galicia,291,4ª Regata Liga Provincial Pontevedra-2015,Augas Tranquilas,366,H BEN K1 1500,Final,Final,2245,,177,98,00:00:00,,
2015-08-22,2,Galicia,291,4ª Regata Liga Provincial Pontevedra-2015,Augas Tranquilas,366,H BEN K1 1500,Final,Final,2246,,179,99,00:00:00,,
2015-08-22,2,Galicia,291,4ª Regata Liga Provincial Pontevedra-2015,Augas Tranquilas,366,H BEN K1 1500,Final,Final,2247,,181,100,00:00:00,,
2015-08-22,2,Galicia,291,4ª Regata Liga Provincial Pontevedra-2015,Augas Tranquilas,366,H BEN K1 1500,Final,Final,3467,,189,101,00:00:00,,
2015-08-22,2,Galicia,291,4ª Regata Liga Provincial Pontevedra-2015,Augas Tranquilas,366,H BEN K1 1500,Final,Final,3427,,192,102,00:00:00,,
2015-08-22,2,Galicia,291,4ª Regata Liga Provincial Pontevedra-2015,Augas Tranquilas,366,H BEN K1 1500,Final,Final,2250,,195,103,00:00:00,,
2015-08-22,2,Galicia,291,4ª Regata Liga Provincial Pontevedra-2015,Augas Tranquilas,366,H BEN K1 1500,Final,Final,2251,,196,104,00:00:00,,
2015-08-22,2,Galicia,291,4ª Regata Liga Provincial Pontevedra-2015,Augas Tranquilas,366,H BEN K1 1500,Final,Final,2252,,199,105,00:00:00,,
2015-08-22,2,Galicia,291,4ª Regata Liga Provincial Pontevedra-2015,Augas Tranquilas,366,H BEN K1 1500,Final,Final,4709,,200,106,00:00:00,,
2015-08-22,2,Galicia,291,4ª Regata Liga Provincial Pontevedra-2015,Augas Tranquilas,366,H BEN K1 1500,Final,Final,2254,,202,107,00:00:00,,
2015-08-22,2,Galicia,291,4ª Regata Liga Provincial Pontevedra-2015,Augas Tranquilas,366,H BEN K1 1500,Final,Final,7849,,209,108,00:00:00,,
2015-08-22,2,Galicia,291,4ª Regata Liga Provincial Pontevedra-2015,Augas Tranquilas,367,M ALE-B K1 1500,Final,Final,5448,,400,1,00:07:28,105,
2015-08-22,2,Galicia,291,4ª Regata Liga Provincial Pontevedra-2015,Augas Tranquilas,367,M ALE-B K1 1500,Final,Final,3130,,439,2,00:07:37,102,
2015-08-22,2,Galicia,291,4ª Regata Liga Provincial Pontevedra-2015,Augas Tranquilas,367,M ALE-B K1 1500,Final,Final,3135,,437,3,00:07:51,99,
2015-08-22,2,Galicia,291,4ª Regata Liga Provincial Pontevedra-2015,Augas Tranquilas,367,M ALE-B K1 1500,Final,Final,3137,,402,4,00:07:57,97,
2015-08-22,2,Galicia,291,4ª Regata Liga Provincial Pontevedra-2015,Augas Tranquilas,367,M ALE-B K1 1500,Final,Final,3143,,405,5,00:07:59,96,
2015-08-22,2,Galicia,291,4ª Regata Liga Provincial Pontevedra-2015,Augas Tranquilas,367,M ALE-B K1 1500,Final,Final,8388,,444,6,00:08:04,95,
2015-08-22,2,Galicia,291,4ª Regata Liga Provincial Pontevedra-2015,Augas Tranquilas,367,M ALE-B K1 1500,Final,Final,3133,,441,7,00:08:11,94,
2015-08-22,2,Galicia,291,4ª Regata Liga Provincial Pontevedra-2015,Augas Tranquilas,367,M ALE-B K1 1500,Final,Final,3146,,431,8,00:08:18,93,
2015-08-22,2,Galicia,291,4ª Regata Liga Provincial Pontevedra-2015,Augas Tranquilas,367,M ALE-B K1 1500,Final,Final,3142,,420,9,00:08:26,92,
2015-08-22,2,Galicia,291,4ª Regata Liga Provincial Pontevedra-2015,Augas Tranquilas,367,M ALE-B K1 1500,Final,Final,3614,,403,10,00:08:31,91,
2015-08-22,2,Galicia,291,4ª Regata Liga Provincial Pontevedra-2015,Augas Tranquilas,367,M ALE-B K1 1500,Final,Final,3484,,426,11,00:08:34,90,
2015-08-22,2,Galicia,291,4ª Regata Liga Provincial Pontevedra-2015,Augas Tranquilas,367,M ALE-B K1 1500,Final,Final,4250,,424,12,00:08:37,89,
2015-08-22,2,Galicia,291,4ª Regata Liga Provincial Pontevedra-2015,Augas Tranquilas,367,M ALE-B K1 1500,Final,Final,3144,,409,13,00:08:40,88,
2015-08-22,2,Galicia,291,4ª Regata Liga Provincial Pontevedra-2015,Augas Tranquilas,367,M ALE-B K1 1500,Final,Final,3140,,427,14,00:08:46,87,
2015-08-22,2,Galicia,291,4ª Regata Liga Provincial Pontevedra-2015,Augas Tranquilas,367,M ALE-B K1 1500,Final,Final,3148,,435,15,00:08:51,86,
2015-08-22,2,Galicia,291,4ª Regata Liga Provincial Pontevedra-2015,Augas Tranquilas,367,M ALE-B K1 1500,Final,Final,2271,,438,16,00:08:54,85,
2015-08-22,2,Galicia,291,4ª Regata Liga Provincial Pontevedra-2015,Augas Tranquilas,367,M ALE-B K1 1500,Final,Final,3160,,413,17,00:09:28,84,
2015-08-22,2,Galicia,291,4ª Regata Liga Provincial Pontevedra-2015,Augas Tranquilas,367,M ALE-B K1 1500,Final,Final,3162,,406,18,00:09:57,83,
2015-08-22,2,Galicia,291,4ª Regata Liga Provincial Pontevedra-2015,Augas Tranquilas,367,M ALE-B K1 1500,Final,Final,2274,,436,19,00:10:03,82,
2015-08-22,2,Galicia,291,4ª Regata Liga Provincial Pontevedra-2015,Augas Tranquilas,367,M ALE-B K1 1500,Final,Final,3150,,412,20,00:10:18,81,
2015-08-22,2,Galicia,291,4ª Regata Liga Provincial Pontevedra-2015,Augas Tranquilas,367,M ALE-B K1 1500,Final,Final,2276,,404,21,00:10:20,80,
2015-08-22,2,Galicia,291,4ª Regata Liga Provincial Pontevedra-2015,Augas Tranquilas,367,M ALE-B K1 1500,Final,Final,3166,,425,22,00:10:33,79,
2015-08-22,2,Galicia,291,4ª Regata Liga Provincial Pontevedra-2015,Augas Tranquilas,367,M ALE-B K1 1500,Final,Final,3153,,417,23,00:10:35,78,
2015-08-22,2,Galicia,291,4ª Regata Liga Provincial Pontevedra-2015,Augas Tranquilas,367,M ALE-B K1 1500,Final,Final,3164,,428,24,00:10:39,77,
2015-08-22,2,Galicia,291,4ª Regata Liga Provincial Pontevedra-2015,Augas Tranquilas,367,M ALE-B K1 1500,Final,Final,3158,,422,25,00:11:00,76,
2015-08-22,2,Galicia,291,4ª Regata Liga Provincial Pontevedra-2015,Augas Tranquilas,367,M ALE-B K1 1500,Final,Final,3485,,430,26,00:11:06,75,
2015-08-22,2,Galicia,291,4ª Regata Liga Provincial Pontevedra-2015,Augas Tranquilas,367,M ALE-B K1 1500,Final,Final,2282,,411,27,00:11:07,74,
2015-08-22,2,Galicia,291,4ª Regata Liga Provincial Pontevedra-2015,Augas Tranquilas,367,M ALE-B K1 1500,Final,Final,2283,,410,28,00:11:09,73,
2015-08-22,2,Galicia,291,4ª Regata Liga Provincial Pontevedra-2015,Augas Tranquilas,367,M ALE-B K1 1500,Final,Final,3486,,418,29,00:11:10,72,
2015-08-22,2,Galicia,291,4ª Regata Liga Provincial Pontevedra-2015,Augas Tranquilas,367,M ALE-B K1 1500,Final,Final,3157,,429,30,00:11:11,71,
2015-08-22,2,Galicia,291,4ª Regata Liga Provincial Pontevedra-2015,Augas Tranquilas,367,M ALE-B K1 1500,Final,Final,2286,,432,31,00:11:24,70,
2015-08-22,2,Galicia,291,4ª Regata Liga Provincial Pontevedra-2015,Augas Tranquilas,367,M ALE-B K1 1500,Final,Final,2287,,408,32,00:11:34,69,
2015-08-22,2,Galicia,291,4ª Regata Liga Provincial Pontevedra-2015,Augas Tranquilas,367,M ALE-B K1 1500,Final,Final,2288,,419,33,00:11:36,68,
2015-08-22,2,Galicia,291,4ª Regata Liga Provincial Pontevedra-2015,Augas Tranquilas,367,M ALE-B K1 1500,Final,Final,3163,,421,34,00:12:14,67,
2015-08-22,2,Galicia,291,4ª Regata Liga Provincial Pontevedra-2015,Augas Tranquilas,367,M ALE-B K1 1500,Final,Final,2290,,446,35,00:12:42,66,
2015-08-22,2,Galicia,291,4ª Regata Liga Provincial Pontevedra-2015,Augas Tranquilas,367,M ALE-B K1 1500,Final,Final,2291,,401,36,00:00:00,,
2015-08-22,2,Galicia,291,4ª Regata Liga Provincial Pontevedra-2015,Augas Tranquilas,367,M ALE-B K1 1500,Final,Final,2292,,407,37,00:00:00,,
2015-08-22,2,Galicia,291,4ª Regata Liga Provincial Pontevedra-2015,Augas Tranquilas,367,M ALE-B K1 1500,Final,Final,3132,,414,38,00:00:00,,
2015-08-22,2,Galicia,291,4ª Regata Liga Provincial Pontevedra-2015,Augas Tranquilas,367,M ALE-B K1 1500,Final,Final,2294,,416,39,00:00:00,,
2015-08-22,2,Galicia,291,4ª Regata Liga Provincial Pontevedra-2015,Augas Tranquilas,367,M ALE-B K1 1500,Final,Final,2295,,423,40,00:00:00,,
2015-08-22,2,Galicia,291,4ª Regata Liga Provincial Pontevedra-2015,Augas Tranquilas,367,M ALE-B K1 1500,Final,Final,3167,,433,41,00:00:00,,
2015-08-22,2,Galicia,291,4ª Regata Liga Provincial Pontevedra-2015,Augas Tranquilas,367,M ALE-B K1 1500,Final,Final,2297,,434,42,00:00:00,,
2015-08-22,2,Galicia,291,4ª Regata Liga Provincial Pontevedra-2015,Augas Tranquilas,367,M ALE-B K1 1500,Final,Final,2298,,447,43,00:00:00,,
2015-08-22,2,Galicia,291,4ª Regata Liga Provincial Pontevedra-2015,Augas Tranquilas,368,H ALE-B K1 1500,Final,Final,2299,,850,1,00:09:55,105,
2015-08-22,2,Galicia,291,4ª Regata Liga Provincial Pontevedra-2015,Augas Tranquilas,368,H ALE-B K1 1500,Final,Final,3226,,861,2,00:10:10,102,
2015-08-22,2,Galicia,291,4ª Regata Liga Provincial Pontevedra-2015,Augas Tranquilas,368,H ALE-B K1 1500,Final,Final,3186,,824,3,00:10:26,99,
2015-08-22,2,Galicia,291,4ª Regata Liga Provincial Pontevedra-2015,Augas Tranquilas,368,H ALE-B K1 1500,Final,Final,3173,,865,4,00:10:31,97,
2015-08-22,2,Galicia,291,4ª Regata Liga Provincial Pontevedra-2015,Augas Tranquilas,368,H ALE-B K1 1500,Final,Final,3170,,857,5,00:10:43,96,
2015-08-22,2,Galicia,291,4ª Regata Liga Provincial Pontevedra-2015,Augas Tranquilas,368,H ALE-B K1 1500,Final,Final,3491,,842,6,00:10:45,95,
2015-08-22,2,Galicia,291,4ª Regata Liga Provincial Pontevedra-2015,Augas Tranquilas,368,H ALE-B K1 1500,Final,Final,3489,,810,7,00:11:04,94,
2015-08-22,2,Galicia,291,4ª Regata Liga Provincial Pontevedra-2015,Augas Tranquilas,368,H ALE-B K1 1500,Final,Final,3185,,828,8,00:11:12,93,
2015-08-22,2,Galicia,291,4ª Regata Liga Provincial Pontevedra-2015,Augas Tranquilas,368,H ALE-B K1 1500,Final,Final,3184,,834,9,00:11:19,92,
2015-08-22,2,Galicia,291,4ª Regata Liga Provincial Pontevedra-2015,Augas Tranquilas,368,H ALE-B K1 1500,Final,Final,3615,,816,10,00:11:25,91,
2015-08-22,2,Galicia,291,4ª Regata Liga Provincial Pontevedra-2015,Augas Tranquilas,368,H ALE-B K1 1500,Final,Final,8395,,808,11,00:11:30,90,
2015-08-22,2,Galicia,291,4ª Regata Liga Provincial Pontevedra-2015,Augas Tranquilas,368,H ALE-B K1 1500,Final,Final,3210,,823,12,00:11:38,89,
2015-08-22,2,Galicia,291,4ª Regata Liga Provincial Pontevedra-2015,Augas Tranquilas,368,H ALE-B K1 1500,Final,Final,3488,,831,13,00:11:43,88,
2015-08-22,2,Galicia,291,4ª Regata Liga Provincial Pontevedra-2015,Augas Tranquilas,368,H ALE-B K1 1500,Final,Final,3199,,860,14,00:11:48,87,
2015-08-22,2,Galicia,291,4ª Regata Liga Provincial Pontevedra-2015,Augas Tranquilas,368,H ALE-B K1 1500,Final,Final,3187,,869,15,00:11:57,86,
2015-08-22,2,Galicia,291,4ª Regata Liga Provincial Pontevedra-2015,Augas Tranquilas,368,H ALE-B K1 1500,Final,Final,2314,,821,16,00:12:01,85,
2015-08-22,2,Galicia,291,4ª Regata Liga Provincial Pontevedra-2015,Augas Tranquilas,368,H ALE-B K1 1500,Final,Final,2315,,820,17,00:12:05,84,
2015-08-22,2,Galicia,291,4ª Regata Liga Provincial Pontevedra-2015,Augas Tranquilas,368,H ALE-B K1 1500,Final,Final,2316,,806,18,00:12:25,83,
2015-08-22,2,Galicia,291,4ª Regata Liga Provincial Pontevedra-2015,Augas Tranquilas,368,H ALE-B K1 1500,Final,Final,4265,,841,19,00:12:34,82,
2015-08-22,2,Galicia,291,4ª Regata Liga Provincial Pontevedra-2015,Augas Tranquilas,368,H ALE-B K1 1500,Final,Final,3195,,853,20,00:12:40,81,
2015-08-22,2,Galicia,291,4ª Regata Liga Provincial Pontevedra-2015,Augas Tranquilas,368,H ALE-B K1 1500,Final,Final,3175,,843,21,00:12:59,80,
2015-08-22,2,Galicia,291,4ª Regata Liga Provincial Pontevedra-2015,Augas Tranquilas,368,H ALE-B K1 1500,Final,Final,4269,,813,22,00:13:01,79,
2015-08-22,2,Galicia,291,4ª Regata Liga Provincial Pontevedra-2015,Augas Tranquilas,368,H ALE-B K1 1500,Final,Final,3188,,830,23,00:13:13,78,
2015-08-22,2,Galicia,291,4ª Regata Liga Provincial Pontevedra-2015,Augas Tranquilas,368,H ALE-B K1 1500,Final,Final,3616,,845,24,00:13:15,77,
2015-08-22,2,Galicia,291,4ª Regata Liga Provincial Pontevedra-2015,Augas Tranquilas,368,H ALE-B K1 1500,Final,Final,2323,,829,25,00:13:47,76,
2015-08-22,2,Galicia,291,4ª Regata Liga Provincial Pontevedra-2015,Augas Tranquilas,368,H ALE-B K1 1500,Final,Final,3490,,856,26,00:13:50,75,
2015-08-22,2,Galicia,291,4ª Regata Liga Provincial Pontevedra-2015,Augas Tranquilas,368,H ALE-B K1 1500,Final,Final,2325,,838,27,00:13:51,74,
2015-08-22,2,Galicia,291,4ª Regata Liga Provincial Pontevedra-2015,Augas Tranquilas,368,H ALE-B K1 1500,Final,Final,2326,,809,28,00:14:22,73,
2015-08-22,2,Galicia,291,4ª Regata Liga Provincial Pontevedra-2015,Augas Tranquilas,368,H ALE-B K1 1500,Final,Final,3221,,833,29,00:14:32,72,
2015-08-22,2,Galicia,291,4ª Regata Liga Provincial Pontevedra-2015,Augas Tranquilas,368,H ALE-B K1 1500,Final,Final,3193,,874,30,00:14:49,71,
2015-08-22,2,Galicia,291,4ª Regata Liga Provincial Pontevedra-2015,Augas Tranquilas,368,H ALE-B K1 1500,Final,Final,2329,,867,31,00:14:56,70,
2015-08-22,2,Galicia,291,4ª Regata Liga Provincial Pontevedra-2015,Augas Tranquilas,368,H ALE-B K1 1500,Final,Final,3206,,846,32,00:15:02,69,
2015-08-22,2,Galicia,291,4ª Regata Liga Provincial Pontevedra-2015,Augas Tranquilas,368,H ALE-B K1 1500,Final,Final,3181,,849,33,00:15:15,68,
2015-08-22,2,Galicia,291,4ª Regata Liga Provincial Pontevedra-2015,Augas Tranquilas,368,H ALE-B K1 1500,Final,Final,3227,,862,34,00:15:58,67,
2015-08-22,2,Galicia,291,4ª Regata Liga Provincial Pontevedra-2015,Augas Tranquilas,368,H ALE-B K1 1500,Final,Final,3218,,805,35,00:16:06,66,
2015-08-22,2,Galicia,291,4ª Regata Liga Provincial Pontevedra-2015,Augas Tranquilas,368,H ALE-B K1 1500,Final,Final,3180,,839,36,00:16:10,65,
2015-08-22,2,Galicia,291,4ª Regata Liga Provincial Pontevedra-2015,Augas Tranquilas,368,H ALE-B K1 1500,Final,Final,3202,,840,37,00:16:11,64,
2015-08-22,2,Galicia,291,4ª Regata Liga Provincial Pontevedra-2015,Augas Tranquilas,368,H ALE-B K1 1500,Final,Final,3174,,812,38,00:16:31,63,
2015-08-22,2,Galicia,291,4ª Regata Liga Provincial Pontevedra-2015,Augas Tranquilas,368,H ALE-B K1 1500,Final,Final,3219,,807,39,00:17:00,62,
2015-08-22,2,Galicia,291,4ª Regata Liga Provincial Pontevedra-2015,Augas Tranquilas,368,H ALE-B K1 1500,Final,Final,3183,,848,40,00:19:52,61,
2015-08-22,2,Galicia,291,4ª Regata Liga Provincial Pontevedra-2015,Augas Tranquilas,368,H ALE-B K1 1500,Final,Final,2339,,851,41,00:21:21,60,
2015-08-22,2,Galicia,291,4ª Regata Liga Provincial Pontevedra-2015,Augas Tranquilas,368,H ALE-B K1 1500,Final,Final,3200,,836,42,00:21:34,59,
2015-08-22,2,Galicia,291,4ª Regata Liga Provincial Pontevedra-2015,Augas Tranquilas,368,H ALE-B K1 1500,Final,Final,2341,,800,43,00:00:00,,
2015-08-22,2,Galicia,291,4ª Regata Liga Provincial Pontevedra-2015,Augas Tranquilas,368,H ALE-B K1 1500,Final,Final,3495,,801,44,00:00:00,,
2015-08-22,2,Galicia,291,4ª Regata Liga Provincial Pontevedra-2015,Augas Tranquilas,368,H ALE-B K1 1500,Final,Final,2343,,803,45,00:00:00,,
2015-08-22,2,Galicia,291,4ª Regata Liga Provincial Pontevedra-2015,Augas Tranquilas,368,H ALE-B K1 1500,Final,Final,2344,,811,46,00:00:00,,
2015-08-22,2,Galicia,291,4ª Regata Liga Provincial Pontevedra-2015,Augas Tranquilas,368,H ALE-B K1 1500,Final,Final,2345,,815,47,00:00:00,,
2015-08-22,2,Galicia,291,4ª Regata Liga Provincial Pontevedra-2015,Augas Tranquilas,368,H ALE-B K1 1500,Final,Final,2346,,817,48,00:00:00,,
2015-08-22,2,Galicia,291,4ª Regata Liga Provincial Pontevedra-2015,Augas Tranquilas,368,H ALE-B K1 1500,Final,Final,3196,,818,49,00:00:00,,
2015-08-22,2,Galicia,291,4ª Regata Liga Provincial Pontevedra-2015,Augas Tranquilas,368,H ALE-B K1 1500,Final,Final,2348,,819,50,00:00:00,,
2015-08-22,2,Galicia,291,4ª Regata Liga Provincial Pontevedra-2015,Augas Tranquilas,368,H ALE-B K1 1500,Final,Final,2349,,822,51,00:00:00,,
2015-08-22,2,Galicia,291,4ª Regata Liga Provincial Pontevedra-2015,Augas Tranquilas,368,H ALE-B K1 1500,Final,Final,2350,,825,52,00:00:00,,
2015-08-22,2,Galicia,291,4ª Regata Liga Provincial Pontevedra-2015,Augas Tranquilas,368,H ALE-B K1 1500,Final,Final,4263,,826,53,00:00:00,,
2015-08-22,2,Galicia,291,4ª Regata Liga Provincial Pontevedra-2015,Augas Tranquilas,368,H ALE-B K1 1500,Final,Final,2352,,827,54,00:00:00,,
2015-08-22,2,Galicia,291,4ª Regata Liga Provincial Pontevedra-2015,Augas Tranquilas,368,H ALE-B K1 1500,Final,Final,3201,,832,55,00:00:00,,
2015-08-22,2,Galicia,291,4ª Regata Liga Provincial Pontevedra-2015,Augas Tranquilas,368,H ALE-B K1 1500,Final,Final,2354,,835,56,00:00:00,,
2015-08-22,2,Galicia,291,4ª Regata Liga Provincial Pontevedra-2015,Augas Tranquilas,368,H ALE-B K1 1500,Final,Final,2355,,844,57,00:00:00,,
2015-08-22,2,Galicia,291,4ª Regata Liga Provincial Pontevedra-2015,Augas Tranquilas,368,H ALE-B K1 1500,Final,Final,2356,,852,58,00:00:00,,
2015-08-22,2,Galicia,291,4ª Regata Liga Provincial Pontevedra-2015,Augas Tranquilas,368,H ALE-B K1 1500,Final,Final,3189,,855,59,00:00:00,,
2015-08-22,2,Galicia,291,4ª Regata Liga Provincial Pontevedra-2015,Augas Tranquilas,368,H ALE-B K1 1500,Final,Final,2358,,863,60,00:00:00,,
2015-08-22,2,Galicia,291,4ª Regata Liga Provincial Pontevedra-2015,Augas Tranquilas,368,H ALE-B K1 1500,Final,Final,2359,,864,61,00:00:00,,
2015-08-22,2,Galicia,291,4ª Regata Liga Provincial Pontevedra-2015,Augas Tranquilas,368,H ALE-B K1 1500,Final,Final,2360,,868,62,00:00:00,,
2015-08-22,2,Galicia,291,4ª Regata Liga Provincial Pontevedra-2015,Augas Tranquilas,369,M ALE-A K1 1500,Final,Final,2361,,302,1,00:00:00,,
2015-08-22,2,Galicia,291,4ª Regata Liga Provincial Pontevedra-2015,Augas Tranquilas,369,M ALE-A K1 1500,Final,Final,2362,,303,2,00:00:00,,
2015-08-22,2,Galicia,291,4ª Regata Liga Provincial Pontevedra-2015,Augas Tranquilas,369,M ALE-A K1 1500,Final,Final,2363,,304,3,00:00:00,,
2015-08-22,2,Galicia,291,4ª Regata Liga Provincial Pontevedra-2015,Augas Tranquilas,369,M ALE-A K1 1500,Final,Final,3235,,314,4,00:00:00,,
2015-08-22,2,Galicia,291,4ª Regata Liga Provincial Pontevedra-2015,Augas Tranquilas,369,M ALE-A K1 1500,Final,Final,3246,,315,5,00:00:00,,
2015-08-22,2,Galicia,291,4ª Regata Liga Provincial Pontevedra-2015,Augas Tranquilas,369,M ALE-A K1 1500,Final,Final,2366,,316,6,00:00:00,,
2015-08-22,2,Galicia,291,4ª Regata Liga Provincial Pontevedra-2015,Augas Tranquilas,369,M ALE-A K1 1500,Final,Final,2367,,317,7,00:00:00,,
2015-08-22,2,Galicia,291,4ª Regata Liga Provincial Pontevedra-2015,Augas Tranquilas,369,M ALE-A K1 1500,Final,Final,2368,,318,8,00:00:00,,
2015-08-22,2,Galicia,291,4ª Regata Liga Provincial Pontevedra-2015,Augas Tranquilas,369,M ALE-A K1 1500,Final,Final,2369,,320,9,00:00:00,,
2015-08-22,2,Galicia,291,4ª Regata Liga Provincial Pontevedra-2015,Augas Tranquilas,369,M ALE-A K1 1500,Final,Final,2370,,326,10,00:00:00,,
2015-08-22,2,Galicia,291,4ª Regata Liga Provincial Pontevedra-2015,Augas Tranquilas,369,M ALE-A K1 1500,Final,Final,2371,,328,11,00:00:00,,
2015-08-22,2,Galicia,291,4ª Regata Liga Provincial Pontevedra-2015,Augas Tranquilas,369,M ALE-A K1 1500,Final,Final,2902,,331,12,00:00:00,,
2015-08-22,2,Galicia,291,4ª Regata Liga Provincial Pontevedra-2015,Augas Tranquilas,369,M ALE-A K1 1500,Final,Final,2373,,348,13,00:00:00,,
2015-08-22,2,Galicia,291,4ª Regata Liga Provincial Pontevedra-2015,Augas Tranquilas,369,M ALE-A K1 1500,Final,Final,2374,,349,14,00:00:00,,
2015-08-22,2,Galicia,291,4ª Regata Liga Provincial Pontevedra-2015,Augas Tranquilas,369,M ALE-A K1 1500,Final,Final,2375,,350,15,00:00:00,,
2015-08-22,2,Galicia,291,4ª Regata Liga Provincial Pontevedra-2015,Augas Tranquilas,369,M ALE-A K1 1500,Final,Final,2376,,351,16,00:00:00,,
2015-08-22,2,Galicia,291,4ª Regata Liga Provincial Pontevedra-2015,Augas Tranquilas,369,M ALE-A K1 1500,Final,Final,2377,,352,17,00:00:00,,
2015-08-22,2,Galicia,291,4ª Regata Liga Provincial Pontevedra-2015,Augas Tranquilas,369,M ALE-A K1 1500,Final,Final,2378,,357,19,00:00:00,,
2015-08-22,2,Galicia,291,4ª Regata Liga Provincial Pontevedra-2015,Augas Tranquilas,369,M ALE-A K1 1500,Final,Final,2379,,358,20,00:00:00,,
2015-08-22,2,Galicia,291,4ª Regata Liga Provincial Pontevedra-2015,Augas Tranquilas,369,M ALE-A K1 1500,Final,Final,2380,,360,21,00:00:00,,
2015-08-22,2,Galicia,291,4ª Regata Liga Provincial Pontevedra-2015,Augas Tranquilas,369,M ALE-A K1 1500,Final,Final,2381,,361,22,00:00:00,,
2015-08-22,2,Galicia,291,4ª Regata Liga Provincial Pontevedra-2015,Augas Tranquilas,369,M ALE-A K1 1500,Final,Final,2382,,362,23,00:00:00,,
2015-08-22,2,Galicia,291,4ª Regata Liga Provincial Pontevedra-2015,Augas Tranquilas,369,M ALE-A K1 1500,Final,Final,2383,,368,24,00:00:00,,
2015-08-22,2,Galicia,291,4ª Regata Liga Provincial Pontevedra-2015,Augas Tranquilas,370,H ALE-A K1 1500,Final,Final,2384,,2,1,00:00:00,,
2015-08-22,2,Galicia,291,4ª Regata Liga Provincial Pontevedra-2015,Augas Tranquilas,370,H ALE-A K1 1500,Final,Final,2385,,3,2,00:00:00,,
2015-08-22,2,Galicia,291,4ª Regata Liga Provincial Pontevedra-2015,Augas Tranquilas,370,H ALE-A K1 1500,Final,Final,2386,,4,3,00:00:00,,
2015-08-22,2,Galicia,291,4ª Regata Liga Provincial Pontevedra-2015,Augas Tranquilas,370,H ALE-A K1 1500,Final,Final,2387,,5,4,00:00:00,,
2015-08-22,2,Galicia,291,4ª Regata Liga Provincial Pontevedra-2015,Augas Tranquilas,370,H ALE-A K1 1500,Final,Final,2388,,6,5,00:00:00,,
2015-08-22,2,Galicia,291,4ª Regata Liga Provincial Pontevedra-2015,Augas Tranquilas,370,H ALE-A K1 1500,Final,Final,2389,,7,6,00:00:00,,
2015-08-22,2,Galicia,291,4ª Regata Liga Provincial Pontevedra-2015,Augas Tranquilas,370,H ALE-A K1 1500,Final,Final,2390,,10,7,00:00:00,,
2015-08-22,2,Galicia,291,4ª Regata Liga Provincial Pontevedra-2015,Augas Tranquilas,370,H ALE-A K1 1500,Final,Final,2391,,11,8,00:00:00,,
2015-08-22,2,Galicia,291,4ª Regata Liga Provincial Pontevedra-2015,Augas Tranquilas,370,H ALE-A K1 1500,Final,Final,2392,,12,9,00:00:00,,
2015-08-22,2,Galicia,291,4ª Regata Liga Provincial Pontevedra-2015,Augas Tranquilas,370,H ALE-A K1 1500,Final,Final,2393,,18,10,00:00:00,,
2015-08-22,2,Galicia,291,4ª Regata Liga Provincial Pontevedra-2015,Augas Tranquilas,370,H ALE-A K1 1500,Final,Final,2394,,19,11,00:00:00,,
2015-08-22,2,Galicia,291,4ª Regata Liga Provincial Pontevedra-2015,Augas Tranquilas,370,H ALE-A K1 1500,Final,Final,2395,,21,12,00:00:00,,
2015-08-22,2,Galicia,291,4ª Regata Liga Provincial Pontevedra-2015,Augas Tranquilas,370,H ALE-A K1 1500,Final,Final,2396,,23,13,00:00:00,,
2015-08-22,2,Galicia,291,4ª Regata Liga Provincial Pontevedra-2015,Augas Tranquilas,370,H ALE-A K1 1500,Final,Final,2397,,25,14,00:00:00,,
2015-08-22,2,Galicia,291,4ª Regata Liga Provincial Pontevedra-2015,Augas Tranquilas,370,H ALE-A K1 1500,Final,Final,2398,,26,15,00:00:00,,
2015-08-22,2,Galicia,291,4ª Regata Liga Provincial Pontevedra-2015,Augas Tranquilas,370,H ALE-A K1 1500,Final,Final,2399,,27,16,00:00:00,,
2015-08-22,2,Galicia,291,4ª Regata Liga Provincial Pontevedra-2015,Augas Tranquilas,370,H ALE-A K1 1500,Final,Final,2400,,28,17,00:00:00,,
2015-08-22,2,Galicia,291,4ª Regata Liga Provincial Pontevedra-2015,Augas Tranquilas,370,H ALE-A K1 1500,Final,Final,2985,,29,18,00:00:00,,
2015-08-22,2,Galicia,291,4ª Regata Liga Provincial Pontevedra-2015,Augas Tranquilas,370,H ALE-A K1 1500,Final,Final,2402,,33,19,00:00:00,,
2015-08-22,2,Galicia,291,4ª Regata Liga Provincial Pontevedra-2015,Augas Tranquilas,370,H ALE-A K1 1500,Final,Final,2878,,56,20,00:00:00,,
2015-08-22,2,Galicia,291,4ª Regata Liga Provincial Pontevedra-2015,Augas Tranquilas,370,H ALE-A K1 1500,Final,Final,2873,,63,21,00:00:00,,
2015-08-22,2,Galicia,291,4ª Regata Liga Provincial Pontevedra-2015,Augas Tranquilas,370,H ALE-A K1 1500,Final,Final,2405,,65,22,00:00:00,,
2015-08-22,2,Galicia,291,4ª Regata Liga Provincial Pontevedra-2015,Augas Tranquilas,370,H ALE-A K1 1500,Final,Final,2406,,66,23,00:00:00,,
2015-08-22,2,Galicia,291,4ª Regata Liga Provincial Pontevedra-2015,Augas Tranquilas,370,H ALE-A K1 1500,Final,Final,2407,,67,24,00:00:00,,
2015-08-22,2,Galicia,291,4ª Regata Liga Provincial Pontevedra-2015,Augas Tranquilas,370,H ALE-A K1 1500,Final,Final,2408,,71,25,00:00:00,,
2015-08-22,2,Galicia,291,4ª Regata Liga Provincial Pontevedra-2015,Augas Tranquilas,370,H ALE-A K1 1500,Final,Final,2409,,76,26,00:00:00,,
2015-08-22,2,Galicia,291,4ª Regata Liga Provincial Pontevedra-2015,Augas Tranquilas,370,H ALE-A K1 1500,Final,Final,2410,,77,27,00:00:00,,
2015-08-22,2,Galicia,291,4ª Regata Liga Provincial Pontevedra-2015,Augas Tranquilas,370,H ALE-A K1 1500,Final,Final,2411,,78,28,00:00:00,,
2015-08-22,2,Galicia,291,4ª Regata Liga Provincial Pontevedra-2015,Augas Tranquilas,370,H ALE-A K1 1500,Final,Final,2412,,79,29,00:00:00,,
2015-08-22,2,Galicia,291,4ª Regata Liga Provincial Pontevedra-2015,Augas Tranquilas,370,H ALE-A K1 1500,Final,Final,2413,,81,30,00:00:00,,
2015-08-22,2,Galicia,291,4ª Regata Liga Provincial Pontevedra-2015,Augas Tranquilas,370,H ALE-A K1 1500,Final,Final,2414,,86,31,00:00:00,,
2015-08-22,2,Galicia,291,4ª Regata Liga Provincial Pontevedra-2015,Augas Tranquilas,370,H ALE-A K1 1500,Final,Final,2383,,90,32,00:00:00,,
2015-08-23,2,Galicia,292,XXX DESCENSO DO TAMBRE (Regata Amistosa)-2015,Augas Tranquilas,371,H VET K1 5000,Final,Final,943,,902,1,00:30:28.42,100,
2015-08-23,2,Galicia,292,XXX DESCENSO DO TAMBRE (Regata Amistosa)-2015,Augas Tranquilas,371,H VET K1 5000,Final,Final,1921,,903,2,00:32:16.43,95,
2015-08-23,2,Galicia,292,XXX DESCENSO DO TAMBRE (Regata Amistosa)-2015,Augas Tranquilas,371,H VET K1 5000,Final,Final,957,,908,3,00:32:29.16,91,
2015-08-23,2,Galicia,292,XXX DESCENSO DO TAMBRE (Regata Amistosa)-2015,Augas Tranquilas,371,H VET K1 5000,Final,Final,1900,,906,4,00:32:30.97,87,
2015-08-23,2,Galicia,292,XXX DESCENSO DO TAMBRE (Regata Amistosa)-2015,Augas Tranquilas,371,H VET K1 5000,Final,Final,1892,,909,5,00:34:17.01,86,
2015-08-23,2,Galicia,292,XXX DESCENSO DO TAMBRE (Regata Amistosa)-2015,Augas Tranquilas,371,H VET K1 5000,Final,Final,1019,,904,6,00:34:40.76,85,
2015-08-23,2,Galicia,292,XXX DESCENSO DO TAMBRE (Regata Amistosa)-2015,Augas Tranquilas,371,H VET K1 5000,Final,Final,926,,900,7,00:36:39.08,84,
2015-08-23,2,Galicia,292,XXX DESCENSO DO TAMBRE (Regata Amistosa)-2015,Augas Tranquilas,371,H VET K1 5000,Final,Final,1910,,907,8,00:38:51.31,,
2015-08-23,2,Galicia,292,XXX DESCENSO DO TAMBRE (Regata Amistosa)-2015,Augas Tranquilas,371,H VET K1 5000,Final,Final,3017,,912,9,01:04:18.43,,
2015-08-23,2,Galicia,292,XXX DESCENSO DO TAMBRE (Regata Amistosa)-2015,Augas Tranquilas,371,H VET K1 5000,Final,Final,3626,,911,10,00:00:00,,
2015-08-23,2,Galicia,292,XXX DESCENSO DO TAMBRE (Regata Amistosa)-2015,Augas Tranquilas,372,H SEN K1 5000,Final,Final,920,,1,1,00:30:15.75,100,
2015-08-23,2,Galicia,292,XXX DESCENSO DO TAMBRE (Regata Amistosa)-2015,Augas Tranquilas,372,H SEN K1 5000,Final,Final,1720,,5,2,00:31:01.41,95,
2015-08-23,2,Galicia,292,XXX DESCENSO DO TAMBRE (Regata Amistosa)-2015,Augas Tranquilas,372,H SEN K1 5000,Final,Final,2415,,7,3,00:31:02.62,91,
2015-08-23,2,Galicia,292,XXX DESCENSO DO TAMBRE (Regata Amistosa)-2015,Augas Tranquilas,372,H SEN K1 5000,Final,Final,939,,9,4,00:33:18.51,87,
2015-08-23,2,Galicia,292,XXX DESCENSO DO TAMBRE (Regata Amistosa)-2015,Augas Tranquilas,372,H SEN K1 5000,Final,Final,955,,3,5,00:33:53.43,86,
2015-08-23,2,Galicia,292,XXX DESCENSO DO TAMBRE (Regata Amistosa)-2015,Augas Tranquilas,372,H SEN K1 5000,Final,Final,929,,12,6,00:35:56.58,85,
2015-08-23,2,Galicia,292,XXX DESCENSO DO TAMBRE (Regata Amistosa)-2015,Augas Tranquilas,372,H SEN K1 5000,Final,Final,1615,,10,7,00:35:58.55,84,
2015-08-23,2,Galicia,292,XXX DESCENSO DO TAMBRE (Regata Amistosa)-2015,Augas Tranquilas,372,H SEN K1 5000,Final,Final,3081,,14,8,00:37:08.57,83,
2015-08-23,2,Galicia,292,XXX DESCENSO DO TAMBRE (Regata Amistosa)-2015,Augas Tranquilas,372,H SEN K1 5000,Final,Final,932,,8,9,00:39:36.63,,
2015-08-23,2,Galicia,292,XXX DESCENSO DO TAMBRE (Regata Amistosa)-2015,Augas Tranquilas,372,H SEN K1 5000,Final,Final,2417,,15,10,00:39:47.7,,
2015-08-23,2,Galicia,292,XXX DESCENSO DO TAMBRE (Regata Amistosa)-2015,Augas Tranquilas,372,H SEN K1 5000,Final,Final,1630,,4,11,00:40:01.08,,
2015-08-23,2,Galicia,292,XXX DESCENSO DO TAMBRE (Regata Amistosa)-2015,Augas Tranquilas,372,H SEN K1 5000,Final,Final,2418,,13,12,00:40:52.68,,
2015-08-23,2,Galicia,292,XXX DESCENSO DO TAMBRE (Regata Amistosa)-2015,Augas Tranquilas,372,H SEN K1 5000,Final,Final,933,,2,13,00:00:00,,
2015-08-23,2,Galicia,292,XXX DESCENSO DO TAMBRE (Regata Amistosa)-2015,Augas Tranquilas,372,H SEN K1 5000,Final,Final,2419,,6,14,00:00:00,,
2015-08-23,2,Galicia,292,XXX DESCENSO DO TAMBRE (Regata Amistosa)-2015,Augas Tranquilas,372,H SEN K1 5000,Final,Final,1615,,10,15,00:00:00,,
2015-08-23,2,Galicia,292,XXX DESCENSO DO TAMBRE (Regata Amistosa)-2015,Augas Tranquilas,373,H JUN K1 5000,Final,Final,1781,,103,1,00:34:18.61,100,
2015-08-23,2,Galicia,292,XXX DESCENSO DO TAMBRE (Regata Amistosa)-2015,Augas Tranquilas,373,H JUN K1 5000,Final,Final,2957,,111,2,00:34:45.53,95,
2015-08-23,2,Galicia,292,XXX DESCENSO DO TAMBRE (Regata Amistosa)-2015,Augas Tranquilas,373,H JUN K1 5000,Final,Final,2420,,104,3,00:35:20.43,91,
2015-08-23,2,Galicia,292,XXX DESCENSO DO TAMBRE (Regata Amistosa)-2015,Augas Tranquilas,373,H JUN K1 5000,Final,Final,970,,109,4,00:39:14,87,
2015-08-23,2,Galicia,292,XXX DESCENSO DO TAMBRE (Regata Amistosa)-2015,Augas Tranquilas,373,H JUN K1 5000,Final,Final,2421,,108,5,00:40:44.26,86,
2015-08-23,2,Galicia,292,XXX DESCENSO DO TAMBRE (Regata Amistosa)-2015,Augas Tranquilas,373,H JUN K1 5000,Final,Final,2422,,113,6,00:41:21.33,85,
2015-08-23,2,Galicia,292,XXX DESCENSO DO TAMBRE (Regata Amistosa)-2015,Augas Tranquilas,373,H JUN K1 5000,Final,Final,967,,100,7,00:41:33.95,84,
2015-08-23,2,Galicia,292,XXX DESCENSO DO TAMBRE (Regata Amistosa)-2015,Augas Tranquilas,373,H JUN K1 5000,Final,Final,1860,,102,8,00:44:26.63,,
2015-08-23,2,Galicia,292,XXX DESCENSO DO TAMBRE (Regata Amistosa)-2015,Augas Tranquilas,373,H JUN K1 5000,Final,Final,2423,,106,9,00:46:56.61,,
2015-08-23,2,Galicia,292,XXX DESCENSO DO TAMBRE (Regata Amistosa)-2015,Augas Tranquilas,373,H JUN K1 5000,Final,Final,4732,,101,10,01:06:29.04,,
2015-08-23,2,Galicia,292,XXX DESCENSO DO TAMBRE (Regata Amistosa)-2015,Augas Tranquilas,373,H JUN K1 5000,Final,Final,2425,,105,11,00:00:00,,
2015-08-23,2,Galicia,292,XXX DESCENSO DO TAMBRE (Regata Amistosa)-2015,Augas Tranquilas,373,H JUN K1 5000,Final,Final,2426,,107,12,00:00:00,,
2015-08-23,2,Galicia,292,XXX DESCENSO DO TAMBRE (Regata Amistosa)-2015,Augas Tranquilas,373,H JUN K1 5000,Final,Final,2427,,110,13,00:00:00,,
2015-08-23,2,Galicia,292,XXX DESCENSO DO TAMBRE (Regata Amistosa)-2015,Augas Tranquilas,373,H JUN K1 5000,Final,Final,3053,,112,14,00:00:00,,
2015-08-23,2,Galicia,292,XXX DESCENSO DO TAMBRE (Regata Amistosa)-2015,Augas Tranquilas,374,H CAD K1 5000,Final,Final,1475,,206,1,00:35:51.98,100,
2015-08-23,2,Galicia,292,XXX DESCENSO DO TAMBRE (Regata Amistosa)-2015,Augas Tranquilas,374,H CAD K1 5000,Final,Final,1861,,203,2,00:36:09.92,95,
2015-08-23,2,Galicia,292,XXX DESCENSO DO TAMBRE (Regata Amistosa)-2015,Augas Tranquilas,374,H CAD K1 5000,Final,Final,1170,,212,3,00:36:51.11,91,
2015-08-23,2,Galicia,292,XXX DESCENSO DO TAMBRE (Regata Amistosa)-2015,Augas Tranquilas,374,H CAD K1 5000,Final,Final,1175,,207,4,00:37:48.99,87,
2015-08-23,2,Galicia,292,XXX DESCENSO DO TAMBRE (Regata Amistosa)-2015,Augas Tranquilas,374,H CAD K1 5000,Final,Final,1471,,205,5,00:40:05.52,86,
2015-08-23,2,Galicia,292,XXX DESCENSO DO TAMBRE (Regata Amistosa)-2015,Augas Tranquilas,374,H CAD K1 5000,Final,Final,1490,,200,6,00:40:26.66,85,
2015-08-23,2,Galicia,292,XXX DESCENSO DO TAMBRE (Regata Amistosa)-2015,Augas Tranquilas,374,H CAD K1 5000,Final,Final,2941,,211,7,00:40:28.59,84,
2015-08-23,2,Galicia,292,XXX DESCENSO DO TAMBRE (Regata Amistosa)-2015,Augas Tranquilas,374,H CAD K1 5000,Final,Final,1483,,201,8,00:41:33.59,83,
2015-08-23,2,Galicia,292,XXX DESCENSO DO TAMBRE (Regata Amistosa)-2015,Augas Tranquilas,374,H CAD K1 5000,Final,Final,1484,,202,9,00:41:58.74,82,
2015-08-23,2,Galicia,292,XXX DESCENSO DO TAMBRE (Regata Amistosa)-2015,Augas Tranquilas,374,H CAD K1 5000,Final,Final,1486,,204,10,00:55:15.62,,
2015-08-23,2,Galicia,292,XXX DESCENSO DO TAMBRE (Regata Amistosa)-2015,Augas Tranquilas,374,H CAD K1 5000,Final,Final,1165,,208,11,00:00:00,,
2015-08-23,2,Galicia,292,XXX DESCENSO DO TAMBRE (Regata Amistosa)-2015,Augas Tranquilas,375,H CAD C1 5000,Final,Final,1066,,803,1,00:43:09.59,100,
2015-08-23,2,Galicia,292,XXX DESCENSO DO TAMBRE (Regata Amistosa)-2015,Augas Tranquilas,375,H CAD C1 5000,Final,Final,1069,,802,2,00:47:13.71,95,
2015-08-23,2,Galicia,292,XXX DESCENSO DO TAMBRE (Regata Amistosa)-2015,Augas Tranquilas,375,H CAD C1 5000,Final,Final,1469,,800,3,00:47:44.09,91,
2015-08-23,2,Galicia,292,XXX DESCENSO DO TAMBRE (Regata Amistosa)-2015,Augas Tranquilas,375,H CAD C1 5000,Final,Final,1853,,801,4,00:00:00,,
2015-08-23,2,Galicia,292,XXX DESCENSO DO TAMBRE (Regata Amistosa)-2015,Augas Tranquilas,375,H CAD C1 5000,Final,Final,2428,,804,5,00:00:00,,
2015-08-23,2,Galicia,292,XXX DESCENSO DO TAMBRE (Regata Amistosa)-2015,Augas Tranquilas,375,H CAD C1 5000,Final,Final,2429,,805,6,00:00:00,,
2015-08-23,2,Galicia,292,XXX DESCENSO DO TAMBRE (Regata Amistosa)-2015,Augas Tranquilas,376,H JUN C1 5000,Final,Final,1043,,700,1,00:43:28,100,
2015-08-23,2,Galicia,292,XXX DESCENSO DO TAMBRE (Regata Amistosa)-2015,Augas Tranquilas,376,H JUN C1 5000,Final,Final,1883,,701,2,00:48:14.47,95,
2015-08-23,2,Galicia,292,XXX DESCENSO DO TAMBRE (Regata Amistosa)-2015,Augas Tranquilas,376,H JUN C1 5000,Final,Final,1068,,702,3,00:48:53,91,
2015-08-23,2,Galicia,292,XXX DESCENSO DO TAMBRE (Regata Amistosa)-2015,Augas Tranquilas,376,H JUN C1 5000,Final,Final,2430,,703,4,00:59:41.51,,
2015-08-23,2,Galicia,292,XXX DESCENSO DO TAMBRE (Regata Amistosa)-2015,Augas Tranquilas,376,H JUN C1 5000,Final,Final,2430,,703,5,00:00:00,,
2015-08-23,2,Galicia,292,XXX DESCENSO DO TAMBRE (Regata Amistosa)-2015,Augas Tranquilas,377,H SEN C1 5000,Final,Final,1772,,605,1,00:35:18.95,100,
2015-08-23,2,Galicia,292,XXX DESCENSO DO TAMBRE (Regata Amistosa)-2015,Augas Tranquilas,377,H SEN C1 5000,Final,Final,1030,,600,2,00:39:22.61,95,
2015-08-23,2,Galicia,292,XXX DESCENSO DO TAMBRE (Regata Amistosa)-2015,Augas Tranquilas,377,H SEN C1 5000,Final,Final,1035,,601,3,00:40:31.73,91,
2015-08-23,2,Galicia,292,XXX DESCENSO DO TAMBRE (Regata Amistosa)-2015,Augas Tranquilas,377,H SEN C1 5000,Final,Final,2431,,602,4,00:41:15.21,87,
2015-08-23,2,Galicia,292,XXX DESCENSO DO TAMBRE (Regata Amistosa)-2015,Augas Tranquilas,377,H SEN C1 5000,Final,Final,3718,,604,5,00:45:14.9,,
2015-08-23,2,Galicia,292,XXX DESCENSO DO TAMBRE (Regata Amistosa)-2015,Augas Tranquilas,377,H SEN C1 5000,Final,Final,3086,,606,6,00:50:34.2,,
2015-08-23,2,Galicia,292,XXX DESCENSO DO TAMBRE (Regata Amistosa)-2015,Augas Tranquilas,377,H SEN C1 5000,Final,Final,2434,,608,7,00:51:24.38,,
2015-08-23,2,Galicia,292,XXX DESCENSO DO TAMBRE (Regata Amistosa)-2015,Augas Tranquilas,377,H SEN C1 5000,Final,Final,1033,,607,8,00:51:30.23,,
2015-08-23,2,Galicia,292,XXX DESCENSO DO TAMBRE (Regata Amistosa)-2015,Augas Tranquilas,377,H SEN C1 5000,Final,Final,2435,,609,9,00:00:00,,
2015-08-23,2,Galicia,292,XXX DESCENSO DO TAMBRE (Regata Amistosa)-2015,Augas Tranquilas,377,H SEN C1 5000,Final,Final,1755,,611,10,00:00:00,,
2015-08-23,2,Galicia,292,XXX DESCENSO DO TAMBRE (Regata Amistosa)-2015,Augas Tranquilas,378,M SEN K1 5000,Final,Final,2436,,301,1,00:48:17.43,100,
2015-08-23,2,Galicia,292,XXX DESCENSO DO TAMBRE (Regata Amistosa)-2015,Augas Tranquilas,378,M SEN K1 5000,Final,Final,1136,,300,2,00:48:26.53,95,
2015-08-23,2,Galicia,292,XXX DESCENSO DO TAMBRE (Regata Amistosa)-2015,Augas Tranquilas,378,M SEN K1 5000,Final,Final,1659,,302,3,01:02:03.26,,
2015-08-23,2,Galicia,292,XXX DESCENSO DO TAMBRE (Regata Amistosa)-2015,Augas Tranquilas,379,M JUN K1 5000,Final,Final,1650,,404,1,00:39:50.92,100,
2015-08-23,2,Galicia,292,XXX DESCENSO DO TAMBRE (Regata Amistosa)-2015,Augas Tranquilas,379,M JUN K1 5000,Final,Final,1654,,403,2,00:43:18.86,95,
2015-08-23,2,Galicia,292,XXX DESCENSO DO TAMBRE (Regata Amistosa)-2015,Augas Tranquilas,379,M JUN K1 5000,Final,Final,1126,,406,3,00:43:41.92,91,
2015-08-23,2,Galicia,292,XXX DESCENSO DO TAMBRE (Regata Amistosa)-2015,Augas Tranquilas,379,M JUN K1 5000,Final,Final,1122,,401,4,00:48:20.21,,
2015-08-23,2,Galicia,292,XXX DESCENSO DO TAMBRE (Regata Amistosa)-2015,Augas Tranquilas,379,M JUN K1 5000,Final,Final,1691,,402,5,01:02:40.08,,
2015-08-23,2,Galicia,292,XXX DESCENSO DO TAMBRE (Regata Amistosa)-2015,Augas Tranquilas,379,M JUN K1 5000,Final,Final,1123,,400,6,01:02:40.08,,
2015-08-23,2,Galicia,292,XXX DESCENSO DO TAMBRE (Regata Amistosa)-2015,Augas Tranquilas,380,M CAD K1 5000,Final,Final,1098,,507,1,00:42:22.78,100,
2015-08-23,2,Galicia,292,XXX DESCENSO DO TAMBRE (Regata Amistosa)-2015,Augas Tranquilas,380,M CAD K1 5000,Final,Final,1101,,502,2,00:43:06.17,95,
2015-08-23,2,Galicia,292,XXX DESCENSO DO TAMBRE (Regata Amistosa)-2015,Augas Tranquilas,380,M CAD K1 5000,Final,Final,1104,,504,3,00:44:54.46,91,
2015-08-23,2,Galicia,292,XXX DESCENSO DO TAMBRE (Regata Amistosa)-2015,Augas Tranquilas,380,M CAD K1 5000,Final,Final,1658,,500,4,00:45:35.39,87,
2015-08-23,2,Galicia,292,XXX DESCENSO DO TAMBRE (Regata Amistosa)-2015,Augas Tranquilas,380,M CAD K1 5000,Final,Final,2926,,505,5,00:46:39.74,86,
2015-08-23,2,Galicia,292,XXX DESCENSO DO TAMBRE (Regata Amistosa)-2015,Augas Tranquilas,380,M CAD K1 5000,Final,Final,1099,,503,6,00:48:06.88,85,
2015-08-23,2,Galicia,292,XXX DESCENSO DO TAMBRE (Regata Amistosa)-2015,Augas Tranquilas,380,M CAD K1 5000,Final,Final,2928,,506,7,00:49:58.94,84,
2015-08-23,2,Galicia,292,XXX DESCENSO DO TAMBRE (Regata Amistosa)-2015,Augas Tranquilas,380,M CAD K1 5000,Final,Final,1660,,501,8,01:05:28.72,,
2015-08-23,2,Galicia,292,XXX DESCENSO DO TAMBRE (Regata Amistosa)-2015,Augas Tranquilas,381,M VET K1 5000,Final,Final,1192,,1900,1,00:46:14.41,,
2015-08-23,2,Galicia,293,6ª Regata Liga Provincial Deputación Lugo 2015,Augas Tranquilas,382,H BEN K1 1500,Final,Final,773,,106,1,00:08:43.3,100,
2015-08-23,2,Galicia,293,6ª Regata Liga Provincial Deputación Lugo 2015,Augas Tranquilas,382,H BEN K1 1500,Final,Final,3565,,103,2,00:09:13.61,90,
2015-08-23,2,Galicia,293,6ª Regata Liga Provincial Deputación Lugo 2015,Augas Tranquilas,382,H BEN K1 1500,Final,Final,3564,,109,3,00:09:24.45,85,
2015-08-23,2,Galicia,293,6ª Regata Liga Provincial Deputación Lugo 2015,Augas Tranquilas,382,H BEN K1 1500,Final,Final,3568,,108,4,00:09:32.42,81,
2015-08-23,2,Galicia,293,6ª Regata Liga Provincial Deputación Lugo 2015,Augas Tranquilas,382,H BEN K1 1500,Final,Final,1548,,104,5,00:10:04.32,80,
2015-08-23,2,Galicia,293,6ª Regata Liga Provincial Deputación Lugo 2015,Augas Tranquilas,382,H BEN K1 1500,Final,Final,3566,,110,6,00:10:05.76,79,
2015-08-23,2,Galicia,293,6ª Regata Liga Provincial Deputación Lugo 2015,Augas Tranquilas,382,H BEN K1 1500,Final,Final,2437,,200,7,00:10:21.31,78,
2015-08-23,2,Galicia,293,6ª Regata Liga Provincial Deputación Lugo 2015,Augas Tranquilas,382,H BEN K1 1500,Final,Final,8350,,199,8,00:10:24.61,77,
2015-08-23,2,Galicia,293,6ª Regata Liga Provincial Deputación Lugo 2015,Augas Tranquilas,382,H BEN K1 1500,Final,Final,779,,107,9,00:10:37.73,76,
2015-08-23,2,Galicia,293,6ª Regata Liga Provincial Deputación Lugo 2015,Augas Tranquilas,382,H BEN K1 1500,Final,Final,775,,102,10,00:00:00,,
2015-08-23,2,Galicia,293,6ª Regata Liga Provincial Deputación Lugo 2015,Augas Tranquilas,383,M BEN K1 1500,Final,Final,1545,,182,1,00:11:09.81,100,
2015-08-23,2,Galicia,293,6ª Regata Liga Provincial Deputación Lugo 2015,Augas Tranquilas,383,M BEN K1 1500,Final,Final,772,,178,2,00:11:32.77,90,
2015-08-23,2,Galicia,293,6ª Regata Liga Provincial Deputación Lugo 2015,Augas Tranquilas,383,M BEN K1 1500,Final,Final,1546,,181,3,00:11:37.67,85,
2015-08-23,2,Galicia,293,6ª Regata Liga Provincial Deputación Lugo 2015,Augas Tranquilas,383,M BEN K1 1500,Final,Final,771,,179,4,00:00:00,,
2015-08-23,2,Galicia,293,6ª Regata Liga Provincial Deputación Lugo 2015,Augas Tranquilas,383,M BEN K1 1500,Final,Final,1544,,180,5,00:00:00,,
2015-08-23,2,Galicia,293,6ª Regata Liga Provincial Deputación Lugo 2015,Augas Tranquilas,384,M ALE-B K1 1500,Final,Final,781,,177,1,00:08:10.01,100,
2015-08-23,2,Galicia,293,6ª Regata Liga Provincial Deputación Lugo 2015,Augas Tranquilas,384,M ALE-B K1 1500,Final,Final,782,,175,2,00:08:48.04,90,
2015-08-23,2,Galicia,293,6ª Regata Liga Provincial Deputación Lugo 2015,Augas Tranquilas,384,M ALE-B K1 1500,Final,Final,783,,176,3,00:10:20.61,85,
2015-08-23,2,Galicia,293,6ª Regata Liga Provincial Deputación Lugo 2015,Augas Tranquilas,385,H ALE-B K1 1500,Final,Final,784,,87,1,00:07:53.63,100,
2015-08-23,2,Galicia,293,6ª Regata Liga Provincial Deputación Lugo 2015,Augas Tranquilas,385,H ALE-B K1 1500,Final,Final,3172,,98,2,00:08:08.19,90,
2015-08-23,2,Galicia,293,6ª Regata Liga Provincial Deputación Lugo 2015,Augas Tranquilas,385,H ALE-B K1 1500,Final,Final,786,,88,3,00:08:37.87,85,
2015-08-23,2,Galicia,293,6ª Regata Liga Provincial Deputación Lugo 2015,Augas Tranquilas,385,H ALE-B K1 1500,Final,Final,789,,96,4,00:09:08.15,81,
2015-08-23,2,Galicia,293,6ª Regata Liga Provincial Deputación Lugo 2015,Augas Tranquilas,385,H ALE-B K1 1500,Final,Final,3555,,93,5,00:09:12.98,80,
2015-08-23,2,Galicia,293,6ª Regata Liga Provincial Deputación Lugo 2015,Augas Tranquilas,385,H ALE-B K1 1500,Final,Final,3559,,91,6,00:09:19.87,79,
2015-08-23,2,Galicia,293,6ª Regata Liga Provincial Deputación Lugo 2015,Augas Tranquilas,385,H ALE-B K1 1500,Final,Final,3191,,94,7,00:09:28.68,78,
2015-08-23,2,Galicia,293,6ª Regata Liga Provincial Deputación Lugo 2015,Augas Tranquilas,385,H ALE-B K1 1500,Final,Final,3561,,100,8,00:10:41.42,77,
2015-08-23,2,Galicia,293,6ª Regata Liga Provincial Deputación Lugo 2015,Augas Tranquilas,385,H ALE-B K1 1500,Final,Final,3556,,90,9,00:11:18.46,76,
2015-08-23,2,Galicia,293,6ª Regata Liga Provincial Deputación Lugo 2015,Augas Tranquilas,385,H ALE-B K1 1500,Final,Final,1553,,101,10,00:11:25.04,75,
2015-08-23,2,Galicia,293,6ª Regata Liga Provincial Deputación Lugo 2015,Augas Tranquilas,385,H ALE-B K1 1500,Final,Final,5780,,89,11,00:11:36.53,74,
2015-08-23,2,Galicia,293,6ª Regata Liga Provincial Deputación Lugo 2015,Augas Tranquilas,385,H ALE-B K1 1500,Final,Final,3557,,92,12,00:13:08.51,,
2015-08-23,2,Galicia,293,6ª Regata Liga Provincial Deputación Lugo 2015,Augas Tranquilas,385,H ALE-B K1 1500,Final,Final,1551,,95,13,00:00:00,,
2015-08-23,2,Galicia,293,6ª Regata Liga Provincial Deputación Lugo 2015,Augas Tranquilas,385,H ALE-B K1 1500,Final,Final,1552,,97,14,00:00:00,,
2015-08-23,2,Galicia,293,6ª Regata Liga Provincial Deputación Lugo 2015,Augas Tranquilas,386,M ALE-A K1 1500,Final,Final,2898,,174,1,00:07:30.64,100,
2015-08-23,2,Galicia,293,6ª Regata Liga Provincial Deputación Lugo 2015,Augas Tranquilas,386,M ALE-A K1 1500,Final,Final,3571,,171,2,00:08:11.89,90,
2015-08-23,2,Galicia,293,6ª Regata Liga Provincial Deputación Lugo 2015,Augas Tranquilas,386,M ALE-A K1 1500,Final,Final,797,,169,3,00:08:13.36,85,
2015-08-23,2,Galicia,293,6ª Regata Liga Provincial Deputación Lugo 2015,Augas Tranquilas,386,M ALE-A K1 1500,Final,Final,798,,165,4,00:08:59,81,
2015-08-23,2,Galicia,293,6ª Regata Liga Provincial Deputación Lugo 2015,Augas Tranquilas,386,M ALE-A K1 1500,Final,Final,799,,168,5,00:09:59.69,80,
2015-08-23,2,Galicia,293,6ª Regata Liga Provincial Deputación Lugo 2015,Augas Tranquilas,386,M ALE-A K1 1500,Final,Final,3572,,170,6,00:00:00,,
2015-08-23,2,Galicia,293,6ª Regata Liga Provincial Deputación Lugo 2015,Augas Tranquilas,386,M ALE-A K1 1500,Final,Final,1555,,172,7,00:00:00,,
2015-08-23,2,Galicia,293,6ª Regata Liga Provincial Deputación Lugo 2015,Augas Tranquilas,387,H ALE-A K1 1500,Final,Final,2869,,85,1,00:07:27.86,100,
2015-08-23,2,Galicia,293,6ª Regata Liga Provincial Deputación Lugo 2015,Augas Tranquilas,387,H ALE-A K1 1500,Final,Final,3251,,79,2,00:07:36.71,90,
2015-08-23,2,Galicia,293,6ª Regata Liga Provincial Deputación Lugo 2015,Augas Tranquilas,387,H ALE-A K1 1500,Final,Final,767,,77,3,00:07:52.49,85,
2015-08-23,2,Galicia,293,6ª Regata Liga Provincial Deputación Lugo 2015,Augas Tranquilas,387,H ALE-A K1 1500,Final,Final,769,,82,4,00:08:57.25,81,
2015-08-23,2,Galicia,293,6ª Regata Liga Provincial Deputación Lugo 2015,Augas Tranquilas,387,H ALE-A K1 1500,Final,Final,1542,,83,5,00:14:13.77,,
2015-08-23,2,Galicia,293,6ª Regata Liga Provincial Deputación Lugo 2015,Augas Tranquilas,387,H ALE-A K1 1500,Final,Final,1543,,78,6,00:00:00,,
2015-08-23,2,Galicia,293,6ª Regata Liga Provincial Deputación Lugo 2015,Augas Tranquilas,387,H ALE-A K1 1500,Final,Final,770,,80,7,00:00:00,,
2015-08-23,2,Galicia,293,6ª Regata Liga Provincial Deputación Lugo 2015,Augas Tranquilas,387,H ALE-A K1 1500,Final,Final,1541,,86,8,00:00:00,,
2015-08-23,2,Galicia,293,6ª Regata Liga Provincial Deputación Lugo 2015,Augas Tranquilas,388,H INF-A K1 3000,Final,Final,817,,68,1,00:13:31.24,100,
2015-08-23,2,Galicia,293,6ª Regata Liga Provincial Deputación Lugo 2015,Augas Tranquilas,388,H INF-A K1 3000,Final,Final,8308,,65,2,00:13:57.92,90,
2015-08-23,2,Galicia,293,6ª Regata Liga Provincial Deputación Lugo 2015,Augas Tranquilas,388,H INF-A K1 3000,Final,Final,819,,67,3,00:13:58.43,85,
2015-08-23,2,Galicia,293,6ª Regata Liga Provincial Deputación Lugo 2015,Augas Tranquilas,388,H INF-A K1 3000,Final,Final,820,,64,4,00:14:29.48,81,
2015-08-23,2,Galicia,293,6ª Regata Liga Provincial Deputación Lugo 2015,Augas Tranquilas,388,H INF-A K1 3000,Final,Final,821,,63,5,00:14:53.31,80,
2015-08-23,2,Galicia,293,6ª Regata Liga Provincial Deputación Lugo 2015,Augas Tranquilas,388,H INF-A K1 3000,Final,Final,822,,66,6,00:15:01.41,79,
2015-08-23,2,Galicia,293,6ª Regata Liga Provincial Deputación Lugo 2015,Augas Tranquilas,389,M INF-A K1 3000,Final,Final,3580,,155,1,00:15:54.11,100,
2015-08-23,2,Galicia,293,6ª Regata Liga Provincial Deputación Lugo 2015,Augas Tranquilas,389,M INF-A K1 3000,Final,Final,815,,156,2,00:15:57.28,90,
2015-08-23,2,Galicia,293,6ª Regata Liga Provincial Deputación Lugo 2015,Augas Tranquilas,390,H INF-B K1 3000,Final,Final,805,,73,1,00:14:26.06,100,
2015-08-23,2,Galicia,293,6ª Regata Liga Provincial Deputación Lugo 2015,Augas Tranquilas,390,H INF-B K1 3000,Final,Final,806,,76,2,00:15:00.4,90,
2015-08-23,2,Galicia,293,6ª Regata Liga Provincial Deputación Lugo 2015,Augas Tranquilas,390,H INF-B K1 3000,Final,Final,808,,70,3,00:16:11.87,85,
2015-08-23,2,Galicia,293,6ª Regata Liga Provincial Deputación Lugo 2015,Augas Tranquilas,390,H INF-B K1 3000,Final,Final,810,,71,4,00:16:30.7,81,
2015-08-23,2,Galicia,293,6ª Regata Liga Provincial Deputación Lugo 2015,Augas Tranquilas,390,H INF-B K1 3000,Final,Final,807,,72,5,00:16:39.84,80,
2015-08-23,2,Galicia,293,6ª Regata Liga Provincial Deputación Lugo 2015,Augas Tranquilas,390,H INF-B K1 3000,Final,Final,809,,74,6,00:19:10.48,79,
2015-08-23,2,Galicia,293,6ª Regata Liga Provincial Deputación Lugo 2015,Augas Tranquilas,390,H INF-B K1 3000,Final,Final,2440,,75,7,00:00:00,,
2015-08-23,2,Galicia,293,6ª Regata Liga Provincial Deputación Lugo 2015,Augas Tranquilas,391,M INF-B K1 3000,Final,Final,802,,162,1,00:16:03.34,100,
2015-08-23,2,Galicia,293,6ª Regata Liga Provincial Deputación Lugo 2015,Augas Tranquilas,391,M INF-B K1 3000,Final,Final,803,,157,2,00:16:09.49,90,
2015-08-23,2,Galicia,293,6ª Regata Liga Provincial Deputación Lugo 2015,Augas Tranquilas,391,M INF-B K1 3000,Final,Final,800,,161,3,00:17:00.39,85,
2015-08-23,2,Galicia,293,6ª Regata Liga Provincial Deputación Lugo 2015,Augas Tranquilas,391,M INF-B K1 3000,Final,Final,804,,159,4,00:17:42.17,81,
2015-08-23,2,Galicia,293,6ª Regata Liga Provincial Deputación Lugo 2015,Augas Tranquilas,391,M INF-B K1 3000,Final,Final,3573,,163,5,00:21:22.11,,
2015-08-23,2,Galicia,293,6ª Regata Liga Provincial Deputación Lugo 2015,Augas Tranquilas,391,M INF-B K1 3000,Final,Final,2441,,158,6,00:00:00,,
2015-08-23,2,Galicia,293,6ª Regata Liga Provincial Deputación Lugo 2015,Augas Tranquilas,393,M SEN K1 5000,Final,Final,1562,,152,1,00:21:29.07,65,
2015-08-23,2,Galicia,293,6ª Regata Liga Provincial Deputación Lugo 2015,Augas Tranquilas,393,M SEN K1 5000,Final,Final,825,,149,2,00:21:33.38,55,
2015-08-23,2,Galicia,293,6ª Regata Liga Provincial Deputación Lugo 2015,Augas Tranquilas,393,M SEN K1 5000,Final,Final,1564,,146,3,00:23:01.93,50,
2015-08-23,2,Galicia,293,6ª Regata Liga Provincial Deputación Lugo 2015,Augas Tranquilas,393,M SEN K1 5000,Final,Final,826,,151,4,00:23:12.08,46,
2015-08-23,2,Galicia,293,6ª Regata Liga Provincial Deputación Lugo 2015,Augas Tranquilas,393,M SEN K1 5000,Final,Final,827,,147,5,00:25:07.52,45,
2015-08-23,2,Galicia,293,6ª Regata Liga Provincial Deputación Lugo 2015,Augas Tranquilas,394,H JUN K1 5000,Final,Final,865,,20,1,00:19:14.19,65,
2015-08-23,2,Galicia,293,6ª Regata Liga Provincial Deputación Lugo 2015,Augas Tranquilas,394,H JUN K1 5000,Final,Final,864,,35,2,00:19:59.26,55,
2015-08-23,2,Galicia,293,6ª Regata Liga Provincial Deputación Lugo 2015,Augas Tranquilas,394,H JUN K1 5000,Final,Final,863,,34,3,00:20:53.4,50,
2015-08-23,2,Galicia,293,6ª Regata Liga Provincial Deputación Lugo 2015,Augas Tranquilas,394,H JUN K1 5000,Final,Final,868,,30,4,00:21:56.11,46,
2015-08-23,2,Galicia,293,6ª Regata Liga Provincial Deputación Lugo 2015,Augas Tranquilas,394,H JUN K1 5000,Final,Final,866,,32,5,00:22:03.84,45,
2015-08-23,2,Galicia,293,6ª Regata Liga Provincial Deputación Lugo 2015,Augas Tranquilas,394,H JUN K1 5000,Final,Final,867,,29,6,00:23:05.22,44,
2015-08-23,2,Galicia,293,6ª Regata Liga Provincial Deputación Lugo 2015,Augas Tranquilas,394,H JUN K1 5000,Final,Final,869,,36,7,00:23:09.69,43,
2015-08-23,2,Galicia,293,6ª Regata Liga Provincial Deputación Lugo 2015,Augas Tranquilas,394,H JUN K1 5000,Final,Final,1566,,25,8,00:23:15.52,42,
2015-08-23,2,Galicia,293,6ª Regata Liga Provincial Deputación Lugo 2015,Augas Tranquilas,394,H JUN K1 5000,Final,Final,870,,28,9,00:24:57.63,,
2015-08-23,2,Galicia,293,6ª Regata Liga Provincial Deputación Lugo 2015,Augas Tranquilas,394,H JUN K1 5000,Final,Final,2442,,26,10,00:25:47.91,,
2015-08-23,2,Galicia,293,6ª Regata Liga Provincial Deputación Lugo 2015,Augas Tranquilas,395,M JUN K1 5000,Final,Final,829,,140,1,00:23:53.49,65,
2015-08-23,2,Galicia,293,6ª Regata Liga Provincial Deputación Lugo 2015,Augas Tranquilas,395,M JUN K1 5000,Final,Final,1077,,141,2,00:23:57.85,55,
2015-08-23,2,Galicia,293,6ª Regata Liga Provincial Deputación Lugo 2015,Augas Tranquilas,395,M JUN K1 5000,Final,Final,831,,137,3,00:24:59.27,50,
2015-08-23,2,Galicia,293,6ª Regata Liga Provincial Deputación Lugo 2015,Augas Tranquilas,395,M JUN K1 5000,Final,Final,832,,143,4,00:25:21.55,46,
2015-08-23,2,Galicia,293,6ª Regata Liga Provincial Deputación Lugo 2015,Augas Tranquilas,395,M JUN K1 5000,Final,Final,2443,,138,5,00:00:00,,
2015-08-23,2,Galicia,293,6ª Regata Liga Provincial Deputación Lugo 2015,Augas Tranquilas,396,M CAD K1 5000,Final,Final,855,,136,1,00:21:31.5,65,
2015-08-23,2,Galicia,293,6ª Regata Liga Provincial Deputación Lugo 2015,Augas Tranquilas,396,M CAD K1 5000,Final,Final,857,,132,2,00:21:37.9,55,
2015-08-23,2,Galicia,293,6ª Regata Liga Provincial Deputación Lugo 2015,Augas Tranquilas,396,M CAD K1 5000,Final,Final,856,,133,3,00:22:23.84,50,
2015-08-23,2,Galicia,293,6ª Regata Liga Provincial Deputación Lugo 2015,Augas Tranquilas,396,M CAD K1 5000,Final,Final,858,,135,4,00:23:02.71,46,
2015-08-23,2,Galicia,293,6ª Regata Liga Provincial Deputación Lugo 2015,Augas Tranquilas,396,M CAD K1 5000,Final,Final,859,,134,5,00:25:57.23,45,
2015-08-23,2,Galicia,293,6ª Regata Liga Provincial Deputación Lugo 2015,Augas Tranquilas,397,H CAD K1 5000,Final,Final,834,,17,1,00:19:11.42,65,
2015-08-23,2,Galicia,293,6ª Regata Liga Provincial Deputación Lugo 2015,Augas Tranquilas,397,H CAD K1 5000,Final,Final,836,,4,2,00:19:57.27,55,
2015-08-23,2,Galicia,293,6ª Regata Liga Provincial Deputación Lugo 2015,Augas Tranquilas,397,H CAD K1 5000,Final,Final,837,,3,3,00:20:00.3,50,
2015-08-23,2,Galicia,293,6ª Regata Liga Provincial Deputación Lugo 2015,Augas Tranquilas,397,H CAD K1 5000,Final,Final,838,,6,4,00:20:28.7,46,
2015-08-23,2,Galicia,293,6ª Regata Liga Provincial Deputación Lugo 2015,Augas Tranquilas,397,H CAD K1 5000,Final,Final,843,,14,5,00:20:54.4,45,
2015-08-23,2,Galicia,293,6ª Regata Liga Provincial Deputación Lugo 2015,Augas Tranquilas,397,H CAD K1 5000,Final,Final,835,,19,6,00:20:55.78,44,
2015-08-23,2,Galicia,293,6ª Regata Liga Provincial Deputación Lugo 2015,Augas Tranquilas,397,H CAD K1 5000,Final,Final,842,,13,7,00:21:22.63,43,
2015-08-23,2,Galicia,293,6ª Regata Liga Provincial Deputación Lugo 2015,Augas Tranquilas,397,H CAD K1 5000,Final,Final,840,,1,8,00:21:25.33,42,
2015-08-23,2,Galicia,293,6ª Regata Liga Provincial Deputación Lugo 2015,Augas Tranquilas,397,H CAD K1 5000,Final,Final,2938,,10,9,00:21:45.78,41,
2015-08-23,2,Galicia,293,6ª Regata Liga Provincial Deputación Lugo 2015,Augas Tranquilas,397,H CAD K1 5000,Final,Final,845,,18,10,00:23:01.19,40,
2015-08-23,2,Galicia,293,6ª Regata Liga Provincial Deputación Lugo 2015,Augas Tranquilas,397,H CAD K1 5000,Final,Final,2787,,16,11,00:23:09.04,39,
2015-08-23,2,Galicia,293,6ª Regata Liga Provincial Deputación Lugo 2015,Augas Tranquilas,397,H CAD K1 5000,Final,Final,853,,2,12,00:23:27.94,38,
2015-08-23,2,Galicia,293,6ª Regata Liga Provincial Deputación Lugo 2015,Augas Tranquilas,397,H CAD K1 5000,Final,Final,849,,9,13,00:24:41.23,,
2015-08-23,2,Galicia,293,6ª Regata Liga Provincial Deputación Lugo 2015,Augas Tranquilas,397,H CAD K1 5000,Final,Final,1565,,11,14,00:00:00,,
2015-08-23,2,Galicia,293,6ª Regata Liga Provincial Deputación Lugo 2015,Augas Tranquilas,398,H SEN K1 5000,Final,Final,876,,50,1,00:18:22.56,65,
2015-08-23,2,Galicia,293,6ª Regata Liga Provincial Deputación Lugo 2015,Augas Tranquilas,398,H SEN K1 5000,Final,Final,877,,53,2,00:18:23.49,55,
2015-08-23,2,Galicia,293,6ª Regata Liga Provincial Deputación Lugo 2015,Augas Tranquilas,398,H SEN K1 5000,Final,Final,881,,41,3,00:18:43.29,50,
2015-08-23,2,Galicia,293,6ª Regata Liga Provincial Deputación Lugo 2015,Augas Tranquilas,398,H SEN K1 5000,Final,Final,880,,40,4,00:19:04.49,46,
2015-08-23,2,Galicia,293,6ª Regata Liga Provincial Deputación Lugo 2015,Augas Tranquilas,398,H SEN K1 5000,Final,Final,879,,60,5,00:19:11.26,45,
2015-08-23,2,Galicia,293,6ª Regata Liga Provincial Deputación Lugo 2015,Augas Tranquilas,398,H SEN K1 5000,Final,Final,884,,55,6,00:20:11.81,44,
2015-08-23,2,Galicia,293,6ª Regata Liga Provincial Deputación Lugo 2015,Augas Tranquilas,398,H SEN K1 5000,Final,Final,887,,47,7,00:20:20.87,43,
2015-08-23,2,Galicia,293,6ª Regata Liga Provincial Deputación Lugo 2015,Augas Tranquilas,398,H SEN K1 5000,Final,Final,2444,,197,8,00:21:35.65,42,
2015-08-23,2,Galicia,293,6ª Regata Liga Provincial Deputación Lugo 2015,Augas Tranquilas,398,H SEN K1 5000,Final,Final,890,,44,9,00:21:36.51,41,
2015-08-23,2,Galicia,293,6ª Regata Liga Provincial Deputación Lugo 2015,Augas Tranquilas,398,H SEN K1 5000,Final,Final,1570,,48,10,00:00:00,,
2015-08-23,2,Galicia,293,6ª Regata Liga Provincial Deputación Lugo 2015,Augas Tranquilas,398,H SEN K1 5000,Final,Final,16420,,49,11,00:00:00,,
2015-08-23,2,Galicia,293,6ª Regata Liga Provincial Deputación Lugo 2015,Augas Tranquilas,398,H SEN K1 5000,Final,Final,1573,,51,12,00:00:00,,
2015-08-23,2,Galicia,293,6ª Regata Liga Provincial Deputación Lugo 2015,Augas Tranquilas,398,H SEN K1 5000,Final,Final,1567,,52,13,00:00:00,,
2015-08-23,2,Galicia,293,6ª Regata Liga Provincial Deputación Lugo 2015,Augas Tranquilas,398,H SEN K1 5000,Final,Final,1574,,54,14,00:00:00,,
2015-08-23,2,Galicia,293,6ª Regata Liga Provincial Deputación Lugo 2015,Augas Tranquilas,398,H SEN K1 5000,Final,Final,2445,,56,15,00:00:00,,
2015-08-23,2,Galicia,293,6ª Regata Liga Provincial Deputación Lugo 2015,Augas Tranquilas,398,H SEN K1 5000,Final,Final,894,,61,16,00:00:00,,
2015-08-23,2,Galicia,293,6ª Regata Liga Provincial Deputación Lugo 2015,Augas Tranquilas,399,H VET K1 5000,Final,Final,878,,118,1,00:18:23.86,65,
2015-08-23,2,Galicia,293,6ª Regata Liga Provincial Deputación Lugo 2015,Augas Tranquilas,399,H VET K1 5000,Final,Final,896,,123,2,00:19:11.97,55,
2015-08-23,2,Galicia,293,6ª Regata Liga Provincial Deputación Lugo 2015,Augas Tranquilas,399,H VET K1 5000,Final,Final,898,,129,3,00:19:14.68,50,
2015-08-23,2,Galicia,293,6ª Regata Liga Provincial Deputación Lugo 2015,Augas Tranquilas,399,H VET K1 5000,Final,Final,914,,130,4,00:19:16.07,46,
2015-08-23,2,Galicia,293,6ª Regata Liga Provincial Deputación Lugo 2015,Augas Tranquilas,399,H VET K1 5000,Final,Final,897,,126,5,00:20:12.35,45,
2015-08-23,2,Galicia,293,6ª Regata Liga Provincial Deputación Lugo 2015,Augas Tranquilas,399,H VET K1 5000,Final,Final,1576,,116,6,00:20:28.12,44,
2015-08-23,2,Galicia,293,6ª Regata Liga Provincial Deputación Lugo 2015,Augas Tranquilas,399,H VET K1 5000,Final,Final,901,,131,7,00:20:28.56,43,
2015-08-23,2,Galicia,293,6ª Regata Liga Provincial Deputación Lugo 2015,Augas Tranquilas,399,H VET K1 5000,Final,Final,949,,114,8,00:22:43.79,42,
2015-08-23,2,Galicia,293,6ª Regata Liga Provincial Deputación Lugo 2015,Augas Tranquilas,399,H VET K1 5000,Final,Final,3583,,119,9,00:00:00,,
2015-08-23,2,Galicia,293,6ª Regata Liga Provincial Deputación Lugo 2015,Augas Tranquilas,399,H VET K1 5000,Final,Final,909,,120,10,00:00:00,,
2015-08-23,2,Galicia,293,6ª Regata Liga Provincial Deputación Lugo 2015,Augas Tranquilas,399,H VET K1 5000,Final,Final,907,,121,11,00:00:00,,
2015-08-23,2,Galicia,293,6ª Regata Liga Provincial Deputación Lugo 2015,Augas Tranquilas,399,H VET K1 5000,Final,Final,1575,,122,12,00:00:00,,
2015-08-23,2,Galicia,293,6ª Regata Liga Provincial Deputación Lugo 2015,Augas Tranquilas,399,H VET K1 5000,Final,Final,1577,,124,13,00:00:00,,
2015-08-23,2,Galicia,293,6ª Regata Liga Provincial Deputación Lugo 2015,Augas Tranquilas,399,H VET K1 5000,Final,Final,1578,,125,14,00:00:00,,
2015-08-23,2,Galicia,294,5ª Regata Liga Provincial Coruña-2015,Augas Tranquilas,400,H BEN K1 1500,Final,Final,4073,,511,1,00:09:04.51,55,
2015-08-23,2,Galicia,294,5ª Regata Liga Provincial Coruña-2015,Augas Tranquilas,400,H BEN K1 1500,Final,Final,4437,,535,2,00:09:08.33,52,
2015-08-23,2,Galicia,294,5ª Regata Liga Provincial Coruña-2015,Augas Tranquilas,400,H BEN K1 1500,Final,Final,4070,,542,3,00:09:10.35,49,
2015-08-23,2,Galicia,294,5ª Regata Liga Provincial Coruña-2015,Augas Tranquilas,400,H BEN K1 1500,Final,Final,4072,,528,4,00:09:13.77,47,
2015-08-23,2,Galicia,294,5ª Regata Liga Provincial Coruña-2015,Augas Tranquilas,400,H BEN K1 1500,Final,Final,4075,,500,5,00:09:32.82,46,
2015-08-23,2,Galicia,294,5ª Regata Liga Provincial Coruña-2015,Augas Tranquilas,400,H BEN K1 1500,Final,Final,1239,,504,6,00:09:35.55,45,
2015-08-23,2,Galicia,294,5ª Regata Liga Provincial Coruña-2015,Augas Tranquilas,400,H BEN K1 1500,Final,Final,3738,,527,7,00:09:35.86,44,
2015-08-23,2,Galicia,294,5ª Regata Liga Provincial Coruña-2015,Augas Tranquilas,400,H BEN K1 1500,Final,Final,1583,,524,8,00:09:59.39,43,
2015-08-23,2,Galicia,294,5ª Regata Liga Provincial Coruña-2015,Augas Tranquilas,400,H BEN K1 1500,Final,Final,3737,,539,9,00:10:02.75,42,
2015-08-23,2,Galicia,294,5ª Regata Liga Provincial Coruña-2015,Augas Tranquilas,400,H BEN K1 1500,Final,Final,4445,,536,10,00:10:05.38,41,
2015-08-23,2,Galicia,294,5ª Regata Liga Provincial Coruña-2015,Augas Tranquilas,400,H BEN K1 1500,Final,Final,1224,,521,11,00:10:11.78,40,
2015-08-23,2,Galicia,294,5ª Regata Liga Provincial Coruña-2015,Augas Tranquilas,400,H BEN K1 1500,Final,Final,1246,,518,12,00:10:17.84,39,
2015-08-23,2,Galicia,294,5ª Regata Liga Provincial Coruña-2015,Augas Tranquilas,400,H BEN K1 1500,Final,Final,4030,,540,13,00:10:31.54,38,
2015-08-23,2,Galicia,294,5ª Regata Liga Provincial Coruña-2015,Augas Tranquilas,400,H BEN K1 1500,Final,Final,4440,,534,14,00:10:51.17,37,
2015-08-23,2,Galicia,294,5ª Regata Liga Provincial Coruña-2015,Augas Tranquilas,400,H BEN K1 1500,Final,Final,1234,,529,15,00:10:56.86,36,
2015-08-23,2,Galicia,294,5ª Regata Liga Provincial Coruña-2015,Augas Tranquilas,400,H BEN K1 1500,Final,Final,1233,,544,16,00:10:59.61,35,
2015-08-23,2,Galicia,294,5ª Regata Liga Provincial Coruña-2015,Augas Tranquilas,400,H BEN K1 1500,Final,Final,4076,,520,17,00:11:08.65,34,
2015-08-23,2,Galicia,294,5ª Regata Liga Provincial Coruña-2015,Augas Tranquilas,400,H BEN K1 1500,Final,Final,7081,,538,18,00:11:14.82,33,
2015-08-23,2,Galicia,294,5ª Regata Liga Provincial Coruña-2015,Augas Tranquilas,400,H BEN K1 1500,Final,Final,1506,,513,19,00:11:20.21,32,
2015-08-23,2,Galicia,294,5ª Regata Liga Provincial Coruña-2015,Augas Tranquilas,400,H BEN K1 1500,Final,Final,4078,,531,20,00:11:27.47,31,
2015-08-23,2,Galicia,294,5ª Regata Liga Provincial Coruña-2015,Augas Tranquilas,400,H BEN K1 1500,Final,Final,1242,,503,21,00:11:30.61,30,
2015-08-23,2,Galicia,294,5ª Regata Liga Provincial Coruña-2015,Augas Tranquilas,400,H BEN K1 1500,Final,Final,4031,,532,22,00:11:36.85,29,
2015-08-23,2,Galicia,294,5ª Regata Liga Provincial Coruña-2015,Augas Tranquilas,400,H BEN K1 1500,Final,Final,4079,,526,23,00:11:40.08,28,
2015-08-23,2,Galicia,294,5ª Regata Liga Provincial Coruña-2015,Augas Tranquilas,400,H BEN K1 1500,Final,Final,4438,,523,24,00:11:44.12,27,
2015-08-23,2,Galicia,294,5ª Regata Liga Provincial Coruña-2015,Augas Tranquilas,400,H BEN K1 1500,Final,Final,4418,,519,25,00:11:46.34,26,
2015-08-23,2,Galicia,294,5ª Regata Liga Provincial Coruña-2015,Augas Tranquilas,400,H BEN K1 1500,Final,Final,1511,,515,26,00:11:47.88,25,
2015-08-23,2,Galicia,294,5ª Regata Liga Provincial Coruña-2015,Augas Tranquilas,400,H BEN K1 1500,Final,Final,4074,,545,27,00:11:51.92,24,
2015-08-23,2,Galicia,294,5ª Regata Liga Provincial Coruña-2015,Augas Tranquilas,400,H BEN K1 1500,Final,Final,1247,,512,28,00:11:54.46,23,
2015-08-23,2,Galicia,294,5ª Regata Liga Provincial Coruña-2015,Augas Tranquilas,400,H BEN K1 1500,Final,Final,4034,,517,29,00:12:00.83,22,
2015-08-23,2,Galicia,294,5ª Regata Liga Provincial Coruña-2015,Augas Tranquilas,400,H BEN K1 1500,Final,Final,1226,,510,30,00:12:10.78,21,
2015-08-23,2,Galicia,294,5ª Regata Liga Provincial Coruña-2015,Augas Tranquilas,400,H BEN K1 1500,Final,Final,1227,,506,31,00:12:17.1,20,
2015-08-23,2,Galicia,294,5ª Regata Liga Provincial Coruña-2015,Augas Tranquilas,400,H BEN K1 1500,Final,Final,1510,,514,32,00:12:53.94,19,
2015-08-23,2,Galicia,294,5ª Regata Liga Provincial Coruña-2015,Augas Tranquilas,400,H BEN K1 1500,Final,Final,2053,,507,33,00:13:03.66,18,
2015-08-23,2,Galicia,294,5ª Regata Liga Provincial Coruña-2015,Augas Tranquilas,400,H BEN K1 1500,Final,Final,1260,,501,34,00:13:09.4,17,
2015-08-23,2,Galicia,294,5ª Regata Liga Provincial Coruña-2015,Augas Tranquilas,400,H BEN K1 1500,Final,Final,4414,,522,35,00:13:16.67,16,
2015-08-23,2,Galicia,294,5ª Regata Liga Provincial Coruña-2015,Augas Tranquilas,400,H BEN K1 1500,Final,Final,1250,,530,36,00:13:17.66,15,
2015-08-23,2,Galicia,294,5ª Regata Liga Provincial Coruña-2015,Augas Tranquilas,400,H BEN K1 1500,Final,Final,2054,,543,37,00:13:55.17,14,
2015-08-23,2,Galicia,294,5ª Regata Liga Provincial Coruña-2015,Augas Tranquilas,400,H BEN K1 1500,Final,Final,1249,,502,38,00:00:00,,
2015-08-23,2,Galicia,294,5ª Regata Liga Provincial Coruña-2015,Augas Tranquilas,400,H BEN K1 1500,Final,Final,4080,,505,39,00:00:00,,
2015-08-23,2,Galicia,294,5ª Regata Liga Provincial Coruña-2015,Augas Tranquilas,400,H BEN K1 1500,Final,Final,1505,,508,40,00:00:00,,
2015-08-23,2,Galicia,294,5ª Regata Liga Provincial Coruña-2015,Augas Tranquilas,400,H BEN K1 1500,Final,Final,2447,,509,41,00:00:00,,
2015-08-23,2,Galicia,294,5ª Regata Liga Provincial Coruña-2015,Augas Tranquilas,400,H BEN K1 1500,Final,Final,1252,,516,42,00:00:00,,
2015-08-23,2,Galicia,294,5ª Regata Liga Provincial Coruña-2015,Augas Tranquilas,400,H BEN K1 1500,Final,Final,1512,,525,43,00:00:00,,
2015-08-23,2,Galicia,294,5ª Regata Liga Provincial Coruña-2015,Augas Tranquilas,400,H BEN K1 1500,Final,Final,1232,,533,44,00:00:00,,
2015-08-23,2,Galicia,294,5ª Regata Liga Provincial Coruña-2015,Augas Tranquilas,400,H BEN K1 1500,Final,Final,1245,,537,45,00:00:00,,
2015-08-23,2,Galicia,294,5ª Regata Liga Provincial Coruña-2015,Augas Tranquilas,401,M BEN K1 1500,Final,Final,4426,,1515,1,00:09:31.27,55,
2015-08-23,2,Galicia,294,5ª Regata Liga Provincial Coruña-2015,Augas Tranquilas,401,M BEN K1 1500,Final,Final,1287,,1506,2,00:09:51.16,52,
2015-08-23,2,Galicia,294,5ª Regata Liga Provincial Coruña-2015,Augas Tranquilas,401,M BEN K1 1500,Final,Final,1210,,1502,3,00:09:53.74,49,
2015-08-23,2,Galicia,294,5ª Regata Liga Provincial Coruña-2015,Augas Tranquilas,401,M BEN K1 1500,Final,Final,4048,,1512,4,00:10:02.59,47,
2015-08-23,2,Galicia,294,5ª Regata Liga Provincial Coruña-2015,Augas Tranquilas,401,M BEN K1 1500,Final,Final,1198,,1524,5,00:10:05.24,46,
2015-08-23,2,Galicia,294,5ª Regata Liga Provincial Coruña-2015,Augas Tranquilas,401,M BEN K1 1500,Final,Final,1218,,1503,6,00:10:47.21,45,
2015-08-23,2,Galicia,294,5ª Regata Liga Provincial Coruña-2015,Augas Tranquilas,401,M BEN K1 1500,Final,Final,4429,,1507,7,00:10:55.63,44,
2015-08-23,2,Galicia,294,5ª Regata Liga Provincial Coruña-2015,Augas Tranquilas,401,M BEN K1 1500,Final,Final,4061,,1504,8,00:10:56.64,43,
2015-08-23,2,Galicia,294,5ª Regata Liga Provincial Coruña-2015,Augas Tranquilas,401,M BEN K1 1500,Final,Final,1202,,1505,9,00:11:05.8,42,
2015-08-23,2,Galicia,294,5ª Regata Liga Provincial Coruña-2015,Augas Tranquilas,401,M BEN K1 1500,Final,Final,1201,,1521,10,00:11:12.18,41,
2015-08-23,2,Galicia,294,5ª Regata Liga Provincial Coruña-2015,Augas Tranquilas,401,M BEN K1 1500,Final,Final,4062,,1523,11,00:11:13.01,40,
2015-08-23,2,Galicia,294,5ª Regata Liga Provincial Coruña-2015,Augas Tranquilas,401,M BEN K1 1500,Final,Final,1204,,1508,12,00:11:19.55,39,
2015-08-23,2,Galicia,294,5ª Regata Liga Provincial Coruña-2015,Augas Tranquilas,401,M BEN K1 1500,Final,Final,4427,,1527,13,00:11:22.33,38,
2015-08-23,2,Galicia,294,5ª Regata Liga Provincial Coruña-2015,Augas Tranquilas,401,M BEN K1 1500,Final,Final,1215,,1500,14,00:11:24.49,37,
2015-08-23,2,Galicia,294,5ª Regata Liga Provincial Coruña-2015,Augas Tranquilas,401,M BEN K1 1500,Final,Final,1206,,1518,15,00:11:26.36,36,
2015-08-23,2,Galicia,294,5ª Regata Liga Provincial Coruña-2015,Augas Tranquilas,401,M BEN K1 1500,Final,Final,1208,,1520,16,00:11:33.12,35,
2015-08-23,2,Galicia,294,5ª Regata Liga Provincial Coruña-2015,Augas Tranquilas,401,M BEN K1 1500,Final,Final,2049,,1528,17,00:11:47.01,34,
2015-08-23,2,Galicia,294,5ª Regata Liga Provincial Coruña-2015,Augas Tranquilas,401,M BEN K1 1500,Final,Final,1499,,1513,18,00:11:51.3,33,
2015-08-23,2,Galicia,294,5ª Regata Liga Provincial Coruña-2015,Augas Tranquilas,401,M BEN K1 1500,Final,Final,1211,,1516,19,00:12:04.15,32,
2015-08-23,2,Galicia,294,5ª Regata Liga Provincial Coruña-2015,Augas Tranquilas,401,M BEN K1 1500,Final,Final,4063,,1509,20,00:12:14.29,31,
2015-08-23,2,Galicia,294,5ª Regata Liga Provincial Coruña-2015,Augas Tranquilas,401,M BEN K1 1500,Final,Final,4064,,1501,21,00:12:17.3,30,
2015-08-23,2,Galicia,294,5ª Regata Liga Provincial Coruña-2015,Augas Tranquilas,401,M BEN K1 1500,Final,Final,1219,,1525,22,00:13:08.63,29,
2015-08-23,2,Galicia,294,5ª Regata Liga Provincial Coruña-2015,Augas Tranquilas,401,M BEN K1 1500,Final,Final,2050,,1514,23,00:13:15.07,28,
2015-08-23,2,Galicia,294,5ª Regata Liga Provincial Coruña-2015,Augas Tranquilas,401,M BEN K1 1500,Final,Final,1213,,1510,24,00:13:40.32,27,
2015-08-23,2,Galicia,294,5ª Regata Liga Provincial Coruña-2015,Augas Tranquilas,401,M BEN K1 1500,Final,Final,4041,,1511,25,00:00:00,,
2015-08-23,2,Galicia,294,5ª Regata Liga Provincial Coruña-2015,Augas Tranquilas,401,M BEN K1 1500,Final,Final,2052,,1517,26,00:00:00,,
2015-08-23,2,Galicia,294,5ª Regata Liga Provincial Coruña-2015,Augas Tranquilas,401,M BEN K1 1500,Final,Final,2448,,1519,27,00:00:00,,
2015-08-23,2,Galicia,294,5ª Regata Liga Provincial Coruña-2015,Augas Tranquilas,401,M BEN K1 1500,Final,Final,1500,,1522,28,00:00:00,,
2015-08-23,2,Galicia,294,5ª Regata Liga Provincial Coruña-2015,Augas Tranquilas,401,M BEN K1 1500,Final,Final,1220,,1526,29,00:00:00,,
2015-08-23,2,Galicia,294,5ª Regata Liga Provincial Coruña-2015,Augas Tranquilas,402,H ALE-A K1 1500,Final,Final,2868,,322,1,00:07:09.78,130,
2015-08-23,2,Galicia,294,5ª Regata Liga Provincial Coruña-2015,Augas Tranquilas,402,H ALE-A K1 1500,Final,Final,3253,,333,2,00:07:54.47,127,
2015-08-23,2,Galicia,294,5ª Regata Liga Provincial Coruña-2015,Augas Tranquilas,402,H ALE-A K1 1500,Final,Final,3540,,331,3,00:07:56.84,124,
2015-08-23,2,Galicia,294,5ª Regata Liga Provincial Coruña-2015,Augas Tranquilas,402,H ALE-A K1 1500,Final,Final,3647,,334,4,00:08:02.08,122,
2015-08-23,2,Galicia,294,5ª Regata Liga Provincial Coruña-2015,Augas Tranquilas,402,H ALE-A K1 1500,Final,Final,2881,,315,5,00:08:17.03,121,
2015-08-23,2,Galicia,294,5ª Regata Liga Provincial Coruña-2015,Augas Tranquilas,402,H ALE-A K1 1500,Final,Final,3257,,300,6,00:08:27.15,120,
2015-08-23,2,Galicia,294,5ª Regata Liga Provincial Coruña-2015,Augas Tranquilas,402,H ALE-A K1 1500,Final,Final,3539,,326,7,00:08:32.97,119,
2015-08-23,2,Galicia,294,5ª Regata Liga Provincial Coruña-2015,Augas Tranquilas,402,H ALE-A K1 1500,Final,Final,4515,,311,8,00:09:02.15,118,
2015-08-23,2,Galicia,294,5ª Regata Liga Provincial Coruña-2015,Augas Tranquilas,402,H ALE-A K1 1500,Final,Final,1315,,310,9,00:09:12.88,117,
2015-08-23,2,Galicia,294,5ª Regata Liga Provincial Coruña-2015,Augas Tranquilas,402,H ALE-A K1 1500,Final,Final,3280,,303,10,00:09:14,116,
2015-08-23,2,Galicia,294,5ª Regata Liga Provincial Coruña-2015,Augas Tranquilas,402,H ALE-A K1 1500,Final,Final,2887,,314,11,00:09:14.46,115,
2015-08-23,2,Galicia,294,5ª Regata Liga Provincial Coruña-2015,Augas Tranquilas,402,H ALE-A K1 1500,Final,Final,1318,,309,12,00:09:14.79,114,
2015-08-23,2,Galicia,294,5ª Regata Liga Provincial Coruña-2015,Augas Tranquilas,402,H ALE-A K1 1500,Final,Final,4516,,312,13,00:09:27.08,113,
2015-08-23,2,Galicia,294,5ª Regata Liga Provincial Coruña-2015,Augas Tranquilas,402,H ALE-A K1 1500,Final,Final,3249,,307,14,00:09:28.5,112,
2015-08-23,2,Galicia,294,5ª Regata Liga Provincial Coruña-2015,Augas Tranquilas,402,H ALE-A K1 1500,Final,Final,4098,,302,15,00:09:59.05,111,
2015-08-23,2,Galicia,294,5ª Regata Liga Provincial Coruña-2015,Augas Tranquilas,402,H ALE-A K1 1500,Final,Final,3263,,317,16,00:10:08.58,110,
2015-08-23,2,Galicia,294,5ª Regata Liga Provincial Coruña-2015,Augas Tranquilas,402,H ALE-A K1 1500,Final,Final,1306,,313,17,00:10:11.99,109,
2015-08-23,2,Galicia,294,5ª Regata Liga Provincial Coruña-2015,Augas Tranquilas,402,H ALE-A K1 1500,Final,Final,2976,,327,18,00:10:40.09,108,
2015-08-23,2,Galicia,294,5ª Regata Liga Provincial Coruña-2015,Augas Tranquilas,402,H ALE-A K1 1500,Final,Final,1307,,306,19,00:10:45.09,107,
2015-08-23,2,Galicia,294,5ª Regata Liga Provincial Coruña-2015,Augas Tranquilas,402,H ALE-A K1 1500,Final,Final,3277,,332,20,00:10:48.84,106,
2015-08-23,2,Galicia,294,5ª Regata Liga Provincial Coruña-2015,Augas Tranquilas,402,H ALE-A K1 1500,Final,Final,2979,,330,21,00:11:09.29,105,
2015-08-23,2,Galicia,294,5ª Regata Liga Provincial Coruña-2015,Augas Tranquilas,402,H ALE-A K1 1500,Final,Final,3265,,316,22,00:11:18.52,104,
2015-08-23,2,Galicia,294,5ª Regata Liga Provincial Coruña-2015,Augas Tranquilas,402,H ALE-A K1 1500,Final,Final,1310,,323,23,00:11:23.92,103,
2015-08-23,2,Galicia,294,5ª Regata Liga Provincial Coruña-2015,Augas Tranquilas,402,H ALE-A K1 1500,Final,Final,1314,,304,24,00:11:41.76,102,
2015-08-23,2,Galicia,294,5ª Regata Liga Provincial Coruña-2015,Augas Tranquilas,402,H ALE-A K1 1500,Final,Final,1312,,321,25,00:11:59.51,101,
2015-08-23,2,Galicia,294,5ª Regata Liga Provincial Coruña-2015,Augas Tranquilas,402,H ALE-A K1 1500,Final,Final,2062,,318,26,00:12:07.18,100,
2015-08-23,2,Galicia,294,5ª Regata Liga Provincial Coruña-2015,Augas Tranquilas,402,H ALE-A K1 1500,Final,Final,3269,,320,27,00:12:11.83,99,
2015-08-23,2,Galicia,294,5ª Regata Liga Provincial Coruña-2015,Augas Tranquilas,402,H ALE-A K1 1500,Final,Final,3260,,324,28,00:12:45.89,98,
2015-08-23,2,Galicia,294,5ª Regata Liga Provincial Coruña-2015,Augas Tranquilas,402,H ALE-A K1 1500,Final,Final,2061,,305,29,00:13:01.2,97,
2015-08-23,2,Galicia,294,5ª Regata Liga Provincial Coruña-2015,Augas Tranquilas,402,H ALE-A K1 1500,Final,Final,1521,,301,30,00:00:00,,
2015-08-23,2,Galicia,294,5ª Regata Liga Provincial Coruña-2015,Augas Tranquilas,402,H ALE-A K1 1500,Final,Final,1300,,308,31,00:00:00,,
2015-08-23,2,Galicia,294,5ª Regata Liga Provincial Coruña-2015,Augas Tranquilas,402,H ALE-A K1 1500,Final,Final,3648,,325,32,00:00:00,,
2015-08-23,2,Galicia,294,5ª Regata Liga Provincial Coruña-2015,Augas Tranquilas,402,H ALE-A K1 1500,Final,Final,1321,,328,33,00:00:00,,
2015-08-23,2,Galicia,294,5ª Regata Liga Provincial Coruña-2015,Augas Tranquilas,402,H ALE-A K1 1500,Final,Final,3268,,329,34,00:00:00,,
2015-08-23,2,Galicia,294,5ª Regata Liga Provincial Coruña-2015,Augas Tranquilas,403,H ALE-B K1 1500,Final,Final,3171,,413,1,00:07:52.61,105,
2015-08-23,2,Galicia,294,5ª Regata Liga Provincial Coruña-2015,Augas Tranquilas,403,H ALE-B K1 1500,Final,Final,3222,,410,2,00:08:12.57,102,
2015-08-23,2,Galicia,294,5ª Regata Liga Provincial Coruña-2015,Augas Tranquilas,403,H ALE-B K1 1500,Final,Final,3177,,404,3,00:08:15.74,99,
2015-08-23,2,Galicia,294,5ª Regata Liga Provincial Coruña-2015,Augas Tranquilas,403,H ALE-B K1 1500,Final,Final,1325,,408,4,00:08:34.36,97,
2015-08-23,2,Galicia,294,5ª Regata Liga Provincial Coruña-2015,Augas Tranquilas,403,H ALE-B K1 1500,Final,Final,3641,,427,5,00:08:58.41,96,
2015-08-23,2,Galicia,294,5ª Regata Liga Provincial Coruña-2015,Augas Tranquilas,403,H ALE-B K1 1500,Final,Final,1331,,430,6,00:09:06.35,95,
2015-08-23,2,Galicia,294,5ª Regata Liga Provincial Coruña-2015,Augas Tranquilas,403,H ALE-B K1 1500,Final,Final,1335,,424,7,00:09:17.74,94,
2015-08-23,2,Galicia,294,5ª Regata Liga Provincial Coruña-2015,Augas Tranquilas,403,H ALE-B K1 1500,Final,Final,3205,,417,8,00:09:36,93,
2015-08-23,2,Galicia,294,5ª Regata Liga Provincial Coruña-2015,Augas Tranquilas,403,H ALE-B K1 1500,Final,Final,3215,,401,9,00:09:37.4,92,
2015-08-23,2,Galicia,294,5ª Regata Liga Provincial Coruña-2015,Augas Tranquilas,403,H ALE-B K1 1500,Final,Final,4066,,402,10,00:09:45.23,91,
2015-08-23,2,Galicia,294,5ª Regata Liga Provincial Coruña-2015,Augas Tranquilas,403,H ALE-B K1 1500,Final,Final,4832,,428,11,00:09:49.36,90,
2015-08-23,2,Galicia,294,5ª Regata Liga Provincial Coruña-2015,Augas Tranquilas,403,H ALE-B K1 1500,Final,Final,1332,,400,12,00:09:52.26,89,
2015-08-23,2,Galicia,294,5ª Regata Liga Provincial Coruña-2015,Augas Tranquilas,403,H ALE-B K1 1500,Final,Final,1341,,403,13,00:10:12.22,88,
2015-08-23,2,Galicia,294,5ª Regata Liga Provincial Coruña-2015,Augas Tranquilas,403,H ALE-B K1 1500,Final,Final,3214,,426,14,00:10:17.63,87,
2015-08-23,2,Galicia,294,5ª Regata Liga Provincial Coruña-2015,Augas Tranquilas,403,H ALE-B K1 1500,Final,Final,1339,,415,15,00:10:27.03,86,
2015-08-23,2,Galicia,294,5ª Regata Liga Provincial Coruña-2015,Augas Tranquilas,403,H ALE-B K1 1500,Final,Final,3640,,416,16,00:10:43.02,85,
2015-08-23,2,Galicia,294,5ª Regata Liga Provincial Coruña-2015,Augas Tranquilas,403,H ALE-B K1 1500,Final,Final,2064,,405,17,00:10:47.02,84,
2015-08-23,2,Galicia,294,5ª Regata Liga Provincial Coruña-2015,Augas Tranquilas,403,H ALE-B K1 1500,Final,Final,1342,,407,18,00:11:10.87,83,
2015-08-23,2,Galicia,294,5ª Regata Liga Provincial Coruña-2015,Augas Tranquilas,403,H ALE-B K1 1500,Final,Final,3182,,414,19,00:13:12.47,82,
2015-08-23,2,Galicia,294,5ª Regata Liga Provincial Coruña-2015,Augas Tranquilas,403,H ALE-B K1 1500,Final,Final,2065,,429,20,00:16:28.08,81,
2015-08-23,2,Galicia,294,5ª Regata Liga Provincial Coruña-2015,Augas Tranquilas,403,H ALE-B K1 1500,Final,Final,2063,,406,21,00:17:41.28,,
2015-08-23,2,Galicia,294,5ª Regata Liga Provincial Coruña-2015,Augas Tranquilas,403,H ALE-B K1 1500,Final,Final,3179,,409,22,00:00:00,,
2015-08-23,2,Galicia,294,5ª Regata Liga Provincial Coruña-2015,Augas Tranquilas,403,H ALE-B K1 1500,Final,Final,3207,,411,23,00:00:00,,
2015-08-23,2,Galicia,294,5ª Regata Liga Provincial Coruña-2015,Augas Tranquilas,403,H ALE-B K1 1500,Final,Final,1345,,412,24,00:00:00,,
2015-08-23,2,Galicia,294,5ª Regata Liga Provincial Coruña-2015,Augas Tranquilas,403,H ALE-B K1 1500,Final,Final,4065,,418,25,00:00:00,,
2015-08-23,2,Galicia,294,5ª Regata Liga Provincial Coruña-2015,Augas Tranquilas,403,H ALE-B K1 1500,Final,Final,1530,,419,26,00:00:00,,
2015-08-23,2,Galicia,294,5ª Regata Liga Provincial Coruña-2015,Augas Tranquilas,403,H ALE-B K1 1500,Final,Final,1347,,420,27,00:00:00,,
2015-08-23,2,Galicia,294,5ª Regata Liga Provincial Coruña-2015,Augas Tranquilas,403,H ALE-B K1 1500,Final,Final,3639,,421,28,00:00:00,,
2015-08-23,2,Galicia,294,5ª Regata Liga Provincial Coruña-2015,Augas Tranquilas,403,H ALE-B K1 1500,Final,Final,1344,,423,29,00:00:00,,
2015-08-23,2,Galicia,294,5ª Regata Liga Provincial Coruña-2015,Augas Tranquilas,404,M ALE-A K1 1500,Final,Final,2893,,1306,1,00:08:04.14,130,
2015-08-23,2,Galicia,294,5ª Regata Liga Provincial Coruña-2015,Augas Tranquilas,404,M ALE-A K1 1500,Final,Final,2987,,1311,2,00:08:04.61,127,
2015-08-23,2,Galicia,294,5ª Regata Liga Provincial Coruña-2015,Augas Tranquilas,404,M ALE-A K1 1500,Final,Final,4086,,1304,3,00:08:23.41,124,
2015-08-23,2,Galicia,294,5ª Regata Liga Provincial Coruña-2015,Augas Tranquilas,404,M ALE-A K1 1500,Final,Final,1514,,1313,4,00:08:39.01,122,
2015-08-23,2,Galicia,294,5ª Regata Liga Provincial Coruña-2015,Augas Tranquilas,404,M ALE-A K1 1500,Final,Final,3645,,1308,5,00:08:43.98,121,
2015-08-23,2,Galicia,294,5ª Regata Liga Provincial Coruña-2015,Augas Tranquilas,404,M ALE-A K1 1500,Final,Final,1517,,1305,6,00:08:58.68,120,
2015-08-23,2,Galicia,294,5ª Regata Liga Provincial Coruña-2015,Augas Tranquilas,404,M ALE-A K1 1500,Final,Final,3241,,1300,7,00:09:21.83,119,
2015-08-23,2,Galicia,294,5ª Regata Liga Provincial Coruña-2015,Augas Tranquilas,404,M ALE-A K1 1500,Final,Final,1269,,1309,8,00:10:10.81,118,
2015-08-23,2,Galicia,294,5ª Regata Liga Provincial Coruña-2015,Augas Tranquilas,404,M ALE-A K1 1500,Final,Final,1270,,1312,9,00:10:39.54,117,
2015-08-23,2,Galicia,294,5ª Regata Liga Provincial Coruña-2015,Augas Tranquilas,404,M ALE-A K1 1500,Final,Final,1266,,1302,10,00:10:49.34,116,
2015-08-23,2,Galicia,294,5ª Regata Liga Provincial Coruña-2015,Augas Tranquilas,404,M ALE-A K1 1500,Final,Final,4089,,1314,11,00:10:57.16,115,
2015-08-23,2,Galicia,294,5ª Regata Liga Provincial Coruña-2015,Augas Tranquilas,404,M ALE-A K1 1500,Final,Final,1515,,1310,12,00:10:59.46,114,
2015-08-23,2,Galicia,294,5ª Regata Liga Provincial Coruña-2015,Augas Tranquilas,404,M ALE-A K1 1500,Final,Final,1267,,1315,13,00:15:18.37,113,
2015-08-23,2,Galicia,294,5ª Regata Liga Provincial Coruña-2015,Augas Tranquilas,404,M ALE-A K1 1500,Final,Final,1516,,1301,14,00:00:00,,
2015-08-23,2,Galicia,294,5ª Regata Liga Provincial Coruña-2015,Augas Tranquilas,404,M ALE-A K1 1500,Final,Final,1268,,1303,15,00:00:00,,
2015-08-23,2,Galicia,294,5ª Regata Liga Provincial Coruña-2015,Augas Tranquilas,405,M ALE-B K1 1500,Final,Final,3139,,1406,1,00:08:21.89,105,
2015-08-23,2,Galicia,294,5ª Regata Liga Provincial Coruña-2015,Augas Tranquilas,405,M ALE-B K1 1500,Final,Final,3145,,1412,2,00:08:48.74,102,
2015-08-23,2,Galicia,294,5ª Regata Liga Provincial Coruña-2015,Augas Tranquilas,405,M ALE-B K1 1500,Final,Final,3168,,1411,3,00:08:59.96,99,
2015-08-23,2,Galicia,294,5ª Regata Liga Provincial Coruña-2015,Augas Tranquilas,405,M ALE-B K1 1500,Final,Final,1276,,1416,4,00:09:03.66,98,
2015-08-23,2,Galicia,294,5ª Regata Liga Provincial Coruña-2015,Augas Tranquilas,405,M ALE-B K1 1500,Final,Final,3141,,1401,5,00:09:08.72,97,
2015-08-23,2,Galicia,294,5ª Regata Liga Provincial Coruña-2015,Augas Tranquilas,405,M ALE-B K1 1500,Final,Final,4057,,1410,6,00:09:13.28,96,
2015-08-23,2,Galicia,294,5ª Regata Liga Provincial Coruña-2015,Augas Tranquilas,405,M ALE-B K1 1500,Final,Final,3638,,1413,7,00:09:17.42,95,
2015-08-23,2,Galicia,294,5ª Regata Liga Provincial Coruña-2015,Augas Tranquilas,405,M ALE-B K1 1500,Final,Final,1283,,1402,8,00:09:27.21,94,
2015-08-23,2,Galicia,294,5ª Regata Liga Provincial Coruña-2015,Augas Tranquilas,405,M ALE-B K1 1500,Final,Final,1282,,1405,9,00:10:01.2,93,
2015-08-23,2,Galicia,294,5ª Regata Liga Provincial Coruña-2015,Augas Tranquilas,405,M ALE-B K1 1500,Final,Final,3147,,1417,10,00:10:03.85,92,
2015-08-23,2,Galicia,294,5ª Regata Liga Provincial Coruña-2015,Augas Tranquilas,405,M ALE-B K1 1500,Final,Final,3636,,1409,11,00:10:07.3,91,
2015-08-23,2,Galicia,294,5ª Regata Liga Provincial Coruña-2015,Augas Tranquilas,405,M ALE-B K1 1500,Final,Final,3134,,1404,12,00:10:18.15,90,
2015-08-23,2,Galicia,294,5ª Regata Liga Provincial Coruña-2015,Augas Tranquilas,405,M ALE-B K1 1500,Final,Final,1284,,1414,13,00:10:20.55,89,
2015-08-23,2,Galicia,294,5ª Regata Liga Provincial Coruña-2015,Augas Tranquilas,405,M ALE-B K1 1500,Final,Final,1290,,1418,14,00:10:42.68,88,
2015-08-23,2,Galicia,294,5ª Regata Liga Provincial Coruña-2015,Augas Tranquilas,405,M ALE-B K1 1500,Final,Final,1291,,1415,15,00:10:52.99,87,
2015-08-23,2,Galicia,294,5ª Regata Liga Provincial Coruña-2015,Augas Tranquilas,405,M ALE-B K1 1500,Final,Final,3159,,1408,16,00:10:53.81,86,
2015-08-23,2,Galicia,294,5ª Regata Liga Provincial Coruña-2015,Augas Tranquilas,405,M ALE-B K1 1500,Final,Final,1519,,1403,17,00:11:28.93,85,
2015-08-23,2,Galicia,294,5ª Regata Liga Provincial Coruña-2015,Augas Tranquilas,405,M ALE-B K1 1500,Final,Final,2057,,1400,18,00:11:30.45,84,
2015-08-23,2,Galicia,294,5ª Regata Liga Provincial Coruña-2015,Augas Tranquilas,405,M ALE-B K1 1500,Final,Final,1288,,1407,19,00:00:00,,
2015-08-23,2,Galicia,294,5ª Regata Liga Provincial Coruña-2015,Augas Tranquilas,405,M ALE-B K1 1500,Final,Final,1285,,1419,20,00:00:00,,
2015-08-23,2,Galicia,294,5ª Regata Liga Provincial Coruña-2015,Augas Tranquilas,406,H INF-B K1 1500,Final,Final,1422,,120,1,00:07:11.72,205,
2015-08-23,2,Galicia,294,5ª Regata Liga Provincial Coruña-2015,Augas Tranquilas,406,H INF-B K1 1500,Final,Final,1421,,126,2,00:07:24.92,202,
2015-08-23,2,Galicia,294,5ª Regata Liga Provincial Coruña-2015,Augas Tranquilas,406,H INF-B K1 1500,Final,Final,1439,,118,3,00:07:40.92,199,
2015-08-23,2,Galicia,294,5ª Regata Liga Provincial Coruña-2015,Augas Tranquilas,406,H INF-B K1 1500,Final,Final,1424,,106,4,00:07:42.61,198,
2015-08-23,2,Galicia,294,5ª Regata Liga Provincial Coruña-2015,Augas Tranquilas,406,H INF-B K1 1500,Final,Final,1426,,114,5,00:07:51.54,197,
2015-08-23,2,Galicia,294,5ª Regata Liga Provincial Coruña-2015,Augas Tranquilas,406,H INF-B K1 1500,Final,Final,3309,,100,6,00:07:53.21,196,
2015-08-23,2,Galicia,294,5ª Regata Liga Provincial Coruña-2015,Augas Tranquilas,406,H INF-B K1 1500,Final,Final,3319,,103,7,00:07:58.16,195,
2015-08-23,2,Galicia,294,5ª Regata Liga Provincial Coruña-2015,Augas Tranquilas,406,H INF-B K1 1500,Final,Final,2837,,109,8,00:08:09.75,194,
2015-08-23,2,Galicia,294,5ª Regata Liga Provincial Coruña-2015,Augas Tranquilas,406,H INF-B K1 1500,Final,Final,1425,,102,9,00:08:17.39,193,
2015-08-23,2,Galicia,294,5ª Regata Liga Provincial Coruña-2015,Augas Tranquilas,406,H INF-B K1 1500,Final,Final,1427,,111,10,00:08:21.31,192,
2015-08-23,2,Galicia,294,5ª Regata Liga Provincial Coruña-2015,Augas Tranquilas,406,H INF-B K1 1500,Final,Final,2836,,117,11,00:08:35.02,191,
2015-08-23,2,Galicia,294,5ª Regata Liga Provincial Coruña-2015,Augas Tranquilas,406,H INF-B K1 1500,Final,Final,1533,,119,12,00:08:42.83,190,
2015-08-23,2,Galicia,294,5ª Regata Liga Provincial Coruña-2015,Augas Tranquilas,406,H INF-B K1 1500,Final,Final,1451,,115,13,00:08:46.96,189,
2015-08-23,2,Galicia,294,5ª Regata Liga Provincial Coruña-2015,Augas Tranquilas,406,H INF-B K1 1500,Final,Final,3314,,130,14,00:08:57.45,188,
2015-08-23,2,Galicia,294,5ª Regata Liga Provincial Coruña-2015,Augas Tranquilas,406,H INF-B K1 1500,Final,Final,1447,,108,15,00:08:59.77,187,
2015-08-23,2,Galicia,294,5ª Regata Liga Provincial Coruña-2015,Augas Tranquilas,406,H INF-B K1 1500,Final,Final,3653,,116,16,00:09:06.13,186,
2015-08-23,2,Galicia,294,5ª Regata Liga Provincial Coruña-2015,Augas Tranquilas,406,H INF-B K1 1500,Final,Final,1431,,127,17,00:09:08.58,185,
2015-08-23,2,Galicia,294,5ª Regata Liga Provincial Coruña-2015,Augas Tranquilas,406,H INF-B K1 1500,Final,Final,1450,,110,18,00:09:16.24,184,
2015-08-23,2,Galicia,294,5ª Regata Liga Provincial Coruña-2015,Augas Tranquilas,406,H INF-B K1 1500,Final,Final,2997,,125,19,00:09:21.15,183,
2015-08-23,2,Galicia,294,5ª Regata Liga Provincial Coruña-2015,Augas Tranquilas,406,H INF-B K1 1500,Final,Final,3317,,121,20,00:09:25.63,182,
2015-08-23,2,Galicia,294,5ª Regata Liga Provincial Coruña-2015,Augas Tranquilas,406,H INF-B K1 1500,Final,Final,1437,,122,21,00:09:33.17,181,
2015-08-23,2,Galicia,294,5ª Regata Liga Provincial Coruña-2015,Augas Tranquilas,406,H INF-B K1 1500,Final,Final,3315,,131,22,00:09:44.18,180,
2015-08-23,2,Galicia,294,5ª Regata Liga Provincial Coruña-2015,Augas Tranquilas,406,H INF-B K1 1500,Final,Final,1445,,105,23,00:09:50.22,179,
2015-08-23,2,Galicia,294,5ª Regata Liga Provincial Coruña-2015,Augas Tranquilas,406,H INF-B K1 1500,Final,Final,3328,,104,24,00:10:17.95,178,
2015-08-23,2,Galicia,294,5ª Regata Liga Provincial Coruña-2015,Augas Tranquilas,406,H INF-B K1 1500,Final,Final,1592,,113,25,00:10:21.17,177,
2015-08-23,2,Galicia,294,5ª Regata Liga Provincial Coruña-2015,Augas Tranquilas,406,H INF-B K1 1500,Final,Final,1442,,128,26,00:10:53.41,176,
2015-08-23,2,Galicia,294,5ª Regata Liga Provincial Coruña-2015,Augas Tranquilas,406,H INF-B K1 1500,Final,Final,1446,,124,27,00:12:02.95,175,
2015-08-23,2,Galicia,294,5ª Regata Liga Provincial Coruña-2015,Augas Tranquilas,406,H INF-B K1 1500,Final,Final,1429,,132,28,00:12:44.21,174,
2015-08-23,2,Galicia,294,5ª Regata Liga Provincial Coruña-2015,Augas Tranquilas,406,H INF-B K1 1500,Final,Final,3312,,101,29,00:00:00,,
2015-08-23,2,Galicia,294,5ª Regata Liga Provincial Coruña-2015,Augas Tranquilas,406,H INF-B K1 1500,Final,Final,1438,,107,30,00:00:00,,
2015-08-23,2,Galicia,294,5ª Regata Liga Provincial Coruña-2015,Augas Tranquilas,406,H INF-B K1 1500,Final,Final,1452,,112,31,00:00:00,,
2015-08-23,2,Galicia,294,5ª Regata Liga Provincial Coruña-2015,Augas Tranquilas,406,H INF-B K1 1500,Final,Final,1454,,123,32,00:00:00,,
2015-08-23,2,Galicia,294,5ª Regata Liga Provincial Coruña-2015,Augas Tranquilas,407,H INF-A K1 1500,Final,Final,1393,,20,1,00:06:08.21,230,
2015-08-23,2,Galicia,294,5ª Regata Liga Provincial Coruña-2015,Augas Tranquilas,407,H INF-A K1 1500,Final,Final,1394,,18,2,00:06:09.16,227,
2015-08-23,2,Galicia,294,5ª Regata Liga Provincial Coruña-2015,Augas Tranquilas,407,H INF-A K1 1500,Final,Final,1395,,21,3,00:06:36.69,224,
2015-08-23,2,Galicia,294,5ª Regata Liga Provincial Coruña-2015,Augas Tranquilas,407,H INF-A K1 1500,Final,Final,1396,,25,4,00:06:37.92,222,
2015-08-23,2,Galicia,294,5ª Regata Liga Provincial Coruña-2015,Augas Tranquilas,407,H INF-A K1 1500,Final,Final,1537,,24,5,00:07:15.82,221,
2015-08-23,2,Galicia,294,5ª Regata Liga Provincial Coruña-2015,Augas Tranquilas,407,H INF-A K1 1500,Final,Final,2795,,11,6,00:07:33.12,220,
2015-08-23,2,Galicia,294,5ª Regata Liga Provincial Coruña-2015,Augas Tranquilas,407,H INF-A K1 1500,Final,Final,1534,,23,7,00:07:35.9,219,
2015-08-23,2,Galicia,294,5ª Regata Liga Provincial Coruña-2015,Augas Tranquilas,407,H INF-A K1 1500,Final,Final,1403,,15,8,00:07:40.79,218,
2015-08-23,2,Galicia,294,5ª Regata Liga Provincial Coruña-2015,Augas Tranquilas,407,H INF-A K1 1500,Final,Final,1402,,13,9,00:07:41.57,217,
2015-08-23,2,Galicia,294,5ª Regata Liga Provincial Coruña-2015,Augas Tranquilas,407,H INF-A K1 1500,Final,Final,1406,,8,10,00:08:00.87,216,
2015-08-23,2,Galicia,294,5ª Regata Liga Provincial Coruña-2015,Augas Tranquilas,407,H INF-A K1 1500,Final,Final,2951,,2,11,00:08:11.77,215,
2015-08-23,2,Galicia,294,5ª Regata Liga Provincial Coruña-2015,Augas Tranquilas,407,H INF-A K1 1500,Final,Final,1398,,22,12,00:08:23.58,214,
2015-08-23,2,Galicia,294,5ª Regata Liga Provincial Coruña-2015,Augas Tranquilas,407,H INF-A K1 1500,Final,Final,2945,,29,13,00:08:24.76,213,
2015-08-23,2,Galicia,294,5ª Regata Liga Provincial Coruña-2015,Augas Tranquilas,407,H INF-A K1 1500,Final,Final,1535,,17,14,00:08:26.34,212,
2015-08-23,2,Galicia,294,5ª Regata Liga Provincial Coruña-2015,Augas Tranquilas,407,H INF-A K1 1500,Final,Final,1409,,12,15,00:08:35.73,211,
2015-08-23,2,Galicia,294,5ª Regata Liga Provincial Coruña-2015,Augas Tranquilas,407,H INF-A K1 1500,Final,Final,2939,,16,16,00:08:36.76,210,
2015-08-23,2,Galicia,294,5ª Regata Liga Provincial Coruña-2015,Augas Tranquilas,407,H INF-A K1 1500,Final,Final,2948,,19,17,00:08:39.04,209,
2015-08-23,2,Galicia,294,5ª Regata Liga Provincial Coruña-2015,Augas Tranquilas,407,H INF-A K1 1500,Final,Final,1414,,26,18,00:08:44.15,208,
2015-08-23,2,Galicia,294,5ª Regata Liga Provincial Coruña-2015,Augas Tranquilas,407,H INF-A K1 1500,Final,Final,1401,,3,19,00:08:44.5,207,
2015-08-23,2,Galicia,294,5ª Regata Liga Provincial Coruña-2015,Augas Tranquilas,407,H INF-A K1 1500,Final,Final,1410,,9,20,00:08:45.51,206,
2015-08-23,2,Galicia,294,5ª Regata Liga Provincial Coruña-2015,Augas Tranquilas,407,H INF-A K1 1500,Final,Final,1415,,28,21,00:08:47.18,205,
2015-08-23,2,Galicia,294,5ª Regata Liga Provincial Coruña-2015,Augas Tranquilas,407,H INF-A K1 1500,Final,Final,1412,,4,22,00:09:33.54,204,
2015-08-23,2,Galicia,294,5ª Regata Liga Provincial Coruña-2015,Augas Tranquilas,407,H INF-A K1 1500,Final,Final,1420,,27,23,00:10:08.3,203,
2015-08-23,2,Galicia,294,5ª Regata Liga Provincial Coruña-2015,Augas Tranquilas,407,H INF-A K1 1500,Final,Final,2799,,10,24,00:11:42.57,202,
2015-08-23,2,Galicia,294,5ª Regata Liga Provincial Coruña-2015,Augas Tranquilas,407,H INF-A K1 1500,Final,Final,2070,,1,25,00:00:00,,
2015-08-23,2,Galicia,294,5ª Regata Liga Provincial Coruña-2015,Augas Tranquilas,407,H INF-A K1 1500,Final,Final,1416,,5,26,00:00:00,,
2015-08-23,2,Galicia,294,5ª Regata Liga Provincial Coruña-2015,Augas Tranquilas,407,H INF-A K1 1500,Final,Final,1399,,6,27,00:00:00,,
2015-08-23,2,Galicia,294,5ª Regata Liga Provincial Coruña-2015,Augas Tranquilas,407,H INF-A K1 1500,Final,Final,1397,,7,28,00:00:00,,
2015-08-23,2,Galicia,294,5ª Regata Liga Provincial Coruña-2015,Augas Tranquilas,407,H INF-A K1 1500,Final,Final,1536,,14,29,00:00:00,,
2015-08-23,2,Galicia,294,5ª Regata Liga Provincial Coruña-2015,Augas Tranquilas,408,M INF-B K1 1500,Final,Final,1531,,1216,1,00:07:46.49,205,
2015-08-23,2,Galicia,294,5ª Regata Liga Provincial Coruña-2015,Augas Tranquilas,408,M INF-B K1 1500,Final,Final,1362,,1213,2,00:07:59.86,202,
2015-08-23,2,Galicia,294,5ª Regata Liga Provincial Coruña-2015,Augas Tranquilas,408,M INF-B K1 1500,Final,Final,1357,,1202,3,00:08:04.46,199,
2015-08-23,2,Galicia,294,5ª Regata Liga Provincial Coruña-2015,Augas Tranquilas,408,M INF-B K1 1500,Final,Final,1354,,1214,4,00:08:05.86,198,
2015-08-23,2,Galicia,294,5ª Regata Liga Provincial Coruña-2015,Augas Tranquilas,408,M INF-B K1 1500,Final,Final,1356,,1217,5,00:08:17.06,197,
2015-08-23,2,Galicia,294,5ª Regata Liga Provincial Coruña-2015,Augas Tranquilas,408,M INF-B K1 1500,Final,Final,1358,,1208,6,00:08:24.85,196,
2015-08-23,2,Galicia,294,5ª Regata Liga Provincial Coruña-2015,Augas Tranquilas,408,M INF-B K1 1500,Final,Final,1361,,1201,7,00:08:33.21,195,
2015-08-23,2,Galicia,294,5ª Regata Liga Provincial Coruña-2015,Augas Tranquilas,408,M INF-B K1 1500,Final,Final,1353,,1204,8,00:08:44.76,194,
2015-08-23,2,Galicia,294,5ª Regata Liga Provincial Coruña-2015,Augas Tranquilas,408,M INF-B K1 1500,Final,Final,1370,,1200,9,00:09:05.33,193,
2015-08-23,2,Galicia,294,5ª Regata Liga Provincial Coruña-2015,Augas Tranquilas,408,M INF-B K1 1500,Final,Final,3650,,1210,10,00:09:21.06,192,
2015-08-23,2,Galicia,294,5ª Regata Liga Provincial Coruña-2015,Augas Tranquilas,408,M INF-B K1 1500,Final,Final,1360,,1211,11,00:09:25.6,191,
2015-08-23,2,Galicia,294,5ª Regata Liga Provincial Coruña-2015,Augas Tranquilas,408,M INF-B K1 1500,Final,Final,2865,,1205,12,00:09:39.63,190,
2015-08-23,2,Galicia,294,5ª Regata Liga Provincial Coruña-2015,Augas Tranquilas,408,M INF-B K1 1500,Final,Final,1352,,1218,13,00:09:47.01,189,
2015-08-23,2,Galicia,294,5ª Regata Liga Provincial Coruña-2015,Augas Tranquilas,408,M INF-B K1 1500,Final,Final,2067,,1207,14,00:10:00.32,188,
2015-08-23,2,Galicia,294,5ª Regata Liga Provincial Coruña-2015,Augas Tranquilas,408,M INF-B K1 1500,Final,Final,1366,,1220,15,00:10:19.49,187,
2015-08-23,2,Galicia,294,5ª Regata Liga Provincial Coruña-2015,Augas Tranquilas,408,M INF-B K1 1500,Final,Final,1359,,1212,16,00:10:21.31,186,
2015-08-23,2,Galicia,294,5ª Regata Liga Provincial Coruña-2015,Augas Tranquilas,408,M INF-B K1 1500,Final,Final,2450,,1215,17,00:11:36.57,185,
2015-08-23,2,Galicia,294,5ª Regata Liga Provincial Coruña-2015,Augas Tranquilas,408,M INF-B K1 1500,Final,Final,3546,,1203,18,00:00:00,,
2015-08-23,2,Galicia,294,5ª Regata Liga Provincial Coruña-2015,Augas Tranquilas,408,M INF-B K1 1500,Final,Final,1364,,1206,19,00:00:00,,
2015-08-23,2,Galicia,294,5ª Regata Liga Provincial Coruña-2015,Augas Tranquilas,408,M INF-B K1 1500,Final,Final,2068,,1209,20,00:00:00,,
2015-08-23,2,Galicia,294,5ª Regata Liga Provincial Coruña-2015,Augas Tranquilas,408,M INF-B K1 1500,Final,Final,1590,,1219,21,00:00:00,,
2015-08-23,2,Galicia,294,5ª Regata Liga Provincial Coruña-2015,Augas Tranquilas,408,M INF-B K1 1500,Final,Final,1367,,1221,22,00:00:00,,
2015-08-23,2,Galicia,294,5ª Regata Liga Provincial Coruña-2015,Augas Tranquilas,409,M INF-A K1 1500,Final,Final,1371,,1007,1,00:07:12.91,230,
2015-08-23,2,Galicia,294,5ª Regata Liga Provincial Coruña-2015,Augas Tranquilas,409,M INF-A K1 1500,Final,Final,1380,,1000,2,00:07:36.7,227,
2015-08-23,2,Galicia,294,5ª Regata Liga Provincial Coruña-2015,Augas Tranquilas,409,M INF-A K1 1500,Final,Final,1374,,1008,3,00:07:39.86,224,
2015-08-23,2,Galicia,294,5ª Regata Liga Provincial Coruña-2015,Augas Tranquilas,409,M INF-A K1 1500,Final,Final,3628,,1006,4,00:07:47.49,222,
2015-08-23,2,Galicia,294,5ª Regata Liga Provincial Coruña-2015,Augas Tranquilas,409,M INF-A K1 1500,Final,Final,1375,,1003,5,00:08:13.65,221,
2015-08-23,2,Galicia,294,5ª Regata Liga Provincial Coruña-2015,Augas Tranquilas,409,M INF-A K1 1500,Final,Final,3629,,1001,6,00:08:39.35,220,
2015-08-23,2,Galicia,294,5ª Regata Liga Provincial Coruña-2015,Augas Tranquilas,409,M INF-A K1 1500,Final,Final,1372,,1002,7,00:08:43.37,219,
2015-08-23,2,Galicia,294,5ª Regata Liga Provincial Coruña-2015,Augas Tranquilas,409,M INF-A K1 1500,Final,Final,1532,,1004,8,00:08:57.9,218,
2015-08-23,2,Galicia,294,5ª Regata Liga Provincial Coruña-2015,Augas Tranquilas,409,M INF-A K1 1500,Final,Final,1378,,1005,9,00:08:58.98,217,
2015-08-23,2,Galicia,294,5ª Regata Liga Provincial Coruña-2015,Augas Tranquilas,409,M INF-A K1 1500,Final,Final,1379,,1009,10,00:09:18.44,216,
2015-08-23,2,Galicia,294,5ª Regata Liga Provincial Coruña-2015,Augas Tranquilas,410,H INF-A C1 1500,Final,Final,1382,,608,1,00:07:48,230,
2015-08-23,2,Galicia,294,5ª Regata Liga Provincial Coruña-2015,Augas Tranquilas,410,H INF-A C1 1500,Final,Final,1386,,606,2,00:08:14,227,
2015-08-23,2,Galicia,294,5ª Regata Liga Provincial Coruña-2015,Augas Tranquilas,410,H INF-A C1 1500,Final,Final,1384,,609,3,00:08:22,224,
2015-08-23,2,Galicia,294,5ª Regata Liga Provincial Coruña-2015,Augas Tranquilas,410,H INF-A C1 1500,Final,Final,3345,,607,4,00:08:39,222,
2015-08-23,2,Galicia,294,5ª Regata Liga Provincial Coruña-2015,Augas Tranquilas,410,H INF-A C1 1500,Final,Final,1387,,600,5,00:09:04,221,
2015-08-23,2,Galicia,294,5ª Regata Liga Provincial Coruña-2015,Augas Tranquilas,410,H INF-A C1 1500,Final,Final,2917,,603,6,00:09:33,220,
2015-08-23,2,Galicia,294,5ª Regata Liga Provincial Coruña-2015,Augas Tranquilas,410,H INF-A C1 1500,Final,Final,2918,,604,7,00:09:36,219,
2015-08-23,2,Galicia,294,5ª Regata Liga Provincial Coruña-2015,Augas Tranquilas,410,H INF-A C1 1500,Final,Final,1388,,605,8,00:10:51,218,
2015-08-23,2,Galicia,294,5ª Regata Liga Provincial Coruña-2015,Augas Tranquilas,410,H INF-A C1 1500,Final,Final,1392,,601,9,00:00:00,,
2015-08-23,2,Galicia,294,5ª Regata Liga Provincial Coruña-2015,Augas Tranquilas,410,H INF-A C1 1500,Final,Final,3344,,602,10,00:00:00,,
2015-08-23,2,Galicia,294,5ª Regata Liga Provincial Coruña-2015,Augas Tranquilas,411,H INF-B C1 1500,Final,Final,3304,,191,1,00:10:35,205,
2015-08-23,2,Galicia,294,5ª Regata Liga Provincial Coruña-2015,Augas Tranquilas,411,H INF-B C1 1500,Final,Final,2993,,129,2,00:12:50,202,
2015-08-23,2,Galicia,294,5ª Regata Liga Provincial Coruña-2015,Augas Tranquilas,411,H INF-B C1 1500,Final,Final,1435,,190,3,00:13:00,199,
2015-08-23,2,Galicia,294,5ª Regata Liga Provincial Coruña-2015,Augas Tranquilas,412,H CAD K1 3000,Final,Final,1538,,220,1,00:05:59.7,230,
2015-08-23,2,Galicia,294,5ª Regata Liga Provincial Coruña-2015,Augas Tranquilas,412,H CAD K1 3000,Final,Final,1167,,203,2,00:06:02.97,227,
2015-08-23,2,Galicia,294,5ª Regata Liga Provincial Coruña-2015,Augas Tranquilas,412,H CAD K1 3000,Final,Final,1145,,218,3,00:06:13.69,224,
2015-08-23,2,Galicia,294,5ª Regata Liga Provincial Coruña-2015,Augas Tranquilas,412,H CAD K1 3000,Final,Final,1151,,202,4,00:06:14.93,222,
2015-08-23,2,Galicia,294,5ª Regata Liga Provincial Coruña-2015,Augas Tranquilas,412,H CAD K1 3000,Final,Final,1470,,240,5,00:06:23.11,221,
2015-08-23,2,Galicia,294,5ª Regata Liga Provincial Coruña-2015,Augas Tranquilas,412,H CAD K1 3000,Final,Final,1471,,232,6,00:06:24.66,220,
2015-08-23,2,Galicia,294,5ª Regata Liga Provincial Coruña-2015,Augas Tranquilas,412,H CAD K1 3000,Final,Final,1149,,213,7,00:06:25.79,219,
2015-08-23,2,Galicia,294,5ª Regata Liga Provincial Coruña-2015,Augas Tranquilas,412,H CAD K1 3000,Final,Final,1166,,212,8,00:06:43.36,218,
2015-08-23,2,Galicia,294,5ª Regata Liga Provincial Coruña-2015,Augas Tranquilas,412,H CAD K1 3000,Final,Final,1177,,221,9,00:06:47.43,217,
2015-08-23,2,Galicia,294,5ª Regata Liga Provincial Coruña-2015,Augas Tranquilas,412,H CAD K1 3000,Final,Final,3625,,226,10,00:06:48.39,216,
2015-08-23,2,Galicia,294,5ª Regata Liga Provincial Coruña-2015,Augas Tranquilas,412,H CAD K1 3000,Final,Final,1171,,204,11,00:06:53.16,215,
2015-08-23,2,Galicia,294,5ª Regata Liga Provincial Coruña-2015,Augas Tranquilas,412,H CAD K1 3000,Final,Final,1487,,241,12,00:06:54.8,214,
2015-08-23,2,Galicia,294,5ª Regata Liga Provincial Coruña-2015,Augas Tranquilas,412,H CAD K1 3000,Final,Final,1481,,239,13,00:06:57.07,213,
2015-08-23,2,Galicia,294,5ª Regata Liga Provincial Coruña-2015,Augas Tranquilas,412,H CAD K1 3000,Final,Final,3351,,224,14,00:06:58.51,212,
2015-08-23,2,Galicia,294,5ª Regata Liga Provincial Coruña-2015,Augas Tranquilas,412,H CAD K1 3000,Final,Final,1170,,247,15,00:07:00.71,211,
2015-08-23,2,Galicia,294,5ª Regata Liga Provincial Coruña-2015,Augas Tranquilas,412,H CAD K1 3000,Final,Final,1169,,223,16,00:07:10.18,210,
2015-08-23,2,Galicia,294,5ª Regata Liga Provincial Coruña-2015,Augas Tranquilas,412,H CAD K1 3000,Final,Final,1472,,237,17,00:07:13.75,209,
2015-08-23,2,Galicia,294,5ª Regata Liga Provincial Coruña-2015,Augas Tranquilas,412,H CAD K1 3000,Final,Final,1152,,200,18,00:07:14.86,208,
2015-08-23,2,Galicia,294,5ª Regata Liga Provincial Coruña-2015,Augas Tranquilas,412,H CAD K1 3000,Final,Final,1475,,233,19,00:07:15.89,207,
2015-08-23,2,Galicia,294,5ª Regata Liga Provincial Coruña-2015,Augas Tranquilas,412,H CAD K1 3000,Final,Final,1190,,245,20,00:07:18.4,206,
2015-08-23,2,Galicia,294,5ª Regata Liga Provincial Coruña-2015,Augas Tranquilas,412,H CAD K1 3000,Final,Final,1474,,235,21,00:07:26.6,205,
2015-08-23,2,Galicia,294,5ª Regata Liga Provincial Coruña-2015,Augas Tranquilas,412,H CAD K1 3000,Final,Final,2956,,225,22,00:07:27.86,204,
2015-08-23,2,Galicia,294,5ª Regata Liga Provincial Coruña-2015,Augas Tranquilas,412,H CAD K1 3000,Final,Final,1173,,216,23,00:07:29.84,203,
2015-08-23,2,Galicia,294,5ª Regata Liga Provincial Coruña-2015,Augas Tranquilas,412,H CAD K1 3000,Final,Final,1479,,211,24,00:07:34.99,202,
2015-08-23,2,Galicia,294,5ª Regata Liga Provincial Coruña-2015,Augas Tranquilas,412,H CAD K1 3000,Final,Final,3367,,227,25,00:07:39.59,201,
2015-08-23,2,Galicia,294,5ª Regata Liga Provincial Coruña-2015,Augas Tranquilas,412,H CAD K1 3000,Final,Final,1489,,238,26,00:07:40.68,200,
2015-08-23,2,Galicia,294,5ª Regata Liga Provincial Coruña-2015,Augas Tranquilas,412,H CAD K1 3000,Final,Final,2941,,246,27,00:07:41.81,199,
2015-08-23,2,Galicia,294,5ª Regata Liga Provincial Coruña-2015,Augas Tranquilas,412,H CAD K1 3000,Final,Final,1486,,231,28,00:07:54.32,198,
2015-08-23,2,Galicia,294,5ª Regata Liga Provincial Coruña-2015,Augas Tranquilas,412,H CAD K1 3000,Final,Final,2942,,201,29,00:07:58.8,197,
2015-08-23,2,Galicia,294,5ª Regata Liga Provincial Coruña-2015,Augas Tranquilas,412,H CAD K1 3000,Final,Final,1477,,242,30,00:08:01.13,196,
2015-08-23,2,Galicia,294,5ª Regata Liga Provincial Coruña-2015,Augas Tranquilas,412,H CAD K1 3000,Final,Final,1483,,208,31,00:08:09.51,195,
2015-08-23,2,Galicia,294,5ª Regata Liga Provincial Coruña-2015,Augas Tranquilas,412,H CAD K1 3000,Final,Final,1484,,209,32,00:08:11.05,194,
2015-08-23,2,Galicia,294,5ª Regata Liga Provincial Coruña-2015,Augas Tranquilas,412,H CAD K1 3000,Final,Final,2072,,219,33,00:08:15.79,,
2015-08-23,2,Galicia,294,5ª Regata Liga Provincial Coruña-2015,Augas Tranquilas,412,H CAD K1 3000,Final,Final,1480,,217,34,00:08:27.7,,
2015-08-23,2,Galicia,294,5ª Regata Liga Provincial Coruña-2015,Augas Tranquilas,412,H CAD K1 3000,Final,Final,1485,,244,35,00:08:32.79,,
2015-08-23,2,Galicia,294,5ª Regata Liga Provincial Coruña-2015,Augas Tranquilas,412,H CAD K1 3000,Final,Final,1482,,243,36,00:08:34.18,,
2015-08-23,2,Galicia,294,5ª Regata Liga Provincial Coruña-2015,Augas Tranquilas,412,H CAD K1 3000,Final,Final,1490,,210,37,00:08:36.4,,
2015-08-23,2,Galicia,294,5ª Regata Liga Provincial Coruña-2015,Augas Tranquilas,412,H CAD K1 3000,Final,Final,1539,,228,38,00:08:38.76,,
2015-08-23,2,Galicia,294,5ª Regata Liga Provincial Coruña-2015,Augas Tranquilas,412,H CAD K1 3000,Final,Final,1476,,234,39,00:08:40.39,,
2015-08-23,2,Galicia,294,5ª Regata Liga Provincial Coruña-2015,Augas Tranquilas,412,H CAD K1 3000,Final,Final,2074,,236,40,00:08:57.94,,
2015-08-23,2,Galicia,294,5ª Regata Liga Provincial Coruña-2015,Augas Tranquilas,412,H CAD K1 3000,Final,Final,2073,,222,41,00:09:40,,
2015-08-23,2,Galicia,294,5ª Regata Liga Provincial Coruña-2015,Augas Tranquilas,412,H CAD K1 3000,Final,Final,1492,,206,42,00:09:41.47,,
2015-08-23,2,Galicia,294,5ª Regata Liga Provincial Coruña-2015,Augas Tranquilas,412,H CAD K1 3000,Final,Final,1494,,207,43,00:09:44.48,,
2015-08-23,2,Galicia,294,5ª Regata Liga Provincial Coruña-2015,Augas Tranquilas,412,H CAD K1 3000,Final,Final,2075,,229,44,00:09:50.13,,
2015-08-23,2,Galicia,294,5ª Regata Liga Provincial Coruña-2015,Augas Tranquilas,412,H CAD K1 3000,Final,Final,1150,,214,45,00:14:43.3,,
2015-08-23,2,Galicia,294,5ª Regata Liga Provincial Coruña-2015,Augas Tranquilas,412,H CAD K1 3000,Final,Final,1488,,205,46,00:00:00,,
2015-08-23,2,Galicia,294,5ª Regata Liga Provincial Coruña-2015,Augas Tranquilas,412,H CAD K1 3000,Final,Final,1493,,215,47,00:00:00,,
2015-08-23,2,Galicia,294,5ª Regata Liga Provincial Coruña-2015,Augas Tranquilas,412,H CAD K1 3000,Final,Final,2451,,230,48,00:00:00,,
2015-08-23,2,Galicia,294,5ª Regata Liga Provincial Coruña-2015,Augas Tranquilas,413,H CAD C1 3000,Final,Final,1052,,802,1,00:06:59,230,
2015-08-23,2,Galicia,294,5ª Regata Liga Provincial Coruña-2015,Augas Tranquilas,413,H CAD C1 3000,Final,Final,1071,,803,2,00:07:25,227,
2015-08-23,2,Galicia,294,5ª Regata Liga Provincial Coruña-2015,Augas Tranquilas,413,H CAD C1 3000,Final,Final,1468,,804,3,00:07:30,224,
2015-08-23,2,Galicia,294,5ª Regata Liga Provincial Coruña-2015,Augas Tranquilas,413,H CAD C1 3000,Final,Final,1063,,801,4,00:07:39,222,
2015-08-23,2,Galicia,294,5ª Regata Liga Provincial Coruña-2015,Augas Tranquilas,413,H CAD C1 3000,Final,Final,1467,,805,5,00:08:32,221,
2015-08-23,2,Galicia,294,5ª Regata Liga Provincial Coruña-2015,Augas Tranquilas,413,H CAD C1 3000,Final,Final,1469,,800,6,00:09:00,220,
2015-08-23,2,Galicia,294,5ª Regata Liga Provincial Coruña-2015,Augas Tranquilas,414,M CAD K1 3000,Final,Final,1093,,2203,1,00:06:50.25,230,
2015-08-23,2,Galicia,294,5ª Regata Liga Provincial Coruña-2015,Augas Tranquilas,414,M CAD K1 3000,Final,Final,1465,,2218,2,00:07:10,227,
2015-08-23,2,Galicia,294,5ª Regata Liga Provincial Coruña-2015,Augas Tranquilas,414,M CAD K1 3000,Final,Final,1101,,2207,3,00:07:13.2,224,
2015-08-23,2,Galicia,294,5ª Regata Liga Provincial Coruña-2015,Augas Tranquilas,414,M CAD K1 3000,Final,Final,1456,,2214,4,00:07:21.85,222,
2015-08-23,2,Galicia,294,5ª Regata Liga Provincial Coruña-2015,Augas Tranquilas,414,M CAD K1 3000,Final,Final,1099,,2208,5,00:07:25.37,221,
2015-08-23,2,Galicia,294,5ª Regata Liga Provincial Coruña-2015,Augas Tranquilas,414,M CAD K1 3000,Final,Final,2926,,2216,6,00:07:30.43,220,
2015-08-23,2,Galicia,294,5ª Regata Liga Provincial Coruña-2015,Augas Tranquilas,414,M CAD K1 3000,Final,Final,1114,,2202,7,00:07:37.67,219,
2015-08-23,2,Galicia,294,5ª Regata Liga Provincial Coruña-2015,Augas Tranquilas,414,M CAD K1 3000,Final,Final,3362,,2215,8,00:07:50.99,218,
2015-08-23,2,Galicia,294,5ª Regata Liga Provincial Coruña-2015,Augas Tranquilas,414,M CAD K1 3000,Final,Final,1459,,2212,9,00:07:52.43,217,
2015-08-23,2,Galicia,294,5ª Regata Liga Provincial Coruña-2015,Augas Tranquilas,414,M CAD K1 3000,Final,Final,1104,,2209,10,00:08:00.55,216,
2015-08-23,2,Galicia,294,5ª Regata Liga Provincial Coruña-2015,Augas Tranquilas,414,M CAD K1 3000,Final,Final,1463,,2211,11,00:08:14.15,215,
2015-08-23,2,Galicia,294,5ª Regata Liga Provincial Coruña-2015,Augas Tranquilas,414,M CAD K1 3000,Final,Final,1097,,2200,12,00:08:17.1,214,
2015-08-23,2,Galicia,294,5ª Regata Liga Provincial Coruña-2015,Augas Tranquilas,414,M CAD K1 3000,Final,Final,3359,,2204,13,00:08:20.29,213,
2015-08-23,2,Galicia,294,5ª Regata Liga Provincial Coruña-2015,Augas Tranquilas,414,M CAD K1 3000,Final,Final,4585,,2205,14,00:08:33.63,212,
2015-08-23,2,Galicia,294,5ª Regata Liga Provincial Coruña-2015,Augas Tranquilas,414,M CAD K1 3000,Final,Final,2928,,2217,15,00:08:42.88,211,
2015-08-23,2,Galicia,294,5ª Regata Liga Provincial Coruña-2015,Augas Tranquilas,414,M CAD K1 3000,Final,Final,1098,,2219,16,00:11:46.67,,
2015-08-23,2,Galicia,294,5ª Regata Liga Provincial Coruña-2015,Augas Tranquilas,414,M CAD K1 3000,Final,Final,1464,,2206,17,00:00:00,,
2015-08-23,2,Galicia,294,5ª Regata Liga Provincial Coruña-2015,Augas Tranquilas,414,M CAD K1 3000,Final,Final,1461,,2210,18,00:00:00,,
2015-08-23,2,Galicia,294,5ª Regata Liga Provincial Coruña-2015,Augas Tranquilas,414,M CAD K1 3000,Final,Final,1466,,2213,19,00:00:00,,
2015-08-29,2,Galicia,296,Trofeo Princesa de Asturias 2015,Augas Tranquilas,416,M CAD K4 12000,Final,Final,1079 1085 1086 1094,,500,1,01:02:25,105,
2015-08-29,2,Galicia,296,Trofeo Princesa de Asturias 2015,Augas Tranquilas,416,M CAD K4 12000,Final,Final,1078 1084 1087 1111,,501,2,01:04:45,102,
2015-08-29,2,Galicia,296,Trofeo Princesa de Asturias 2015,Augas Tranquilas,416,M CAD K4 12000,Final,Final,1082 1083 1100 4805,,503,3,01:06:15,99,
2015-08-29,2,Galicia,296,Trofeo Princesa de Asturias 2015,Augas Tranquilas,416,M CAD K4 12000,Final,Final,1090 1103 1688 1690,,504,4,01:07:58,97,
2015-08-29,2,Galicia,296,Trofeo Princesa de Asturias 2015,Augas Tranquilas,416,M CAD K4 12000,Final,Final,1658 1691 2452 2453,,505,5,01:13:24,96,
2015-08-29,2,Galicia,296,Trofeo Princesa de Asturias 2015,Augas Tranquilas,416,M CAD K4 12000,Final,Final,1459 1461 1463 3362,,506,6,01:13:45,95,
2015-08-29,2,Galicia,296,Trofeo Princesa de Asturias 2015,Augas Tranquilas,416,M CAD K4 12000,Final,Final,1127 1675 2801 3039,,502,7,01:17:04,94,
2015-08-29,2,Galicia,296,Trofeo Princesa de Asturias 2015,Augas Tranquilas,422,H SEN C4 12000,Final,Final,2455 2456 2457 6034,,600,1,00:56:33,105,
2015-08-29,2,Galicia,296,Trofeo Princesa de Asturias 2015,Augas Tranquilas,422,H SEN C4 12000,Final,Final,1754 2458 2459 2460,,604,2,00:58:58,102,
2015-08-29,2,Galicia,296,Trofeo Princesa de Asturias 2015,Augas Tranquilas,422,H SEN C4 12000,Final,Final,1027 1028 1765 2461,,602,3,00:59:16,99,
2015-08-29,2,Galicia,296,Trofeo Princesa de Asturias 2015,Augas Tranquilas,422,H SEN C4 12000,Final,Final,1762 1823 1824 2431,,607,4,01:00:13,97,
2015-08-29,2,Galicia,296,Trofeo Princesa de Asturias 2015,Augas Tranquilas,422,H SEN C4 12000,Final,Final,1036 1037 1703 1768,,601,5,01:01:51,96,
2015-08-29,2,Galicia,296,Trofeo Princesa de Asturias 2015,Augas Tranquilas,422,H SEN C4 12000,Final,Final,1026 1045 1047 1749,,605,6,01:03:10,95,
2015-08-29,2,Galicia,296,Trofeo Princesa de Asturias 2015,Augas Tranquilas,422,H SEN C4 12000,Final,Final,1702 1747 1759 1761,,606,7,01:04:18,94,
2015-08-29,2,Galicia,296,Trofeo Princesa de Asturias 2015,Augas Tranquilas,422,H SEN C4 12000,Final,Final,1039 1769 1770 2462,,603,8,00:00:00,,
2015-08-29,2,Galicia,296,Trofeo Princesa de Asturias 2015,Augas Tranquilas,423,H JUN C4 12000,Final,Final,1816 1818 1878 2463,,701,1,01:07:51,,
2015-08-29,2,Galicia,296,Trofeo Princesa de Asturias 2015,Augas Tranquilas,423,H JUN C4 12000,Final,Final,1467 1468 2464 2465,,703,2,01:17:48,,
2015-08-29,2,Galicia,296,Trofeo Princesa de Asturias 2015,Augas Tranquilas,423,H JUN C4 12000,Final,Final,1046 1048 1067 1070,,700,3,00:00:00,,
2015-08-29,2,Galicia,296,Trofeo Princesa de Asturias 2015,Augas Tranquilas,424,H CAD C4 12000,Final,Final,1051 1057 1060 3633,,800,1,01:03:57,105,
2015-08-29,2,Galicia,296,Trofeo Princesa de Asturias 2015,Augas Tranquilas,424,H CAD C4 12000,Final,Final,1061 1066 1069 1883,,801,2,01:06:17,102,
2015-08-29,2,Galicia,296,Trofeo Princesa de Asturias 2015,Augas Tranquilas,424,H CAD C4 12000,Final,Final,1062 1064 1065 2466,,802,3,01:06:32,99,
2015-08-29,2,Galicia,296,Trofeo Princesa de Asturias 2015,Augas Tranquilas,425,M SEN K4 12000,Final,Final,1128 1129 2921 8302,,301,1,00:59:37,105,
2015-08-29,2,Galicia,296,Trofeo Princesa de Asturias 2015,Augas Tranquilas,425,M SEN K4 12000,Final,Final,1632 1633 1635 1698,,305,2,01:02:17,102,
2015-08-29,2,Galicia,296,Trofeo Princesa de Asturias 2015,Augas Tranquilas,425,M SEN K4 12000,Final,Final,1130 1131 1141 1638,,303,3,01:04:05,99,
2015-08-29,2,Galicia,296,Trofeo Princesa de Asturias 2015,Augas Tranquilas,425,M SEN K4 12000,Final,Final,1072 1073 1075 1655,,304,4,01:04:49,97,
2015-08-29,2,Galicia,296,Trofeo Princesa de Asturias 2015,Augas Tranquilas,425,M SEN K4 12000,Final,Final,1140 1143 1695 2467,,302,5,01:05:37,96,
2015-08-29,2,Galicia,296,Trofeo Princesa de Asturias 2015,Augas Tranquilas,425,M SEN K4 12000,Final,Final,1076 1137 2469 3018,,300,6,00:00:00,,
2015-08-29,2,Galicia,296,Trofeo Princesa de Asturias 2015,Augas Tranquilas,426,M JUN K4 12000,Final,Final,1113 1120 1121 1649,,400,1,01:02:50,105,
2015-08-29,2,Galicia,296,Trofeo Princesa de Asturias 2015,Augas Tranquilas,426,M JUN K4 12000,Final,Final,1081 1108 1124 1125,,401,2,01:04:15,102,
2015-08-29,2,Galicia,296,Trofeo Princesa de Asturias 2015,Augas Tranquilas,426,M JUN K4 12000,Final,Final,1646 1668 1685 1686,,403,3,01:05:47,99,
2015-08-29,2,Galicia,296,Trofeo Princesa de Asturias 2015,Augas Tranquilas,426,M JUN K4 12000,Final,Final,1117 1118 1119 2470,,404,4,01:07:33,97,
2015-08-29,2,Galicia,296,Trofeo Princesa de Asturias 2015,Augas Tranquilas,426,M JUN K4 12000,Final,Final,1091 1095 1640 2936,,402,5,01:07:38,96,
2015-08-29,2,Galicia,296,Trofeo Princesa de Asturias 2015,Augas Tranquilas,427,H CAD K4 12000,Final,Final,1830 1856 1857 2471,,208,1,00:54:31,105,
2015-08-29,2,Galicia,296,Trofeo Princesa de Asturias 2015,Augas Tranquilas,427,H CAD K4 12000,Final,Final,1470 1472 1481 1487,,206,2,00:56:14,102,
2015-08-29,2,Galicia,296,Trofeo Princesa de Asturias 2015,Augas Tranquilas,427,H CAD K4 12000,Final,Final,1833 1864 1865 3365,,203,3,00:56:39,99,
2015-08-29,2,Galicia,296,Trofeo Princesa de Asturias 2015,Augas Tranquilas,427,H CAD K4 12000,Final,Final,1010 1161 1163 1172,,200,4,00:57:57,97,
2015-08-29,2,Galicia,296,Trofeo Princesa de Asturias 2015,Augas Tranquilas,427,H CAD K4 12000,Final,Final,1831 1862 1863 2752,,209,5,00:59:12,96,
2015-08-29,2,Galicia,296,Trofeo Princesa de Asturias 2015,Augas Tranquilas,427,H CAD K4 12000,Final,Final,2956 3351 3367 3625,,204,6,01:03:29,95,
2015-08-29,2,Galicia,296,Trofeo Princesa de Asturias 2015,Augas Tranquilas,427,H CAD K4 12000,Final,Final,1157 1158 1162 2472,,201,7,01:04:33,94,
2015-08-29,2,Galicia,296,Trofeo Princesa de Asturias 2015,Augas Tranquilas,427,H CAD K4 12000,Final,Final,1786 1844 1860 2796,,202,8,00:00:00,,
2015-08-29,2,Galicia,296,Trofeo Princesa de Asturias 2015,Augas Tranquilas,427,H CAD K4 12000,Final,Final,2473 2474 2475 2476,,205,9,00:00:00,,
2015-08-29,2,Galicia,296,Trofeo Princesa de Asturias 2015,Augas Tranquilas,428,H JUN K4 12000,Final,Final,1775 1777 1797 1798,,108,1,00:55:34,105,
2015-08-29,2,Galicia,296,Trofeo Princesa de Asturias 2015,Augas Tranquilas,428,H JUN K4 12000,Final,Final,958 1001 1002 2477,,104,2,00:56:13,102,
2015-08-29,2,Galicia,296,Trofeo Princesa de Asturias 2015,Augas Tranquilas,428,H JUN K4 12000,Final,Final,2478 2479 2480 2481,,111,3,00:56:34,99,
2015-08-29,2,Galicia,296,Trofeo Princesa de Asturias 2015,Augas Tranquilas,428,H JUN K4 12000,Final,Final,962 975 1179 3371,,101,4,00:57:20,97,
2015-08-29,2,Galicia,296,Trofeo Princesa de Asturias 2015,Augas Tranquilas,428,H JUN K4 12000,Final,Final,966 1009 1059 1182,,100,5,00:58:00,96,
2015-08-29,2,Galicia,296,Trofeo Princesa de Asturias 2015,Augas Tranquilas,428,H JUN K4 12000,Final,Final,961 974 1003 1004,,109,6,00:58:19,95,
2015-08-29,2,Galicia,296,Trofeo Princesa de Asturias 2015,Augas Tranquilas,428,H JUN K4 12000,Final,Final,1008 1804 1807 2482,,102,7,00:59:42,94,
2015-08-29,2,Galicia,296,Trofeo Princesa de Asturias 2015,Augas Tranquilas,428,H JUN K4 12000,Final,Final,971 1042 1801 3073,,103,8,01:00:31,93,
2015-08-29,2,Galicia,296,Trofeo Princesa de Asturias 2015,Augas Tranquilas,428,H JUN K4 12000,Final,Final,972 1005 1006 1789,,105,9,01:01:09,92,
2015-08-29,2,Galicia,296,Trofeo Princesa de Asturias 2015,Augas Tranquilas,428,H JUN K4 12000,Final,Final,960 1155 1156 2798,,106,10,01:01:53,91,
2015-08-29,2,Galicia,296,Trofeo Princesa de Asturias 2015,Augas Tranquilas,428,H JUN K4 12000,Final,Final,1800 1810 1811 2483,,107,11,00:00:00,,
2015-08-29,2,Galicia,296,Trofeo Princesa de Asturias 2015,Augas Tranquilas,428,H JUN K4 12000,Final,Final,1165 1175 2421 2484,,110,12,00:00:00,,
2015-08-29,2,Galicia,296,Trofeo Princesa de Asturias 2015,Augas Tranquilas,429,H SEN K4 12000,Final,Final,980 1601 1605 1608,,4,1,00:50:33,105,
2015-08-29,2,Galicia,296,Trofeo Princesa de Asturias 2015,Augas Tranquilas,429,H SEN K4 12000,Final,Final,1599 1602 1603 1718,,5,2,00:50:38,102,
2015-08-29,2,Galicia,296,Trofeo Princesa de Asturias 2015,Augas Tranquilas,429,H SEN K4 12000,Final,Final,1598 1720 1721 3369,,11,3,00:50:43,99,
2015-08-29,2,Galicia,296,Trofeo Princesa de Asturias 2015,Augas Tranquilas,429,H SEN K4 12000,Final,Final,985 986 1712 1713,,6,4,00:50:50,97,
2015-08-29,2,Galicia,296,Trofeo Princesa de Asturias 2015,Augas Tranquilas,429,H SEN K4 12000,Final,Final,941 998 1020 1730,,12,5,00:50:56,96,
2015-08-29,2,Galicia,296,Trofeo Princesa de Asturias 2015,Augas Tranquilas,429,H SEN K4 12000,Final,Final,1596 1604 1795 1796,,15,6,00:52:37,95,
2015-08-29,2,Galicia,296,Trofeo Princesa de Asturias 2015,Augas Tranquilas,429,H SEN K4 12000,Final,Final,968 1612 1716 1717,,2,7,00:52:41,94,
2015-08-29,2,Galicia,296,Trofeo Princesa de Asturias 2015,Augas Tranquilas,429,H SEN K4 12000,Final,Final,928 930 934 2485,,1,8,00:53:26,93,
2015-08-29,2,Galicia,296,Trofeo Princesa de Asturias 2015,Augas Tranquilas,429,H SEN K4 12000,Final,Final,921 964 991 4811,,13,9,00:53:31,92,
2015-08-29,2,Galicia,296,Trofeo Princesa de Asturias 2015,Augas Tranquilas,429,H SEN K4 12000,Final,Final,931 935 1613 1935,,8,10,00:54:47,91,
2015-08-29,2,Galicia,296,Trofeo Princesa de Asturias 2015,Augas Tranquilas,429,H SEN K4 12000,Final,Final,1609 1622 1624 3372,,14,11,00:55:06,90,
2015-08-29,2,Galicia,296,Trofeo Princesa de Asturias 2015,Augas Tranquilas,429,H SEN K4 12000,Final,Final,1630 1631 2422 2486,,10,12,00:58:12,89,
2015-08-29,2,Galicia,296,Trofeo Princesa de Asturias 2015,Augas Tranquilas,429,H SEN K4 12000,Final,Final,937 989 1739 1740,,17,13,01:00:14,88,
2015-08-29,2,Galicia,296,Trofeo Princesa de Asturias 2015,Augas Tranquilas,429,H SEN K4 12000,Final,Final,938 1007 1016 2487,,3,14,01:00:22,87,
2015-08-29,2,Galicia,296,Trofeo Princesa de Asturias 2015,Augas Tranquilas,429,H SEN K4 12000,Final,Final,901 1753 2488 2489,,16,15,00:00:00,,
2015-08-29,2,Galicia,296,Trofeo Princesa de Asturias 2015,Augas Tranquilas,429,H SEN K4 12000,Final,Final,947 987 988 1616,,7,16,00:00:00,,
2015-08-29,2,Galicia,296,Trofeo Princesa de Asturias 2015,Augas Tranquilas,430,H VET K4 12000,Final,Final,1013 1014 1914 12873,,900,1,00:54:28,105,
2015-08-29,2,Galicia,296,Trofeo Princesa de Asturias 2015,Augas Tranquilas,430,H VET K4 12000,Final,Final,1887 1889 1920 1921,,906,2,00:55:09,102,
2015-08-29,2,Galicia,296,Trofeo Princesa de Asturias 2015,Augas Tranquilas,430,H VET K4 12000,Final,Final,1916 1917 2815 3006,,907,3,00:58:18,99,
2015-08-29,2,Galicia,296,Trofeo Princesa de Asturias 2015,Augas Tranquilas,430,H VET K4 12000,Final,Final,1939 2492 2493 3017,,904,4,00:58:25,97,
2015-08-29,2,Galicia,296,Trofeo Princesa de Asturias 2015,Augas Tranquilas,430,H VET K4 12000,Final,Final,1731 1925 1926 2494,,901,5,01:00:25,96,
2015-08-29,2,Galicia,296,Trofeo Princesa de Asturias 2015,Augas Tranquilas,430,H VET K4 12000,Final,Final,1732 1733 1931 2495,,903,6,01:01:08,95,
2015-08-29,2,Galicia,296,Trofeo Princesa de Asturias 2015,Augas Tranquilas,430,H VET K4 12000,Final,Final,1904 2761 3064 12115,,902,7,01:02:35,94,
2015-08-29,2,Galicia,296,Trofeo Princesa de Asturias 2015,Augas Tranquilas,430,H VET K4 12000,Final,Final,943 956 1893 2497,,905,8,00:00:00,,
2015-08-29,2,Galicia,296,Trofeo Princesa de Asturias 2015,Augas Tranquilas,430,H VET K4 12000,Final,Final,957 1710 1726 2498,,908,9,00:00:00,,
2015-09-05,2,Galicia,297,Baixada do Eume-2015,Augas Tranquilas,431,H CAD K1 7000,Final,Final,836,,208,1,00:31:34,55,
2015-09-05,2,Galicia,297,Baixada do Eume-2015,Augas Tranquilas,431,H CAD K1 7000,Final,Final,1167,,203,2,00:31:40,52,
2015-09-05,2,Galicia,297,Baixada do Eume-2015,Augas Tranquilas,431,H CAD K1 7000,Final,Final,1151,,202,3,00:31:53,49,
2015-09-05,2,Galicia,297,Baixada do Eume-2015,Augas Tranquilas,431,H CAD K1 7000,Final,Final,1145,,218,4,00:32:14,47,
2015-09-05,2,Galicia,297,Baixada do Eume-2015,Augas Tranquilas,431,H CAD K1 7000,Final,Final,2747,,230,5,00:33:25,46,
2015-09-05,2,Galicia,297,Baixada do Eume-2015,Augas Tranquilas,431,H CAD K1 7000,Final,Final,838,,205,6,00:33:45,45,
2015-09-05,2,Galicia,297,Baixada do Eume-2015,Augas Tranquilas,431,H CAD K1 7000,Final,Final,1538,,219,7,00:35:09,44,
2015-09-05,2,Galicia,297,Baixada do Eume-2015,Augas Tranquilas,431,H CAD K1 7000,Final,Final,1166,,210,8,00:35:10,43,
2015-09-05,2,Galicia,297,Baixada do Eume-2015,Augas Tranquilas,431,H CAD K1 7000,Final,Final,3625,,228,9,00:36:00,42,
2015-09-05,2,Galicia,297,Baixada do Eume-2015,Augas Tranquilas,431,H CAD K1 7000,Final,Final,837,,206,10,00:36:01,41,
2015-09-05,2,Galicia,297,Baixada do Eume-2015,Augas Tranquilas,431,H CAD K1 7000,Final,Final,1149,,211,11,00:36:22,40,
2015-09-05,2,Galicia,297,Baixada do Eume-2015,Augas Tranquilas,431,H CAD K1 7000,Final,Final,835,,221,12,00:36:41,39,
2015-09-05,2,Galicia,297,Baixada do Eume-2015,Augas Tranquilas,431,H CAD K1 7000,Final,Final,839,,207,13,00:36:53,38,
2015-09-05,2,Galicia,297,Baixada do Eume-2015,Augas Tranquilas,431,H CAD K1 7000,Final,Final,1178,,224,14,00:37:27,37,
2015-09-05,2,Galicia,297,Baixada do Eume-2015,Augas Tranquilas,431,H CAD K1 7000,Final,Final,1170,,235,15,00:37:32,36,
2015-09-05,2,Galicia,297,Baixada do Eume-2015,Augas Tranquilas,431,H CAD K1 7000,Final,Final,3351,,226,16,00:38:00,35,
2015-09-05,2,Galicia,297,Baixada do Eume-2015,Augas Tranquilas,431,H CAD K1 7000,Final,Final,3367,,229,17,00:38:12,34,
2015-09-05,2,Galicia,297,Baixada do Eume-2015,Augas Tranquilas,431,H CAD K1 7000,Final,Final,1471,,232,18,00:39:16,33,
2015-09-05,2,Galicia,297,Baixada do Eume-2015,Augas Tranquilas,431,H CAD K1 7000,Final,Final,2942,,201,19,00:39:25,32,
2015-09-05,2,Galicia,297,Baixada do Eume-2015,Augas Tranquilas,431,H CAD K1 7000,Final,Final,1152,,200,20,00:39:26,31,
2015-09-05,2,Galicia,297,Baixada do Eume-2015,Augas Tranquilas,431,H CAD K1 7000,Final,Final,2499,,214,21,00:39:49,30,
2015-09-05,2,Galicia,297,Baixada do Eume-2015,Augas Tranquilas,431,H CAD K1 7000,Final,Final,1181,,223,22,00:39:59,29,
2015-09-05,2,Galicia,297,Baixada do Eume-2015,Augas Tranquilas,431,H CAD K1 7000,Final,Final,1173,,213,23,00:40:04,28,
2015-09-05,2,Galicia,297,Baixada do Eume-2015,Augas Tranquilas,431,H CAD K1 7000,Final,Final,834,,222,24,00:40:17,27,
2015-09-05,2,Galicia,297,Baixada do Eume-2015,Augas Tranquilas,431,H CAD K1 7000,Final,Final,1155,,215,25,00:40:24,26,
2015-09-05,2,Galicia,297,Baixada do Eume-2015,Augas Tranquilas,431,H CAD K1 7000,Final,Final,2941,,234,26,00:41:05,25,
2015-09-05,2,Galicia,297,Baixada do Eume-2015,Augas Tranquilas,431,H CAD K1 7000,Final,Final,2798,,216,27,00:41:29,24,
2015-09-05,2,Galicia,297,Baixada do Eume-2015,Augas Tranquilas,431,H CAD K1 7000,Final,Final,1171,,204,28,00:42:33,,
2015-09-05,2,Galicia,297,Baixada do Eume-2015,Augas Tranquilas,431,H CAD K1 7000,Final,Final,1169,,220,29,00:42:39,,
2015-09-05,2,Galicia,297,Baixada do Eume-2015,Augas Tranquilas,431,H CAD K1 7000,Final,Final,2953,,225,30,00:43:32,,
2015-09-05,2,Galicia,297,Baixada do Eume-2015,Augas Tranquilas,431,H CAD K1 7000,Final,Final,1150,,212,31,00:44:13,,
2015-09-05,2,Galicia,297,Baixada do Eume-2015,Augas Tranquilas,431,H CAD K1 7000,Final,Final,2956,,227,32,00:48:24,,
2015-09-05,2,Galicia,297,Baixada do Eume-2015,Augas Tranquilas,431,H CAD K1 7000,Final,Final,1190,,233,33,01:01:27,,
2015-09-05,2,Galicia,297,Baixada do Eume-2015,Augas Tranquilas,431,H CAD K1 7000,Final,Final,2938,,209,34,00:00:00,,
2015-09-05,2,Galicia,297,Baixada do Eume-2015,Augas Tranquilas,431,H CAD K1 7000,Final,Final,1156,,217,35,00:00:00,,
2015-09-05,2,Galicia,297,Baixada do Eume-2015,Augas Tranquilas,432,H VET K1 12000,Final,Final,2500,,902,1,00:45:32,55,
2015-09-05,2,Galicia,297,Baixada do Eume-2015,Augas Tranquilas,432,H VET K1 12000,Final,Final,2501,,911,2,00:48:54,52,
2015-09-05,2,Galicia,297,Baixada do Eume-2015,Augas Tranquilas,432,H VET K1 12000,Final,Final,945,,901,3,00:49:23,49,
2015-09-05,2,Galicia,297,Baixada do Eume-2015,Augas Tranquilas,432,H VET K1 12000,Final,Final,957,,908,4,00:49:30,47,
2015-09-05,2,Galicia,297,Baixada do Eume-2015,Augas Tranquilas,432,H VET K1 12000,Final,Final,944,,906,5,00:50:24,46,
2015-09-05,2,Galicia,297,Baixada do Eume-2015,Augas Tranquilas,432,H VET K1 12000,Final,Final,1020,,907,6,00:53:35,45,
2015-09-05,2,Galicia,297,Baixada do Eume-2015,Augas Tranquilas,432,H VET K1 12000,Final,Final,2502,,912,7,00:53:59,44,
2015-09-05,2,Galicia,297,Baixada do Eume-2015,Augas Tranquilas,432,H VET K1 12000,Final,Final,3008,,900,8,00:55:02,43,
2015-09-05,2,Galicia,297,Baixada do Eume-2015,Augas Tranquilas,432,H VET K1 12000,Final,Final,1909,,904,9,00:55:34,42,
2015-09-05,2,Galicia,297,Baixada do Eume-2015,Augas Tranquilas,432,H VET K1 12000,Final,Final,3626,,909,10,00:59:02,41,
2015-09-05,2,Galicia,297,Baixada do Eume-2015,Augas Tranquilas,432,H VET K1 12000,Final,Final,2503,,910,11,01:03:43,,
2015-09-05,2,Galicia,297,Baixada do Eume-2015,Augas Tranquilas,432,H VET K1 12000,Final,Final,943,,903,12,00:00:00,,
2015-09-05,2,Galicia,297,Baixada do Eume-2015,Augas Tranquilas,433,H JUN K1 12000,Final,Final,865,,102,1,00:48:32,55,
2015-09-05,2,Galicia,297,Baixada do Eume-2015,Augas Tranquilas,433,H JUN K1 12000,Final,Final,2957,,113,2,00:49:19,52,
2015-09-05,2,Galicia,297,Baixada do Eume-2015,Augas Tranquilas,433,H JUN K1 12000,Final,Final,861,,103,3,00:51:22,49,
2015-09-05,2,Galicia,297,Baixada do Eume-2015,Augas Tranquilas,433,H JUN K1 12000,Final,Final,1781,,112,4,00:52:24,47,
2015-09-05,2,Galicia,297,Baixada do Eume-2015,Augas Tranquilas,433,H JUN K1 12000,Final,Final,967,,105,5,00:52:25,46,
2015-09-05,2,Galicia,297,Baixada do Eume-2015,Augas Tranquilas,433,H JUN K1 12000,Final,Final,1787,,106,6,00:56:11,45,
2015-09-05,2,Galicia,297,Baixada do Eume-2015,Augas Tranquilas,433,H JUN K1 12000,Final,Final,863,,107,7,00:56:33,44,
2015-09-05,2,Galicia,297,Baixada do Eume-2015,Augas Tranquilas,433,H JUN K1 12000,Final,Final,959,,110,8,00:58:19,43,
2015-09-05,2,Galicia,297,Baixada do Eume-2015,Augas Tranquilas,433,H JUN K1 12000,Final,Final,2427,,114,9,01:07:35,,
2015-09-05,2,Galicia,297,Baixada do Eume-2015,Augas Tranquilas,433,H JUN K1 12000,Final,Final,4705,,101,10,01:10:54,,
2015-09-05,2,Galicia,297,Baixada do Eume-2015,Augas Tranquilas,435,H SEN K1 12000,Final,Final,915,,6,1,00:41:07,55,
2015-09-05,2,Galicia,297,Baixada do Eume-2015,Augas Tranquilas,435,H SEN K1 12000,Final,Final,918,,8,2,00:44:05,52,
2015-09-05,2,Galicia,297,Baixada do Eume-2015,Augas Tranquilas,435,H SEN K1 12000,Final,Final,2505,,7,3,00:44:10,49,
2015-09-05,2,Galicia,297,Baixada do Eume-2015,Augas Tranquilas,435,H SEN K1 12000,Final,Final,920,,5,4,00:45:02,47,
2015-09-05,2,Galicia,297,Baixada do Eume-2015,Augas Tranquilas,435,H SEN K1 12000,Final,Final,879,,12,5,00:45:08,46,
2015-09-05,2,Galicia,297,Baixada do Eume-2015,Augas Tranquilas,435,H SEN K1 12000,Final,Final,883,,13,6,00:48:48,45,
2015-09-05,2,Galicia,297,Baixada do Eume-2015,Augas Tranquilas,435,H SEN K1 12000,Final,Final,989,,3,7,00:50:39,44,
2015-09-05,2,Galicia,297,Baixada do Eume-2015,Augas Tranquilas,435,H SEN K1 12000,Final,Final,1720,,10,8,00:50:40,43,
2015-09-05,2,Galicia,297,Baixada do Eume-2015,Augas Tranquilas,435,H SEN K1 12000,Final,Final,8515,,17,9,00:51:50,42,
2015-09-05,2,Galicia,297,Baixada do Eume-2015,Augas Tranquilas,435,H SEN K1 12000,Final,Final,2782,,18,10,00:52:50,41,
2015-09-05,2,Galicia,297,Baixada do Eume-2015,Augas Tranquilas,435,H SEN K1 12000,Final,Final,937,,2,11,00:54:10,40,
2015-09-05,2,Galicia,297,Baixada do Eume-2015,Augas Tranquilas,435,H SEN K1 12000,Final,Final,990,,4,12,00:55:30,39,
2015-09-05,2,Galicia,297,Baixada do Eume-2015,Augas Tranquilas,435,H SEN K1 12000,Final,Final,8335,,15,13,00:55:56,38,
2015-09-05,2,Galicia,297,Baixada do Eume-2015,Augas Tranquilas,435,H SEN K1 12000,Final,Final,1730,,16,14,00:56:00,37,
2015-09-05,2,Galicia,297,Baixada do Eume-2015,Augas Tranquilas,435,H SEN K1 12000,Final,Final,2507,,1,15,01:00:40,,
2015-09-05,2,Galicia,297,Baixada do Eume-2015,Augas Tranquilas,435,H SEN K1 12000,Final,Final,1598,,11,16,01:02:17,,
2015-09-05,2,Galicia,297,Baixada do Eume-2015,Augas Tranquilas,435,H SEN K1 12000,Final,Final,2418,,20,17,01:19:46,,
2015-09-05,2,Galicia,297,Baixada do Eume-2015,Augas Tranquilas,435,H SEN K1 12000,Final,Final,1617,,14,18,01:19:53,,
2015-09-05,2,Galicia,297,Baixada do Eume-2015,Augas Tranquilas,435,H SEN K1 12000,Final,Final,1610,,9,19,00:00:00,,
2015-09-05,2,Galicia,297,Baixada do Eume-2015,Augas Tranquilas,436,H SEN K2 12000,Final,Final,876 981,,1004,1,00:41:03,105,
2015-09-05,2,Galicia,297,Baixada do Eume-2015,Augas Tranquilas,436,H SEN K2 12000,Final,Final,983 984,,1000,2,00:41:21,102,
2015-09-05,2,Galicia,297,Baixada do Eume-2015,Augas Tranquilas,436,H SEN K2 12000,Final,Final,877 896,,1005,3,00:42:10,99,
2015-09-05,2,Galicia,297,Baixada do Eume-2015,Augas Tranquilas,436,H SEN K2 12000,Final,Final,2508 2509,,1008,4,00:42:25,97,
2015-09-05,2,Galicia,297,Baixada do Eume-2015,Augas Tranquilas,436,H SEN K2 12000,Final,Final,860 882,,1001,5,00:46:17,96,
2015-09-05,2,Galicia,297,Baixada do Eume-2015,Augas Tranquilas,436,H SEN K2 12000,Final,Final,880 881,,1002,6,00:50:09,95,
2015-09-05,2,Galicia,297,Baixada do Eume-2015,Augas Tranquilas,436,H SEN K2 12000,Final,Final,923 933,,1006,7,00:51:34,94,
2015-09-05,2,Galicia,297,Baixada do Eume-2015,Augas Tranquilas,436,H SEN K2 12000,Final,Final,2510 2701,,1007,8,00:53:28,93,
2015-09-05,2,Galicia,297,Baixada do Eume-2015,Augas Tranquilas,436,H SEN K2 12000,Final,Final,1739 1740,,1003,9,01:01:59,,
2015-09-05,2,Galicia,297,Baixada do Eume-2015,Augas Tranquilas,437,H SEN C1 7000,Final,Final,1772,,607,1,00:28:42,55,
2015-09-05,2,Galicia,297,Baixada do Eume-2015,Augas Tranquilas,437,H SEN C1 7000,Final,Final,1027,,605,2,00:29:44,52,
2015-09-05,2,Galicia,297,Baixada do Eume-2015,Augas Tranquilas,437,H SEN C1 7000,Final,Final,2512,,603,3,00:30:18,49,
2015-09-05,2,Galicia,297,Baixada do Eume-2015,Augas Tranquilas,437,H SEN C1 7000,Final,Final,1028,,604,4,00:32:29,47,
2015-09-05,2,Galicia,297,Baixada do Eume-2015,Augas Tranquilas,437,H SEN C1 7000,Final,Final,2513,,608,5,00:49:54,,
2015-09-05,2,Galicia,297,Baixada do Eume-2015,Augas Tranquilas,437,H SEN C1 7000,Final,Final,1707,,606,6,00:00:00,,
2015-09-05,2,Galicia,297,Baixada do Eume-2015,Augas Tranquilas,438,H JUN C1 7000,Final,Final,1041,,702,1,00:30:31,,
2015-09-05,2,Galicia,297,Baixada do Eume-2015,Augas Tranquilas,438,H JUN C1 7000,Final,Final,2514,,700,2,00:36:23,,
2015-09-05,2,Galicia,297,Baixada do Eume-2015,Augas Tranquilas,438,H JUN C1 7000,Final,Final,2515,,701,3,00:36:47,,
2015-09-05,2,Galicia,297,Baixada do Eume-2015,Augas Tranquilas,439,H VET C1 7000,Final,Final,1939,,991,1,01:08:40,55,
2015-09-05,2,Galicia,297,Baixada do Eume-2015,Augas Tranquilas,439,H VET C1 7000,Final,Final,2761,,990,2,01:09:07,52,
2015-09-05,2,Galicia,297,Baixada do Eume-2015,Augas Tranquilas,439,H VET C1 7000,Final,Final,3017,,992,3,01:11:00,49,
2015-09-05,2,Galicia,297,Baixada do Eume-2015,Augas Tranquilas,440,M VET K1 7000,Final,Final,1191,,951,1,00:35:17,,
2015-09-05,2,Galicia,297,Baixada do Eume-2015,Augas Tranquilas,440,M VET K1 7000,Final,Final,2516,,950,2,00:41:45,,
2015-09-05,2,Galicia,297,Baixada do Eume-2015,Augas Tranquilas,442,M SEN K1 7000,Final,Final,1136,,301,1,00:33:38,55,
2015-09-05,2,Galicia,297,Baixada do Eume-2015,Augas Tranquilas,442,M SEN K1 7000,Final,Final,2517,,306,2,00:34:25,52,
2015-09-05,2,Galicia,297,Baixada do Eume-2015,Augas Tranquilas,442,M SEN K1 7000,Final,Final,826,,304,3,00:37:39,49,
2015-09-05,2,Galicia,297,Baixada do Eume-2015,Augas Tranquilas,442,M SEN K1 7000,Final,Final,2518,,302,4,00:38:20,47,
2015-09-05,2,Galicia,297,Baixada do Eume-2015,Augas Tranquilas,442,M SEN K1 7000,Final,Final,825,,305,5,00:42:18,46,
2015-09-05,2,Galicia,297,Baixada do Eume-2015,Augas Tranquilas,442,M SEN K1 7000,Final,Final,1700,,303,6,00:46:39,,
2015-09-05,2,Galicia,297,Baixada do Eume-2015,Augas Tranquilas,442,M SEN K1 7000,Final,Final,1144,,300,7,00:00:00,,
2015-09-05,2,Galicia,297,Baixada do Eume-2015,Augas Tranquilas,444,M JUN K1 7000,Final,Final,1651,,400,1,00:34:16,55,
2015-09-05,2,Galicia,297,Baixada do Eume-2015,Augas Tranquilas,444,M JUN K1 7000,Final,Final,1103,,405,2,00:37:47,52,
2015-09-05,2,Galicia,297,Baixada do Eume-2015,Augas Tranquilas,444,M JUN K1 7000,Final,Final,4691,,401,3,00:38:53,49,
2015-09-05,2,Galicia,297,Baixada do Eume-2015,Augas Tranquilas,444,M JUN K1 7000,Final,Final,1123,,402,4,00:41:11,47,
2015-09-05,2,Galicia,297,Baixada do Eume-2015,Augas Tranquilas,444,M JUN K1 7000,Final,Final,1122,,403,5,00:41:22,46,
2015-09-05,2,Galicia,297,Baixada do Eume-2015,Augas Tranquilas,444,M JUN K1 7000,Final,Final,833,,404,6,01:37:51,,
2015-09-05,2,Galicia,297,Baixada do Eume-2015,Augas Tranquilas,445,M CAD C1 7000,Final,Final,1692,,590,1,01:06:05,,
2015-09-05,2,Galicia,297,Baixada do Eume-2015,Augas Tranquilas,446,M CAD K1 7000,Final,Final,1097,,500,1,00:35:54,55,
2015-09-05,2,Galicia,297,Baixada do Eume-2015,Augas Tranquilas,446,M CAD K1 7000,Final,Final,1085,,505,2,00:36:50,52,
2015-09-05,2,Galicia,297,Baixada do Eume-2015,Augas Tranquilas,446,M CAD K1 7000,Final,Final,1098,,525,3,00:36:53,49,
2015-09-05,2,Galicia,297,Baixada do Eume-2015,Augas Tranquilas,446,M CAD K1 7000,Final,Final,1093,,502,4,00:36:55,47,
2015-09-05,2,Galicia,297,Baixada do Eume-2015,Augas Tranquilas,446,M CAD K1 7000,Final,Final,857,,511,5,00:39:08,46,
2015-09-05,2,Galicia,297,Baixada do Eume-2015,Augas Tranquilas,446,M CAD K1 7000,Final,Final,2520,,515,6,00:40:37,45,
2015-09-05,2,Galicia,297,Baixada do Eume-2015,Augas Tranquilas,446,M CAD K1 7000,Final,Final,858,,522,7,00:40:42,44,
2015-09-05,2,Galicia,297,Baixada do Eume-2015,Augas Tranquilas,446,M CAD K1 7000,Final,Final,856,,512,8,00:40:47,43,
2015-09-05,2,Galicia,297,Baixada do Eume-2015,Augas Tranquilas,446,M CAD K1 7000,Final,Final,3359,,513,9,00:42:00,42,
2015-09-05,2,Galicia,297,Baixada do Eume-2015,Augas Tranquilas,446,M CAD K1 7000,Final,Final,2521,,514,10,00:45:35,41,
2015-09-05,2,Galicia,297,Baixada do Eume-2015,Augas Tranquilas,446,M CAD K1 7000,Final,Final,1110,,501,11,00:46:48,,
2015-09-05,2,Galicia,297,Baixada do Eume-2015,Augas Tranquilas,446,M CAD K1 7000,Final,Final,2928,,524,12,00:47:05,,
2015-09-05,2,Galicia,297,Baixada do Eume-2015,Augas Tranquilas,446,M CAD K1 7000,Final,Final,1079,,503,13,00:47:08,,
2015-09-05,2,Galicia,297,Baixada do Eume-2015,Augas Tranquilas,446,M CAD K1 7000,Final,Final,2522,,516,14,00:48:30,,
2015-09-05,2,Galicia,297,Baixada do Eume-2015,Augas Tranquilas,446,M CAD K1 7000,Final,Final,1094,,504,15,00:48:53,,
2015-09-05,2,Galicia,297,Baixada do Eume-2015,Augas Tranquilas,446,M CAD K1 7000,Final,Final,1689,,519,16,00:49:17,,
2015-09-05,2,Galicia,297,Baixada do Eume-2015,Augas Tranquilas,446,M CAD K1 7000,Final,Final,1089,,517,17,00:52:40,,
2015-09-05,2,Galicia,297,Baixada do Eume-2015,Augas Tranquilas,447,H CAD C1 7000,Final,Final,1052,,802,1,00:35:42,55,
2015-09-05,2,Galicia,297,Baixada do Eume-2015,Augas Tranquilas,447,H CAD C1 7000,Final,Final,1063,,801,2,00:36:02,52,
2015-09-05,2,Galicia,297,Baixada do Eume-2015,Augas Tranquilas,447,H CAD C1 7000,Final,Final,1056,,800,3,00:41:49,49,
2015-09-05,2,Galicia,297,Baixada do Eume-2015,Augas Tranquilas,448,H VET K2 12000,Final,Final,941 1019,,1902,1,00:44:43,105,
2015-09-05,2,Galicia,297,Baixada do Eume-2015,Augas Tranquilas,448,H VET K2 12000,Final,Final,911 1012,,1901,2,00:46:00,102,
2015-09-05,2,Galicia,297,Baixada do Eume-2015,Augas Tranquilas,448,H VET K2 12000,Final,Final,926 2523,,1900,3,00:47:00,99,
2015-09-05,2,Galicia,297,Baixada do Eume-2015,Augas Tranquilas,448,H VET K2 12000,Final,Final,1017 1018,,1903,4,00:49:53,97,
2015-09-05,2,Galicia,297,Baixada do Eume-2015,Augas Tranquilas,448,H VET K2 12000,Final,Final,2524 5473,,1904,5,00:53:48,96,
2015-09-06,2,Galicia,299,I Trofeo Rias Baixas 2015,Augas Tranquilas,449,H SEN K4 15000,Final,Final,1596 2526 2527 2528,,6,1,00:49:50.44,105,
2015-09-06,2,Galicia,299,I Trofeo Rias Baixas 2015,Augas Tranquilas,449,H SEN K4 15000,Final,Final,1599 1602 1603 1718,,11,2,00:50:10.77,102,
2015-09-06,2,Galicia,299,I Trofeo Rias Baixas 2015,Augas Tranquilas,449,H SEN K4 15000,Final,Final,1598 1615 1720 1777,,25,3,00:50:35.98,99,
2015-09-06,2,Galicia,299,I Trofeo Rias Baixas 2015,Augas Tranquilas,449,H SEN K4 15000,Final,Final,980 1601 1605 1608,,10,4,00:50:57.51,97,
2015-09-06,2,Galicia,299,I Trofeo Rias Baixas 2015,Augas Tranquilas,449,H SEN K4 15000,Final,Final,985 1611 1712 1713,,12,5,00:51:07.54,96,
2015-09-06,2,Galicia,299,I Trofeo Rias Baixas 2015,Augas Tranquilas,449,H SEN K4 15000,Final,Final,968 1612 1716 1717,,4,6,00:52:06.59,95,
2015-09-06,2,Galicia,299,I Trofeo Rias Baixas 2015,Augas Tranquilas,449,H SEN K4 15000,Final,Final,921 964 991 4811,,28,7,00:53:08.85,94,
2015-09-06,2,Galicia,299,I Trofeo Rias Baixas 2015,Augas Tranquilas,449,H SEN K4 15000,Final,Final,1795 1796 1933 2489,,7,8,00:54:24.51,93,
2015-09-06,2,Galicia,299,I Trofeo Rias Baixas 2015,Augas Tranquilas,449,H SEN K4 15000,Final,Final,947 987 988 1616,,16,9,00:54:28.86,92,
2015-09-06,2,Galicia,299,I Trofeo Rias Baixas 2015,Augas Tranquilas,449,H SEN K4 15000,Final,Final,928 930 934 2485,,1,10,00:55:14.69,91,
2015-09-06,2,Galicia,299,I Trofeo Rias Baixas 2015,Augas Tranquilas,449,H SEN K4 15000,Final,Final,979 1719 1728 2529,,9,11,00:55:44.74,90,
2015-09-06,2,Galicia,299,I Trofeo Rias Baixas 2015,Augas Tranquilas,449,H SEN K4 15000,Final,Final,935 1613 1621 1935,,20,12,00:55:49.7,89,
2015-09-06,2,Galicia,299,I Trofeo Rias Baixas 2015,Augas Tranquilas,449,H SEN K4 15000,Final,Final,958 1001 1002 2477,,13,13,00:58:41.02,88,
2015-09-06,2,Galicia,299,I Trofeo Rias Baixas 2015,Augas Tranquilas,449,H SEN K4 15000,Final,Final,961 965 1003 1004,,29,14,00:58:54.08,87,
2015-09-06,2,Galicia,299,I Trofeo Rias Baixas 2015,Augas Tranquilas,449,H SEN K4 15000,Final,Final,931 950 960 21933,,21,15,00:59:02.42,86,
2015-09-06,2,Galicia,299,I Trofeo Rias Baixas 2015,Augas Tranquilas,449,H SEN K4 15000,Final,Final,1007 1008 1016 2482,,5,16,00:59:34.89,85,
2015-09-06,2,Galicia,299,I Trofeo Rias Baixas 2015,Augas Tranquilas,449,H SEN K4 15000,Final,Final,1783 1797 1798 2819,,27,17,01:03:37.95,84,
2015-09-06,2,Galicia,299,I Trofeo Rias Baixas 2015,Augas Tranquilas,449,H SEN K4 15000,Final,Final,1732 1733 1931 2495,,17,18,01:04:12.3,83,
2015-09-06,2,Galicia,299,I Trofeo Rias Baixas 2015,Augas Tranquilas,449,H SEN K4 15000,Final,Final,1631 1800 1810 1811,,23,19,01:04:26.14,82,
2015-09-06,2,Galicia,299,I Trofeo Rias Baixas 2015,Augas Tranquilas,449,H SEN K4 15000,Final,Final,1630 2422 2493 3017,,22,20,01:05:12.13,81,
2015-09-06,2,Galicia,299,I Trofeo Rias Baixas 2015,Augas Tranquilas,449,H SEN K4 15000,Final,Final,972 1005 1006 1789,,15,21,01:06:12.35,80,
2015-09-06,2,Galicia,299,I Trofeo Rias Baixas 2015,Augas Tranquilas,449,H SEN K4 15000,Final,Final,1932 2532 2533 3526,,18,22,01:07:06.36,79,
2015-09-06,2,Galicia,299,I Trofeo Rias Baixas 2015,Augas Tranquilas,449,H SEN K4 15000,Final,Final,1731 1925 2494 2535,,2,23,01:07:25.93,78,
2015-09-06,2,Galicia,299,I Trofeo Rias Baixas 2015,Augas Tranquilas,449,H SEN K4 15000,Final,Final,971 3064 3073 5737,,8,24,00:00:00,,
2015-09-06,2,Galicia,299,I Trofeo Rias Baixas 2015,Augas Tranquilas,449,H SEN K4 15000,Final,Final,937 989 990 1739,,14,25,00:00:00,,
2015-09-06,2,Galicia,299,I Trofeo Rias Baixas 2015,Augas Tranquilas,449,H SEN K4 15000,Final,Final,1629 2537 2538 2539,,19,26,00:00:00,,
2015-09-06,2,Galicia,299,I Trofeo Rias Baixas 2015,Augas Tranquilas,449,H SEN K4 15000,Final,Final,1916 1917 2815 3006,,30,27,00:00:00,,
2015-09-06,2,Galicia,299,I Trofeo Rias Baixas 2015,Augas Tranquilas,449,H SEN K4 15000,Final,Final,957 1726 2498 2540,,31,28,00:00:00,,
2015-09-06,2,Galicia,299,I Trofeo Rias Baixas 2015,Augas Tranquilas,450,H SEN C4 12000,Final,Final,1025 2455 2457 6034,,609,1,00:46:23.61,,
2015-09-06,2,Galicia,299,I Trofeo Rias Baixas 2015,Augas Tranquilas,450,H SEN C4 12000,Final,Final,1027 1028 1765 1770,,602,2,00:47:20.33,105,
2015-09-06,2,Galicia,299,I Trofeo Rias Baixas 2015,Augas Tranquilas,450,H SEN C4 12000,Final,Final,1747 1759 1761 2431,,604,3,00:47:48.67,102,
2015-09-06,2,Galicia,299,I Trofeo Rias Baixas 2015,Augas Tranquilas,450,H SEN C4 12000,Final,Final,1026 1045 1047 1749,,608,4,00:50:40,99,
2015-09-06,2,Galicia,299,I Trofeo Rias Baixas 2015,Augas Tranquilas,450,H SEN C4 12000,Final,Final,1036 1037 1703 1768,,601,5,00:51:28.15,97,
2015-09-06,2,Galicia,299,I Trofeo Rias Baixas 2015,Augas Tranquilas,450,H SEN C4 12000,Final,Final,1757 1771 1772 1939,,607,6,00:53:33.67,96,
2015-09-06,2,Galicia,299,I Trofeo Rias Baixas 2015,Augas Tranquilas,450,H SEN C4 12000,Final,Final,1042 2761 2912 2915,,606,7,00:54:27.11,95,
2015-09-06,2,Galicia,299,I Trofeo Rias Baixas 2015,Augas Tranquilas,450,H SEN C4 12000,Final,Final,1762 1823 1824 2488,,605,8,00:59:52.35,94,
2015-09-06,2,Galicia,299,I Trofeo Rias Baixas 2015,Augas Tranquilas,450,H SEN C4 12000,Final,Final,2455 2456 2457 6034,,600,9,00:00:00,,
2015-09-06,2,Galicia,299,I Trofeo Rias Baixas 2015,Augas Tranquilas,450,H SEN C4 12000,Final,Final,1039 1769 2461 2462,,603,10,00:00:00,,
2015-09-06,2,Galicia,299,I Trofeo Rias Baixas 2015,Augas Tranquilas,451,M SEN K4 12000,Final,Final,1128 1129 2921 8302,,301,1,00:47:23.17,105,
2015-09-06,2,Galicia,299,I Trofeo Rias Baixas 2015,Augas Tranquilas,451,M SEN K4 12000,Final,Final,1632 1633 1635 1652,,304,2,00:48:48.22,102,
2015-09-06,2,Galicia,299,I Trofeo Rias Baixas 2015,Augas Tranquilas,451,M SEN K4 12000,Final,Final,1120 1121 1649 2542,,300,3,00:50:45.22,99,
2015-09-06,2,Galicia,299,I Trofeo Rias Baixas 2015,Augas Tranquilas,451,M SEN K4 12000,Final,Final,1124 1125 1140 1143,,302,4,00:51:20.67,97,
2015-09-06,2,Galicia,299,I Trofeo Rias Baixas 2015,Augas Tranquilas,451,M SEN K4 12000,Final,Final,1073 1075 1119 1655,,305,5,00:52:27.16,96,
2015-09-06,2,Galicia,299,I Trofeo Rias Baixas 2015,Augas Tranquilas,451,M SEN K4 12000,Final,Final,1130 1131 1141 1638,,303,6,01:06:34.83,95,
2015-09-06,2,Galicia,301,5ª Regata Liga Provincial Pontevedra-Vilanova de Arousa 2015,Augas Tranquilas,452,M BEN K1 1500,Final,Final,3442,,523,1,00:09:29,55,
2015-09-06,2,Galicia,301,5ª Regata Liga Provincial Pontevedra-Vilanova de Arousa 2015,Augas Tranquilas,452,M BEN K1 1500,Final,Final,2086,,562,2,00:09:34,52,
2015-09-06,2,Galicia,301,5ª Regata Liga Provincial Pontevedra-Vilanova de Arousa 2015,Augas Tranquilas,452,M BEN K1 1500,Final,Final,3441,,535,3,00:09:42,49,
2015-09-06,2,Galicia,301,5ª Regata Liga Provincial Pontevedra-Vilanova de Arousa 2015,Augas Tranquilas,452,M BEN K1 1500,Final,Final,3440,,544,4,00:09:50,47,
2015-09-06,2,Galicia,301,5ª Regata Liga Provincial Pontevedra-Vilanova de Arousa 2015,Augas Tranquilas,452,M BEN K1 1500,Final,Final,3445,,506,5,00:10:02,46,
2015-09-06,2,Galicia,301,5ª Regata Liga Provincial Pontevedra-Vilanova de Arousa 2015,Augas Tranquilas,452,M BEN K1 1500,Final,Final,3438,,567,6,00:10:07,45,
2015-09-06,2,Galicia,301,5ª Regata Liga Provincial Pontevedra-Vilanova de Arousa 2015,Augas Tranquilas,452,M BEN K1 1500,Final,Final,3376,,526,7,00:10:10,44,
2015-09-06,2,Galicia,301,5ª Regata Liga Provincial Pontevedra-Vilanova de Arousa 2015,Augas Tranquilas,452,M BEN K1 1500,Final,Final,3377,,502,8,00:10:12,43,
2015-09-06,2,Galicia,301,5ª Regata Liga Provincial Pontevedra-Vilanova de Arousa 2015,Augas Tranquilas,452,M BEN K1 1500,Final,Final,2097,,515,9,00:10:42,42,
2015-09-06,2,Galicia,301,5ª Regata Liga Provincial Pontevedra-Vilanova de Arousa 2015,Augas Tranquilas,452,M BEN K1 1500,Final,Final,7260,,521,10,00:10:45,41,
2015-09-06,2,Galicia,301,5ª Regata Liga Provincial Pontevedra-Vilanova de Arousa 2015,Augas Tranquilas,452,M BEN K1 1500,Final,Final,2122,,508,11,00:10:54,40,
2015-09-06,2,Galicia,301,5ª Regata Liga Provincial Pontevedra-Vilanova de Arousa 2015,Augas Tranquilas,452,M BEN K1 1500,Final,Final,5550,,550,12,00:11:17,39,
2015-09-06,2,Galicia,301,5ª Regata Liga Provincial Pontevedra-Vilanova de Arousa 2015,Augas Tranquilas,452,M BEN K1 1500,Final,Final,3448,,519,13,00:11:31,38,
2015-09-06,2,Galicia,301,5ª Regata Liga Provincial Pontevedra-Vilanova de Arousa 2015,Augas Tranquilas,452,M BEN K1 1500,Final,Final,2100,,538,14,00:11:33,37,
2015-09-06,2,Galicia,301,5ª Regata Liga Provincial Pontevedra-Vilanova de Arousa 2015,Augas Tranquilas,452,M BEN K1 1500,Final,Final,4215,,549,15,00:11:34,36,
2015-09-06,2,Galicia,301,5ª Regata Liga Provincial Pontevedra-Vilanova de Arousa 2015,Augas Tranquilas,452,M BEN K1 1500,Final,Final,3450,,547,16,00:11:35,35,
2015-09-06,2,Galicia,301,5ª Regata Liga Provincial Pontevedra-Vilanova de Arousa 2015,Augas Tranquilas,452,M BEN K1 1500,Final,Final,4615,,522,17,00:11:42,34,
2015-09-06,2,Galicia,301,5ª Regata Liga Provincial Pontevedra-Vilanova de Arousa 2015,Augas Tranquilas,452,M BEN K1 1500,Final,Final,3439,,501,18,00:11:44,33,
2015-09-06,2,Galicia,301,5ª Regata Liga Provincial Pontevedra-Vilanova de Arousa 2015,Augas Tranquilas,452,M BEN K1 1500,Final,Final,3447,,534,19,00:12:13,32,
2015-09-06,2,Galicia,301,5ª Regata Liga Provincial Pontevedra-Vilanova de Arousa 2015,Augas Tranquilas,452,M BEN K1 1500,Final,Final,3380,,545,20,00:12:17,31,
2015-09-06,2,Galicia,301,5ª Regata Liga Provincial Pontevedra-Vilanova de Arousa 2015,Augas Tranquilas,452,M BEN K1 1500,Final,Final,3607,,532,21,00:12:27,30,
2015-09-06,2,Galicia,301,5ª Regata Liga Provincial Pontevedra-Vilanova de Arousa 2015,Augas Tranquilas,452,M BEN K1 1500,Final,Final,2087,,512,22,00:12:30,29,
2015-09-06,2,Galicia,301,5ª Regata Liga Provincial Pontevedra-Vilanova de Arousa 2015,Augas Tranquilas,452,M BEN K1 1500,Final,Final,3381,,557,23,00:12:33,28,
2015-09-06,2,Galicia,301,5ª Regata Liga Provincial Pontevedra-Vilanova de Arousa 2015,Augas Tranquilas,452,M BEN K1 1500,Final,Final,2109,,529,24,00:12:40,27,
2015-09-06,2,Galicia,301,5ª Regata Liga Provincial Pontevedra-Vilanova de Arousa 2015,Augas Tranquilas,452,M BEN K1 1500,Final,Final,2101,,530,25,00:12:56,26,
2015-09-06,2,Galicia,301,5ª Regata Liga Provincial Pontevedra-Vilanova de Arousa 2015,Augas Tranquilas,452,M BEN K1 1500,Final,Final,3743,,533,26,00:13:01,25,
2015-09-06,2,Galicia,301,5ª Regata Liga Provincial Pontevedra-Vilanova de Arousa 2015,Augas Tranquilas,452,M BEN K1 1500,Final,Final,2145,,552,27,00:13:07,24,
2015-09-06,2,Galicia,301,5ª Regata Liga Provincial Pontevedra-Vilanova de Arousa 2015,Augas Tranquilas,452,M BEN K1 1500,Final,Final,2548,,543,28,00:13:12,23,
2015-09-06,2,Galicia,301,5ª Regata Liga Provincial Pontevedra-Vilanova de Arousa 2015,Augas Tranquilas,452,M BEN K1 1500,Final,Final,3382,,539,29,00:13:15,22,
2015-09-06,2,Galicia,301,5ª Regata Liga Provincial Pontevedra-Vilanova de Arousa 2015,Augas Tranquilas,452,M BEN K1 1500,Final,Final,3379,,546,30,00:13:23,21,
2015-09-06,2,Galicia,301,5ª Regata Liga Provincial Pontevedra-Vilanova de Arousa 2015,Augas Tranquilas,452,M BEN K1 1500,Final,Final,2111,,564,31,00:13:29,20,
2015-09-06,2,Galicia,301,5ª Regata Liga Provincial Pontevedra-Vilanova de Arousa 2015,Augas Tranquilas,452,M BEN K1 1500,Final,Final,2110,,555,32,00:13:31,19,
2015-09-06,2,Galicia,301,5ª Regata Liga Provincial Pontevedra-Vilanova de Arousa 2015,Augas Tranquilas,452,M BEN K1 1500,Final,Final,4620,,518,33,00:13:37,18,
2015-09-06,2,Galicia,301,5ª Regata Liga Provincial Pontevedra-Vilanova de Arousa 2015,Augas Tranquilas,452,M BEN K1 1500,Final,Final,3386,,528,34,00:13:41,17,
2015-09-06,2,Galicia,301,5ª Regata Liga Provincial Pontevedra-Vilanova de Arousa 2015,Augas Tranquilas,452,M BEN K1 1500,Final,Final,2114,,559,35,00:13:51,16,
2015-09-06,2,Galicia,301,5ª Regata Liga Provincial Pontevedra-Vilanova de Arousa 2015,Augas Tranquilas,452,M BEN K1 1500,Final,Final,2119,,504,36,00:14:08,15,
2015-09-06,2,Galicia,301,5ª Regata Liga Provincial Pontevedra-Vilanova de Arousa 2015,Augas Tranquilas,452,M BEN K1 1500,Final,Final,2116,,542,37,00:14:09,14,
2015-09-06,2,Galicia,301,5ª Regata Liga Provincial Pontevedra-Vilanova de Arousa 2015,Augas Tranquilas,452,M BEN K1 1500,Final,Final,2121,,541,38,00:14:11,13,
2015-09-06,2,Galicia,301,5ª Regata Liga Provincial Pontevedra-Vilanova de Arousa 2015,Augas Tranquilas,452,M BEN K1 1500,Final,Final,2120,,524,39,00:14:21,12,
2015-09-06,2,Galicia,301,5ª Regata Liga Provincial Pontevedra-Vilanova de Arousa 2015,Augas Tranquilas,452,M BEN K1 1500,Final,Final,3393,,558,40,00:14:40,11,
2015-09-06,2,Galicia,301,5ª Regata Liga Provincial Pontevedra-Vilanova de Arousa 2015,Augas Tranquilas,452,M BEN K1 1500,Final,Final,2105,,553,41,00:14:59,10,
2015-09-06,2,Galicia,301,5ª Regata Liga Provincial Pontevedra-Vilanova de Arousa 2015,Augas Tranquilas,452,M BEN K1 1500,Final,Final,2115,,570,42,00:15:29,9,
2015-09-06,2,Galicia,301,5ª Regata Liga Provincial Pontevedra-Vilanova de Arousa 2015,Augas Tranquilas,452,M BEN K1 1500,Final,Final,3388,,548,43,00:15:33,8,
2015-09-06,2,Galicia,301,5ª Regata Liga Provincial Pontevedra-Vilanova de Arousa 2015,Augas Tranquilas,452,M BEN K1 1500,Final,Final,2126,,500,44,00:00:00,,
2015-09-06,2,Galicia,301,5ª Regata Liga Provincial Pontevedra-Vilanova de Arousa 2015,Augas Tranquilas,452,M BEN K1 1500,Final,Final,2132,,503,45,00:00:00,,
2015-09-06,2,Galicia,301,5ª Regata Liga Provincial Pontevedra-Vilanova de Arousa 2015,Augas Tranquilas,452,M BEN K1 1500,Final,Final,3593,,510,46,00:00:00,,
2015-09-06,2,Galicia,301,5ª Regata Liga Provincial Pontevedra-Vilanova de Arousa 2015,Augas Tranquilas,452,M BEN K1 1500,Final,Final,3449,,511,47,00:00:00,,
2015-09-06,2,Galicia,301,5ª Regata Liga Provincial Pontevedra-Vilanova de Arousa 2015,Augas Tranquilas,452,M BEN K1 1500,Final,Final,2124,,516,48,00:00:00,,
2015-09-06,2,Galicia,301,5ª Regata Liga Provincial Pontevedra-Vilanova de Arousa 2015,Augas Tranquilas,452,M BEN K1 1500,Final,Final,4614,,520,49,00:00:00,,
2015-09-06,2,Galicia,301,5ª Regata Liga Provincial Pontevedra-Vilanova de Arousa 2015,Augas Tranquilas,452,M BEN K1 1500,Final,Final,2136,,525,50,00:00:00,,
2015-09-06,2,Galicia,301,5ª Regata Liga Provincial Pontevedra-Vilanova de Arousa 2015,Augas Tranquilas,452,M BEN K1 1500,Final,Final,2107,,527,51,00:00:00,,
2015-09-06,2,Galicia,301,5ª Regata Liga Provincial Pontevedra-Vilanova de Arousa 2015,Augas Tranquilas,452,M BEN K1 1500,Final,Final,2551,,537,52,00:00:00,,
2015-09-06,2,Galicia,301,5ª Regata Liga Provincial Pontevedra-Vilanova de Arousa 2015,Augas Tranquilas,452,M BEN K1 1500,Final,Final,2090,,551,53,00:00:00,,
2015-09-06,2,Galicia,301,5ª Regata Liga Provincial Pontevedra-Vilanova de Arousa 2015,Augas Tranquilas,452,M BEN K1 1500,Final,Final,2140,,560,54,00:00:00,,
2015-09-06,2,Galicia,301,5ª Regata Liga Provincial Pontevedra-Vilanova de Arousa 2015,Augas Tranquilas,452,M BEN K1 1500,Final,Final,2146,,561,55,00:00:00,,
2015-09-06,2,Galicia,301,5ª Regata Liga Provincial Pontevedra-Vilanova de Arousa 2015,Augas Tranquilas,452,M BEN K1 1500,Final,Final,2139,,563,56,00:00:00,,
2015-09-06,2,Galicia,301,5ª Regata Liga Provincial Pontevedra-Vilanova de Arousa 2015,Augas Tranquilas,452,M BEN K1 1500,Final,Final,2138,,565,57,00:00:00,,
2015-09-06,2,Galicia,301,5ª Regata Liga Provincial Pontevedra-Vilanova de Arousa 2015,Augas Tranquilas,452,M BEN K1 1500,Final,Final,2102,,566,58,00:00:00,,
2015-09-06,2,Galicia,301,5ª Regata Liga Provincial Pontevedra-Vilanova de Arousa 2015,Augas Tranquilas,452,M BEN K1 1500,Final,Final,2141,,568,59,00:00:00,,
2015-09-06,2,Galicia,301,5ª Regata Liga Provincial Pontevedra-Vilanova de Arousa 2015,Augas Tranquilas,452,M BEN K1 1500,Final,Final,2142,,569,60,00:00:00,,
2015-09-06,2,Galicia,301,5ª Regata Liga Provincial Pontevedra-Vilanova de Arousa 2015,Augas Tranquilas,452,M BEN K1 1500,Final,Final,2147,,571,61,00:00:00,,
2015-09-06,2,Galicia,301,5ª Regata Liga Provincial Pontevedra-Vilanova de Arousa 2015,Augas Tranquilas,452,M BEN K1 1500,Final,Final,2143,,572,62,00:00:00,,
2015-09-06,2,Galicia,301,5ª Regata Liga Provincial Pontevedra-Vilanova de Arousa 2015,Augas Tranquilas,453,H BEN K1 1500,Final,Final,3454,,236,1,00:01:00,55,
2015-09-06,2,Galicia,301,5ª Regata Liga Provincial Pontevedra-Vilanova de Arousa 2015,Augas Tranquilas,453,H BEN K1 1500,Final,Final,3453,,313,2,00:02:00,52,
2015-09-06,2,Galicia,301,5ª Regata Liga Provincial Pontevedra-Vilanova de Arousa 2015,Augas Tranquilas,453,H BEN K1 1500,Final,Final,3483,,330,3,00:03:00,49,
2015-09-06,2,Galicia,301,5ª Regata Liga Provincial Pontevedra-Vilanova de Arousa 2015,Augas Tranquilas,453,H BEN K1 1500,Final,Final,2150,,264,4,00:04:00,47,
2015-09-06,2,Galicia,301,5ª Regata Liga Provincial Pontevedra-Vilanova de Arousa 2015,Augas Tranquilas,453,H BEN K1 1500,Final,Final,3396,,218,5,00:05:00,46,
2015-09-06,2,Galicia,301,5ª Regata Liga Provincial Pontevedra-Vilanova de Arousa 2015,Augas Tranquilas,453,H BEN K1 1500,Final,Final,3459,,254,6,00:06:00,45,
2015-09-06,2,Galicia,301,5ª Regata Liga Provincial Pontevedra-Vilanova de Arousa 2015,Augas Tranquilas,453,H BEN K1 1500,Final,Final,3457,,323,7,00:07:00,44,
2015-09-06,2,Galicia,301,5ª Regata Liga Provincial Pontevedra-Vilanova de Arousa 2015,Augas Tranquilas,453,H BEN K1 1500,Final,Final,3598,,329,8,00:08:00,43,
2015-09-06,2,Galicia,301,5ª Regata Liga Provincial Pontevedra-Vilanova de Arousa 2015,Augas Tranquilas,453,H BEN K1 1500,Final,Final,3458,,228,9,00:09:00,42,
2015-09-06,2,Galicia,301,5ª Regata Liga Provincial Pontevedra-Vilanova de Arousa 2015,Augas Tranquilas,453,H BEN K1 1500,Final,Final,2161,,204,10,00:10:00,41,
2015-09-06,2,Galicia,301,5ª Regata Liga Provincial Pontevedra-Vilanova de Arousa 2015,Augas Tranquilas,453,H BEN K1 1500,Final,Final,3400,,331,11,00:11:00,40,
2015-09-06,2,Galicia,301,5ª Regata Liga Provincial Pontevedra-Vilanova de Arousa 2015,Augas Tranquilas,453,H BEN K1 1500,Final,Final,3398,,305,12,00:12:00,39,
2015-09-06,2,Galicia,301,5ª Regata Liga Provincial Pontevedra-Vilanova de Arousa 2015,Augas Tranquilas,453,H BEN K1 1500,Final,Final,3456,,260,13,00:13:00,38,
2015-09-06,2,Galicia,301,5ª Regata Liga Provincial Pontevedra-Vilanova de Arousa 2015,Augas Tranquilas,453,H BEN K1 1500,Final,Final,3434,,290,14,00:14:00,37,
2015-09-06,2,Galicia,301,5ª Regata Liga Provincial Pontevedra-Vilanova de Arousa 2015,Augas Tranquilas,453,H BEN K1 1500,Final,Final,3404,,256,15,00:15:00,36,
2015-09-06,2,Galicia,301,5ª Regata Liga Provincial Pontevedra-Vilanova de Arousa 2015,Augas Tranquilas,453,H BEN K1 1500,Final,Final,3482,,325,16,00:16:00,35,
2015-09-06,2,Galicia,301,5ª Regata Liga Provincial Pontevedra-Vilanova de Arousa 2015,Augas Tranquilas,453,H BEN K1 1500,Final,Final,3477,,291,17,00:17:00,34,
2015-09-06,2,Galicia,301,5ª Regata Liga Provincial Pontevedra-Vilanova de Arousa 2015,Augas Tranquilas,453,H BEN K1 1500,Final,Final,2177,,281,18,00:18:00,33,
2015-09-06,2,Galicia,301,5ª Regata Liga Provincial Pontevedra-Vilanova de Arousa 2015,Augas Tranquilas,453,H BEN K1 1500,Final,Final,3478,,301,19,00:19:00,32,
2015-09-06,2,Galicia,301,5ª Regata Liga Provincial Pontevedra-Vilanova de Arousa 2015,Augas Tranquilas,453,H BEN K1 1500,Final,Final,3613,,239,20,00:20:00,31,
2015-09-06,2,Galicia,301,5ª Regata Liga Provincial Pontevedra-Vilanova de Arousa 2015,Augas Tranquilas,453,H BEN K1 1500,Final,Final,3481,,324,21,00:21:00,30,
2015-09-06,2,Galicia,301,5ª Regata Liga Provincial Pontevedra-Vilanova de Arousa 2015,Augas Tranquilas,453,H BEN K1 1500,Final,Final,2174,,287,22,00:22:00,29,
2015-09-06,2,Galicia,301,5ª Regata Liga Provincial Pontevedra-Vilanova de Arousa 2015,Augas Tranquilas,453,H BEN K1 1500,Final,Final,3410,,288,23,00:23:00,28,
2015-09-06,2,Galicia,301,5ª Regata Liga Provincial Pontevedra-Vilanova de Arousa 2015,Augas Tranquilas,453,H BEN K1 1500,Final,Final,2172,,289,24,00:24:00,27,
2015-09-06,2,Galicia,301,5ª Regata Liga Provincial Pontevedra-Vilanova de Arousa 2015,Augas Tranquilas,453,H BEN K1 1500,Final,Final,2201,,303,25,00:25:00,26,
2015-09-06,2,Galicia,301,5ª Regata Liga Provincial Pontevedra-Vilanova de Arousa 2015,Augas Tranquilas,453,H BEN K1 1500,Final,Final,3467,,304,26,00:26:00,25,
2015-09-06,2,Galicia,301,5ª Regata Liga Provincial Pontevedra-Vilanova de Arousa 2015,Augas Tranquilas,453,H BEN K1 1500,Final,Final,3411,,320,27,00:27:00,24,
2015-09-06,2,Galicia,301,5ª Regata Liga Provincial Pontevedra-Vilanova de Arousa 2015,Augas Tranquilas,453,H BEN K1 1500,Final,Final,3465,,243,28,00:28:00,23,
2015-09-06,2,Galicia,301,5ª Regata Liga Provincial Pontevedra-Vilanova de Arousa 2015,Augas Tranquilas,453,H BEN K1 1500,Final,Final,3409,,246,29,00:29:00,22,
2015-09-06,2,Galicia,301,5ª Regata Liga Provincial Pontevedra-Vilanova de Arousa 2015,Augas Tranquilas,453,H BEN K1 1500,Final,Final,2198,,212,30,00:30:00,21,
2015-09-06,2,Galicia,301,5ª Regata Liga Provincial Pontevedra-Vilanova de Arousa 2015,Augas Tranquilas,453,H BEN K1 1500,Final,Final,3466,,286,31,00:31:00,20,
2015-09-06,2,Galicia,301,5ª Regata Liga Provincial Pontevedra-Vilanova de Arousa 2015,Augas Tranquilas,453,H BEN K1 1500,Final,Final,3415,,277,32,00:32:00,19,
2015-09-06,2,Galicia,301,5ª Regata Liga Provincial Pontevedra-Vilanova de Arousa 2015,Augas Tranquilas,453,H BEN K1 1500,Final,Final,2554,,268,33,00:33:00,18,
2015-09-06,2,Galicia,301,5ª Regata Liga Provincial Pontevedra-Vilanova de Arousa 2015,Augas Tranquilas,453,H BEN K1 1500,Final,Final,2222,,296,34,00:34:00,17,
2015-09-06,2,Galicia,301,5ª Regata Liga Provincial Pontevedra-Vilanova de Arousa 2015,Augas Tranquilas,453,H BEN K1 1500,Final,Final,2194,,293,35,00:35:00,16,
2015-09-06,2,Galicia,301,5ª Regata Liga Provincial Pontevedra-Vilanova de Arousa 2015,Augas Tranquilas,453,H BEN K1 1500,Final,Final,2246,,294,36,00:37:00,15,
2015-09-06,2,Galicia,301,5ª Regata Liga Provincial Pontevedra-Vilanova de Arousa 2015,Augas Tranquilas,453,H BEN K1 1500,Final,Final,3412,,271,37,00:38:00,14,
2015-09-06,2,Galicia,301,5ª Regata Liga Provincial Pontevedra-Vilanova de Arousa 2015,Augas Tranquilas,453,H BEN K1 1500,Final,Final,4150,,210,38,00:39:00,13,
2015-09-06,2,Galicia,301,5ª Regata Liga Provincial Pontevedra-Vilanova de Arousa 2015,Augas Tranquilas,453,H BEN K1 1500,Final,Final,3416,,227,39,00:40:00,12,
2015-09-06,2,Galicia,301,5ª Regata Liga Provincial Pontevedra-Vilanova de Arousa 2015,Augas Tranquilas,453,H BEN K1 1500,Final,Final,2186,,278,40,00:40:05,11,
2015-09-06,2,Galicia,301,5ª Regata Liga Provincial Pontevedra-Vilanova de Arousa 2015,Augas Tranquilas,453,H BEN K1 1500,Final,Final,2207,,312,41,00:41:00,10,
2015-09-06,2,Galicia,301,5ª Regata Liga Provincial Pontevedra-Vilanova de Arousa 2015,Augas Tranquilas,453,H BEN K1 1500,Final,Final,2216,,242,42,00:42:00,9,
2015-09-06,2,Galicia,301,5ª Regata Liga Provincial Pontevedra-Vilanova de Arousa 2015,Augas Tranquilas,453,H BEN K1 1500,Final,Final,2203,,270,43,00:43:00,8,
2015-09-06,2,Galicia,301,5ª Regata Liga Provincial Pontevedra-Vilanova de Arousa 2015,Augas Tranquilas,453,H BEN K1 1500,Final,Final,3432,,285,44,00:44:00,7,
2015-09-06,2,Galicia,301,5ª Regata Liga Provincial Pontevedra-Vilanova de Arousa 2015,Augas Tranquilas,453,H BEN K1 1500,Final,Final,2218,,279,45,00:45:00,6,
2015-09-06,2,Galicia,301,5ª Regata Liga Provincial Pontevedra-Vilanova de Arousa 2015,Augas Tranquilas,453,H BEN K1 1500,Final,Final,3408,,300,46,00:46:00,5,
2015-09-06,2,Galicia,301,5ª Regata Liga Provincial Pontevedra-Vilanova de Arousa 2015,Augas Tranquilas,453,H BEN K1 1500,Final,Final,3407,,299,47,00:47:00,4,
2015-09-06,2,Galicia,301,5ª Regata Liga Provincial Pontevedra-Vilanova de Arousa 2015,Augas Tranquilas,453,H BEN K1 1500,Final,Final,5882,,269,48,00:48:00,3,
2015-09-06,2,Galicia,301,5ª Regata Liga Provincial Pontevedra-Vilanova de Arousa 2015,Augas Tranquilas,453,H BEN K1 1500,Final,Final,2204,,209,49,00:49:00,2,
2015-09-06,2,Galicia,301,5ª Regata Liga Provincial Pontevedra-Vilanova de Arousa 2015,Augas Tranquilas,453,H BEN K1 1500,Final,Final,3419,,308,50,00:50:00,1,
2015-09-06,2,Galicia,301,5ª Regata Liga Provincial Pontevedra-Vilanova de Arousa 2015,Augas Tranquilas,453,H BEN K1 1500,Final,Final,3608,,245,51,00:51:00,,
2015-09-06,2,Galicia,301,5ª Regata Liga Provincial Pontevedra-Vilanova de Arousa 2015,Augas Tranquilas,453,H BEN K1 1500,Final,Final,2217,,216,52,00:52:00,,
2015-09-06,2,Galicia,301,5ª Regata Liga Provincial Pontevedra-Vilanova de Arousa 2015,Augas Tranquilas,453,H BEN K1 1500,Final,Final,3413,,328,53,00:53:00,,
2015-09-06,2,Galicia,301,5ª Regata Liga Provincial Pontevedra-Vilanova de Arousa 2015,Augas Tranquilas,453,H BEN K1 1500,Final,Final,2211,,230,54,00:54:00,,
2015-09-06,2,Galicia,301,5ª Regata Liga Provincial Pontevedra-Vilanova de Arousa 2015,Augas Tranquilas,453,H BEN K1 1500,Final,Final,3418,,232,55,00:55:00,,
2015-09-06,2,Galicia,301,5ª Regata Liga Provincial Pontevedra-Vilanova de Arousa 2015,Augas Tranquilas,453,H BEN K1 1500,Final,Final,2556,,235,56,00:56:00,,
2015-09-06,2,Galicia,301,5ª Regata Liga Provincial Pontevedra-Vilanova de Arousa 2015,Augas Tranquilas,453,H BEN K1 1500,Final,Final,2557,,213,57,00:57:00,,
2015-09-06,2,Galicia,301,5ª Regata Liga Provincial Pontevedra-Vilanova de Arousa 2015,Augas Tranquilas,453,H BEN K1 1500,Final,Final,3462,,248,58,00:58:00,,
2015-09-06,2,Galicia,301,5ª Regata Liga Provincial Pontevedra-Vilanova de Arousa 2015,Augas Tranquilas,453,H BEN K1 1500,Final,Final,3403,,261,59,00:59:00,,
2015-09-06,2,Galicia,301,5ª Regata Liga Provincial Pontevedra-Vilanova de Arousa 2015,Augas Tranquilas,453,H BEN K1 1500,Final,Final,2225,,207,60,00:59:01,,
2015-09-06,2,Galicia,301,5ª Regata Liga Provincial Pontevedra-Vilanova de Arousa 2015,Augas Tranquilas,453,H BEN K1 1500,Final,Final,2558,,326,61,00:59:02,,
2015-09-06,2,Galicia,301,5ª Regata Liga Provincial Pontevedra-Vilanova de Arousa 2015,Augas Tranquilas,453,H BEN K1 1500,Final,Final,2187,,317,62,00:59:03,,
2015-09-06,2,Galicia,301,5ª Regata Liga Provincial Pontevedra-Vilanova de Arousa 2015,Augas Tranquilas,453,H BEN K1 1500,Final,Final,3424,,273,63,00:59:04,,
2015-09-06,2,Galicia,301,5ª Regata Liga Provincial Pontevedra-Vilanova de Arousa 2015,Augas Tranquilas,453,H BEN K1 1500,Final,Final,3414,,283,64,00:59:05,,
2015-09-06,2,Galicia,301,5ª Regata Liga Provincial Pontevedra-Vilanova de Arousa 2015,Augas Tranquilas,453,H BEN K1 1500,Final,Final,3469,,211,65,00:59:06,,
2015-09-06,2,Galicia,301,5ª Regata Liga Provincial Pontevedra-Vilanova de Arousa 2015,Augas Tranquilas,453,H BEN K1 1500,Final,Final,10924,,267,66,00:59:07,,
2015-09-06,2,Galicia,301,5ª Regata Liga Provincial Pontevedra-Vilanova de Arousa 2015,Augas Tranquilas,453,H BEN K1 1500,Final,Final,3406,,225,67,00:59:08,,
2015-09-06,2,Galicia,301,5ª Regata Liga Provincial Pontevedra-Vilanova de Arousa 2015,Augas Tranquilas,453,H BEN K1 1500,Final,Final,2220,,238,68,00:59:09,,
2015-09-06,2,Galicia,301,5ª Regata Liga Provincial Pontevedra-Vilanova de Arousa 2015,Augas Tranquilas,453,H BEN K1 1500,Final,Final,3427,,307,69,00:59:10,,
2015-09-06,2,Galicia,301,5ª Regata Liga Provincial Pontevedra-Vilanova de Arousa 2015,Augas Tranquilas,453,H BEN K1 1500,Final,Final,4149,,322,70,00:59:11,,
2015-09-06,2,Galicia,301,5ª Regata Liga Provincial Pontevedra-Vilanova de Arousa 2015,Augas Tranquilas,453,H BEN K1 1500,Final,Final,2224,,306,71,00:59:12,,
2015-09-06,2,Galicia,301,5ª Regata Liga Provincial Pontevedra-Vilanova de Arousa 2015,Augas Tranquilas,453,H BEN K1 1500,Final,Final,2230,,292,72,00:59:13,,
2015-09-06,2,Galicia,301,5ª Regata Liga Provincial Pontevedra-Vilanova de Arousa 2015,Augas Tranquilas,453,H BEN K1 1500,Final,Final,6254,,234,73,00:59:14,,
2015-09-06,2,Galicia,301,5ª Regata Liga Provincial Pontevedra-Vilanova de Arousa 2015,Augas Tranquilas,453,H BEN K1 1500,Final,Final,3472,,237,74,00:59:15,,
2015-09-06,2,Galicia,301,5ª Regata Liga Provincial Pontevedra-Vilanova de Arousa 2015,Augas Tranquilas,453,H BEN K1 1500,Final,Final,3417,,208,75,00:59:15.02,,
2015-09-06,2,Galicia,301,5ª Regata Liga Provincial Pontevedra-Vilanova de Arousa 2015,Augas Tranquilas,453,H BEN K1 1500,Final,Final,6000,,327,76,00:59:15.03,,
2015-09-06,2,Galicia,301,5ª Regata Liga Provincial Pontevedra-Vilanova de Arousa 2015,Augas Tranquilas,453,H BEN K1 1500,Final,Final,3420,,220,77,00:59:16,,
2015-09-06,2,Galicia,301,5ª Regata Liga Provincial Pontevedra-Vilanova de Arousa 2015,Augas Tranquilas,453,H BEN K1 1500,Final,Final,2234,,200,78,00:00:00,,
2015-09-06,2,Galicia,301,5ª Regata Liga Provincial Pontevedra-Vilanova de Arousa 2015,Augas Tranquilas,453,H BEN K1 1500,Final,Final,2236,,202,79,00:00:00,,
2015-09-06,2,Galicia,301,5ª Regata Liga Provincial Pontevedra-Vilanova de Arousa 2015,Augas Tranquilas,453,H BEN K1 1500,Final,Final,2237,,203,80,00:00:00,,
2015-09-06,2,Galicia,301,5ª Regata Liga Provincial Pontevedra-Vilanova de Arousa 2015,Augas Tranquilas,453,H BEN K1 1500,Final,Final,2215,,205,81,00:00:00,,
2015-09-06,2,Galicia,301,5ª Regata Liga Provincial Pontevedra-Vilanova de Arousa 2015,Augas Tranquilas,453,H BEN K1 1500,Final,Final,2229,,206,82,00:00:00,,
2015-09-06,2,Galicia,301,5ª Regata Liga Provincial Pontevedra-Vilanova de Arousa 2015,Augas Tranquilas,453,H BEN K1 1500,Final,Final,7336,,223,83,00:00:00,,
2015-09-06,2,Galicia,301,5ª Regata Liga Provincial Pontevedra-Vilanova de Arousa 2015,Augas Tranquilas,453,H BEN K1 1500,Final,Final,4173,,229,84,00:00:00,,
2015-09-06,2,Galicia,301,5ª Regata Liga Provincial Pontevedra-Vilanova de Arousa 2015,Augas Tranquilas,453,H BEN K1 1500,Final,Final,2561,,233,85,00:00:00,,
2015-09-06,2,Galicia,301,5ª Regata Liga Provincial Pontevedra-Vilanova de Arousa 2015,Augas Tranquilas,453,H BEN K1 1500,Final,Final,2171,,240,86,00:00:00,,
2015-09-06,2,Galicia,301,5ª Regata Liga Provincial Pontevedra-Vilanova de Arousa 2015,Augas Tranquilas,453,H BEN K1 1500,Final,Final,2562,,241,87,00:00:00,,
2015-09-06,2,Galicia,301,5ª Regata Liga Provincial Pontevedra-Vilanova de Arousa 2015,Augas Tranquilas,453,H BEN K1 1500,Final,Final,3423,,244,88,00:00:00,,
2015-09-06,2,Galicia,301,5ª Regata Liga Provincial Pontevedra-Vilanova de Arousa 2015,Augas Tranquilas,453,H BEN K1 1500,Final,Final,2564,,247,89,00:00:00,,
2015-09-06,2,Galicia,301,5ª Regata Liga Provincial Pontevedra-Vilanova de Arousa 2015,Augas Tranquilas,453,H BEN K1 1500,Final,Final,2162,,262,90,00:00:00,,
2015-09-06,2,Galicia,301,5ª Regata Liga Provincial Pontevedra-Vilanova de Arousa 2015,Augas Tranquilas,453,H BEN K1 1500,Final,Final,2158,,263,91,00:00:00,,
2015-09-06,2,Galicia,301,5ª Regata Liga Provincial Pontevedra-Vilanova de Arousa 2015,Augas Tranquilas,453,H BEN K1 1500,Final,Final,2180,,265,92,00:00:00,,
2015-09-06,2,Galicia,301,5ª Regata Liga Provincial Pontevedra-Vilanova de Arousa 2015,Augas Tranquilas,453,H BEN K1 1500,Final,Final,4196,,274,93,00:00:00,,
2015-09-06,2,Galicia,301,5ª Regata Liga Provincial Pontevedra-Vilanova de Arousa 2015,Augas Tranquilas,453,H BEN K1 1500,Final,Final,2566,,275,94,00:00:00,,
2015-09-06,2,Galicia,301,5ª Regata Liga Provincial Pontevedra-Vilanova de Arousa 2015,Augas Tranquilas,453,H BEN K1 1500,Final,Final,2567,,295,95,00:00:00,,
2015-09-06,2,Galicia,301,5ª Regata Liga Provincial Pontevedra-Vilanova de Arousa 2015,Augas Tranquilas,453,H BEN K1 1500,Final,Final,2247,,297,96,00:00:00,,
2015-09-06,2,Galicia,301,5ª Regata Liga Provincial Pontevedra-Vilanova de Arousa 2015,Augas Tranquilas,453,H BEN K1 1500,Final,Final,3435,,302,97,00:00:00,,
2015-09-06,2,Galicia,301,5ª Regata Liga Provincial Pontevedra-Vilanova de Arousa 2015,Augas Tranquilas,453,H BEN K1 1500,Final,Final,4241,,309,98,00:00:00,,
2015-09-06,2,Galicia,301,5ª Regata Liga Provincial Pontevedra-Vilanova de Arousa 2015,Augas Tranquilas,453,H BEN K1 1500,Final,Final,2250,,310,99,00:00:00,,
2015-09-06,2,Galicia,301,5ª Regata Liga Provincial Pontevedra-Vilanova de Arousa 2015,Augas Tranquilas,453,H BEN K1 1500,Final,Final,2251,,311,100,00:00:00,,
2015-09-06,2,Galicia,301,5ª Regata Liga Provincial Pontevedra-Vilanova de Arousa 2015,Augas Tranquilas,453,H BEN K1 1500,Final,Final,2252,,314,101,00:00:00,,
2015-09-06,2,Galicia,301,5ª Regata Liga Provincial Pontevedra-Vilanova de Arousa 2015,Augas Tranquilas,453,H BEN K1 1500,Final,Final,4709,,315,102,00:00:00,,
2015-09-06,2,Galicia,301,5ª Regata Liga Provincial Pontevedra-Vilanova de Arousa 2015,Augas Tranquilas,453,H BEN K1 1500,Final,Final,2254,,316,103,00:00:00,,
2015-09-06,2,Galicia,301,5ª Regata Liga Provincial Pontevedra-Vilanova de Arousa 2015,Augas Tranquilas,453,H BEN K1 1500,Final,Final,2235,,201,104,00:00:00,,
2015-09-06,2,Galicia,301,5ª Regata Liga Provincial Pontevedra-Vilanova de Arousa 2015,Augas Tranquilas,453,H BEN K1 1500,Final,Final,2568,,215,105,00:00:00,,
2015-09-06,2,Galicia,301,5ª Regata Liga Provincial Pontevedra-Vilanova de Arousa 2015,Augas Tranquilas,454,M ALE-B K1 1500,Final,Final,5448,,400,1,00:01:00,105,
2015-09-06,2,Galicia,301,5ª Regata Liga Provincial Pontevedra-Vilanova de Arousa 2015,Augas Tranquilas,454,M ALE-B K1 1500,Final,Final,3135,,438,2,00:02:00,102,
2015-09-06,2,Galicia,301,5ª Regata Liga Provincial Pontevedra-Vilanova de Arousa 2015,Augas Tranquilas,454,M ALE-B K1 1500,Final,Final,3130,,440,3,00:03:00,99,
2015-09-06,2,Galicia,301,5ª Regata Liga Provincial Pontevedra-Vilanova de Arousa 2015,Augas Tranquilas,454,M ALE-B K1 1500,Final,Final,8388,,445,4,00:04:00,97,
2015-09-06,2,Galicia,301,5ª Regata Liga Provincial Pontevedra-Vilanova de Arousa 2015,Augas Tranquilas,454,M ALE-B K1 1500,Final,Final,3137,,402,5,00:05:00,96,
2015-09-06,2,Galicia,301,5ª Regata Liga Provincial Pontevedra-Vilanova de Arousa 2015,Augas Tranquilas,454,M ALE-B K1 1500,Final,Final,3143,,404,6,00:06:00,95,
2015-09-06,2,Galicia,301,5ª Regata Liga Provincial Pontevedra-Vilanova de Arousa 2015,Augas Tranquilas,454,M ALE-B K1 1500,Final,Final,3133,,442,7,00:07:00,94,
2015-09-06,2,Galicia,301,5ª Regata Liga Provincial Pontevedra-Vilanova de Arousa 2015,Augas Tranquilas,454,M ALE-B K1 1500,Final,Final,3140,,428,8,00:08:00,93,
2015-09-06,2,Galicia,301,5ª Regata Liga Provincial Pontevedra-Vilanova de Arousa 2015,Augas Tranquilas,454,M ALE-B K1 1500,Final,Final,3146,,433,9,00:09:00,92,
2015-09-06,2,Galicia,301,5ª Regata Liga Provincial Pontevedra-Vilanova de Arousa 2015,Augas Tranquilas,454,M ALE-B K1 1500,Final,Final,3614,,403,10,00:10:00,91,
2015-09-06,2,Galicia,301,5ª Regata Liga Provincial Pontevedra-Vilanova de Arousa 2015,Augas Tranquilas,454,M ALE-B K1 1500,Final,Final,3142,,421,11,00:11:00,90,
2015-09-06,2,Galicia,301,5ª Regata Liga Provincial Pontevedra-Vilanova de Arousa 2015,Augas Tranquilas,454,M ALE-B K1 1500,Final,Final,3484,,427,12,00:12:00,89,
2015-09-06,2,Galicia,301,5ª Regata Liga Provincial Pontevedra-Vilanova de Arousa 2015,Augas Tranquilas,454,M ALE-B K1 1500,Final,Final,2569,,441,13,00:13:00,88,
2015-09-06,2,Galicia,301,5ª Regata Liga Provincial Pontevedra-Vilanova de Arousa 2015,Augas Tranquilas,454,M ALE-B K1 1500,Final,Final,4665,,415,14,00:14:00,87,
2015-09-06,2,Galicia,301,5ª Regata Liga Provincial Pontevedra-Vilanova de Arousa 2015,Augas Tranquilas,454,M ALE-B K1 1500,Final,Final,3148,,437,15,00:15:00,86,
2015-09-06,2,Galicia,301,5ª Regata Liga Provincial Pontevedra-Vilanova de Arousa 2015,Augas Tranquilas,454,M ALE-B K1 1500,Final,Final,4250,,425,16,00:16:00,85,
2015-09-06,2,Galicia,301,5ª Regata Liga Provincial Pontevedra-Vilanova de Arousa 2015,Augas Tranquilas,454,M ALE-B K1 1500,Final,Final,2271,,439,17,00:17:00,84,
2015-09-06,2,Galicia,301,5ª Regata Liga Provincial Pontevedra-Vilanova de Arousa 2015,Augas Tranquilas,454,M ALE-B K1 1500,Final,Final,3144,,408,18,00:18:00,83,
2015-09-06,2,Galicia,301,5ª Regata Liga Provincial Pontevedra-Vilanova de Arousa 2015,Augas Tranquilas,454,M ALE-B K1 1500,Final,Final,3160,,412,19,00:19:00,82,
2015-09-06,2,Galicia,301,5ª Regata Liga Provincial Pontevedra-Vilanova de Arousa 2015,Augas Tranquilas,454,M ALE-B K1 1500,Final,Final,2287,,407,20,00:20:00,81,
2015-09-06,2,Galicia,301,5ª Regata Liga Provincial Pontevedra-Vilanova de Arousa 2015,Augas Tranquilas,454,M ALE-B K1 1500,Final,Final,3485,,431,21,00:21:00,80,
2015-09-06,2,Galicia,301,5ª Regata Liga Provincial Pontevedra-Vilanova de Arousa 2015,Augas Tranquilas,454,M ALE-B K1 1500,Final,Final,2571,,416,22,00:22:00,79,
2015-09-06,2,Galicia,301,5ª Regata Liga Provincial Pontevedra-Vilanova de Arousa 2015,Augas Tranquilas,454,M ALE-B K1 1500,Final,Final,2274,,436,23,00:23:00,78,
2015-09-06,2,Galicia,301,5ª Regata Liga Provincial Pontevedra-Vilanova de Arousa 2015,Augas Tranquilas,454,M ALE-B K1 1500,Final,Final,2282,,410,24,00:24:00,77,
2015-09-06,2,Galicia,301,5ª Regata Liga Provincial Pontevedra-Vilanova de Arousa 2015,Augas Tranquilas,454,M ALE-B K1 1500,Final,Final,3150,,411,25,00:25:00,76,
2015-09-06,2,Galicia,301,5ª Regata Liga Provincial Pontevedra-Vilanova de Arousa 2015,Augas Tranquilas,454,M ALE-B K1 1500,Final,Final,3166,,426,26,00:26:00,75,
2015-09-06,2,Galicia,301,5ª Regata Liga Provincial Pontevedra-Vilanova de Arousa 2015,Augas Tranquilas,454,M ALE-B K1 1500,Final,Final,4667,,417,27,00:27:00,74,
2015-09-06,2,Galicia,301,5ª Regata Liga Provincial Pontevedra-Vilanova de Arousa 2015,Augas Tranquilas,454,M ALE-B K1 1500,Final,Final,2286,,432,28,00:28:00,73,
2015-09-06,2,Galicia,301,5ª Regata Liga Provincial Pontevedra-Vilanova de Arousa 2015,Augas Tranquilas,454,M ALE-B K1 1500,Final,Final,3153,,418,29,00:29:00,72,
2015-09-06,2,Galicia,301,5ª Regata Liga Provincial Pontevedra-Vilanova de Arousa 2015,Augas Tranquilas,454,M ALE-B K1 1500,Final,Final,3162,,405,30,00:30:00,71,
2015-09-06,2,Galicia,301,5ª Regata Liga Provincial Pontevedra-Vilanova de Arousa 2015,Augas Tranquilas,454,M ALE-B K1 1500,Final,Final,3486,,419,31,00:31:00,70,
2015-09-06,2,Galicia,301,5ª Regata Liga Provincial Pontevedra-Vilanova de Arousa 2015,Augas Tranquilas,454,M ALE-B K1 1500,Final,Final,2573,,443,32,00:32:00,69,
2015-09-06,2,Galicia,301,5ª Regata Liga Provincial Pontevedra-Vilanova de Arousa 2015,Augas Tranquilas,454,M ALE-B K1 1500,Final,Final,3167,,435,33,00:33:00,68,
2015-09-06,2,Galicia,301,5ª Regata Liga Provincial Pontevedra-Vilanova de Arousa 2015,Augas Tranquilas,454,M ALE-B K1 1500,Final,Final,3157,,430,34,00:34:00,67,
2015-09-06,2,Galicia,301,5ª Regata Liga Provincial Pontevedra-Vilanova de Arousa 2015,Augas Tranquilas,454,M ALE-B K1 1500,Final,Final,2290,,447,35,00:35:00,66,
2015-09-06,2,Galicia,301,5ª Regata Liga Provincial Pontevedra-Vilanova de Arousa 2015,Augas Tranquilas,454,M ALE-B K1 1500,Final,Final,3164,,429,36,00:36:00,65,
2015-09-06,2,Galicia,301,5ª Regata Liga Provincial Pontevedra-Vilanova de Arousa 2015,Augas Tranquilas,454,M ALE-B K1 1500,Final,Final,3158,,423,37,00:37:00,64,
2015-09-06,2,Galicia,301,5ª Regata Liga Provincial Pontevedra-Vilanova de Arousa 2015,Augas Tranquilas,454,M ALE-B K1 1500,Final,Final,3163,,422,38,00:38:00,63,
2015-09-06,2,Galicia,301,5ª Regata Liga Provincial Pontevedra-Vilanova de Arousa 2015,Augas Tranquilas,454,M ALE-B K1 1500,Final,Final,2291,,401,39,00:00:00,,
2015-09-06,2,Galicia,301,5ª Regata Liga Provincial Pontevedra-Vilanova de Arousa 2015,Augas Tranquilas,454,M ALE-B K1 1500,Final,Final,2292,,406,40,00:00:00,,
2015-09-06,2,Galicia,301,5ª Regata Liga Provincial Pontevedra-Vilanova de Arousa 2015,Augas Tranquilas,454,M ALE-B K1 1500,Final,Final,2283,,409,41,00:00:00,,
2015-09-06,2,Galicia,301,5ª Regata Liga Provincial Pontevedra-Vilanova de Arousa 2015,Augas Tranquilas,454,M ALE-B K1 1500,Final,Final,2574,,414,42,00:00:00,,
2015-09-06,2,Galicia,301,5ª Regata Liga Provincial Pontevedra-Vilanova de Arousa 2015,Augas Tranquilas,454,M ALE-B K1 1500,Final,Final,2288,,420,43,00:00:00,,
2015-09-06,2,Galicia,301,5ª Regata Liga Provincial Pontevedra-Vilanova de Arousa 2015,Augas Tranquilas,454,M ALE-B K1 1500,Final,Final,2295,,424,44,00:00:00,,
2015-09-06,2,Galicia,301,5ª Regata Liga Provincial Pontevedra-Vilanova de Arousa 2015,Augas Tranquilas,454,M ALE-B K1 1500,Final,Final,2297,,434,45,00:00:00,,
2015-09-06,2,Galicia,301,5ª Regata Liga Provincial Pontevedra-Vilanova de Arousa 2015,Augas Tranquilas,454,M ALE-B K1 1500,Final,Final,2575,,446,46,00:00:00,,
2015-09-06,2,Galicia,301,5ª Regata Liga Provincial Pontevedra-Vilanova de Arousa 2015,Augas Tranquilas,454,M ALE-B K1 1500,Final,Final,2298,,449,47,00:00:00,,
2015-09-06,2,Galicia,301,5ª Regata Liga Provincial Pontevedra-Vilanova de Arousa 2015,Augas Tranquilas,455,H ALE-B K1 1500,Final,Final,3169,,170,1,00:01:00,105,
2015-09-06,2,Galicia,301,5ª Regata Liga Provincial Pontevedra-Vilanova de Arousa 2015,Augas Tranquilas,455,H ALE-B K1 1500,Final,Final,3226,,165,2,00:02:00,102,
2015-09-06,2,Galicia,301,5ª Regata Liga Provincial Pontevedra-Vilanova de Arousa 2015,Augas Tranquilas,455,H ALE-B K1 1500,Final,Final,3175,,146,3,00:03:00,99,
2015-09-06,2,Galicia,301,5ª Regata Liga Provincial Pontevedra-Vilanova de Arousa 2015,Augas Tranquilas,455,H ALE-B K1 1500,Final,Final,3170,,161,4,00:04:00,97,
2015-09-06,2,Galicia,301,5ª Regata Liga Provincial Pontevedra-Vilanova de Arousa 2015,Augas Tranquilas,455,H ALE-B K1 1500,Final,Final,2299,,154,5,00:05:00,96,
2015-09-06,2,Galicia,301,5ª Regata Liga Provincial Pontevedra-Vilanova de Arousa 2015,Augas Tranquilas,455,H ALE-B K1 1500,Final,Final,3183,,152,6,00:06:00,95,
2015-09-06,2,Galicia,301,5ª Regata Liga Provincial Pontevedra-Vilanova de Arousa 2015,Augas Tranquilas,455,H ALE-B K1 1500,Final,Final,3178,,119,7,00:07:00,94,
2015-09-06,2,Galicia,301,5ª Regata Liga Provincial Pontevedra-Vilanova de Arousa 2015,Augas Tranquilas,455,H ALE-B K1 1500,Final,Final,3615,,112,8,00:08:00,93,
2015-09-06,2,Galicia,301,5ª Regata Liga Provincial Pontevedra-Vilanova de Arousa 2015,Augas Tranquilas,455,H ALE-B K1 1500,Final,Final,3174,,108,9,00:09:00,92,
2015-09-06,2,Galicia,301,5ª Regata Liga Provincial Pontevedra-Vilanova de Arousa 2015,Augas Tranquilas,455,H ALE-B K1 1500,Final,Final,3193,,178,10,00:10:00,91,
2015-09-06,2,Galicia,301,5ª Regata Liga Provincial Pontevedra-Vilanova de Arousa 2015,Augas Tranquilas,455,H ALE-B K1 1500,Final,Final,3185,,125,11,00:11:00,90,
2015-09-06,2,Galicia,301,5ª Regata Liga Provincial Pontevedra-Vilanova de Arousa 2015,Augas Tranquilas,455,H ALE-B K1 1500,Final,Final,3488,,130,12,00:12:00,89,
2015-09-06,2,Galicia,301,5ª Regata Liga Provincial Pontevedra-Vilanova de Arousa 2015,Augas Tranquilas,455,H ALE-B K1 1500,Final,Final,3181,,153,13,00:13:00,88,
2015-09-06,2,Galicia,301,5ª Regata Liga Provincial Pontevedra-Vilanova de Arousa 2015,Augas Tranquilas,455,H ALE-B K1 1500,Final,Final,3187,,173,14,00:14:00,87,
2015-09-06,2,Galicia,301,5ª Regata Liga Provincial Pontevedra-Vilanova de Arousa 2015,Augas Tranquilas,455,H ALE-B K1 1500,Final,Final,3489,,106,15,00:15:00,86,
2015-09-06,2,Galicia,301,5ª Regata Liga Provincial Pontevedra-Vilanova de Arousa 2015,Augas Tranquilas,455,H ALE-B K1 1500,Final,Final,3184,,134,16,00:16:00,85,
2015-09-06,2,Galicia,301,5ª Regata Liga Provincial Pontevedra-Vilanova de Arousa 2015,Augas Tranquilas,455,H ALE-B K1 1500,Final,Final,4265,,141,17,00:17:00,84,
2015-09-06,2,Galicia,301,5ª Regata Liga Provincial Pontevedra-Vilanova de Arousa 2015,Augas Tranquilas,455,H ALE-B K1 1500,Final,Final,3195,,157,18,00:18:00,83,
2015-09-06,2,Galicia,301,5ª Regata Liga Provincial Pontevedra-Vilanova de Arousa 2015,Augas Tranquilas,455,H ALE-B K1 1500,Final,Final,3186,,121,19,00:19:00,82,
2015-09-06,2,Galicia,301,5ª Regata Liga Provincial Pontevedra-Vilanova de Arousa 2015,Augas Tranquilas,455,H ALE-B K1 1500,Final,Final,3188,,129,20,00:20:00,81,
2015-09-06,2,Galicia,301,5ª Regata Liga Provincial Pontevedra-Vilanova de Arousa 2015,Augas Tranquilas,455,H ALE-B K1 1500,Final,Final,3203,,126,21,00:21:00,80,
2015-09-06,2,Galicia,301,5ª Regata Liga Provincial Pontevedra-Vilanova de Arousa 2015,Augas Tranquilas,455,H ALE-B K1 1500,Final,Final,2579,,101,22,00:22:00,79,
2015-09-06,2,Galicia,301,5ª Regata Liga Provincial Pontevedra-Vilanova de Arousa 2015,Augas Tranquilas,455,H ALE-B K1 1500,Final,Final,3491,,145,23,00:23:00,78,
2015-09-06,2,Galicia,301,5ª Regata Liga Provincial Pontevedra-Vilanova de Arousa 2015,Augas Tranquilas,455,H ALE-B K1 1500,Final,Final,3202,,140,24,00:24:00,77,
2015-09-06,2,Galicia,301,5ª Regata Liga Provincial Pontevedra-Vilanova de Arousa 2015,Augas Tranquilas,455,H ALE-B K1 1500,Final,Final,3196,,114,25,00:25:00,76,
2015-09-06,2,Galicia,301,5ª Regata Liga Provincial Pontevedra-Vilanova de Arousa 2015,Augas Tranquilas,455,H ALE-B K1 1500,Final,Final,2346,,113,26,00:26:00,75,
2015-09-06,2,Galicia,301,5ª Regata Liga Provincial Pontevedra-Vilanova de Arousa 2015,Augas Tranquilas,455,H ALE-B K1 1500,Final,Final,3200,,136,27,00:27:00,74,
2015-09-06,2,Galicia,301,5ª Regata Liga Provincial Pontevedra-Vilanova de Arousa 2015,Augas Tranquilas,455,H ALE-B K1 1500,Final,Final,2329,,171,28,00:28:00,73,
2015-09-06,2,Galicia,301,5ª Regata Liga Provincial Pontevedra-Vilanova de Arousa 2015,Augas Tranquilas,455,H ALE-B K1 1500,Final,Final,2580,,137,29,00:29:00,72,
2015-09-06,2,Galicia,301,5ª Regata Liga Provincial Pontevedra-Vilanova de Arousa 2015,Augas Tranquilas,455,H ALE-B K1 1500,Final,Final,3616,,149,30,00:30:00,71,
2015-09-06,2,Galicia,301,5ª Regata Liga Provincial Pontevedra-Vilanova de Arousa 2015,Augas Tranquilas,455,H ALE-B K1 1500,Final,Final,2356,,156,31,00:31:00,70,
2015-09-06,2,Galicia,301,5ª Regata Liga Provincial Pontevedra-Vilanova de Arousa 2015,Augas Tranquilas,455,H ALE-B K1 1500,Final,Final,2581,,144,32,00:32:00,69,
2015-09-06,2,Galicia,301,5ª Regata Liga Provincial Pontevedra-Vilanova de Arousa 2015,Augas Tranquilas,455,H ALE-B K1 1500,Final,Final,4266,,147,33,00:33:00,68,
2015-09-06,2,Galicia,301,5ª Regata Liga Provincial Pontevedra-Vilanova de Arousa 2015,Augas Tranquilas,455,H ALE-B K1 1500,Final,Final,3208,,127,34,00:34:00,67,
2015-09-06,2,Galicia,301,5ª Regata Liga Provincial Pontevedra-Vilanova de Arousa 2015,Augas Tranquilas,455,H ALE-B K1 1500,Final,Final,3198,,177,35,00:35:00,66,
2015-09-06,2,Galicia,301,5ª Regata Liga Provincial Pontevedra-Vilanova de Arousa 2015,Augas Tranquilas,455,H ALE-B K1 1500,Final,Final,3206,,150,36,00:36:00,65,
2015-09-06,2,Galicia,301,5ª Regata Liga Provincial Pontevedra-Vilanova de Arousa 2015,Augas Tranquilas,455,H ALE-B K1 1500,Final,Final,3217,,102,37,00:37:00,64,
2015-09-06,2,Galicia,301,5ª Regata Liga Provincial Pontevedra-Vilanova de Arousa 2015,Augas Tranquilas,455,H ALE-B K1 1500,Final,Final,2326,,105,38,00:38:00,63,
2015-09-06,2,Galicia,301,5ª Regata Liga Provincial Pontevedra-Vilanova de Arousa 2015,Augas Tranquilas,455,H ALE-B K1 1500,Final,Final,3201,,131,39,00:39:00,62,
2015-09-06,2,Galicia,301,5ª Regata Liga Provincial Pontevedra-Vilanova de Arousa 2015,Augas Tranquilas,455,H ALE-B K1 1500,Final,Final,2325,,138,40,00:40:00,61,
2015-09-06,2,Galicia,301,5ª Regata Liga Provincial Pontevedra-Vilanova de Arousa 2015,Augas Tranquilas,455,H ALE-B K1 1500,Final,Final,4269,,109,41,00:41:00,60,
2015-09-06,2,Galicia,301,5ª Regata Liga Provincial Pontevedra-Vilanova de Arousa 2015,Augas Tranquilas,455,H ALE-B K1 1500,Final,Final,2360,,172,42,00:42:00,59,
2015-09-06,2,Galicia,301,5ª Regata Liga Provincial Pontevedra-Vilanova de Arousa 2015,Augas Tranquilas,455,H ALE-B K1 1500,Final,Final,3218,,103,43,00:43:00,58,
2015-09-06,2,Galicia,301,5ª Regata Liga Provincial Pontevedra-Vilanova de Arousa 2015,Augas Tranquilas,455,H ALE-B K1 1500,Final,Final,2586,,142,44,00:44:00,57,
2015-09-06,2,Galicia,301,5ª Regata Liga Provincial Pontevedra-Vilanova de Arousa 2015,Augas Tranquilas,455,H ALE-B K1 1500,Final,Final,3221,,133,45,00:45:00,56,
2015-09-06,2,Galicia,301,5ª Regata Liga Provincial Pontevedra-Vilanova de Arousa 2015,Augas Tranquilas,455,H ALE-B K1 1500,Final,Final,2587,,163,46,00:46:00,55,
2015-09-06,2,Galicia,301,5ª Regata Liga Provincial Pontevedra-Vilanova de Arousa 2015,Augas Tranquilas,455,H ALE-B K1 1500,Final,Final,2339,,155,47,00:47:00,54,
2015-09-06,2,Galicia,301,5ª Regata Liga Provincial Pontevedra-Vilanova de Arousa 2015,Augas Tranquilas,455,H ALE-B K1 1500,Final,Final,3495,,100,48,00:00:00,,
2015-09-06,2,Galicia,301,5ª Regata Liga Provincial Pontevedra-Vilanova de Arousa 2015,Augas Tranquilas,455,H ALE-B K1 1500,Final,Final,3618,,110,49,00:00:00,,
2015-09-06,2,Galicia,301,5ª Regata Liga Provincial Pontevedra-Vilanova de Arousa 2015,Augas Tranquilas,455,H ALE-B K1 1500,Final,Final,2315,,116,50,00:00:00,,
2015-09-06,2,Galicia,301,5ª Regata Liga Provincial Pontevedra-Vilanova de Arousa 2015,Augas Tranquilas,455,H ALE-B K1 1500,Final,Final,3210,,120,51,00:00:00,,
2015-09-06,2,Galicia,301,5ª Regata Liga Provincial Pontevedra-Vilanova de Arousa 2015,Augas Tranquilas,455,H ALE-B K1 1500,Final,Final,2350,,122,52,00:00:00,,
2015-09-06,2,Galicia,301,5ª Regata Liga Provincial Pontevedra-Vilanova de Arousa 2015,Augas Tranquilas,455,H ALE-B K1 1500,Final,Final,4263,,123,53,00:00:00,,
2015-09-06,2,Galicia,301,5ª Regata Liga Provincial Pontevedra-Vilanova de Arousa 2015,Augas Tranquilas,455,H ALE-B K1 1500,Final,Final,2323,,128,54,00:00:00,,
2015-09-06,2,Galicia,301,5ª Regata Liga Provincial Pontevedra-Vilanova de Arousa 2015,Augas Tranquilas,455,H ALE-B K1 1500,Final,Final,3180,,139,55,00:00:00,,
2015-09-06,2,Galicia,301,5ª Regata Liga Provincial Pontevedra-Vilanova de Arousa 2015,Augas Tranquilas,455,H ALE-B K1 1500,Final,Final,3225,,158,56,00:00:00,,
2015-09-06,2,Galicia,301,5ª Regata Liga Provincial Pontevedra-Vilanova de Arousa 2015,Augas Tranquilas,455,H ALE-B K1 1500,Final,Final,3189,,159,57,00:00:00,,
2015-09-06,2,Galicia,301,5ª Regata Liga Provincial Pontevedra-Vilanova de Arousa 2015,Augas Tranquilas,455,H ALE-B K1 1500,Final,Final,3490,,160,58,00:00:00,,
2015-09-06,2,Galicia,301,5ª Regata Liga Provincial Pontevedra-Vilanova de Arousa 2015,Augas Tranquilas,455,H ALE-B K1 1500,Final,Final,3199,,164,59,00:00:00,,
2015-09-06,2,Galicia,301,5ª Regata Liga Provincial Pontevedra-Vilanova de Arousa 2015,Augas Tranquilas,455,H ALE-B K1 1500,Final,Final,3173,,169,60,00:00:00,,
2015-09-06,2,Galicia,301,5ª Regata Liga Provincial Pontevedra-Vilanova de Arousa 2015,Augas Tranquilas,455,H ALE-B K1 1500,Final,Final,2590,,176,61,00:00:00,,
2015-09-06,2,Galicia,301,5ª Regata Liga Provincial Pontevedra-Vilanova de Arousa 2015,Augas Tranquilas,456,M ALE-A K1 1500,Final,Final,2980,,349,1,00:01:00,130,
2015-09-06,2,Galicia,301,5ª Regata Liga Provincial Pontevedra-Vilanova de Arousa 2015,Augas Tranquilas,456,M ALE-A K1 1500,Final,Final,2892,,334,2,00:02:00,127,
2015-09-06,2,Galicia,301,5ª Regata Liga Provincial Pontevedra-Vilanova de Arousa 2015,Augas Tranquilas,456,M ALE-A K1 1500,Final,Final,2909,,341,3,00:03:00,124,
2015-09-06,2,Galicia,301,5ª Regata Liga Provincial Pontevedra-Vilanova de Arousa 2015,Augas Tranquilas,456,M ALE-A K1 1500,Final,Final,2981,,321,4,00:04:00,122,
2015-09-06,2,Galicia,301,5ª Regata Liga Provincial Pontevedra-Vilanova de Arousa 2015,Augas Tranquilas,456,M ALE-A K1 1500,Final,Final,3229,,359,5,00:05:00,121,
2015-09-06,2,Galicia,301,5ª Regata Liga Provincial Pontevedra-Vilanova de Arousa 2015,Augas Tranquilas,456,M ALE-A K1 1500,Final,Final,2983,,320,6,00:06:00,120,
2015-09-06,2,Galicia,301,5ª Regata Liga Provincial Pontevedra-Vilanova de Arousa 2015,Augas Tranquilas,456,M ALE-A K1 1500,Final,Final,2894,,363,7,00:07:00,119,
2015-09-06,2,Galicia,301,5ª Regata Liga Provincial Pontevedra-Vilanova de Arousa 2015,Augas Tranquilas,456,M ALE-A K1 1500,Final,Final,2895,,305,8,00:08:00,118,
2015-09-06,2,Galicia,301,5ª Regata Liga Provincial Pontevedra-Vilanova de Arousa 2015,Augas Tranquilas,456,M ALE-A K1 1500,Final,Final,2984,,336,9,00:09:00,117,
2015-09-06,2,Galicia,301,5ª Regata Liga Provincial Pontevedra-Vilanova de Arousa 2015,Augas Tranquilas,456,M ALE-A K1 1500,Final,Final,3001,,307,10,00:10:00,116,
2015-09-06,2,Galicia,301,5ª Regata Liga Provincial Pontevedra-Vilanova de Arousa 2015,Augas Tranquilas,456,M ALE-A K1 1500,Final,Final,2903,,342,11,00:11:00,115,
2015-09-06,2,Galicia,301,5ª Regata Liga Provincial Pontevedra-Vilanova de Arousa 2015,Augas Tranquilas,456,M ALE-A K1 1500,Final,Final,2986,,362,12,00:12:00,114,
2015-09-06,2,Galicia,301,5ª Regata Liga Provincial Pontevedra-Vilanova de Arousa 2015,Augas Tranquilas,456,M ALE-A K1 1500,Final,Final,3245,,319,13,00:13:00,113,
2015-09-06,2,Galicia,301,5ª Regata Liga Provincial Pontevedra-Vilanova de Arousa 2015,Augas Tranquilas,456,M ALE-A K1 1500,Final,Final,2985,,29,14,00:14:00,112,
2015-09-06,2,Galicia,301,5ª Regata Liga Provincial Pontevedra-Vilanova de Arousa 2015,Augas Tranquilas,456,M ALE-A K1 1500,Final,Final,3232,,323,15,00:15:00,111,
2015-09-06,2,Galicia,301,5ª Regata Liga Provincial Pontevedra-Vilanova de Arousa 2015,Augas Tranquilas,456,M ALE-A K1 1500,Final,Final,2899,,332,16,00:16:00,110,
2015-09-06,2,Galicia,301,5ª Regata Liga Provincial Pontevedra-Vilanova de Arousa 2015,Augas Tranquilas,456,M ALE-A K1 1500,Final,Final,3234,,309,17,00:17:00,109,
2015-09-06,2,Galicia,301,5ª Regata Liga Provincial Pontevedra-Vilanova de Arousa 2015,Augas Tranquilas,456,M ALE-A K1 1500,Final,Final,3231,,326,18,00:18:00,108,
2015-09-06,2,Galicia,301,5ª Regata Liga Provincial Pontevedra-Vilanova de Arousa 2015,Augas Tranquilas,456,M ALE-A K1 1500,Final,Final,2910,,339,19,00:19:00,107,
2015-09-06,2,Galicia,301,5ª Regata Liga Provincial Pontevedra-Vilanova de Arousa 2015,Augas Tranquilas,456,M ALE-A K1 1500,Final,Final,2900,,335,20,00:20:00,106,
2015-09-06,2,Galicia,301,5ª Regata Liga Provincial Pontevedra-Vilanova de Arousa 2015,Augas Tranquilas,456,M ALE-A K1 1500,Final,Final,2988,,311,21,00:21:00,105,
2015-09-06,2,Galicia,301,5ª Regata Liga Provincial Pontevedra-Vilanova de Arousa 2015,Augas Tranquilas,456,M ALE-A K1 1500,Final,Final,3002,,301,22,00:22:00,104,
2015-09-06,2,Galicia,301,5ª Regata Liga Provincial Pontevedra-Vilanova de Arousa 2015,Augas Tranquilas,456,M ALE-A K1 1500,Final,Final,2373,,343,23,00:23:00,103,
2015-09-06,2,Galicia,301,5ª Regata Liga Provincial Pontevedra-Vilanova de Arousa 2015,Augas Tranquilas,456,M ALE-A K1 1500,Final,Final,3233,,316,24,00:24:00,102,
2015-09-06,2,Galicia,301,5ª Regata Liga Provincial Pontevedra-Vilanova de Arousa 2015,Augas Tranquilas,456,M ALE-A K1 1500,Final,Final,2901,,340,25,00:25:00,101,
2015-09-06,2,Galicia,301,5ª Regata Liga Provincial Pontevedra-Vilanova de Arousa 2015,Augas Tranquilas,456,M ALE-A K1 1500,Final,Final,2614,,356,26,00:26:00,100,
2015-09-06,2,Galicia,301,5ª Regata Liga Provincial Pontevedra-Vilanova de Arousa 2015,Augas Tranquilas,456,M ALE-A K1 1500,Final,Final,2989,,360,27,00:27:00,99,
2015-09-06,2,Galicia,301,5ª Regata Liga Provincial Pontevedra-Vilanova de Arousa 2015,Augas Tranquilas,456,M ALE-A K1 1500,Final,Final,4325,,306,28,00:29:00,98,
2015-09-06,2,Galicia,301,5ª Regata Liga Provincial Pontevedra-Vilanova de Arousa 2015,Augas Tranquilas,456,M ALE-A K1 1500,Final,Final,3243,,329,29,00:30:00,97,
2015-09-06,2,Galicia,301,5ª Regata Liga Provincial Pontevedra-Vilanova de Arousa 2015,Augas Tranquilas,456,M ALE-A K1 1500,Final,Final,2380,,353,30,00:31:00,96,
2015-09-06,2,Galicia,301,5ª Regata Liga Provincial Pontevedra-Vilanova de Arousa 2015,Augas Tranquilas,456,M ALE-A K1 1500,Final,Final,2377,,347,31,00:32:00,95,
2015-09-06,2,Galicia,301,5ª Regata Liga Provincial Pontevedra-Vilanova de Arousa 2015,Augas Tranquilas,456,M ALE-A K1 1500,Final,Final,2618,,352,32,00:33:00,94,
2015-09-06,2,Galicia,301,5ª Regata Liga Provincial Pontevedra-Vilanova de Arousa 2015,Augas Tranquilas,456,M ALE-A K1 1500,Final,Final,3236,,325,33,00:34:00,93,
2015-09-06,2,Galicia,301,5ª Regata Liga Provincial Pontevedra-Vilanova de Arousa 2015,Augas Tranquilas,456,M ALE-A K1 1500,Final,Final,2620,,337,34,00:35:00,92,
2015-09-06,2,Galicia,301,5ª Regata Liga Provincial Pontevedra-Vilanova de Arousa 2015,Augas Tranquilas,456,M ALE-A K1 1500,Final,Final,3003,,304,35,00:36:00,91,
2015-09-06,2,Galicia,301,5ª Regata Liga Provincial Pontevedra-Vilanova de Arousa 2015,Augas Tranquilas,456,M ALE-A K1 1500,Final,Final,2370,,322,36,00:38:00,90,
2015-09-06,2,Galicia,301,5ª Regata Liga Provincial Pontevedra-Vilanova de Arousa 2015,Augas Tranquilas,456,M ALE-A K1 1500,Final,Final,2369,,317,37,00:39:00,89,
2015-09-06,2,Galicia,301,5ª Regata Liga Provincial Pontevedra-Vilanova de Arousa 2015,Augas Tranquilas,456,M ALE-A K1 1500,Final,Final,2622,,333,38,00:40:00,88,
2015-09-06,2,Galicia,301,5ª Regata Liga Provincial Pontevedra-Vilanova de Arousa 2015,Augas Tranquilas,456,M ALE-A K1 1500,Final,Final,2623,,330,39,00:41:00,87,
2015-09-06,2,Galicia,301,5ª Regata Liga Provincial Pontevedra-Vilanova de Arousa 2015,Augas Tranquilas,456,M ALE-A K1 1500,Final,Final,2624,,338,40,00:42:00,86,
2015-09-06,2,Galicia,301,5ª Regata Liga Provincial Pontevedra-Vilanova de Arousa 2015,Augas Tranquilas,456,M ALE-A K1 1500,Final,Final,2625,,328,41,00:43:00,85,
2015-09-06,2,Galicia,301,5ª Regata Liga Provincial Pontevedra-Vilanova de Arousa 2015,Augas Tranquilas,456,M ALE-A K1 1500,Final,Final,2626,,351,42,00:44:00,84,
2015-09-06,2,Galicia,301,5ª Regata Liga Provincial Pontevedra-Vilanova de Arousa 2015,Augas Tranquilas,456,M ALE-A K1 1500,Final,Final,2627,,331,43,00:45:00,83,
2015-09-06,2,Galicia,301,5ª Regata Liga Provincial Pontevedra-Vilanova de Arousa 2015,Augas Tranquilas,456,M ALE-A K1 1500,Final,Final,2628,,300,44,00:00:00,,
2015-09-06,2,Galicia,301,5ª Regata Liga Provincial Pontevedra-Vilanova de Arousa 2015,Augas Tranquilas,456,M ALE-A K1 1500,Final,Final,2361,,302,45,00:00:00,,
2015-09-06,2,Galicia,301,5ª Regata Liga Provincial Pontevedra-Vilanova de Arousa 2015,Augas Tranquilas,456,M ALE-A K1 1500,Final,Final,3246,,312,46,00:00:00,,
2015-09-06,2,Galicia,301,5ª Regata Liga Provincial Pontevedra-Vilanova de Arousa 2015,Augas Tranquilas,456,M ALE-A K1 1500,Final,Final,2367,,314,47,00:00:00,,
2015-09-06,2,Galicia,301,5ª Regata Liga Provincial Pontevedra-Vilanova de Arousa 2015,Augas Tranquilas,456,M ALE-A K1 1500,Final,Final,2371,,324,48,00:00:00,,
2015-09-06,2,Galicia,301,5ª Regata Liga Provincial Pontevedra-Vilanova de Arousa 2015,Augas Tranquilas,456,M ALE-A K1 1500,Final,Final,2629,,327,49,00:00:00,,
2015-09-06,2,Galicia,301,5ª Regata Liga Provincial Pontevedra-Vilanova de Arousa 2015,Augas Tranquilas,456,M ALE-A K1 1500,Final,Final,2383,,361,50,00:00:00,,
2015-09-06,2,Galicia,301,5ª Regata Liga Provincial Pontevedra-Vilanova de Arousa 2015,Augas Tranquilas,456,M ALE-A K1 1500,Final,Final,2362,,303,51,00:00:00,,
2015-09-06,2,Galicia,301,5ª Regata Liga Provincial Pontevedra-Vilanova de Arousa 2015,Augas Tranquilas,456,M ALE-A K1 1500,Final,Final,3242,,310,52,00:00:00,,
2015-09-06,2,Galicia,301,5ª Regata Liga Provincial Pontevedra-Vilanova de Arousa 2015,Augas Tranquilas,457,H ALE-A K1 1500,Final,Final,2969,,61,1,00:01:00,130,
2015-09-06,2,Galicia,301,5ª Regata Liga Provincial Pontevedra-Vilanova de Arousa 2015,Augas Tranquilas,457,H ALE-A K1 1500,Final,Final,2973,,40,2,00:02:00,127,
2015-09-06,2,Galicia,301,5ª Regata Liga Provincial Pontevedra-Vilanova de Arousa 2015,Augas Tranquilas,457,H ALE-A K1 1500,Final,Final,3252,,42,3,00:03:00,124,
2015-09-06,2,Galicia,301,5ª Regata Liga Provincial Pontevedra-Vilanova de Arousa 2015,Augas Tranquilas,457,H ALE-A K1 1500,Final,Final,2972,,57,4,00:04:00,122,
2015-09-06,2,Galicia,301,5ª Regata Liga Provincial Pontevedra-Vilanova de Arousa 2015,Augas Tranquilas,457,H ALE-A K1 1500,Final,Final,2871,,58,5,00:05:00,121,
2015-09-06,2,Galicia,301,5ª Regata Liga Provincial Pontevedra-Vilanova de Arousa 2015,Augas Tranquilas,457,H ALE-A K1 1500,Final,Final,2872,,43,6,00:06:00,120,
2015-09-06,2,Galicia,301,5ª Regata Liga Provincial Pontevedra-Vilanova de Arousa 2015,Augas Tranquilas,457,H ALE-A K1 1500,Final,Final,2870,,94,7,00:07:00,119,
2015-09-06,2,Galicia,301,5ª Regata Liga Provincial Pontevedra-Vilanova de Arousa 2015,Augas Tranquilas,457,H ALE-A K1 1500,Final,Final,2971,,14,8,00:08:00,118,
2015-09-06,2,Galicia,301,5ª Regata Liga Provincial Pontevedra-Vilanova de Arousa 2015,Augas Tranquilas,457,H ALE-A K1 1500,Final,Final,3258,,44,9,00:09:00,117,
2015-09-06,2,Galicia,301,5ª Regata Liga Provincial Pontevedra-Vilanova de Arousa 2015,Augas Tranquilas,457,H ALE-A K1 1500,Final,Final,3255,,26,10,00:10:00,116,
2015-09-06,2,Galicia,301,5ª Regata Liga Provincial Pontevedra-Vilanova de Arousa 2015,Augas Tranquilas,457,H ALE-A K1 1500,Final,Final,2876,,92,11,00:11:00,115,
2015-09-06,2,Galicia,301,5ª Regata Liga Provincial Pontevedra-Vilanova de Arousa 2015,Augas Tranquilas,457,H ALE-A K1 1500,Final,Final,2873,,67,12,00:12:00,114,
2015-09-06,2,Galicia,301,5ª Regata Liga Provincial Pontevedra-Vilanova de Arousa 2015,Augas Tranquilas,457,H ALE-A K1 1500,Final,Final,2874,,53,13,00:13:00,113,
2015-09-06,2,Galicia,301,5ª Regata Liga Provincial Pontevedra-Vilanova de Arousa 2015,Augas Tranquilas,457,H ALE-A K1 1500,Final,Final,2643,,52,14,00:14:00,112,
2015-09-06,2,Galicia,301,5ª Regata Liga Provincial Pontevedra-Vilanova de Arousa 2015,Augas Tranquilas,457,H ALE-A K1 1500,Final,Final,2999,,81,15,00:15:00,111,
2015-09-06,2,Galicia,301,5ª Regata Liga Provincial Pontevedra-Vilanova de Arousa 2015,Augas Tranquilas,457,H ALE-A K1 1500,Final,Final,3264,,86,16,00:16:00,110,
2015-09-06,2,Galicia,301,5ª Regata Liga Provincial Pontevedra-Vilanova de Arousa 2015,Augas Tranquilas,457,H ALE-A K1 1500,Final,Final,3259,,27,17,00:17:00,109,
2015-09-06,2,Galicia,301,5ª Regata Liga Provincial Pontevedra-Vilanova de Arousa 2015,Augas Tranquilas,457,H ALE-A K1 1500,Final,Final,2647,,11,18,00:18:00,108,
2015-09-06,2,Galicia,301,5ª Regata Liga Provincial Pontevedra-Vilanova de Arousa 2015,Augas Tranquilas,457,H ALE-A K1 1500,Final,Final,2648,,80,19,00:19:00,107,
2015-09-06,2,Galicia,301,5ª Regata Liga Provincial Pontevedra-Vilanova de Arousa 2015,Augas Tranquilas,457,H ALE-A K1 1500,Final,Final,2885,,48,20,00:20:00,106,
2015-09-06,2,Galicia,301,5ª Regata Liga Provincial Pontevedra-Vilanova de Arousa 2015,Augas Tranquilas,457,H ALE-A K1 1500,Final,Final,2650,,54,21,00:21:00,105,
2015-09-06,2,Galicia,301,5ª Regata Liga Provincial Pontevedra-Vilanova de Arousa 2015,Augas Tranquilas,457,H ALE-A K1 1500,Final,Final,3282,,38,22,00:22:00,104,
2015-09-06,2,Galicia,301,5ª Regata Liga Provincial Pontevedra-Vilanova de Arousa 2015,Augas Tranquilas,457,H ALE-A K1 1500,Final,Final,2652,,50,23,00:23:00,103,
2015-09-06,2,Galicia,301,5ª Regata Liga Provincial Pontevedra-Vilanova de Arousa 2015,Augas Tranquilas,457,H ALE-A K1 1500,Final,Final,3288,,93,24,00:24:00,102,
2015-09-06,2,Galicia,301,5ª Regata Liga Provincial Pontevedra-Vilanova de Arousa 2015,Augas Tranquilas,457,H ALE-A K1 1500,Final,Final,2654,,45,25,00:25:00,101,
2015-09-06,2,Galicia,301,5ª Regata Liga Provincial Pontevedra-Vilanova de Arousa 2015,Augas Tranquilas,457,H ALE-A K1 1500,Final,Final,2886,,64,26,00:26:00,100,
2015-09-06,2,Galicia,301,5ª Regata Liga Provincial Pontevedra-Vilanova de Arousa 2015,Augas Tranquilas,457,H ALE-A K1 1500,Final,Final,2656,,82,27,00:27:00,99,
2015-09-06,2,Galicia,301,5ª Regata Liga Provincial Pontevedra-Vilanova de Arousa 2015,Augas Tranquilas,457,H ALE-A K1 1500,Final,Final,2657,,51,28,00:28:00,98,
2015-09-06,2,Galicia,301,5ª Regata Liga Provincial Pontevedra-Vilanova de Arousa 2015,Augas Tranquilas,457,H ALE-A K1 1500,Final,Final,3543,,91,29,00:29:00,97,
2015-09-06,2,Galicia,301,5ª Regata Liga Provincial Pontevedra-Vilanova de Arousa 2015,Augas Tranquilas,457,H ALE-A K1 1500,Final,Final,2879,,62,30,00:30:00,96,
2015-09-06,2,Galicia,301,5ª Regata Liga Provincial Pontevedra-Vilanova de Arousa 2015,Augas Tranquilas,457,H ALE-A K1 1500,Final,Final,2888,,49,31,00:31:00,95,
2015-09-06,2,Galicia,301,5ª Regata Liga Provincial Pontevedra-Vilanova de Arousa 2015,Augas Tranquilas,457,H ALE-A K1 1500,Final,Final,2882,,66,32,00:32:00,94,
2015-09-06,2,Galicia,301,5ª Regata Liga Provincial Pontevedra-Vilanova de Arousa 2015,Augas Tranquilas,457,H ALE-A K1 1500,Final,Final,4484,,39,33,00:33:00,93,
2015-09-06,2,Galicia,301,5ª Regata Liga Provincial Pontevedra-Vilanova de Arousa 2015,Augas Tranquilas,457,H ALE-A K1 1500,Final,Final,2891,,28,34,00:34:00,92,
2015-09-06,2,Galicia,301,5ª Regata Liga Provincial Pontevedra-Vilanova de Arousa 2015,Augas Tranquilas,457,H ALE-A K1 1500,Final,Final,2402,,33,35,00:35:00,91,
2015-09-06,2,Galicia,301,5ª Regata Liga Provincial Pontevedra-Vilanova de Arousa 2015,Augas Tranquilas,457,H ALE-A K1 1500,Final,Final,2664,,89,36,00:36:00,90,
2015-09-06,2,Galicia,301,5ª Regata Liga Provincial Pontevedra-Vilanova de Arousa 2015,Augas Tranquilas,457,H ALE-A K1 1500,Final,Final,2665,,37,37,00:37:00,89,
2015-09-06,2,Galicia,301,5ª Regata Liga Provincial Pontevedra-Vilanova de Arousa 2015,Augas Tranquilas,457,H ALE-A K1 1500,Final,Final,3284,,88,38,00:38:00,88,
2015-09-06,2,Galicia,301,5ª Regata Liga Provincial Pontevedra-Vilanova de Arousa 2015,Augas Tranquilas,457,H ALE-A K1 1500,Final,Final,2396,,20,39,00:39:00,87,
2015-09-06,2,Galicia,301,5ª Regata Liga Provincial Pontevedra-Vilanova de Arousa 2015,Augas Tranquilas,457,H ALE-A K1 1500,Final,Final,2880,,65,40,00:40:00,86,
2015-09-06,2,Galicia,301,5ª Regata Liga Provincial Pontevedra-Vilanova de Arousa 2015,Augas Tranquilas,457,H ALE-A K1 1500,Final,Final,2668,,59,41,00:41:00,85,
2015-09-06,2,Galicia,301,5ª Regata Liga Provincial Pontevedra-Vilanova de Arousa 2015,Augas Tranquilas,457,H ALE-A K1 1500,Final,Final,2884,,68,42,00:42:00,84,
2015-09-06,2,Galicia,301,5ª Regata Liga Provincial Pontevedra-Vilanova de Arousa 2015,Augas Tranquilas,457,H ALE-A K1 1500,Final,Final,2670,,13,43,00:43:00,83,
2015-09-06,2,Galicia,301,5ª Regata Liga Provincial Pontevedra-Vilanova de Arousa 2015,Augas Tranquilas,457,H ALE-A K1 1500,Final,Final,7195,,19,44,00:44:00,82,
2015-09-06,2,Galicia,301,5ª Regata Liga Provincial Pontevedra-Vilanova de Arousa 2015,Augas Tranquilas,457,H ALE-A K1 1500,Final,Final,2411,,79,45,00:45:00,81,
2015-09-06,2,Galicia,301,5ª Regata Liga Provincial Pontevedra-Vilanova de Arousa 2015,Augas Tranquilas,457,H ALE-A K1 1500,Final,Final,2672,,7,46,00:46:00,80,
2015-09-06,2,Galicia,301,5ª Regata Liga Provincial Pontevedra-Vilanova de Arousa 2015,Augas Tranquilas,457,H ALE-A K1 1500,Final,Final,2673,,21,47,00:47:00,79,
2015-09-06,2,Galicia,301,5ª Regata Liga Provincial Pontevedra-Vilanova de Arousa 2015,Augas Tranquilas,457,H ALE-A K1 1500,Final,Final,2409,,83,48,00:48:00,78,
2015-09-06,2,Galicia,301,5ª Regata Liga Provincial Pontevedra-Vilanova de Arousa 2015,Augas Tranquilas,457,H ALE-A K1 1500,Final,Final,3289,,47,49,00:49:00,77,
2015-09-06,2,Galicia,301,5ª Regata Liga Provincial Pontevedra-Vilanova de Arousa 2015,Augas Tranquilas,457,H ALE-A K1 1500,Final,Final,2397,,22,50,00:50:00,76,
2015-09-06,2,Galicia,301,5ª Regata Liga Provincial Pontevedra-Vilanova de Arousa 2015,Augas Tranquilas,457,H ALE-A K1 1500,Final,Final,2978,,6,51,00:51:00,75,
2015-09-06,2,Galicia,301,5ª Regata Liga Provincial Pontevedra-Vilanova de Arousa 2015,Augas Tranquilas,457,H ALE-A K1 1500,Final,Final,2977,,10,52,00:52:00,74,
2015-09-06,2,Galicia,301,5ª Regata Liga Provincial Pontevedra-Vilanova de Arousa 2015,Augas Tranquilas,457,H ALE-A K1 1500,Final,Final,3267,,31,53,00:53:00,73,
2015-09-06,2,Galicia,301,5ª Regata Liga Provincial Pontevedra-Vilanova de Arousa 2015,Augas Tranquilas,457,H ALE-A K1 1500,Final,Final,2678,,34,54,00:54:00,72,
2015-09-06,2,Galicia,301,5ª Regata Liga Provincial Pontevedra-Vilanova de Arousa 2015,Augas Tranquilas,457,H ALE-A K1 1500,Final,Final,2679,,55,55,00:55:00,71,
2015-09-06,2,Galicia,301,5ª Regata Liga Provincial Pontevedra-Vilanova de Arousa 2015,Augas Tranquilas,457,H ALE-A K1 1500,Final,Final,2680,,56,56,00:56:00,70,
2015-09-06,2,Galicia,301,5ª Regata Liga Provincial Pontevedra-Vilanova de Arousa 2015,Augas Tranquilas,457,H ALE-A K1 1500,Final,Final,3276,,30,57,00:57:00,69,
2015-09-06,2,Galicia,301,5ª Regata Liga Provincial Pontevedra-Vilanova de Arousa 2015,Augas Tranquilas,457,H ALE-A K1 1500,Final,Final,2682,,1,58,00:00:00,,
2015-09-06,2,Galicia,301,5ª Regata Liga Provincial Pontevedra-Vilanova de Arousa 2015,Augas Tranquilas,457,H ALE-A K1 1500,Final,Final,2384,,2,59,00:00:00,,
2015-09-06,2,Galicia,301,5ª Regata Liga Provincial Pontevedra-Vilanova de Arousa 2015,Augas Tranquilas,457,H ALE-A K1 1500,Final,Final,2385,,3,60,00:00:00,,
2015-09-06,2,Galicia,301,5ª Regata Liga Provincial Pontevedra-Vilanova de Arousa 2015,Augas Tranquilas,457,H ALE-A K1 1500,Final,Final,2387,,5,61,00:00:00,,
2015-09-06,2,Galicia,301,5ª Regata Liga Provincial Pontevedra-Vilanova de Arousa 2015,Augas Tranquilas,457,H ALE-A K1 1500,Final,Final,2390,,8,62,00:00:00,,
2015-09-06,2,Galicia,301,5ª Regata Liga Provincial Pontevedra-Vilanova de Arousa 2015,Augas Tranquilas,457,H ALE-A K1 1500,Final,Final,2392,,9,63,00:00:00,,
2015-09-06,2,Galicia,301,5ª Regata Liga Provincial Pontevedra-Vilanova de Arousa 2015,Augas Tranquilas,457,H ALE-A K1 1500,Final,Final,2683,,12,64,00:00:00,,
2015-09-06,2,Galicia,301,5ª Regata Liga Provincial Pontevedra-Vilanova de Arousa 2015,Augas Tranquilas,457,H ALE-A K1 1500,Final,Final,2393,,15,65,00:00:00,,
2015-09-06,2,Galicia,301,5ª Regata Liga Provincial Pontevedra-Vilanova de Arousa 2015,Augas Tranquilas,457,H ALE-A K1 1500,Final,Final,2394,,16,66,00:00:00,,
2015-09-06,2,Galicia,301,5ª Regata Liga Provincial Pontevedra-Vilanova de Arousa 2015,Augas Tranquilas,457,H ALE-A K1 1500,Final,Final,2398,,23,67,00:00:00,,
2015-09-06,2,Galicia,301,5ª Regata Liga Provincial Pontevedra-Vilanova de Arousa 2015,Augas Tranquilas,457,H ALE-A K1 1500,Final,Final,2399,,24,68,00:00:00,,
2015-09-06,2,Galicia,301,5ª Regata Liga Provincial Pontevedra-Vilanova de Arousa 2015,Augas Tranquilas,457,H ALE-A K1 1500,Final,Final,2400,,25,69,00:00:00,,
2015-09-06,2,Galicia,301,5ª Regata Liga Provincial Pontevedra-Vilanova de Arousa 2015,Augas Tranquilas,457,H ALE-A K1 1500,Final,Final,2985,,29,70,00:00:00,,
2015-09-06,2,Galicia,301,5ª Regata Liga Provincial Pontevedra-Vilanova de Arousa 2015,Augas Tranquilas,457,H ALE-A K1 1500,Final,Final,3272,,32,71,00:00:00,,
2015-09-06,2,Galicia,301,5ª Regata Liga Provincial Pontevedra-Vilanova de Arousa 2015,Augas Tranquilas,457,H ALE-A K1 1500,Final,Final,2685,,46,72,00:00:00,,
2015-09-06,2,Galicia,301,5ª Regata Liga Provincial Pontevedra-Vilanova de Arousa 2015,Augas Tranquilas,457,H ALE-A K1 1500,Final,Final,2878,,60,73,00:00:00,,
2015-09-06,2,Galicia,301,5ª Regata Liga Provincial Pontevedra-Vilanova de Arousa 2015,Augas Tranquilas,457,H ALE-A K1 1500,Final,Final,3290,,87,74,00:00:00,,
2015-09-12,2,Galicia,302,Descenso do Rio Sil-2015,Augas Tranquilas,458,M JUN C1 7000,Final,Final,1075,,492,1,00:28:51,55,
2015-09-12,2,Galicia,302,Descenso do Rio Sil-2015,Augas Tranquilas,458,M JUN C1 7000,Final,Final,1118,,491,2,00:37:10,52,
2015-09-12,2,Galicia,302,Descenso do Rio Sil-2015,Augas Tranquilas,458,M JUN C1 7000,Final,Final,1692,,490,3,00:39:41,49,
2015-09-12,2,Galicia,302,Descenso do Rio Sil-2015,Augas Tranquilas,459,M CAD K1 7000,Final,Final,1117,,526,1,00:23:55,55,
2015-09-12,2,Galicia,302,Descenso do Rio Sil-2015,Augas Tranquilas,459,M CAD K1 7000,Final,Final,1097,,500,2,00:25:46,52,
2015-09-12,2,Galicia,302,Descenso do Rio Sil-2015,Augas Tranquilas,459,M CAD K1 7000,Final,Final,855,,524,3,00:26:07,49,
2015-09-12,2,Galicia,302,Descenso do Rio Sil-2015,Augas Tranquilas,459,M CAD K1 7000,Final,Final,1083,,512,4,00:28:19,47,
2015-09-12,2,Galicia,302,Descenso do Rio Sil-2015,Augas Tranquilas,459,M CAD K1 7000,Final,Final,2520,,517,5,00:28:30,46,
2015-09-12,2,Galicia,302,Descenso do Rio Sil-2015,Augas Tranquilas,459,M CAD K1 7000,Final,Final,856,,510,6,00:30:04,45,
2015-09-12,2,Galicia,302,Descenso do Rio Sil-2015,Augas Tranquilas,459,M CAD K1 7000,Final,Final,1103,,519,7,00:30:20,44,
2015-09-12,2,Galicia,302,Descenso do Rio Sil-2015,Augas Tranquilas,459,M CAD K1 7000,Final,Final,1084,,508,8,00:30:21,43,
2015-09-12,2,Galicia,302,Descenso do Rio Sil-2015,Augas Tranquilas,459,M CAD K1 7000,Final,Final,1079,,509,9,00:30:26,42,
2015-09-12,2,Galicia,302,Descenso do Rio Sil-2015,Augas Tranquilas,459,M CAD K1 7000,Final,Final,1085,,507,10,00:30:26,41,
2015-09-12,2,Galicia,302,Descenso do Rio Sil-2015,Augas Tranquilas,459,M CAD K1 7000,Final,Final,857,,511,11,00:30:52,40,
2015-09-12,2,Galicia,302,Descenso do Rio Sil-2015,Augas Tranquilas,459,M CAD K1 7000,Final,Final,1668,,523,12,00:30:57,39,
2015-09-12,2,Galicia,302,Descenso do Rio Sil-2015,Augas Tranquilas,459,M CAD K1 7000,Final,Final,1089,,522,13,00:31:33,38,
2015-09-12,2,Galicia,302,Descenso do Rio Sil-2015,Augas Tranquilas,459,M CAD K1 7000,Final,Final,1093,,502,14,00:31:38,37,
2015-09-12,2,Galicia,302,Descenso do Rio Sil-2015,Augas Tranquilas,459,M CAD K1 7000,Final,Final,1689,,520,15,00:31:57,36,
2015-09-12,2,Galicia,302,Descenso do Rio Sil-2015,Augas Tranquilas,459,M CAD K1 7000,Final,Final,1108,,505,16,00:32:00,35,
2015-09-12,2,Galicia,302,Descenso do Rio Sil-2015,Augas Tranquilas,459,M CAD K1 7000,Final,Final,1081,,503,17,00:32:34,34,
2015-09-12,2,Galicia,302,Descenso do Rio Sil-2015,Augas Tranquilas,459,M CAD K1 7000,Final,Final,4805,,514,18,00:33:01,33,
2015-09-12,2,Galicia,302,Descenso do Rio Sil-2015,Augas Tranquilas,459,M CAD K1 7000,Final,Final,1096,,504,19,00:33:48,32,
2015-09-12,2,Galicia,302,Descenso do Rio Sil-2015,Augas Tranquilas,459,M CAD K1 7000,Final,Final,1688,,521,20,00:34:04,31,
2015-09-12,2,Galicia,302,Descenso do Rio Sil-2015,Augas Tranquilas,459,M CAD K1 7000,Final,Final,3359,,515,21,00:34:07,30,
2015-09-12,2,Galicia,302,Descenso do Rio Sil-2015,Augas Tranquilas,459,M CAD K1 7000,Final,Final,2928,,528,22,00:34:43,29,
2015-09-12,2,Galicia,302,Descenso do Rio Sil-2015,Augas Tranquilas,459,M CAD K1 7000,Final,Final,2521,,516,23,00:36:22,,
2015-09-12,2,Galicia,302,Descenso do Rio Sil-2015,Augas Tranquilas,459,M CAD K1 7000,Final,Final,2926,,527,24,00:38:59,,
2015-09-12,2,Galicia,302,Descenso do Rio Sil-2015,Augas Tranquilas,459,M CAD K1 7000,Final,Final,1082,,513,25,00:39:34,,
2015-09-12,2,Galicia,302,Descenso do Rio Sil-2015,Augas Tranquilas,459,M CAD K1 7000,Final,Final,2522,,518,26,00:39:43,,
2015-09-12,2,Galicia,302,Descenso do Rio Sil-2015,Augas Tranquilas,459,M CAD K1 7000,Final,Final,1113,,506,27,00:44:10,,
2015-09-12,2,Galicia,302,Descenso do Rio Sil-2015,Augas Tranquilas,459,M CAD K1 7000,Final,Final,2687,,529,28,00:00:00,,
2015-09-12,2,Galicia,302,Descenso do Rio Sil-2015,Augas Tranquilas,460,H VET K1 7000,Final,Final,2500,,907,1,00:24:26,55,
2015-09-12,2,Galicia,302,Descenso do Rio Sil-2015,Augas Tranquilas,460,H VET K1 7000,Final,Final,1599,,903,2,00:25:30,52,
2015-09-12,2,Galicia,302,Descenso do Rio Sil-2015,Augas Tranquilas,460,H VET K1 7000,Final,Final,946,,915,3,00:25:35,49,
2015-09-12,2,Galicia,302,Descenso do Rio Sil-2015,Augas Tranquilas,460,H VET K1 7000,Final,Final,1888,,917,4,00:25:43,47,
2015-09-12,2,Galicia,302,Descenso do Rio Sil-2015,Augas Tranquilas,460,H VET K1 7000,Final,Final,945,,906,5,00:26:36,46,
2015-09-12,2,Galicia,302,Descenso do Rio Sil-2015,Augas Tranquilas,460,H VET K1 7000,Final,Final,943,,914,6,00:26:57,45,
2015-09-12,2,Galicia,302,Descenso do Rio Sil-2015,Augas Tranquilas,460,H VET K1 7000,Final,Final,2688,,921,7,00:26:58,44,
2015-09-12,2,Galicia,302,Descenso do Rio Sil-2015,Augas Tranquilas,460,H VET K1 7000,Final,Final,2689,,910,8,00:26:59,43,
2015-09-12,2,Galicia,302,Descenso do Rio Sil-2015,Augas Tranquilas,460,H VET K1 7000,Final,Final,1019,,916,9,00:27:09,42,
2015-09-12,2,Galicia,302,Descenso do Rio Sil-2015,Augas Tranquilas,460,H VET K1 7000,Final,Final,950,,913,10,00:27:23,41,
2015-09-12,2,Galicia,302,Descenso do Rio Sil-2015,Augas Tranquilas,460,H VET K1 7000,Final,Final,3008,,5007,11,00:29:08,40,
2015-09-12,2,Galicia,302,Descenso do Rio Sil-2015,Augas Tranquilas,460,H VET K1 7000,Final,Final,1929,,919,12,00:29:16,39,
2015-09-12,2,Galicia,302,Descenso do Rio Sil-2015,Augas Tranquilas,460,H VET K1 7000,Final,Final,2690,,908,13,00:30:21,38,
2015-09-12,2,Galicia,302,Descenso do Rio Sil-2015,Augas Tranquilas,460,H VET K1 7000,Final,Final,900,,901,14,00:30:51,37,
2015-09-12,2,Galicia,302,Descenso do Rio Sil-2015,Augas Tranquilas,460,H VET K1 7000,Final,Final,2691,,922,15,00:31:00,36,
2015-09-12,2,Galicia,302,Descenso do Rio Sil-2015,Augas Tranquilas,460,H VET K1 7000,Final,Final,2692,,911,16,00:31:21,35,
2015-09-12,2,Galicia,302,Descenso do Rio Sil-2015,Augas Tranquilas,460,H VET K1 7000,Final,Final,2693,,909,17,00:31:27,34,
2015-09-12,2,Galicia,302,Descenso do Rio Sil-2015,Augas Tranquilas,460,H VET K1 7000,Final,Final,2495,,904,18,00:36:15,,
2015-09-12,2,Galicia,302,Descenso do Rio Sil-2015,Augas Tranquilas,460,H VET K1 7000,Final,Final,3626,,920,19,00:36:26,,
2015-09-12,2,Galicia,302,Descenso do Rio Sil-2015,Augas Tranquilas,460,H VET K1 7000,Final,Final,2494,,900,20,00:39:06,,
2015-09-12,2,Galicia,302,Descenso do Rio Sil-2015,Augas Tranquilas,460,H VET K1 7000,Final,Final,2694,,902,21,00:49:49,,
2015-09-12,2,Galicia,302,Descenso do Rio Sil-2015,Augas Tranquilas,460,H VET K1 7000,Final,Final,21933,,912,22,00:00:00,,
2015-09-12,2,Galicia,302,Descenso do Rio Sil-2015,Augas Tranquilas,461,H VET C1 7000,Final,Final,1709,,994,1,00:29:44,55,
2015-09-12,2,Galicia,302,Descenso do Rio Sil-2015,Augas Tranquilas,461,H VET C1 7000,Final,Final,2695,,990,2,00:31:02,52,
2015-09-12,2,Galicia,302,Descenso do Rio Sil-2015,Augas Tranquilas,461,H VET C1 7000,Final,Final,1708,,995,3,00:41:04,,
2015-09-12,2,Galicia,302,Descenso do Rio Sil-2015,Augas Tranquilas,461,H VET C1 7000,Final,Final,1768,,991,4,00:00:00,,
2015-09-12,2,Galicia,302,Descenso do Rio Sil-2015,Augas Tranquilas,461,H VET C1 7000,Final,Final,1707,,993,5,00:00:00,,
2015-09-12,2,Galicia,302,Descenso do Rio Sil-2015,Augas Tranquilas,461,H VET C1 7000,Final,Final,2696,,4444,6,00:00:00,,
2015-09-12,2,Galicia,302,Descenso do Rio Sil-2015,Augas Tranquilas,462,M VET K1 7000,Final,Final,1191,,952,1,00:28:14,55,
2015-09-12,2,Galicia,302,Descenso do Rio Sil-2015,Augas Tranquilas,462,M VET K1 7000,Final,Final,2516,,951,2,00:30:41,52,
2015-09-12,2,Galicia,302,Descenso do Rio Sil-2015,Augas Tranquilas,462,M VET K1 7000,Final,Final,828,,950,3,00:39:50,,
2015-09-12,2,Galicia,302,Descenso do Rio Sil-2015,Augas Tranquilas,463,H SEN K2 7000,Final,Final,983 984,,1000,1,00:24:21.99,105,
2015-09-12,2,Galicia,302,Descenso do Rio Sil-2015,Augas Tranquilas,463,H SEN K2 7000,Final,Final,2697 8328,,1019,2,00:24:50.23,102,
2015-09-12,2,Galicia,302,Descenso do Rio Sil-2015,Augas Tranquilas,463,H SEN K2 7000,Final,Final,877 896,,1012,3,00:24:53.33,99,
2015-09-12,2,Galicia,302,Descenso do Rio Sil-2015,Augas Tranquilas,463,H SEN K2 7000,Final,Final,993 994,,1018,4,00:25:11.49,97,
2015-09-12,2,Galicia,302,Descenso do Rio Sil-2015,Augas Tranquilas,463,H SEN K2 7000,Final,Final,1608 1718,,1008,5,00:26:22.84,96,
2015-09-12,2,Galicia,302,Descenso do Rio Sil-2015,Augas Tranquilas,463,H SEN K2 7000,Final,Final,2699 2700,,1014,6,00:26:32.51,95,
2015-09-12,2,Galicia,302,Descenso do Rio Sil-2015,Augas Tranquilas,463,H SEN K2 7000,Final,Final,880 881,,1006,7,00:26:40.46,94,
2015-09-12,2,Galicia,302,Descenso do Rio Sil-2015,Augas Tranquilas,463,H SEN K2 7000,Final,Final,921 991,,1017,8,00:28:03.79,93,
2015-09-12,2,Galicia,302,Descenso do Rio Sil-2015,Augas Tranquilas,463,H SEN K2 7000,Final,Final,935 960,,1015,9,00:28:18.11,92,
2015-09-12,2,Galicia,302,Descenso do Rio Sil-2015,Augas Tranquilas,463,H SEN K2 7000,Final,Final,987 988,,1011,10,00:28:35.23,91,
2015-09-12,2,Galicia,302,Descenso do Rio Sil-2015,Augas Tranquilas,463,H SEN K2 7000,Final,Final,2510 2701,,1020,11,00:29:54.39,90,
2015-09-12,2,Galicia,302,Descenso do Rio Sil-2015,Augas Tranquilas,463,H SEN K2 7000,Final,Final,890 893,,1007,12,00:30:31.15,89,
2015-09-12,2,Galicia,302,Descenso do Rio Sil-2015,Augas Tranquilas,463,H SEN K2 7000,Final,Final,938 968,,1005,13,00:30:32.91,88,
2015-09-12,2,Galicia,302,Descenso do Rio Sil-2015,Augas Tranquilas,463,H SEN K2 7000,Final,Final,876 981,,1013,14,00:30:45.85,87,
2015-09-12,2,Galicia,302,Descenso do Rio Sil-2015,Augas Tranquilas,463,H SEN K2 7000,Final,Final,1739 1740,,1009,15,00:32:19.52,86,
2015-09-12,2,Galicia,302,Descenso do Rio Sil-2015,Augas Tranquilas,463,H SEN K2 7000,Final,Final,927 2702,,1003,16,00:33:54.74,85,
2015-09-12,2,Galicia,302,Descenso do Rio Sil-2015,Augas Tranquilas,463,H SEN K2 7000,Final,Final,995 1731,,1001,17,00:34:12.98,84,
2015-09-12,2,Galicia,302,Descenso do Rio Sil-2015,Augas Tranquilas,463,H SEN K2 7000,Final,Final,3682 3755,,1010,18,00:35:16.88,,
2015-09-12,2,Galicia,302,Descenso do Rio Sil-2015,Augas Tranquilas,463,H SEN K2 7000,Final,Final,1007 2482,,1004,19,00:36:18.89,,
2015-09-12,2,Galicia,302,Descenso do Rio Sil-2015,Augas Tranquilas,463,H SEN K2 7000,Final,Final,1735 1736,,1016,20,00:55:12.2,,
2015-09-12,2,Galicia,302,Descenso do Rio Sil-2015,Augas Tranquilas,464,H SEN K1 7000,Final,Final,915,,18,1,00:23:47,55,
2015-09-12,2,Galicia,302,Descenso do Rio Sil-2015,Augas Tranquilas,464,H SEN K1 7000,Final,Final,2704,,34,2,00:24:09,52,
2015-09-12,2,Galicia,302,Descenso do Rio Sil-2015,Augas Tranquilas,464,H SEN K1 7000,Final,Final,2505,,17,3,00:25:01,49,
2015-09-12,2,Galicia,302,Descenso do Rio Sil-2015,Augas Tranquilas,464,H SEN K1 7000,Final,Final,918,,20,4,00:25:05,47,
2015-09-12,2,Galicia,302,Descenso do Rio Sil-2015,Augas Tranquilas,464,H SEN K1 7000,Final,Final,1598,,26,5,00:25:23,46,
2015-09-12,2,Galicia,302,Descenso do Rio Sil-2015,Augas Tranquilas,464,H SEN K1 7000,Final,Final,919,,21,6,00:25:25,45,
2015-09-12,2,Galicia,302,Descenso do Rio Sil-2015,Augas Tranquilas,464,H SEN K1 7000,Final,Final,882,,3,7,00:27:15,44,
2015-09-12,2,Galicia,302,Descenso do Rio Sil-2015,Augas Tranquilas,464,H SEN K1 7000,Final,Final,883,,28,8,00:27:16,43,
2015-09-12,2,Galicia,302,Descenso do Rio Sil-2015,Augas Tranquilas,464,H SEN K1 7000,Final,Final,923,,14,9,00:27:33,42,
2015-09-12,2,Galicia,302,Descenso do Rio Sil-2015,Augas Tranquilas,464,H SEN K1 7000,Final,Final,920,,13,10,00:28:01,41,
2015-09-12,2,Galicia,302,Descenso do Rio Sil-2015,Augas Tranquilas,464,H SEN K1 7000,Final,Final,2705,,33,11,00:28:04,40,
2015-09-12,2,Galicia,302,Descenso do Rio Sil-2015,Augas Tranquilas,464,H SEN K1 7000,Final,Final,989,,5,12,00:28:21,39,
2015-09-12,2,Galicia,302,Descenso do Rio Sil-2015,Augas Tranquilas,464,H SEN K1 7000,Final,Final,887,,4,13,00:28:24,38,
2015-09-12,2,Galicia,302,Descenso do Rio Sil-2015,Augas Tranquilas,464,H SEN K1 7000,Final,Final,1615,,27,14,00:29:11,37,
2015-09-12,2,Galicia,302,Descenso do Rio Sil-2015,Augas Tranquilas,464,H SEN K1 7000,Final,Final,934,,5006,15,00:29:25,36,
2015-09-12,2,Galicia,302,Descenso do Rio Sil-2015,Augas Tranquilas,464,H SEN K1 7000,Final,Final,937,,7,16,00:29:34,35,
2015-09-12,2,Galicia,302,Descenso do Rio Sil-2015,Augas Tranquilas,464,H SEN K1 7000,Final,Final,894,,30,17,00:29:54,34,
2015-09-12,2,Galicia,302,Descenso do Rio Sil-2015,Augas Tranquilas,464,H SEN K1 7000,Final,Final,929,,31,18,00:30:30,33,
2015-09-12,2,Galicia,302,Descenso do Rio Sil-2015,Augas Tranquilas,464,H SEN K1 7000,Final,Final,2706,,8,19,00:30:37,32,
2015-09-12,2,Galicia,302,Descenso do Rio Sil-2015,Augas Tranquilas,464,H SEN K1 7000,Final,Final,1573,,5001,20,00:30:49,31,
2015-09-12,2,Galicia,302,Descenso do Rio Sil-2015,Augas Tranquilas,464,H SEN K1 7000,Final,Final,2707,,19,21,00:30:57,30,
2015-09-12,2,Galicia,302,Descenso do Rio Sil-2015,Augas Tranquilas,464,H SEN K1 7000,Final,Final,933,,15,22,00:31:07,29,
2015-09-12,2,Galicia,302,Descenso do Rio Sil-2015,Augas Tranquilas,464,H SEN K1 7000,Final,Final,1617,,29,23,00:31:29,28,
2015-09-12,2,Galicia,302,Descenso do Rio Sil-2015,Augas Tranquilas,464,H SEN K1 7000,Final,Final,931,,22,24,00:31:49,27,
2015-09-12,2,Galicia,302,Descenso do Rio Sil-2015,Augas Tranquilas,464,H SEN K1 7000,Final,Final,990,,6,25,00:34:46,,
2015-09-12,2,Galicia,302,Descenso do Rio Sil-2015,Augas Tranquilas,464,H SEN K1 7000,Final,Final,2708,,35,26,00:44:52,,
2015-09-12,2,Galicia,302,Descenso do Rio Sil-2015,Augas Tranquilas,464,H SEN K1 7000,Final,Final,2482,,1,27,00:00:00,,
2015-09-12,2,Galicia,302,Descenso do Rio Sil-2015,Augas Tranquilas,464,H SEN K1 7000,Final,Final,1717,,2,28,00:00:00,,
2015-09-12,2,Galicia,302,Descenso do Rio Sil-2015,Augas Tranquilas,464,H SEN K1 7000,Final,Final,3080,,9,29,00:00:00,,
2015-09-12,2,Galicia,302,Descenso do Rio Sil-2015,Augas Tranquilas,464,H SEN K1 7000,Final,Final,3703,,10,30,00:00:00,,
2015-09-12,2,Galicia,302,Descenso do Rio Sil-2015,Augas Tranquilas,464,H SEN K1 7000,Final,Final,1616,,11,31,00:00:00,,
2015-09-12,2,Galicia,302,Descenso do Rio Sil-2015,Augas Tranquilas,464,H SEN K1 7000,Final,Final,2537,,12,32,00:00:00,,
2015-09-12,2,Galicia,302,Descenso do Rio Sil-2015,Augas Tranquilas,464,H SEN K1 7000,Final,Final,1610,,24,33,00:00:00,,
2015-09-12,2,Galicia,302,Descenso do Rio Sil-2015,Augas Tranquilas,464,H SEN K1 7000,Final,Final,1720,,25,34,00:00:00,,
2015-09-12,2,Galicia,302,Descenso do Rio Sil-2015,Augas Tranquilas,464,H SEN K1 7000,Final,Final,2418,,32,35,00:00:00,,
2015-09-12,2,Galicia,302,Descenso do Rio Sil-2015,Augas Tranquilas,465,H SEN C1 7000,Final,Final,1770,,604,1,00:24:40,55,
2015-09-12,2,Galicia,302,Descenso do Rio Sil-2015,Augas Tranquilas,465,H SEN C1 7000,Final,Final,2711,,612,2,00:25:24,52,
2015-09-12,2,Galicia,302,Descenso do Rio Sil-2015,Augas Tranquilas,465,H SEN C1 7000,Final,Final,1026,,608,3,00:25:32,49,
2015-09-12,2,Galicia,302,Descenso do Rio Sil-2015,Augas Tranquilas,465,H SEN C1 7000,Final,Final,2712,,600,4,00:26:02,47,
2015-09-12,2,Galicia,302,Descenso do Rio Sil-2015,Augas Tranquilas,465,H SEN C1 7000,Final,Final,3631,,606,5,00:26:31,46,
2015-09-12,2,Galicia,302,Descenso do Rio Sil-2015,Augas Tranquilas,465,H SEN C1 7000,Final,Final,1027,,602,6,00:27:32,45,
2015-09-12,2,Galicia,302,Descenso do Rio Sil-2015,Augas Tranquilas,465,H SEN C1 7000,Final,Final,2696,,613,7,00:27:38,44,
2015-09-12,2,Galicia,302,Descenso do Rio Sil-2015,Augas Tranquilas,465,H SEN C1 7000,Final,Final,1028,,603,8,00:27:55,43,
2015-09-12,2,Galicia,302,Descenso do Rio Sil-2015,Augas Tranquilas,465,H SEN C1 7000,Final,Final,1765,,605,9,00:31:10,42,
2015-09-12,2,Galicia,302,Descenso do Rio Sil-2015,Augas Tranquilas,465,H SEN C1 7000,Final,Final,1749,,609,10,00:33:08,41,
2015-09-12,2,Galicia,302,Descenso do Rio Sil-2015,Augas Tranquilas,465,H SEN C1 7000,Final,Final,2713,,610,11,00:33:26,40,
2015-09-12,2,Galicia,302,Descenso do Rio Sil-2015,Augas Tranquilas,465,H SEN C1 7000,Final,Final,1036,,601,12,00:33:43,39,
2015-09-12,2,Galicia,302,Descenso do Rio Sil-2015,Augas Tranquilas,465,H SEN C1 7000,Final,Final,2513,,607,13,00:37:13,,
2015-09-12,2,Galicia,302,Descenso do Rio Sil-2015,Augas Tranquilas,465,H SEN C1 7000,Final,Final,2714,,611,14,00:00:00,,
2015-09-12,2,Galicia,302,Descenso do Rio Sil-2015,Augas Tranquilas,466,M SEN K1 7000,Final,Final,1129,,301,1,00:25:54,55,
2015-09-12,2,Galicia,302,Descenso do Rio Sil-2015,Augas Tranquilas,466,M SEN K1 7000,Final,Final,1136,,305,2,00:26:06,52,
2015-09-12,2,Galicia,302,Descenso do Rio Sil-2015,Augas Tranquilas,466,M SEN K1 7000,Final,Final,825,,309,3,00:26:24,49,
2015-09-12,2,Galicia,302,Descenso do Rio Sil-2015,Augas Tranquilas,466,M SEN K1 7000,Final,Final,2715,,306,4,00:26:39,47,
2015-09-12,2,Galicia,302,Descenso do Rio Sil-2015,Augas Tranquilas,466,M SEN K1 7000,Final,Final,1128,,300,5,00:27:19,46,
2015-09-12,2,Galicia,302,Descenso do Rio Sil-2015,Augas Tranquilas,466,M SEN K1 7000,Final,Final,1700,,307,6,00:39:17,,
2015-09-12,2,Galicia,302,Descenso do Rio Sil-2015,Augas Tranquilas,466,M SEN K1 7000,Final,Final,826,,308,7,00:39:43,,
2015-09-12,2,Galicia,302,Descenso do Rio Sil-2015,Augas Tranquilas,466,M SEN K1 7000,Final,Final,1131,,303,8,00:41:30,,
2015-09-12,2,Galicia,302,Descenso do Rio Sil-2015,Augas Tranquilas,466,M SEN K1 7000,Final,Final,1073,,310,9,00:49:21,,
2015-09-12,2,Galicia,302,Descenso do Rio Sil-2015,Augas Tranquilas,466,M SEN K1 7000,Final,Final,1638,,302,10,00:00:00,,
2015-09-12,2,Galicia,302,Descenso do Rio Sil-2015,Augas Tranquilas,466,M SEN K1 7000,Final,Final,1141,,304,11,00:00:00,,
2015-09-12,2,Galicia,302,Descenso do Rio Sil-2015,Augas Tranquilas,467,H JUN K2 7000,Final,Final,1777 1783,,1106,1,00:26:22,105,
2015-09-12,2,Galicia,302,Descenso do Rio Sil-2015,Augas Tranquilas,467,H JUN K2 7000,Final,Final,962 3371,,1101,2,00:27:06,102,
2015-09-12,2,Galicia,302,Descenso do Rio Sil-2015,Augas Tranquilas,467,H JUN K2 7000,Final,Final,861 862,,1103,3,00:27:57,99,
2015-09-12,2,Galicia,302,Descenso do Rio Sil-2015,Augas Tranquilas,467,H JUN K2 7000,Final,Final,1797 1798,,1105,4,00:30:09,97,
2015-09-12,2,Galicia,302,Descenso do Rio Sil-2015,Augas Tranquilas,467,H JUN K2 7000,Final,Final,2716 2717,,1112,5,00:30:32,96,
2015-09-12,2,Galicia,302,Descenso do Rio Sil-2015,Augas Tranquilas,467,H JUN K2 7000,Final,Final,2425 2426,,1110,6,00:32:16,95,
2015-09-12,2,Galicia,302,Descenso do Rio Sil-2015,Augas Tranquilas,467,H JUN K2 7000,Final,Final,1163 1172,,1102,7,00:38:08,,
2015-09-12,2,Galicia,302,Descenso do Rio Sil-2015,Augas Tranquilas,467,H JUN K2 7000,Final,Final,1011 1161,,1100,8,00:38:52,,
2015-09-12,2,Galicia,302,Descenso do Rio Sil-2015,Augas Tranquilas,467,H JUN K2 7000,Final,Final,1003 1147,,1109,9,00:42:20,,
2015-09-12,2,Galicia,302,Descenso do Rio Sil-2015,Augas Tranquilas,467,H JUN K2 7000,Final,Final,868 2787,,1107,10,00:43:07,,
2015-09-12,2,Galicia,302,Descenso do Rio Sil-2015,Augas Tranquilas,467,H JUN K2 7000,Final,Final,999 1000,,1104,11,00:00:00,,
2015-09-12,2,Galicia,302,Descenso do Rio Sil-2015,Augas Tranquilas,467,H JUN K2 7000,Final,Final,863 866,,,12,00:00:00,,
2015-09-12,2,Galicia,302,Descenso do Rio Sil-2015,Augas Tranquilas,468,H JUN K1 7000,Final,Final,2718,,113,1,00:23:22,55,
2015-09-12,2,Galicia,302,Descenso do Rio Sil-2015,Augas Tranquilas,468,H JUN K1 7000,Final,Final,958,,106,2,00:24:51,52,
2015-09-12,2,Galicia,302,Descenso do Rio Sil-2015,Augas Tranquilas,468,H JUN K1 7000,Final,Final,1789,,111,3,00:25:23,49,
2015-09-12,2,Galicia,302,Descenso do Rio Sil-2015,Augas Tranquilas,468,H JUN K1 7000,Final,Final,1775,,116,4,00:26:14,47,
2015-09-12,2,Galicia,302,Descenso do Rio Sil-2015,Augas Tranquilas,468,H JUN K1 7000,Final,Final,964,,118,5,00:26:15,46,
2015-09-12,2,Galicia,302,Descenso do Rio Sil-2015,Augas Tranquilas,468,H JUN K1 7000,Final,Final,2957,,124,6,00:26:40,45,
2015-09-12,2,Galicia,302,Descenso do Rio Sil-2015,Augas Tranquilas,468,H JUN K1 7000,Final,Final,864,,122,7,00:26:40,44,
2015-09-12,2,Galicia,302,Descenso do Rio Sil-2015,Augas Tranquilas,468,H JUN K1 7000,Final,Final,860,,103,8,00:26:58,43,
2015-09-12,2,Galicia,302,Descenso do Rio Sil-2015,Augas Tranquilas,468,H JUN K1 7000,Final,Final,967,,112,9,00:27:00,42,
2015-09-12,2,Galicia,302,Descenso do Rio Sil-2015,Augas Tranquilas,468,H JUN K1 7000,Final,Final,961,,119,10,00:27:26,41,
2015-09-12,2,Galicia,302,Descenso do Rio Sil-2015,Augas Tranquilas,468,H JUN K1 7000,Final,Final,2719,,123,11,00:27:31,40,
2015-09-12,2,Galicia,302,Descenso do Rio Sil-2015,Augas Tranquilas,468,H JUN K1 7000,Final,Final,865,,104,12,00:28:15,39,
2015-09-12,2,Galicia,302,Descenso do Rio Sil-2015,Augas Tranquilas,468,H JUN K1 7000,Final,Final,999,,109,13,00:28:45,38,
2015-09-12,2,Galicia,302,Descenso do Rio Sil-2015,Augas Tranquilas,468,H JUN K1 7000,Final,Final,1004,,121,14,00:28:50,37,
2015-09-12,2,Galicia,302,Descenso do Rio Sil-2015,Augas Tranquilas,468,H JUN K1 7000,Final,Final,4706,,100,15,00:29:08,36,
2015-09-12,2,Galicia,302,Descenso do Rio Sil-2015,Augas Tranquilas,468,H JUN K1 7000,Final,Final,4705,,101,16,00:29:47,35,
2015-09-12,2,Galicia,302,Descenso do Rio Sil-2015,Augas Tranquilas,468,H JUN K1 7000,Final,Final,975,,102,17,00:30:30,34,
2015-09-12,2,Galicia,302,Descenso do Rio Sil-2015,Augas Tranquilas,468,H JUN K1 7000,Final,Final,1787,,115,18,00:30:31,33,
2015-09-12,2,Galicia,302,Descenso do Rio Sil-2015,Augas Tranquilas,468,H JUN K1 7000,Final,Final,866,,5000,19,00:30:39,32,
2015-09-12,2,Galicia,302,Descenso do Rio Sil-2015,Augas Tranquilas,468,H JUN K1 7000,Final,Final,4811,,117,20,00:31:14,31,
2015-09-12,2,Galicia,302,Descenso do Rio Sil-2015,Augas Tranquilas,468,H JUN K1 7000,Final,Final,965,,120,21,00:31:45,30,
2015-09-12,2,Galicia,302,Descenso do Rio Sil-2015,Augas Tranquilas,468,H JUN K1 7000,Final,Final,973,,107,22,00:32:29,29,
2015-09-12,2,Galicia,302,Descenso do Rio Sil-2015,Augas Tranquilas,468,H JUN K1 7000,Final,Final,2721,,114,23,00:39:51,,
2015-09-12,2,Galicia,302,Descenso do Rio Sil-2015,Augas Tranquilas,468,H JUN K1 7000,Final,Final,1002,,105,24,00:50:44,,
2015-09-12,2,Galicia,302,Descenso do Rio Sil-2015,Augas Tranquilas,468,H JUN K1 7000,Final,Final,1869,,108,25,00:00:00,,
2015-09-12,2,Galicia,302,Descenso do Rio Sil-2015,Augas Tranquilas,468,H JUN K1 7000,Final,Final,1006,,110,26,00:00:00,,
2015-09-12,2,Galicia,302,Descenso do Rio Sil-2015,Augas Tranquilas,469,H JUN C1 7000,Final,Final,1872,,700,1,00:26:54,55,
2015-09-12,2,Galicia,302,Descenso do Rio Sil-2015,Augas Tranquilas,469,H JUN C1 7000,Final,Final,1058,,701,2,00:29:20,52,
2015-09-12,2,Galicia,302,Descenso do Rio Sil-2015,Augas Tranquilas,469,H JUN C1 7000,Final,Final,1048,,5005,3,00:35:30,49,
2015-09-12,2,Galicia,302,Descenso do Rio Sil-2015,Augas Tranquilas,469,H JUN C1 7000,Final,Final,1047,,703,4,00:37:56,,
2015-09-12,2,Galicia,302,Descenso do Rio Sil-2015,Augas Tranquilas,469,H JUN C1 7000,Final,Final,1045,,702,5,00:00:00,,
2015-09-12,2,Galicia,302,Descenso do Rio Sil-2015,Augas Tranquilas,470,M JUN K1 7000,Final,Final,1649,,401,1,00:26:54,55,
2015-09-12,2,Galicia,302,Descenso do Rio Sil-2015,Augas Tranquilas,470,M JUN K1 7000,Final,Final,2518,,407,2,00:27:14,52,
2015-09-12,2,Galicia,302,Descenso do Rio Sil-2015,Augas Tranquilas,470,M JUN K1 7000,Final,Final,1124,,400,3,00:27:40,49,
2015-09-12,2,Galicia,302,Descenso do Rio Sil-2015,Augas Tranquilas,470,M JUN K1 7000,Final,Final,1119,,411,4,00:28:35,47,
2015-09-12,2,Galicia,302,Descenso do Rio Sil-2015,Augas Tranquilas,470,M JUN K1 7000,Final,Final,2722,,412,5,00:29:05,46,
2015-09-12,2,Galicia,302,Descenso do Rio Sil-2015,Augas Tranquilas,470,M JUN K1 7000,Final,Final,1121,,402,6,00:29:41,45,
2015-09-12,2,Galicia,302,Descenso do Rio Sil-2015,Augas Tranquilas,470,M JUN K1 7000,Final,Final,858,,409,7,00:31:14,44,
2015-09-12,2,Galicia,302,Descenso do Rio Sil-2015,Augas Tranquilas,470,M JUN K1 7000,Final,Final,1655,,410,8,00:32:48,43,
2015-09-12,2,Galicia,302,Descenso do Rio Sil-2015,Augas Tranquilas,470,M JUN K1 7000,Final,Final,1123,,405,9,00:32:59,42,
2015-09-12,2,Galicia,302,Descenso do Rio Sil-2015,Augas Tranquilas,470,M JUN K1 7000,Final,Final,1122,,406,10,00:37:46,,
2015-09-12,2,Galicia,302,Descenso do Rio Sil-2015,Augas Tranquilas,470,M JUN K1 7000,Final,Final,1100,,404,11,00:37:52,,
2015-09-12,2,Galicia,302,Descenso do Rio Sil-2015,Augas Tranquilas,470,M JUN K1 7000,Final,Final,1077,,408,12,00:43:51,,
2015-09-12,2,Galicia,302,Descenso do Rio Sil-2015,Augas Tranquilas,470,M JUN K1 7000,Final,Final,831,,403,13,00:56:03,,
2015-09-12,2,Galicia,302,Descenso do Rio Sil-2015,Augas Tranquilas,471,H CAD K2 7000,Final,Final,1145 1538,,1204,1,00:27:17,105,
2015-09-12,2,Galicia,302,Descenso do Rio Sil-2015,Augas Tranquilas,471,H CAD K2 7000,Final,Final,2723 2724,,1209,2,00:28:07,102,
2015-09-12,2,Galicia,302,Descenso do Rio Sil-2015,Augas Tranquilas,471,H CAD K2 7000,Final,Final,838 839,,1201,3,00:28:16,99,
2015-09-12,2,Galicia,302,Descenso do Rio Sil-2015,Augas Tranquilas,471,H CAD K2 7000,Final,Final,1833 1865,,1205,4,00:29:48,97,
2015-09-12,2,Galicia,302,Descenso do Rio Sil-2015,Augas Tranquilas,471,H CAD K2 7000,Final,Final,1151 1152,,1200,5,00:29:55,96,
2015-09-12,2,Galicia,302,Descenso do Rio Sil-2015,Augas Tranquilas,471,H CAD K2 7000,Final,Final,834 835,,1206,6,00:31:18,95,
2015-09-12,2,Galicia,302,Descenso do Rio Sil-2015,Augas Tranquilas,471,H CAD K2 7000,Final,Final,1474 1476,,1208,7,00:32:48,94,
2015-09-12,2,Galicia,302,Descenso do Rio Sil-2015,Augas Tranquilas,471,H CAD K2 7000,Final,Final,1150 1166,,1203,8,00:43:39,,
2015-09-12,2,Galicia,302,Descenso do Rio Sil-2015,Augas Tranquilas,471,H CAD K2 7000,Final,Final,1148 1154,,1207,9,00:44:49,,
2015-09-12,2,Galicia,302,Descenso do Rio Sil-2015,Augas Tranquilas,472,H CAD K1 7000,Final,Final,1157,,208,1,00:24:51,55,
2015-09-12,2,Galicia,302,Descenso do Rio Sil-2015,Augas Tranquilas,472,H CAD K1 7000,Final,Final,836,,204,2,00:24:52,52,
2015-09-12,2,Galicia,302,Descenso do Rio Sil-2015,Augas Tranquilas,472,H CAD K1 7000,Final,Final,2476,,223,3,00:25:34,49,
2015-09-12,2,Galicia,302,Descenso do Rio Sil-2015,Augas Tranquilas,472,H CAD K1 7000,Final,Final,1804,,5004,4,00:26:25,47,
2015-09-12,2,Galicia,302,Descenso do Rio Sil-2015,Augas Tranquilas,472,H CAD K1 7000,Final,Final,2473,,225,5,00:26:32,46,
2015-09-12,2,Galicia,302,Descenso do Rio Sil-2015,Augas Tranquilas,472,H CAD K1 7000,Final,Final,1149,,211,6,00:27:08,45,
2015-09-12,2,Galicia,302,Descenso do Rio Sil-2015,Augas Tranquilas,472,H CAD K1 7000,Final,Final,840,,205,7,00:27:09,44,
2015-09-12,2,Galicia,302,Descenso do Rio Sil-2015,Augas Tranquilas,472,H CAD K1 7000,Final,Final,1178,,221,8,00:27:19,43,
2015-09-12,2,Galicia,302,Descenso do Rio Sil-2015,Augas Tranquilas,472,H CAD K1 7000,Final,Final,2499,,212,9,00:27:44,42,
2015-09-12,2,Galicia,302,Descenso do Rio Sil-2015,Augas Tranquilas,472,H CAD K1 7000,Final,Final,2474,,224,10,00:27:49,41,
2015-09-12,2,Galicia,302,Descenso do Rio Sil-2015,Augas Tranquilas,472,H CAD K1 7000,Final,Final,2725,,219,11,00:27:56,40,
2015-09-12,2,Galicia,302,Descenso do Rio Sil-2015,Augas Tranquilas,472,H CAD K1 7000,Final,Final,837,,203,12,00:28:47,39,
2015-09-12,2,Galicia,302,Descenso do Rio Sil-2015,Augas Tranquilas,472,H CAD K1 7000,Final,Final,1173,,210,13,00:28:53,38,
2015-09-12,2,Galicia,302,Descenso do Rio Sil-2015,Augas Tranquilas,472,H CAD K1 7000,Final,Final,1167,,201,14,00:29:26,37,
2015-09-12,2,Galicia,302,Descenso do Rio Sil-2015,Augas Tranquilas,472,H CAD K1 7000,Final,Final,1155,,213,15,00:29:45,36,
2015-09-12,2,Galicia,302,Descenso do Rio Sil-2015,Augas Tranquilas,472,H CAD K1 7000,Final,Final,1169,,216,16,00:29:49,35,
2015-09-12,2,Galicia,302,Descenso do Rio Sil-2015,Augas Tranquilas,472,H CAD K1 7000,Final,Final,1156,,215,17,00:30:29,34,
2015-09-12,2,Galicia,302,Descenso do Rio Sil-2015,Augas Tranquilas,472,H CAD K1 7000,Final,Final,2475,,226,18,00:30:45,33,
2015-09-12,2,Galicia,302,Descenso do Rio Sil-2015,Augas Tranquilas,472,H CAD K1 7000,Final,Final,2941,,227,19,00:30:58,32,
2015-09-12,2,Galicia,302,Descenso do Rio Sil-2015,Augas Tranquilas,472,H CAD K1 7000,Final,Final,1848,,207,20,00:31:06,31,
2015-09-12,2,Galicia,302,Descenso do Rio Sil-2015,Augas Tranquilas,472,H CAD K1 7000,Final,Final,1177,,217,21,00:31:38,30,
2015-09-12,2,Galicia,302,Descenso do Rio Sil-2015,Augas Tranquilas,472,H CAD K1 7000,Final,Final,1171,,200,22,00:33:48,29,
2015-09-12,2,Galicia,302,Descenso do Rio Sil-2015,Augas Tranquilas,472,H CAD K1 7000,Final,Final,1190,,228,23,00:34:39,28,
2015-09-12,2,Galicia,302,Descenso do Rio Sil-2015,Augas Tranquilas,472,H CAD K1 7000,Final,Final,2798,,214,24,00:36:51,,
2015-09-12,2,Galicia,302,Descenso do Rio Sil-2015,Augas Tranquilas,472,H CAD K1 7000,Final,Final,1153,,222,25,00:37:35,,
2015-09-12,2,Galicia,302,Descenso do Rio Sil-2015,Augas Tranquilas,472,H CAD K1 7000,Final,Final,853,,206,26,00:37:44,,
2015-09-12,2,Galicia,302,Descenso do Rio Sil-2015,Augas Tranquilas,472,H CAD K1 7000,Final,Final,2938,,209,27,00:41:04,,
2015-09-12,2,Galicia,302,Descenso do Rio Sil-2015,Augas Tranquilas,472,H CAD K1 7000,Final,Final,1170,,229,28,00:41:30,,
2015-09-12,2,Galicia,302,Descenso do Rio Sil-2015,Augas Tranquilas,472,H CAD K1 7000,Final,Final,1179,,202,29,00:48:38,,
2015-09-12,2,Galicia,302,Descenso do Rio Sil-2015,Augas Tranquilas,472,H CAD K1 7000,Final,Final,3365,,218,30,00:00:00,,
2015-09-12,2,Galicia,302,Descenso do Rio Sil-2015,Augas Tranquilas,472,H CAD K1 7000,Final,Final,2726,,230,31,00:00:00,,
2015-09-12,2,Galicia,302,Descenso do Rio Sil-2015,Augas Tranquilas,474,H CAD C1 7000,Final,Final,22505,,800,1,00:29:59,55,
2015-09-12,2,Galicia,302,Descenso do Rio Sil-2015,Augas Tranquilas,474,H CAD C1 7000,Final,Final,1874,,802,2,00:33:25,52,
2015-09-12,2,Galicia,302,Descenso do Rio Sil-2015,Augas Tranquilas,474,H CAD C1 7000,Final,Final,1063,,806,3,00:34:07,49,
2015-09-12,2,Galicia,302,Descenso do Rio Sil-2015,Augas Tranquilas,474,H CAD C1 7000,Final,Final,1062,,809,4,00:36:31,47,
2015-09-12,2,Galicia,302,Descenso do Rio Sil-2015,Augas Tranquilas,474,H CAD C1 7000,Final,Final,1064,,808,5,00:37:07,46,
2015-09-12,2,Galicia,302,Descenso do Rio Sil-2015,Augas Tranquilas,474,H CAD C1 7000,Final,Final,1052,,807,6,00:40:42,45,
2015-09-12,2,Galicia,302,Descenso do Rio Sil-2015,Augas Tranquilas,474,H CAD C1 7000,Final,Final,1065,,810,7,00:45:56,,
2015-09-12,2,Galicia,302,Descenso do Rio Sil-2015,Augas Tranquilas,474,H CAD C1 7000,Final,Final,1058,,801,8,00:00:00,,
2015-09-12,2,Galicia,302,Descenso do Rio Sil-2015,Augas Tranquilas,474,H CAD C1 7000,Final,Final,2727,,805,9,00:00:00,,
2015-09-12,2,Galicia,302,Descenso do Rio Sil-2015,Augas Tranquilas,475,H VET K2 7000,Final,Final,897 1012,,1902,1,00:26:37.21,105,
2015-09-12,2,Galicia,302,Descenso do Rio Sil-2015,Augas Tranquilas,475,H VET K2 7000,Final,Final,911 1579,,1903,2,00:28:31.54,99,
2015-09-12,2,Galicia,302,Descenso do Rio Sil-2015,Augas Tranquilas,475,H VET K2 7000,Final,Final,1918 1919,,1904,3,00:29:21.62,97,
2015-09-12,2,Galicia,302,Descenso do Rio Sil-2015,Augas Tranquilas,475,H VET K2 7000,Final,Final,1017 1018,,1906,4,00:29:27.75,96,
2015-09-12,2,Galicia,302,Descenso do Rio Sil-2015,Augas Tranquilas,475,H VET K2 7000,Final,Final,1916 1917,,1905,5,00:30:52.53,95,
2015-09-12,2,Galicia,302,Descenso do Rio Sil-2015,Augas Tranquilas,475,H VET K2 7000,Final,Final,1925 1926,,1900,6,00:50:10.06,,
2015-09-12,2,Galicia,302,Descenso do Rio Sil-2015,Augas Tranquilas,475,H VET K2 7000,Final,Final,1733 2495,,1901,7,00:00:00,,
2015-09-26,2,Galicia,304,XVI Descenso do Rio Sor (Regata Amistosa)-26/09/2015,Augas Tranquilas,476,H JUN C1 6000,Final,Final,1041,,700,1,00:34:06.32,,
2015-09-26,2,Galicia,304,XVI Descenso do Rio Sor (Regata Amistosa)-26/09/2015,Augas Tranquilas,477,H BEN K1 1500,Final,Final,773,,255,1,00:11:45.39,105,
2015-09-26,2,Galicia,304,XVI Descenso do Rio Sor (Regata Amistosa)-26/09/2015,Augas Tranquilas,477,H BEN K1 1500,Final,Final,3737,,259,2,00:11:58.83,102,
2015-09-26,2,Galicia,304,XVI Descenso do Rio Sor (Regata Amistosa)-26/09/2015,Augas Tranquilas,477,H BEN K1 1500,Final,Final,3565,,251,3,00:12:03.36,99,
2015-09-26,2,Galicia,304,XVI Descenso do Rio Sor (Regata Amistosa)-26/09/2015,Augas Tranquilas,477,H BEN K1 1500,Final,Final,1583,,257,4,00:12:27.55,97,
2015-09-26,2,Galicia,304,XVI Descenso do Rio Sor (Regata Amistosa)-26/09/2015,Augas Tranquilas,477,H BEN K1 1500,Final,Final,4070,,262,5,00:12:29.29,96,
2015-09-26,2,Galicia,304,XVI Descenso do Rio Sor (Regata Amistosa)-26/09/2015,Augas Tranquilas,477,H BEN K1 1500,Final,Final,4031,,258,6,00:13:03.1,95,
2015-09-26,2,Galicia,304,XVI Descenso do Rio Sor (Regata Amistosa)-26/09/2015,Augas Tranquilas,477,H BEN K1 1500,Final,Final,1549,,254,7,00:13:21.82,94,
2015-09-26,2,Galicia,304,XVI Descenso do Rio Sor (Regata Amistosa)-26/09/2015,Augas Tranquilas,477,H BEN K1 1500,Final,Final,4030,,260,8,00:13:48.75,93,
2015-09-26,2,Galicia,304,XVI Descenso do Rio Sor (Regata Amistosa)-26/09/2015,Augas Tranquilas,477,H BEN K1 1500,Final,Final,1233,,263,9,00:13:53.42,92,
2015-09-26,2,Galicia,304,XVI Descenso do Rio Sor (Regata Amistosa)-26/09/2015,Augas Tranquilas,477,H BEN K1 1500,Final,Final,2054,,264,10,00:19:18.56,91,
2015-09-26,2,Galicia,304,XVI Descenso do Rio Sor (Regata Amistosa)-26/09/2015,Augas Tranquilas,477,H BEN K1 1500,Final,Final,3736,,261,11,00:19:21.9,90,
2015-09-26,2,Galicia,304,XVI Descenso do Rio Sor (Regata Amistosa)-26/09/2015,Augas Tranquilas,477,H BEN K1 1500,Final,Final,775,,250,12,00:00:00,,
2015-09-26,2,Galicia,304,XVI Descenso do Rio Sor (Regata Amistosa)-26/09/2015,Augas Tranquilas,477,H BEN K1 1500,Final,Final,2728,,252,13,00:00:00,,
2015-09-26,2,Galicia,304,XVI Descenso do Rio Sor (Regata Amistosa)-26/09/2015,Augas Tranquilas,477,H BEN K1 1500,Final,Final,1548,,253,14,00:00:00,,
2015-09-26,2,Galicia,304,XVI Descenso do Rio Sor (Regata Amistosa)-26/09/2015,Augas Tranquilas,477,H BEN K1 1500,Final,Final,779,,256,15,00:00:00,,
2015-09-26,2,Galicia,304,XVI Descenso do Rio Sor (Regata Amistosa)-26/09/2015,Augas Tranquilas,478,H ALEVIN K1 1500,Final,Final,3251,,54,1,00:09:36.36,105,
2015-09-26,2,Galicia,304,XVI Descenso do Rio Sor (Regata Amistosa)-26/09/2015,Augas Tranquilas,478,H ALEVIN K1 1500,Final,Final,3540,,70,2,00:09:52.43,102,
2015-09-26,2,Galicia,304,XVI Descenso do Rio Sor (Regata Amistosa)-26/09/2015,Augas Tranquilas,478,H ALEVIN K1 1500,Final,Final,1542,,61,3,00:10:35.13,99,
2015-09-26,2,Galicia,304,XVI Descenso do Rio Sor (Regata Amistosa)-26/09/2015,Augas Tranquilas,478,H ALEVIN K1 1500,Final,Final,769,,60,4,00:11:07.52,97,
2015-09-26,2,Galicia,304,XVI Descenso do Rio Sor (Regata Amistosa)-26/09/2015,Augas Tranquilas,478,H ALEVIN K1 1500,Final,Final,3191,,57,5,00:11:08.29,96,
2015-09-26,2,Galicia,304,XVI Descenso do Rio Sor (Regata Amistosa)-26/09/2015,Augas Tranquilas,478,H ALEVIN K1 1500,Final,Final,3559,,53,6,00:11:17.55,95,
2015-09-26,2,Galicia,304,XVI Descenso do Rio Sor (Regata Amistosa)-26/09/2015,Augas Tranquilas,478,H ALEVIN K1 1500,Final,Final,3260,,67,7,00:11:22.45,94,
2015-09-26,2,Galicia,304,XVI Descenso do Rio Sor (Regata Amistosa)-26/09/2015,Augas Tranquilas,478,H ALEVIN K1 1500,Final,Final,3555,,56,8,00:11:32.87,93,
2015-09-26,2,Galicia,304,XVI Descenso do Rio Sor (Regata Amistosa)-26/09/2015,Augas Tranquilas,478,H ALEVIN K1 1500,Final,Final,4832,,74,9,00:11:46.72,92,
2015-09-26,2,Galicia,304,XVI Descenso do Rio Sor (Regata Amistosa)-26/09/2015,Augas Tranquilas,478,H ALEVIN K1 1500,Final,Final,3641,,73,10,00:11:48.93,91,
2015-09-26,2,Galicia,304,XVI Descenso do Rio Sor (Regata Amistosa)-26/09/2015,Augas Tranquilas,478,H ALEVIN K1 1500,Final,Final,3277,,71,11,00:12:15.04,90,
2015-09-26,2,Galicia,304,XVI Descenso do Rio Sor (Regata Amistosa)-26/09/2015,Augas Tranquilas,478,H ALEVIN K1 1500,Final,Final,789,,63,12,00:12:32.1,89,
2015-09-26,2,Galicia,304,XVI Descenso do Rio Sor (Regata Amistosa)-26/09/2015,Augas Tranquilas,478,H ALEVIN K1 1500,Final,Final,1543,,50,13,00:12:41.68,88,
2015-09-26,2,Galicia,304,XVI Descenso do Rio Sor (Regata Amistosa)-26/09/2015,Augas Tranquilas,478,H ALEVIN K1 1500,Final,Final,4065,,65,14,00:12:48.47,87,
2015-09-26,2,Galicia,304,XVI Descenso do Rio Sor (Regata Amistosa)-26/09/2015,Augas Tranquilas,478,H ALEVIN K1 1500,Final,Final,5780,,51,15,00:12:51.22,86,
2015-09-26,2,Galicia,304,XVI Descenso do Rio Sor (Regata Amistosa)-26/09/2015,Augas Tranquilas,478,H ALEVIN K1 1500,Final,Final,3557,,55,16,00:13:00.17,85,
2015-09-26,2,Galicia,304,XVI Descenso do Rio Sor (Regata Amistosa)-26/09/2015,Augas Tranquilas,478,H ALEVIN K1 1500,Final,Final,3214,,72,17,00:13:48.76,84,
2015-09-26,2,Galicia,304,XVI Descenso do Rio Sor (Regata Amistosa)-26/09/2015,Augas Tranquilas,478,H ALEVIN K1 1500,Final,Final,3556,,52,18,00:14:21.16,83,
2015-09-26,2,Galicia,304,XVI Descenso do Rio Sor (Regata Amistosa)-26/09/2015,Augas Tranquilas,478,H ALEVIN K1 1500,Final,Final,770,,58,19,00:15:24.78,82,
2015-09-26,2,Galicia,304,XVI Descenso do Rio Sor (Regata Amistosa)-26/09/2015,Augas Tranquilas,478,H ALEVIN K1 1500,Final,Final,2729,,59,20,00:00:00,,
2015-09-26,2,Galicia,304,XVI Descenso do Rio Sor (Regata Amistosa)-26/09/2015,Augas Tranquilas,478,H ALEVIN K1 1500,Final,Final,1551,,62,21,00:00:00,,
2015-09-26,2,Galicia,304,XVI Descenso do Rio Sor (Regata Amistosa)-26/09/2015,Augas Tranquilas,478,H ALEVIN K1 1500,Final,Final,1552,,64,22,00:00:00,,
2015-09-26,2,Galicia,304,XVI Descenso do Rio Sor (Regata Amistosa)-26/09/2015,Augas Tranquilas,478,H ALEVIN K1 1500,Final,Final,3648,,68,23,00:00:00,,
2015-09-26,2,Galicia,304,XVI Descenso do Rio Sor (Regata Amistosa)-26/09/2015,Augas Tranquilas,478,H ALEVIN K1 1500,Final,Final,3639,,69,24,00:00:00,,
2015-09-26,2,Galicia,304,XVI Descenso do Rio Sor (Regata Amistosa)-26/09/2015,Augas Tranquilas,478,H ALEVIN K1 1500,Final,Final,2065,,75,25,00:00:00,,
2015-09-26,2,Galicia,304,XVI Descenso do Rio Sor (Regata Amistosa)-26/09/2015,Augas Tranquilas,479,M INFANTIL K1 1500,Final,Final,3580,,450,1,00:09:41.5,105,
2015-09-26,2,Galicia,304,XVI Descenso do Rio Sor (Regata Amistosa)-26/09/2015,Augas Tranquilas,479,M INFANTIL K1 1500,Final,Final,803,,451,2,00:09:57.68,102,
2015-09-26,2,Galicia,304,XVI Descenso do Rio Sor (Regata Amistosa)-26/09/2015,Augas Tranquilas,479,M INFANTIL K1 1500,Final,Final,804,,453,3,00:11:02.8,99,
2015-09-26,2,Galicia,304,XVI Descenso do Rio Sor (Regata Amistosa)-26/09/2015,Augas Tranquilas,479,M INFANTIL K1 1500,Final,Final,3650,,456,4,00:11:13.96,97,
2015-09-26,2,Galicia,304,XVI Descenso do Rio Sor (Regata Amistosa)-26/09/2015,Augas Tranquilas,479,M INFANTIL K1 1500,Final,Final,1379,,458,5,00:11:30.03,96,
2015-09-26,2,Galicia,304,XVI Descenso do Rio Sor (Regata Amistosa)-26/09/2015,Augas Tranquilas,479,M INFANTIL K1 1500,Final,Final,1360,,457,6,00:13:06.7,95,
2015-09-26,2,Galicia,304,XVI Descenso do Rio Sor (Regata Amistosa)-26/09/2015,Augas Tranquilas,479,M INFANTIL K1 1500,Final,Final,1367,,459,7,00:15:40.85,94,
2015-09-26,2,Galicia,304,XVI Descenso do Rio Sor (Regata Amistosa)-26/09/2015,Augas Tranquilas,479,M INFANTIL K1 1500,Final,Final,2441,,452,8,00:00:00,,
2015-09-26,2,Galicia,304,XVI Descenso do Rio Sor (Regata Amistosa)-26/09/2015,Augas Tranquilas,479,M INFANTIL K1 1500,Final,Final,801,,454,9,00:00:00,,
2015-09-26,2,Galicia,304,XVI Descenso do Rio Sor (Regata Amistosa)-26/09/2015,Augas Tranquilas,479,M INFANTIL K1 1500,Final,Final,800,,455,10,00:00:00,,
2015-09-26,2,Galicia,304,XVI Descenso do Rio Sor (Regata Amistosa)-26/09/2015,Augas Tranquilas,480,H INFANTIL K1 1500,Final,Final,817,,151,1,00:08:02.5,105,
2015-09-26,2,Galicia,304,XVI Descenso do Rio Sor (Regata Amistosa)-26/09/2015,Augas Tranquilas,480,H INFANTIL K1 1500,Final,Final,805,,153,2,00:08:41.71,102,
2015-09-26,2,Galicia,304,XVI Descenso do Rio Sor (Regata Amistosa)-26/09/2015,Augas Tranquilas,480,H INFANTIL K1 1500,Final,Final,1396,,160,3,00:08:43.18,99,
2015-09-26,2,Galicia,304,XVI Descenso do Rio Sor (Regata Amistosa)-26/09/2015,Augas Tranquilas,480,H INFANTIL K1 1500,Final,Final,1422,,163,4,00:08:53.78,97,
2015-09-26,2,Galicia,304,XVI Descenso do Rio Sor (Regata Amistosa)-26/09/2015,Augas Tranquilas,480,H INFANTIL K1 1500,Final,Final,1537,,159,5,00:08:54.94,96,
2015-09-26,2,Galicia,304,XVI Descenso do Rio Sor (Regata Amistosa)-26/09/2015,Augas Tranquilas,480,H INFANTIL K1 1500,Final,Final,2939,,156,6,00:09:08.85,95,
2015-09-26,2,Galicia,304,XVI Descenso do Rio Sor (Regata Amistosa)-26/09/2015,Augas Tranquilas,480,H INFANTIL K1 1500,Final,Final,810,,150,7,00:09:46.57,94,
2015-09-26,2,Galicia,304,XVI Descenso do Rio Sor (Regata Amistosa)-26/09/2015,Augas Tranquilas,480,H INFANTIL K1 1500,Final,Final,1405,,162,8,00:10:06.47,93,
2015-09-26,2,Galicia,304,XVI Descenso do Rio Sor (Regata Amistosa)-26/09/2015,Augas Tranquilas,480,H INFANTIL K1 1500,Final,Final,3315,,167,9,00:10:23.89,92,
2015-09-26,2,Galicia,304,XVI Descenso do Rio Sor (Regata Amistosa)-26/09/2015,Augas Tranquilas,480,H INFANTIL K1 1500,Final,Final,1437,,165,10,00:10:41.65,91,
2015-09-26,2,Galicia,304,XVI Descenso do Rio Sor (Regata Amistosa)-26/09/2015,Augas Tranquilas,480,H INFANTIL K1 1500,Final,Final,3314,,166,11,00:10:45.79,90,
2015-09-26,2,Galicia,304,XVI Descenso do Rio Sor (Regata Amistosa)-26/09/2015,Augas Tranquilas,480,H INFANTIL K1 1500,Final,Final,3653,,157,12,00:10:47.6,89,
2015-09-26,2,Galicia,304,XVI Descenso do Rio Sor (Regata Amistosa)-26/09/2015,Augas Tranquilas,480,H INFANTIL K1 1500,Final,Final,807,,152,13,00:10:54.49,88,
2015-09-26,2,Galicia,304,XVI Descenso do Rio Sor (Regata Amistosa)-26/09/2015,Augas Tranquilas,480,H INFANTIL K1 1500,Final,Final,3317,,164,14,00:11:18.79,87,
2015-09-26,2,Galicia,304,XVI Descenso do Rio Sor (Regata Amistosa)-26/09/2015,Augas Tranquilas,480,H INFANTIL K1 1500,Final,Final,809,,154,15,00:00:00,,
2015-09-26,2,Galicia,304,XVI Descenso do Rio Sor (Regata Amistosa)-26/09/2015,Augas Tranquilas,480,H INFANTIL K1 1500,Final,Final,2440,,155,16,00:00:00,,
2015-09-26,2,Galicia,304,XVI Descenso do Rio Sor (Regata Amistosa)-26/09/2015,Augas Tranquilas,480,H INFANTIL K1 1500,Final,Final,1408,,158,17,00:00:00,,
2015-09-26,2,Galicia,304,XVI Descenso do Rio Sor (Regata Amistosa)-26/09/2015,Augas Tranquilas,480,H INFANTIL K1 1500,Final,Final,1414,,161,18,00:00:00,,
2015-09-26,2,Galicia,304,XVI Descenso do Rio Sor (Regata Amistosa)-26/09/2015,Augas Tranquilas,481,M ALEVIN K1 1500,Final,Final,3571,,350,1,00:10:20.09,105,
2015-09-26,2,Galicia,304,XVI Descenso do Rio Sor (Regata Amistosa)-26/09/2015,Augas Tranquilas,481,M ALEVIN K1 1500,Final,Final,781,,354,2,00:10:21.74,102,
2015-09-26,2,Galicia,304,XVI Descenso do Rio Sor (Regata Amistosa)-26/09/2015,Augas Tranquilas,481,M ALEVIN K1 1500,Final,Final,4057,,355,3,00:11:16.29,99,
2015-09-26,2,Galicia,304,XVI Descenso do Rio Sor (Regata Amistosa)-26/09/2015,Augas Tranquilas,481,M ALEVIN K1 1500,Final,Final,3147,,357,4,00:12:10.62,97,
2015-09-26,2,Galicia,304,XVI Descenso do Rio Sor (Regata Amistosa)-26/09/2015,Augas Tranquilas,481,M ALEVIN K1 1500,Final,Final,3572,,351,5,00:00:00,,
2015-09-26,2,Galicia,304,XVI Descenso do Rio Sor (Regata Amistosa)-26/09/2015,Augas Tranquilas,481,M ALEVIN K1 1500,Final,Final,1555,,352,6,00:00:00,,
2015-09-26,2,Galicia,304,XVI Descenso do Rio Sor (Regata Amistosa)-26/09/2015,Augas Tranquilas,481,M ALEVIN K1 1500,Final,Final,2730,,353,7,00:00:00,,
2015-09-26,2,Galicia,304,XVI Descenso do Rio Sor (Regata Amistosa)-26/09/2015,Augas Tranquilas,481,M ALEVIN K1 1500,Final,Final,3638,,356,8,00:00:00,,
2015-09-26,2,Galicia,304,XVI Descenso do Rio Sor (Regata Amistosa)-26/09/2015,Augas Tranquilas,482,M BEN K1 1500,Final,Final,4426,,553,1,00:12:15.28,105,
2015-09-26,2,Galicia,304,XVI Descenso do Rio Sor (Regata Amistosa)-26/09/2015,Augas Tranquilas,482,M BEN K1 1500,Final,Final,1206,,555,2,00:13:08.94,102,
2015-09-26,2,Galicia,304,XVI Descenso do Rio Sor (Regata Amistosa)-26/09/2015,Augas Tranquilas,482,M BEN K1 1500,Final,Final,2049,,552,3,00:15:03.61,99,
2015-09-26,2,Galicia,304,XVI Descenso do Rio Sor (Regata Amistosa)-26/09/2015,Augas Tranquilas,482,M BEN K1 1500,Final,Final,1211,,554,4,00:15:47.19,97,
2015-09-26,2,Galicia,304,XVI Descenso do Rio Sor (Regata Amistosa)-26/09/2015,Augas Tranquilas,482,M BEN K1 1500,Final,Final,771,,550,5,00:00:00,,
2015-09-26,2,Galicia,304,XVI Descenso do Rio Sor (Regata Amistosa)-26/09/2015,Augas Tranquilas,482,M BEN K1 1500,Final,Final,1544,,551,6,00:00:00,,
2015-09-26,2,Galicia,304,XVI Descenso do Rio Sor (Regata Amistosa)-26/09/2015,Augas Tranquilas,483,H SEN K1 6000,Final,Final,1610,,1004,1,00:28:13.99,105,
2015-09-26,2,Galicia,304,XVI Descenso do Rio Sor (Regata Amistosa)-26/09/2015,Augas Tranquilas,483,H SEN K1 6000,Final,Final,922,,5,2,00:28:37.93,102,
2015-09-26,2,Galicia,304,XVI Descenso do Rio Sor (Regata Amistosa)-26/09/2015,Augas Tranquilas,483,H SEN K1 6000,Final,Final,923,,10,3,00:28:48.01,99,
2015-09-26,2,Galicia,304,XVI Descenso do Rio Sor (Regata Amistosa)-26/09/2015,Augas Tranquilas,483,H SEN K1 6000,Final,Final,884,,4,4,00:29:02.84,97,
2015-09-26,2,Galicia,304,XVI Descenso do Rio Sor (Regata Amistosa)-26/09/2015,Augas Tranquilas,483,H SEN K1 6000,Final,Final,933,,7,5,00:30:26.02,96,
2015-09-26,2,Galicia,304,XVI Descenso do Rio Sor (Regata Amistosa)-26/09/2015,Augas Tranquilas,483,H SEN K1 6000,Final,Final,1574,,2082,6,00:31:10.23,95,
2015-09-26,2,Galicia,304,XVI Descenso do Rio Sor (Regata Amistosa)-26/09/2015,Augas Tranquilas,483,H SEN K1 6000,Final,Final,7364,,2,7,00:32:29.52,94,
2015-09-26,2,Galicia,304,XVI Descenso do Rio Sor (Regata Amistosa)-26/09/2015,Augas Tranquilas,483,H SEN K1 6000,Final,Final,3659,,8,8,00:39:58.69,93,
2015-09-26,2,Galicia,304,XVI Descenso do Rio Sor (Regata Amistosa)-26/09/2015,Augas Tranquilas,483,H SEN K1 6000,Final,Final,2445,,3,9,00:00:00,,
2015-09-26,2,Galicia,304,XVI Descenso do Rio Sor (Regata Amistosa)-26/09/2015,Augas Tranquilas,483,H SEN K1 6000,Final,Final,8335,,6,10,00:00:00,,
2015-09-26,2,Galicia,304,XVI Descenso do Rio Sor (Regata Amistosa)-26/09/2015,Augas Tranquilas,483,H SEN K1 6000,Final,Final,933,,7,11,00:00:00,,
2015-09-26,2,Galicia,304,XVI Descenso do Rio Sor (Regata Amistosa)-26/09/2015,Augas Tranquilas,483,H SEN K1 6000,Final,Final,2418,,9,12,00:00:00,,
2015-09-26,2,Galicia,304,XVI Descenso do Rio Sor (Regata Amistosa)-26/09/2015,Augas Tranquilas,485,M JUN K1 6000,Final,Final,2443,,400,1,00:00:00,,
2015-09-26,2,Galicia,304,XVI Descenso do Rio Sor (Regata Amistosa)-26/09/2015,Augas Tranquilas,487,M SEN K1 6000,Final,Final,1564,,300,1,00:33:35.02,105,
2015-09-26,2,Galicia,304,XVI Descenso do Rio Sor (Regata Amistosa)-26/09/2015,Augas Tranquilas,487,M SEN K1 6000,Final,Final,827,,2301,2,00:35:02.31,102,
2015-09-26,2,Galicia,304,XVI Descenso do Rio Sor (Regata Amistosa)-26/09/2015,Augas Tranquilas,487,M SEN K1 6000,Final,Final,1563,,302,3,00:00:00,,
2015-09-26,2,Galicia,304,XVI Descenso do Rio Sor (Regata Amistosa)-26/09/2015,Augas Tranquilas,490,H CAD K2 6000,Final,Final,2956 3351,,1202,1,00:31:53,105,
2015-09-26,2,Galicia,304,XVI Descenso do Rio Sor (Regata Amistosa)-26/09/2015,Augas Tranquilas,490,H CAD K2 6000,Final,Final,1474 1476,,1204,2,00:32:14.67,102,
2015-09-26,2,Galicia,304,XVI Descenso do Rio Sor (Regata Amistosa)-26/09/2015,Augas Tranquilas,490,H CAD K2 6000,Final,Final,3367 3625,,1203,3,00:33:48.02,99,
2015-09-26,2,Galicia,304,XVI Descenso do Rio Sor (Regata Amistosa)-26/09/2015,Augas Tranquilas,490,H CAD K2 6000,Final,Final,835 3578,,1201,4,00:33:56.57,97,
2015-09-26,2,Galicia,304,XVI Descenso do Rio Sor (Regata Amistosa)-26/09/2015,Augas Tranquilas,491,H CAD K1 6000,Final,Final,1538,,204,1,00:29:58.85,55,
2015-09-26,2,Galicia,304,XVI Descenso do Rio Sor (Regata Amistosa)-26/09/2015,Augas Tranquilas,491,H CAD K1 6000,Final,Final,1170,,208,2,00:30:53.66,52,
2015-09-26,2,Galicia,304,XVI Descenso do Rio Sor (Regata Amistosa)-26/09/2015,Augas Tranquilas,491,H CAD K1 6000,Final,Final,843,,211,3,00:31:00.47,49,
2015-09-26,2,Galicia,304,XVI Descenso do Rio Sor (Regata Amistosa)-26/09/2015,Augas Tranquilas,491,H CAD K1 6000,Final,Final,842,,217,4,00:31:48.81,47,
2015-09-26,2,Galicia,304,XVI Descenso do Rio Sor (Regata Amistosa)-26/09/2015,Augas Tranquilas,491,H CAD K1 6000,Final,Final,2938,,201,5,00:32:43.93,46,
2015-09-26,2,Galicia,304,XVI Descenso do Rio Sor (Regata Amistosa)-26/09/2015,Augas Tranquilas,491,H CAD K1 6000,Final,Final,851,,203,6,00:37:50.65,45,
2015-09-26,2,Galicia,304,XVI Descenso do Rio Sor (Regata Amistosa)-26/09/2015,Augas Tranquilas,491,H CAD K1 6000,Final,Final,852,,202,7,00:40:04.07,44,
2015-09-26,2,Galicia,304,XVI Descenso do Rio Sor (Regata Amistosa)-26/09/2015,Augas Tranquilas,491,H CAD K1 6000,Final,Final,1539,,205,8,00:42:05.87,43,
2015-09-26,2,Galicia,304,XVI Descenso do Rio Sor (Regata Amistosa)-26/09/2015,Augas Tranquilas,491,H CAD K1 6000,Final,Final,1190,,206,9,00:00:00,,
2015-09-26,2,Galicia,304,XVI Descenso do Rio Sor (Regata Amistosa)-26/09/2015,Augas Tranquilas,491,H CAD K1 6000,Final,Final,2941,,207,10,00:00:00,,
2015-09-26,2,Galicia,304,XVI Descenso do Rio Sor (Regata Amistosa)-26/09/2015,Augas Tranquilas,492,M CAD K1 6000,Final,Final,2926,,560,1,00:33:23.35,105,
2015-09-26,2,Galicia,304,XVI Descenso do Rio Sor (Regata Amistosa)-26/09/2015,Augas Tranquilas,492,M CAD K1 6000,Final,Final,859,,500,2,00:36:30.9,102,
2015-09-26,2,Galicia,304,XVI Descenso do Rio Sor (Regata Amistosa)-26/09/2015,Augas Tranquilas,492,M CAD K1 6000,Final,Final,2928,,575,3,00:39:19.13,99,
2015-09-26,2,Galicia,304,XVI Descenso do Rio Sor (Regata Amistosa)-26/09/2015,Augas Tranquilas,494,H SEN K2 6000,Final,Final,877 896,,1002,1,00:25:46.47,105,
2015-09-26,2,Galicia,304,XVI Descenso do Rio Sor (Regata Amistosa)-26/09/2015,Augas Tranquilas,494,H SEN K2 6000,Final,Final,876 981,,1001,2,00:26:27.32,102,
2015-09-26,2,Galicia,304,XVI Descenso do Rio Sor (Regata Amistosa)-26/09/2015,Augas Tranquilas,494,H SEN K2 6000,Final,Final,883 911,,1006,3,00:27:49.32,99,
2015-09-26,2,Galicia,304,XVI Descenso do Rio Sor (Regata Amistosa)-26/09/2015,Augas Tranquilas,494,H SEN K2 6000,Final,Final,863 879,,1007,4,00:28:02.02,97,
2015-09-26,2,Galicia,304,XVI Descenso do Rio Sor (Regata Amistosa)-26/09/2015,Augas Tranquilas,494,H SEN K2 6000,Final,Final,909 1570,,1003,5,00:29:13.66,96,
2015-09-26,2,Galicia,304,XVI Descenso do Rio Sor (Regata Amistosa)-26/09/2015,Augas Tranquilas,494,H SEN K2 6000,Final,Final,1907 4706,,1000,6,00:29:59.88,95,
2015-09-26,2,Galicia,304,XVI Descenso do Rio Sor (Regata Amistosa)-26/09/2015,Augas Tranquilas,494,H SEN K2 6000,Final,Final,1787 2734,,1005,7,00:32:32.95,94,
2015-09-26,2,Galicia,304,XVI Descenso do Rio Sor (Regata Amistosa)-26/09/2015,Augas Tranquilas,494,H SEN K2 6000,Final,Final,929 2957,,1009,8,00:33:04.93,93,
2015-09-26,2,Galicia,304,XVI Descenso do Rio Sor (Regata Amistosa)-26/09/2015,Augas Tranquilas,494,H SEN K2 6000,Final,Final,2735 2736,,1008,9,00:00:00,,
2015-09-26,2,Galicia,304,XVI Descenso do Rio Sor (Regata Amistosa)-26/09/2015,Augas Tranquilas,495,H VET K1 6000,Final,Final,926,,900,1,00:28:16.46,105,
2015-09-26,2,Galicia,304,XVI Descenso do Rio Sor (Regata Amistosa)-26/09/2015,Augas Tranquilas,495,H VET K1 6000,Final,Final,945,,904,2,00:28:33.07,102,
2015-09-26,2,Galicia,304,XVI Descenso do Rio Sor (Regata Amistosa)-26/09/2015,Augas Tranquilas,495,H VET K1 6000,Final,Final,944,,910,3,00:29:19.97,99,
2015-09-26,2,Galicia,304,XVI Descenso do Rio Sor (Regata Amistosa)-26/09/2015,Augas Tranquilas,495,H VET K1 6000,Final,Final,1020,,909,4,00:29:32.81,97,
2015-09-26,2,Galicia,304,XVI Descenso do Rio Sor (Regata Amistosa)-26/09/2015,Augas Tranquilas,495,H VET K1 6000,Final,Final,1893,,907,5,00:31:34.68,96,
2015-09-26,2,Galicia,304,XVI Descenso do Rio Sor (Regata Amistosa)-26/09/2015,Augas Tranquilas,495,H VET K1 6000,Final,Final,898,,915,6,00:31:50.33,95,
2015-09-26,2,Galicia,304,XVI Descenso do Rio Sor (Regata Amistosa)-26/09/2015,Augas Tranquilas,495,H VET K1 6000,Final,Final,4587,,914,7,00:34:20.36,94,
2015-09-26,2,Galicia,304,XVI Descenso do Rio Sor (Regata Amistosa)-26/09/2015,Augas Tranquilas,495,H VET K1 6000,Final,Final,4588,,912,8,00:34:33.74,93,
2015-09-26,2,Galicia,304,XVI Descenso do Rio Sor (Regata Amistosa)-26/09/2015,Augas Tranquilas,495,H VET K1 6000,Final,Final,5917,,911,9,00:35:01.2,92,
2015-09-26,2,Galicia,304,XVI Descenso do Rio Sor (Regata Amistosa)-26/09/2015,Augas Tranquilas,495,H VET K1 6000,Final,Final,1575,,901,10,00:35:26.77,91,
2015-09-26,2,Galicia,304,XVI Descenso do Rio Sor (Regata Amistosa)-26/09/2015,Augas Tranquilas,495,H VET K1 6000,Final,Final,907,,903,11,00:35:52.61,90,
2015-09-26,2,Galicia,304,XVI Descenso do Rio Sor (Regata Amistosa)-26/09/2015,Augas Tranquilas,495,H VET K1 6000,Final,Final,3109,,917,12,00:37:33.84,89,
2015-09-26,2,Galicia,304,XVI Descenso do Rio Sor (Regata Amistosa)-26/09/2015,Augas Tranquilas,495,H VET K1 6000,Final,Final,3515,,916,13,00:37:42.83,88,
2015-09-26,2,Galicia,304,XVI Descenso do Rio Sor (Regata Amistosa)-26/09/2015,Augas Tranquilas,495,H VET K1 6000,Final,Final,4590,,913,14,00:38:51.25,87,
2015-09-26,2,Galicia,304,XVI Descenso do Rio Sor (Regata Amistosa)-26/09/2015,Augas Tranquilas,495,H VET K1 6000,Final,Final,1577,,905,15,00:00:00,,
2015-09-26,2,Galicia,304,XVI Descenso do Rio Sor (Regata Amistosa)-26/09/2015,Augas Tranquilas,495,H VET K1 6000,Final,Final,1578,,906,16,00:00:00,,
2015-09-26,2,Galicia,304,XVI Descenso do Rio Sor (Regata Amistosa)-26/09/2015,Augas Tranquilas,495,H VET K1 6000,Final,Final,1019,,908,17,00:00:00,,
2015-09-26,2,Galicia,304,XVI Descenso do Rio Sor (Regata Amistosa)-26/09/2015,Augas Tranquilas,495,H VET K1 6000,Final,Final,3626,,918,18,00:00:00,,
2015-09-26,2,Galicia,304,XVI Descenso do Rio Sor (Regata Amistosa)-26/09/2015,Augas Tranquilas,496,H VET K2 6000,Final,Final,900 903,,2326,1,00:28:13.35,105,
2015-09-26,2,Galicia,304,XVI Descenso do Rio Sor (Regata Amistosa)-26/09/2015,Augas Tranquilas,496,H VET K2 6000,Final,Final,943 1922,,1902,2,00:28:50.29,102,
2015-09-26,2,Galicia,304,XVI Descenso do Rio Sor (Regata Amistosa)-26/09/2015,Augas Tranquilas,496,H VET K2 6000,Final,Final,955 2743,,1901,3,00:29:06.58,99,
2015-09-26,2,Galicia,304,XVI Descenso do Rio Sor (Regata Amistosa)-26/09/2015,Augas Tranquilas,496,H VET K2 6000,Final,Final,878 1581,,1900,4,00:29:21.99,97,
2015-09-26,2,Galicia,304,XVI Descenso do Rio Sor (Regata Amistosa)-26/09/2015,Augas Tranquilas,499,H JUN K2 6000,Final,Final,834 866,,1101,1,00:29:00.96,105,
2015-09-26,2,Galicia,304,XVI Descenso do Rio Sor (Regata Amistosa)-26/09/2015,Augas Tranquilas,499,H JUN K2 6000,Final,Final,2420 2426,,1103,2,00:29:23,102,
2015-09-26,2,Galicia,304,XVI Descenso do Rio Sor (Regata Amistosa)-26/09/2015,Augas Tranquilas,499,H JUN K2 6000,Final,Final,868 3579,,1102,3,00:32:18.07,99,
2015-09-26,2,Galicia,304,XVI Descenso do Rio Sor (Regata Amistosa)-26/09/2015,Augas Tranquilas,499,H JUN K2 6000,Final,Final,867 1566,,1100,4,00:00:00,,
2015-09-26,2,Galicia,304,XVI Descenso do Rio Sor (Regata Amistosa)-26/09/2015,Augas Tranquilas,501,H JUN K1 6000,Final,Final,864,,105,1,00:29:10.28,105,
2015-09-26,2,Galicia,304,XVI Descenso do Rio Sor (Regata Amistosa)-26/09/2015,Augas Tranquilas,501,H JUN K1 6000,Final,Final,998,,103,2,00:31:56.55,102,
2015-09-26,2,Galicia,304,XVI Descenso do Rio Sor (Regata Amistosa)-26/09/2015,Augas Tranquilas,501,H JUN K1 6000,Final,Final,3053,,107,3,00:32:23.22,99,
2015-09-26,2,Galicia,304,XVI Descenso do Rio Sor (Regata Amistosa)-26/09/2015,Augas Tranquilas,501,H JUN K1 6000,Final,Final,870,,102,4,00:35:45.93,97,
2015-09-26,2,Galicia,304,XVI Descenso do Rio Sor (Regata Amistosa)-26/09/2015,Augas Tranquilas,501,H JUN K1 6000,Final,Final,2442,,100,5,00:37:43.61,96,
2015-09-26,2,Galicia,304,XVI Descenso do Rio Sor (Regata Amistosa)-26/09/2015,Augas Tranquilas,501,H JUN K1 6000,Final,Final,872,,101,6,00:00:00,,
2015-09-26,2,Galicia,304,XVI Descenso do Rio Sor (Regata Amistosa)-26/09/2015,Augas Tranquilas,501,H JUN K1 6000,Final,Final,2426,,104,7,00:00:00,,
2015-09-26,2,Galicia,304,XVI Descenso do Rio Sor (Regata Amistosa)-26/09/2015,Augas Tranquilas,501,H JUN K1 6000,Final,Final,5931,,106,8,00:00:00,,
2015-09-26,2,Galicia,304,XVI Descenso do Rio Sor (Regata Amistosa)-26/09/2015,Augas Tranquilas,503,H SEN C1 6000,Final,Final,1035,,2100,1,00:34:02.77,,
2015-11-21,2,Galicia,308,Piragua Cross,Augas Tranquilas,504,H CAD K1 8000,Final,Final,1857,,233,1,00:57:39.43,,
2015-11-21,2,Galicia,308,Piragua Cross,Augas Tranquilas,504,H CAD K1 8000,Final,Final,1833,,346,2,00:57:58.52,,
2015-11-21,2,Galicia,308,Piragua Cross,Augas Tranquilas,504,H CAD K1 8000,Final,Final,837,,207,3,00:58:29.66,,
2015-11-21,2,Galicia,308,Piragua Cross,Augas Tranquilas,504,H CAD K1 8000,Final,Final,1830,,232,4,00:59:04.47,,
2015-11-21,2,Galicia,308,Piragua Cross,Augas Tranquilas,504,H CAD K1 8000,Final,Final,817,,218,5,00:59:14.4,,
2015-11-21,2,Galicia,308,Piragua Cross,Augas Tranquilas,504,H CAD K1 8000,Final,Final,836,,208,6,00:59:33.79,,
2015-11-21,2,Galicia,308,Piragua Cross,Augas Tranquilas,504,H CAD K1 8000,Final,Final,1145,,344,7,00:59:36.38,,
2015-11-21,2,Galicia,308,Piragua Cross,Augas Tranquilas,504,H CAD K1 8000,Final,Final,1394,,225,8,01:02:14.82,,
2015-11-21,2,Galicia,308,Piragua Cross,Augas Tranquilas,504,H CAD K1 8000,Final,Final,1538,,220,9,01:02:27.36,,
2015-11-21,2,Galicia,308,Piragua Cross,Augas Tranquilas,504,H CAD K1 8000,Final,Final,2747,,224,10,01:02:55.38,,
2015-11-21,2,Galicia,308,Piragua Cross,Augas Tranquilas,504,H CAD K1 8000,Final,Final,1863,,209,11,01:03:26.33,,
2015-11-21,2,Galicia,308,Piragua Cross,Augas Tranquilas,504,H CAD K1 8000,Final,Final,2748,,204,12,01:03:31.79,,
2015-11-21,2,Galicia,308,Piragua Cross,Augas Tranquilas,504,H CAD K1 8000,Final,Final,1862,,213,13,01:05:28,,
2015-11-21,2,Galicia,308,Piragua Cross,Augas Tranquilas,504,H CAD K1 8000,Final,Final,1182,,201,14,01:05:41.18,,
2015-11-21,2,Galicia,308,Piragua Cross,Augas Tranquilas,504,H CAD K1 8000,Final,Final,1395,,227,15,01:05:53.07,,
2015-11-21,2,Galicia,308,Piragua Cross,Augas Tranquilas,504,H CAD K1 8000,Final,Final,2749,,203,16,01:07:56.56,,
2015-11-21,2,Galicia,308,Piragua Cross,Augas Tranquilas,504,H CAD K1 8000,Final,Final,2750,,205,17,01:08:04.93,,
2015-11-21,2,Galicia,308,Piragua Cross,Augas Tranquilas,504,H CAD K1 8000,Final,Final,1838,,211,18,01:08:39.29,,
2015-11-21,2,Galicia,308,Piragua Cross,Augas Tranquilas,504,H CAD K1 8000,Final,Final,2751,,202,19,01:09:08.79,,
2015-11-21,2,Galicia,308,Piragua Cross,Augas Tranquilas,504,H CAD K1 8000,Final,Final,2032,,231,20,01:09:38.84,,
2015-11-21,2,Galicia,308,Piragua Cross,Augas Tranquilas,504,H CAD K1 8000,Final,Final,2752,,236,21,01:09:59.35,,
2015-11-21,2,Galicia,308,Piragua Cross,Augas Tranquilas,504,H CAD K1 8000,Final,Final,1398,,228,22,01:11:19.44,,
2015-11-21,2,Galicia,308,Piragua Cross,Augas Tranquilas,504,H CAD K1 8000,Final,Final,2026,,234,23,01:12:01.66,,
2015-11-21,2,Galicia,308,Piragua Cross,Augas Tranquilas,504,H CAD K1 8000,Final,Final,3536,,235,24,01:12:09.96,,
2015-11-21,2,Galicia,308,Piragua Cross,Augas Tranquilas,504,H CAD K1 8000,Final,Final,2753,,230,25,01:12:47.21,,
2015-11-21,2,Galicia,308,Piragua Cross,Augas Tranquilas,504,H CAD K1 8000,Final,Final,2754,,210,26,01:16:19.71,,
2015-11-21,2,Galicia,308,Piragua Cross,Augas Tranquilas,504,H CAD K1 8000,Final,Final,1534,,229,27,01:16:42.15,,
2015-11-21,2,Galicia,308,Piragua Cross,Augas Tranquilas,504,H CAD K1 8000,Final,Final,2755,,221,28,01:17:26.79,,
2015-11-21,2,Galicia,308,Piragua Cross,Augas Tranquilas,504,H CAD K1 8000,Final,Final,2756,,223,29,01:19:49.1,,
2015-11-21,2,Galicia,308,Piragua Cross,Augas Tranquilas,504,H CAD K1 8000,Final,Final,2757,,212,30,01:20:44.48,,
2015-11-21,2,Galicia,308,Piragua Cross,Augas Tranquilas,504,H CAD K1 8000,Final,Final,2758,,214,31,00:00:00,,
2015-11-21,2,Galicia,308,Piragua Cross,Augas Tranquilas,504,H CAD K1 8000,Final,Final,2759,,215,32,00:00:00,,
2015-11-21,2,Galicia,308,Piragua Cross,Augas Tranquilas,504,H CAD K1 8000,Final,Final,2760,,222,33,00:00:00,,
2015-11-21,2,Galicia,308,Piragua Cross,Augas Tranquilas,506,M CAD C1 5000,Final,Final,1692,,590,1,00:53:03.67,,
2015-11-21,2,Galicia,308,Piragua Cross,Augas Tranquilas,506,M CAD C1 5000,Final,Final,1691,,591,2,00:53:31.72,,
2015-11-21,2,Galicia,308,Piragua Cross,Augas Tranquilas,507,H VET C1 8000,Final,Final,1702,,1901,1,01:08:17.63,,
2015-11-21,2,Galicia,308,Piragua Cross,Augas Tranquilas,507,H VET C1 8000,Final,Final,1703,,1900,2,01:08:55.92,,
2015-11-21,2,Galicia,308,Piragua Cross,Augas Tranquilas,508,H SEN C1 8000,Final,Final,2458,,608,1,00:59:27.43,,
2015-11-21,2,Galicia,308,Piragua Cross,Augas Tranquilas,508,H SEN C1 8000,Final,Final,2460,,606,2,00:59:28.52,,
2015-11-21,2,Galicia,308,Piragua Cross,Augas Tranquilas,508,H SEN C1 8000,Final,Final,2455,,600,3,01:00:06.21,,
2015-11-21,2,Galicia,308,Piragua Cross,Augas Tranquilas,508,H SEN C1 8000,Final,Final,1026,,610,4,01:01:04.48,,
2015-11-21,2,Galicia,308,Piragua Cross,Augas Tranquilas,508,H SEN C1 8000,Final,Final,1027,,603,5,01:02:30.78,,
2015-11-21,2,Galicia,308,Piragua Cross,Augas Tranquilas,508,H SEN C1 8000,Final,Final,1816,,607,6,01:03:10.7,,
2015-11-21,2,Galicia,308,Piragua Cross,Augas Tranquilas,508,H SEN C1 8000,Final,Final,1765,,605,7,01:03:26.02,,
2015-11-21,2,Galicia,308,Piragua Cross,Augas Tranquilas,508,H SEN C1 8000,Final,Final,1028,,604,8,01:04:37.37,,
2015-11-21,2,Galicia,308,Piragua Cross,Augas Tranquilas,508,H SEN C1 8000,Final,Final,1754,,609,9,01:06:37.06,,
2015-11-21,2,Galicia,308,Piragua Cross,Augas Tranquilas,508,H SEN C1 8000,Final,Final,2761,,612,10,01:06:54.88,,
2015-11-21,2,Galicia,308,Piragua Cross,Augas Tranquilas,508,H SEN C1 8000,Final,Final,2762,,602,11,01:08:29.88,,
2015-11-21,2,Galicia,308,Piragua Cross,Augas Tranquilas,508,H SEN C1 8000,Final,Final,1032,,601,12,01:15:30.84,,
2015-11-21,2,Galicia,308,Piragua Cross,Augas Tranquilas,509,H JUN C1 8000,Final,Final,1051,,703,1,01:02:18,,
2015-11-21,2,Galicia,308,Piragua Cross,Augas Tranquilas,509,H JUN C1 8000,Final,Final,2463,,701,2,01:04:50.72,,
2015-11-21,2,Galicia,308,Piragua Cross,Augas Tranquilas,509,H JUN C1 8000,Final,Final,3633,,704,3,01:05:39.93,,
2015-11-21,2,Galicia,308,Piragua Cross,Augas Tranquilas,509,H JUN C1 8000,Final,Final,1046,,700,4,01:05:59.53,,
2015-11-21,2,Galicia,308,Piragua Cross,Augas Tranquilas,509,H JUN C1 8000,Final,Final,1057,,705,5,01:09:13.66,,
2015-11-21,2,Galicia,308,Piragua Cross,Augas Tranquilas,509,H JUN C1 8000,Final,Final,2763,,702,6,01:13:24.49,,
2015-11-21,2,Galicia,308,Piragua Cross,Augas Tranquilas,510,H CAD C1 8000,Final,Final,1052,,811,1,01:01:56.1,,
2015-11-21,2,Galicia,308,Piragua Cross,Augas Tranquilas,510,H CAD C1 8000,Final,Final,17272,,810,2,01:03:20.75,,
2015-11-21,2,Galicia,308,Piragua Cross,Augas Tranquilas,510,H CAD C1 8000,Final,Final,1059,,802,3,01:03:39.73,,
2015-11-21,2,Galicia,308,Piragua Cross,Augas Tranquilas,510,H CAD C1 8000,Final,Final,2764,,803,4,01:06:23.46,,
2015-11-21,2,Galicia,308,Piragua Cross,Augas Tranquilas,510,H CAD C1 8000,Final,Final,2008,,814,5,01:06:51.36,,
2015-11-21,2,Galicia,308,Piragua Cross,Augas Tranquilas,510,H CAD C1 8000,Final,Final,1060,,816,6,01:12:38.09,,
2015-11-21,2,Galicia,308,Piragua Cross,Augas Tranquilas,510,H CAD C1 8000,Final,Final,2765,,805,7,01:12:40.97,,
2015-11-21,2,Galicia,308,Piragua Cross,Augas Tranquilas,510,H CAD C1 8000,Final,Final,2012,,801,8,01:12:57.18,,
2015-11-21,2,Galicia,308,Piragua Cross,Augas Tranquilas,510,H CAD C1 8000,Final,Final,2766,,806,9,01:14:40.12,,
2015-11-21,2,Galicia,308,Piragua Cross,Augas Tranquilas,510,H CAD C1 8000,Final,Final,2767,,804,10,01:25:01.62,,
2015-11-21,2,Galicia,308,Piragua Cross,Augas Tranquilas,510,H CAD C1 8000,Final,Final,2768,,807,11,01:25:02.61,,
2015-11-21,2,Galicia,308,Piragua Cross,Augas Tranquilas,510,H CAD C1 8000,Final,Final,1878,,808,12,00:00:00,,
2015-11-21,2,Galicia,308,Piragua Cross,Augas Tranquilas,511,M VET K1 8000,Final,Final,2436,,1990,1,01:09:29.26,,
2015-11-21,2,Galicia,308,Piragua Cross,Augas Tranquilas,512,M SEN K1 8000,Final,Final,2469,,300,1,01:04:04.3,,
2015-11-21,2,Galicia,308,Piragua Cross,Augas Tranquilas,512,M SEN K1 8000,Final,Final,2769,,301,2,01:07:48.74,,
2015-11-21,2,Galicia,308,Piragua Cross,Augas Tranquilas,512,M SEN K1 8000,Final,Final,1654,,304,3,01:16:01.19,,
2015-11-21,2,Galicia,308,Piragua Cross,Augas Tranquilas,512,M SEN K1 8000,Final,Final,1659,,306,4,01:22:48.82,,
2015-11-21,2,Galicia,308,Piragua Cross,Augas Tranquilas,513,M JUN K1 8000,Final,Final,1096,,401,1,01:03:34.51,,
2015-11-21,2,Galicia,308,Piragua Cross,Augas Tranquilas,513,M JUN K1 8000,Final,Final,1117,,407,2,01:04:34.09,,
2015-11-21,2,Galicia,308,Piragua Cross,Augas Tranquilas,513,M JUN K1 8000,Final,Final,1649,,400,3,01:08:21.59,,
2015-11-21,2,Galicia,308,Piragua Cross,Augas Tranquilas,513,M JUN K1 8000,Final,Final,1085,,403,4,01:08:35.22,,
2015-11-21,2,Galicia,308,Piragua Cross,Augas Tranquilas,513,M JUN K1 8000,Final,Final,1094,,402,5,01:09:30.76,,
2015-11-21,2,Galicia,308,Piragua Cross,Augas Tranquilas,513,M JUN K1 8000,Final,Final,1095,,409,6,01:09:43.91,,
2015-11-21,2,Galicia,308,Piragua Cross,Augas Tranquilas,513,M JUN K1 8000,Final,Final,856,,405,7,01:09:47.36,,
2015-11-21,2,Galicia,308,Piragua Cross,Augas Tranquilas,513,M JUN K1 8000,Final,Final,855,,406,8,01:10:01.99,,
2015-11-21,2,Galicia,308,Piragua Cross,Augas Tranquilas,514,M CAD K1 8000,Final,Final,2770,,506,1,01:08:19.41,,
2015-11-21,2,Galicia,308,Piragua Cross,Augas Tranquilas,514,M CAD K1 8000,Final,Final,1078,,509,2,01:10:01.19,,
2015-11-21,2,Galicia,308,Piragua Cross,Augas Tranquilas,514,M CAD K1 8000,Final,Final,1087,,511,3,01:10:57.85,,
2015-11-21,2,Galicia,308,Piragua Cross,Augas Tranquilas,514,M CAD K1 8000,Final,Final,1079,,504,4,01:12:56.25,,
2015-11-21,2,Galicia,308,Piragua Cross,Augas Tranquilas,514,M CAD K1 8000,Final,Final,1658,,516,5,01:13:34.05,,
2015-11-21,2,Galicia,308,Piragua Cross,Augas Tranquilas,514,M CAD K1 8000,Final,Final,2771,,507,6,01:14:39.31,,
2015-11-21,2,Galicia,308,Piragua Cross,Augas Tranquilas,514,M CAD K1 8000,Final,Final,1102,,500,7,01:14:46.12,,
2015-11-21,2,Galicia,308,Piragua Cross,Augas Tranquilas,514,M CAD K1 8000,Final,Final,2772,,513,8,01:15:02.58,,
2015-11-21,2,Galicia,308,Piragua Cross,Augas Tranquilas,514,M CAD K1 8000,Final,Final,1371,,520,9,01:17:02.25,,
2015-11-21,2,Galicia,308,Piragua Cross,Augas Tranquilas,514,M CAD K1 8000,Final,Final,1100,,514,10,01:17:30.21,,
2015-11-21,2,Galicia,308,Piragua Cross,Augas Tranquilas,514,M CAD K1 8000,Final,Final,2773,,512,11,01:18:23.82,,
2015-11-21,2,Galicia,308,Piragua Cross,Augas Tranquilas,514,M CAD K1 8000,Final,Final,1106,,501,12,01:20:03.31,,
2015-11-21,2,Galicia,308,Piragua Cross,Augas Tranquilas,514,M CAD K1 8000,Final,Final,3628,,519,13,01:20:11.55,,
2015-11-21,2,Galicia,308,Piragua Cross,Augas Tranquilas,514,M CAD K1 8000,Final,Final,1115,,505,14,01:26:10.58,,
2015-11-21,2,Galicia,308,Piragua Cross,Augas Tranquilas,514,M CAD K1 8000,Final,Final,1082,,515,15,01:26:15.78,,
2015-11-21,2,Galicia,308,Piragua Cross,Augas Tranquilas,515,H VET K1 8000,Final,Final,2774,,915,1,00:55:59.51,,
2015-11-21,2,Galicia,308,Piragua Cross,Augas Tranquilas,515,H VET K1 8000,Final,Final,985,,905,2,00:57:00.23,,
2015-11-21,2,Galicia,308,Piragua Cross,Augas Tranquilas,515,H VET K1 8000,Final,Final,1576,,902,3,00:57:23.23,,
2015-11-21,2,Galicia,308,Piragua Cross,Augas Tranquilas,515,H VET K1 8000,Final,Final,1919,,919,4,00:57:40.7,,
2015-11-21,2,Galicia,308,Piragua Cross,Augas Tranquilas,515,H VET K1 8000,Final,Final,1900,,918,5,00:57:55.13,,
2015-11-21,2,Galicia,308,Piragua Cross,Augas Tranquilas,515,H VET K1 8000,Final,Final,1728,,907,6,00:58:32.92,,
2015-11-21,2,Galicia,308,Piragua Cross,Augas Tranquilas,515,H VET K1 8000,Final,Final,1712,,904,7,00:59:08.98,,
2015-11-21,2,Galicia,308,Piragua Cross,Augas Tranquilas,515,H VET K1 8000,Final,Final,986,,906,8,00:59:21.61,,
2015-11-21,2,Galicia,308,Piragua Cross,Augas Tranquilas,515,H VET K1 8000,Final,Final,2533,,908,9,01:01:08.94,,
2015-11-21,2,Galicia,308,Piragua Cross,Augas Tranquilas,515,H VET K1 8000,Final,Final,2775,,917,10,01:03:55.66,,
2015-11-21,2,Galicia,308,Piragua Cross,Augas Tranquilas,515,H VET K1 8000,Final,Final,2776,,913,11,01:06:22.33,,
2015-11-21,2,Galicia,308,Piragua Cross,Augas Tranquilas,515,H VET K1 8000,Final,Final,2777,,916,12,01:06:39.11,,
2015-11-21,2,Galicia,308,Piragua Cross,Augas Tranquilas,515,H VET K1 8000,Final,Final,1922,,911,13,01:06:49.05,,
2015-11-21,2,Galicia,308,Piragua Cross,Augas Tranquilas,515,H VET K1 8000,Final,Final,2778,,914,14,01:08:44.59,,
2015-11-21,2,Galicia,308,Piragua Cross,Augas Tranquilas,515,H VET K1 8000,Final,Final,1893,,912,15,01:09:26.23,,
2015-11-21,2,Galicia,308,Piragua Cross,Augas Tranquilas,516,H SEN K1 8000,Final,Final,917,,20,1,00:53:48.49,,
2015-11-21,2,Galicia,308,Piragua Cross,Augas Tranquilas,516,H SEN K1 8000,Final,Final,2779,,16,2,00:53:54.4,,
2015-11-21,2,Galicia,308,Piragua Cross,Augas Tranquilas,516,H SEN K1 8000,Final,Final,1799,,13,3,00:54:15.27,,
2015-11-21,2,Galicia,308,Piragua Cross,Augas Tranquilas,516,H SEN K1 8000,Final,Final,1609,,25,4,00:56:43.96,,
2015-11-21,2,Galicia,308,Piragua Cross,Augas Tranquilas,516,H SEN K1 8000,Final,Final,1777,,345,5,00:58:54.76,,
2015-11-21,2,Galicia,308,Piragua Cross,Augas Tranquilas,516,H SEN K1 8000,Final,Final,922,,11,6,00:59:15.36,,
2015-11-21,2,Galicia,308,Piragua Cross,Augas Tranquilas,516,H SEN K1 8000,Final,Final,882,,4,7,00:59:52.38,,
2015-11-21,2,Galicia,308,Piragua Cross,Augas Tranquilas,516,H SEN K1 8000,Final,Final,2780,,22,8,01:00:32.54,,
2015-11-21,2,Galicia,308,Piragua Cross,Augas Tranquilas,516,H SEN K1 8000,Final,Final,1612,,1,9,01:00:34.27,,
2015-11-21,2,Galicia,308,Piragua Cross,Augas Tranquilas,516,H SEN K1 8000,Final,Final,1718,,7,10,01:00:38.99,,
2015-11-21,2,Galicia,308,Piragua Cross,Augas Tranquilas,516,H SEN K1 8000,Final,Final,1611,,8,11,01:00:42.89,,
2015-11-21,2,Galicia,308,Piragua Cross,Augas Tranquilas,516,H SEN K1 8000,Final,Final,880,,3,12,01:01:35.42,,
2015-11-21,2,Galicia,308,Piragua Cross,Augas Tranquilas,516,H SEN K1 8000,Final,Final,988,,9,13,01:01:44.36,,
2015-11-21,2,Galicia,308,Piragua Cross,Augas Tranquilas,516,H SEN K1 8000,Final,Final,860,,5,14,01:02:13.79,,
2015-11-21,2,Galicia,308,Piragua Cross,Augas Tranquilas,516,H SEN K1 8000,Final,Final,1622,,23,15,01:02:18.38,,
2015-11-21,2,Galicia,308,Piragua Cross,Augas Tranquilas,516,H SEN K1 8000,Final,Final,959,,19,16,01:04:54.86,,
2015-11-21,2,Galicia,308,Piragua Cross,Augas Tranquilas,516,H SEN K1 8000,Final,Final,2782,,17,17,01:05:41.67,,
2015-11-21,2,Galicia,308,Piragua Cross,Augas Tranquilas,516,H SEN K1 8000,Final,Final,2422,,15,18,01:06:02.03,,
2015-11-21,2,Galicia,308,Piragua Cross,Augas Tranquilas,516,H SEN K1 8000,Final,Final,1624,,24,19,01:06:14.21,,
2015-11-21,2,Galicia,308,Piragua Cross,Augas Tranquilas,516,H SEN K1 8000,Final,Final,2537,,10,20,01:07:05.22,,
2015-11-21,2,Galicia,308,Piragua Cross,Augas Tranquilas,516,H SEN K1 8000,Final,Final,2783,,348,21,01:08:11.68,,
2015-11-21,2,Galicia,308,Piragua Cross,Augas Tranquilas,516,H SEN K1 8000,Final,Final,2784,,347,22,01:08:50.73,,
2015-11-21,2,Galicia,308,Piragua Cross,Augas Tranquilas,516,H SEN K1 8000,Final,Final,2785,,18,23,01:09:05.72,,
2015-11-21,2,Galicia,308,Piragua Cross,Augas Tranquilas,516,H SEN K1 8000,Final,Final,2786,,21,24,00:00:00,,
2015-11-21,2,Galicia,308,Piragua Cross,Augas Tranquilas,517,H JUN K1 8000,Final,Final,1789,,106,1,00:56:03.2,,
2015-11-21,2,Galicia,308,Piragua Cross,Augas Tranquilas,517,H JUN K1 8000,Final,Final,2471,,121,2,00:56:44.85,,
2015-11-21,2,Galicia,308,Piragua Cross,Augas Tranquilas,517,H JUN K1 8000,Final,Final,1162,,107,3,00:57:42.42,,
2015-11-21,2,Galicia,308,Piragua Cross,Augas Tranquilas,517,H JUN K1 8000,Final,Final,1781,,115,4,00:57:59.4,,
2015-11-21,2,Galicia,308,Piragua Cross,Augas Tranquilas,517,H JUN K1 8000,Final,Final,838,,105,5,00:58:01.2,,
2015-11-21,2,Galicia,308,Piragua Cross,Augas Tranquilas,517,H JUN K1 8000,Final,Final,834,,111,6,00:59:38.9,,
2015-11-21,2,Galicia,308,Piragua Cross,Augas Tranquilas,517,H JUN K1 8000,Final,Final,1007,,102,7,01:01:04.99,,
2015-11-21,2,Galicia,308,Piragua Cross,Augas Tranquilas,517,H JUN K1 8000,Final,Final,1165,,119,8,01:01:30.83,,
2015-11-21,2,Galicia,308,Piragua Cross,Augas Tranquilas,517,H JUN K1 8000,Final,Final,966,,100,9,01:02:54.21,,
2015-11-21,2,Galicia,308,Piragua Cross,Augas Tranquilas,517,H JUN K1 8000,Final,Final,1861,,109,10,01:03:14.61,,
2015-11-21,2,Galicia,308,Piragua Cross,Augas Tranquilas,517,H JUN K1 8000,Final,Final,1471,,117,11,01:03:46.04,,
2015-11-21,2,Galicia,308,Piragua Cross,Augas Tranquilas,517,H JUN K1 8000,Final,Final,1475,,118,12,01:04:20.61,,
2015-11-21,2,Galicia,308,Piragua Cross,Augas Tranquilas,517,H JUN K1 8000,Final,Final,2787,,113,13,01:05:53.51,,
2015-11-21,2,Galicia,308,Piragua Cross,Augas Tranquilas,517,H JUN K1 8000,Final,Final,1856,,120,14,01:07:25.03,,
2015-11-21,2,Galicia,308,Piragua Cross,Augas Tranquilas,517,H JUN K1 8000,Final,Final,978,,114,15,01:08:06.06,,
2015-11-21,2,Galicia,308,Piragua Cross,Augas Tranquilas,517,H JUN K1 8000,Final,Final,2789,,122,16,01:08:51.84,,
2015-11-21,2,Galicia,308,Piragua Cross,Augas Tranquilas,517,H JUN K1 8000,Final,Final,1159,,103,17,01:09:33.14,,
2015-11-21,2,Galicia,308,Piragua Cross,Augas Tranquilas,517,H JUN K1 8000,Final,Final,835,,112,18,01:09:38.27,,
2015-11-21,2,Galicia,308,Piragua Cross,Augas Tranquilas,517,H JUN K1 8000,Final,Final,1008,,101,19,01:11:58.37,,
2015-11-21,2,Galicia,308,Piragua Cross,Augas Tranquilas,517,H JUN K1 8000,Final,Final,1486,,116,20,01:13:39.38,,
2015-11-21,2,Galicia,308,Piragua Cross,Augas Tranquilas,517,H JUN K1 8000,Final,Final,1860,,110,21,01:13:52.34,,
2015-11-21,2,Galicia,308,Piragua Cross,Augas Tranquilas,518,M SEN C1 5000,Final,Final,1645,,390,1,01:12:33.71,,
2015-12-19,2,Galicia,310,CONTROL AMISTOSO 12000 METROS-Comisión Tecnica FGP,Augas Tranquilas,519,H CAD K1 12000,Final,Final,1857,,255,1,00:39:24.32,,
2015-12-19,2,Galicia,310,CONTROL AMISTOSO 12000 METROS-Comisión Tecnica FGP,Augas Tranquilas,519,H CAD K1 12000,Final,Final,1830,,254,2,00:39:28.39,,
2015-12-19,2,Galicia,310,CONTROL AMISTOSO 12000 METROS-Comisión Tecnica FGP,Augas Tranquilas,519,H CAD K1 12000,Final,Final,1538,,221,3,00:39:40.22,,
2015-12-19,2,Galicia,310,CONTROL AMISTOSO 12000 METROS-Comisión Tecnica FGP,Augas Tranquilas,519,H CAD K1 12000,Final,Final,1145,,222,4,00:39:45.96,,
2015-12-19,2,Galicia,310,CONTROL AMISTOSO 12000 METROS-Comisión Tecnica FGP,Augas Tranquilas,519,H CAD K1 12000,Final,Final,817,,216,5,00:40:41.31,,
2015-12-19,2,Galicia,310,CONTROL AMISTOSO 12000 METROS-Comisión Tecnica FGP,Augas Tranquilas,519,H CAD K1 12000,Final,Final,1182,,201,6,00:40:47.36,,
2015-12-19,2,Galicia,310,CONTROL AMISTOSO 12000 METROS-Comisión Tecnica FGP,Augas Tranquilas,519,H CAD K1 12000,Final,Final,2791,,247,7,00:40:48.47,,
2015-12-19,2,Galicia,310,CONTROL AMISTOSO 12000 METROS-Comisión Tecnica FGP,Augas Tranquilas,519,H CAD K1 12000,Final,Final,836,,205,8,00:41:37.22,,
2015-12-19,2,Galicia,310,CONTROL AMISTOSO 12000 METROS-Comisión Tecnica FGP,Augas Tranquilas,519,H CAD K1 12000,Final,Final,3350,,213,9,00:41:42.25,,
2015-12-19,2,Galicia,310,CONTROL AMISTOSO 12000 METROS-Comisión Tecnica FGP,Augas Tranquilas,519,H CAD K1 12000,Final,Final,1833,,239,10,00:41:53.85,,
2015-12-19,2,Galicia,310,CONTROL AMISTOSO 12000 METROS-Comisión Tecnica FGP,Augas Tranquilas,519,H CAD K1 12000,Final,Final,1841,,236,11,00:41:54.54,,
2015-12-19,2,Galicia,310,CONTROL AMISTOSO 12000 METROS-Comisión Tecnica FGP,Augas Tranquilas,519,H CAD K1 12000,Final,Final,2748,,263,12,00:42:02.03,,
2015-12-19,2,Galicia,310,CONTROL AMISTOSO 12000 METROS-Comisión Tecnica FGP,Augas Tranquilas,519,H CAD K1 12000,Final,Final,2725,,231,13,00:42:16.47,,
2015-12-19,2,Galicia,310,CONTROL AMISTOSO 12000 METROS-Comisión Tecnica FGP,Augas Tranquilas,519,H CAD K1 12000,Final,Final,2747,,244,14,00:42:40.49,,
2015-12-19,2,Galicia,310,CONTROL AMISTOSO 12000 METROS-Comisión Tecnica FGP,Augas Tranquilas,519,H CAD K1 12000,Final,Final,1863,,206,15,00:43:00.24,,
2015-12-19,2,Galicia,310,CONTROL AMISTOSO 12000 METROS-Comisión Tecnica FGP,Augas Tranquilas,519,H CAD K1 12000,Final,Final,1153,,250,16,00:43:38.42,,
2015-12-19,2,Galicia,310,CONTROL AMISTOSO 12000 METROS-Comisión Tecnica FGP,Augas Tranquilas,519,H CAD K1 12000,Final,Final,2025,,259,17,00:43:45.01,,
2015-12-19,2,Galicia,310,CONTROL AMISTOSO 12000 METROS-Comisión Tecnica FGP,Augas Tranquilas,519,H CAD K1 12000,Final,Final,2022,,261,18,00:43:50.37,,
2015-12-19,2,Galicia,310,CONTROL AMISTOSO 12000 METROS-Comisión Tecnica FGP,Augas Tranquilas,519,H CAD K1 12000,Final,Final,1147,,251,19,00:44:02.04,,
2015-12-19,2,Galicia,310,CONTROL AMISTOSO 12000 METROS-Comisión Tecnica FGP,Augas Tranquilas,519,H CAD K1 12000,Final,Final,1393,,246,20,00:44:07.49,,
2015-12-19,2,Galicia,310,CONTROL AMISTOSO 12000 METROS-Comisión Tecnica FGP,Augas Tranquilas,519,H CAD K1 12000,Final,Final,2937,,258,21,00:44:16.85,,
2015-12-19,2,Galicia,310,CONTROL AMISTOSO 12000 METROS-Comisión Tecnica FGP,Augas Tranquilas,519,H CAD K1 12000,Final,Final,1862,,211,22,00:44:27.61,,
2015-12-19,2,Galicia,310,CONTROL AMISTOSO 12000 METROS-Comisión Tecnica FGP,Augas Tranquilas,519,H CAD K1 12000,Final,Final,1157,,215,23,00:44:27.88,,
2015-12-19,2,Galicia,310,CONTROL AMISTOSO 12000 METROS-Comisión Tecnica FGP,Augas Tranquilas,519,H CAD K1 12000,Final,Final,2023,,262,24,00:45:06.89,,
2015-12-19,2,Galicia,310,CONTROL AMISTOSO 12000 METROS-Comisión Tecnica FGP,Augas Tranquilas,519,H CAD K1 12000,Final,Final,843,,217,25,00:45:26.13,,
2015-12-19,2,Galicia,310,CONTROL AMISTOSO 12000 METROS-Comisión Tecnica FGP,Augas Tranquilas,519,H CAD K1 12000,Final,Final,3536,,257,26,00:45:26.6,,
2015-12-19,2,Galicia,310,CONTROL AMISTOSO 12000 METROS-Comisión Tecnica FGP,Augas Tranquilas,519,H CAD K1 12000,Final,Final,2046,,237,27,00:46:33.97,,
2015-12-19,2,Galicia,310,CONTROL AMISTOSO 12000 METROS-Comisión Tecnica FGP,Augas Tranquilas,519,H CAD K1 12000,Final,Final,1158,,214,28,00:46:44.96,,
2015-12-19,2,Galicia,310,CONTROL AMISTOSO 12000 METROS-Comisión Tecnica FGP,Augas Tranquilas,519,H CAD K1 12000,Final,Final,2792,,234,29,00:46:49.5,,
2015-12-19,2,Galicia,310,CONTROL AMISTOSO 12000 METROS-Comisión Tecnica FGP,Augas Tranquilas,519,H CAD K1 12000,Final,Final,2760,,245,30,00:46:50.74,,
2015-12-19,2,Galicia,310,CONTROL AMISTOSO 12000 METROS-Comisión Tecnica FGP,Augas Tranquilas,519,H CAD K1 12000,Final,Final,1154,,248,31,00:46:56.02,,
2015-12-19,2,Galicia,310,CONTROL AMISTOSO 12000 METROS-Comisión Tecnica FGP,Augas Tranquilas,519,H CAD K1 12000,Final,Final,1838,,208,32,00:46:56.78,,
2015-12-19,2,Galicia,310,CONTROL AMISTOSO 12000 METROS-Comisión Tecnica FGP,Augas Tranquilas,519,H CAD K1 12000,Final,Final,2793,,212,33,00:46:57.67,,
2015-12-19,2,Galicia,310,CONTROL AMISTOSO 12000 METROS-Comisión Tecnica FGP,Augas Tranquilas,519,H CAD K1 12000,Final,Final,1865,,238,34,00:47:00.87,,
2015-12-19,2,Galicia,310,CONTROL AMISTOSO 12000 METROS-Comisión Tecnica FGP,Augas Tranquilas,519,H CAD K1 12000,Final,Final,2750,,203,35,00:47:03.11,,
2015-12-19,2,Galicia,310,CONTROL AMISTOSO 12000 METROS-Comisión Tecnica FGP,Augas Tranquilas,519,H CAD K1 12000,Final,Final,2032,,253,36,00:47:28.37,,
2015-12-19,2,Galicia,310,CONTROL AMISTOSO 12000 METROS-Comisión Tecnica FGP,Augas Tranquilas,519,H CAD K1 12000,Final,Final,2755,,242,37,00:49:01.98,,
2015-12-19,2,Galicia,310,CONTROL AMISTOSO 12000 METROS-Comisión Tecnica FGP,Augas Tranquilas,519,H CAD K1 12000,Final,Final,2794,,210,38,00:49:06.48,,
2015-12-19,2,Galicia,310,CONTROL AMISTOSO 12000 METROS-Comisión Tecnica FGP,Augas Tranquilas,519,H CAD K1 12000,Final,Final,2795,,225,39,00:49:41.04,,
2015-12-19,2,Galicia,310,CONTROL AMISTOSO 12000 METROS-Comisión Tecnica FGP,Augas Tranquilas,519,H CAD K1 12000,Final,Final,2026,,256,40,00:49:47.32,,
2015-12-19,2,Galicia,310,CONTROL AMISTOSO 12000 METROS-Comisión Tecnica FGP,Augas Tranquilas,519,H CAD K1 12000,Final,Final,2035,,232,41,00:50:14.19,,
2015-12-19,2,Galicia,310,CONTROL AMISTOSO 12000 METROS-Comisión Tecnica FGP,Augas Tranquilas,519,H CAD K1 12000,Final,Final,2796,,220,42,00:50:19.3,,
2015-12-19,2,Galicia,310,CONTROL AMISTOSO 12000 METROS-Comisión Tecnica FGP,Augas Tranquilas,519,H CAD K1 12000,Final,Final,2797,,218,43,00:53:24.08,,
2015-12-19,2,Galicia,310,CONTROL AMISTOSO 12000 METROS-Comisión Tecnica FGP,Augas Tranquilas,519,H CAD K1 12000,Final,Final,2756,,243,44,00:53:46.53,,
2015-12-19,2,Galicia,310,CONTROL AMISTOSO 12000 METROS-Comisión Tecnica FGP,Augas Tranquilas,519,H CAD K1 12000,Final,Final,2798,,219,45,00:55:33.51,,
2015-12-19,2,Galicia,310,CONTROL AMISTOSO 12000 METROS-Comisión Tecnica FGP,Augas Tranquilas,519,H CAD K1 12000,Final,Final,2799,,224,46,00:55:49.98,,
2015-12-19,2,Galicia,310,CONTROL AMISTOSO 12000 METROS-Comisión Tecnica FGP,Augas Tranquilas,519,H CAD K1 12000,Final,Final,2800,,249,47,01:00:18.93,,
2015-12-19,2,Galicia,310,CONTROL AMISTOSO 12000 METROS-Comisión Tecnica FGP,Augas Tranquilas,519,H CAD K1 12000,Final,Final,2040,,200,48,01:02:19.03,,
2015-12-19,2,Galicia,310,CONTROL AMISTOSO 12000 METROS-Comisión Tecnica FGP,Augas Tranquilas,520,M CAD K1 12000,Final,Final,1078,,510,1,00:46:41,,
2015-12-19,2,Galicia,310,CONTROL AMISTOSO 12000 METROS-Comisión Tecnica FGP,Augas Tranquilas,520,M CAD K1 12000,Final,Final,1087,,509,2,00:46:48,,
2015-12-19,2,Galicia,310,CONTROL AMISTOSO 12000 METROS-Comisión Tecnica FGP,Augas Tranquilas,520,M CAD K1 12000,Final,Final,1686,,525,3,00:47:26,,
2015-12-19,2,Galicia,310,CONTROL AMISTOSO 12000 METROS-Comisión Tecnica FGP,Augas Tranquilas,520,M CAD K1 12000,Final,Final,1102,,503,4,00:47:46,,
2015-12-19,2,Galicia,310,CONTROL AMISTOSO 12000 METROS-Comisión Tecnica FGP,Augas Tranquilas,520,M CAD K1 12000,Final,Final,4805,,517,5,00:48:02,,
2015-12-19,2,Galicia,310,CONTROL AMISTOSO 12000 METROS-Comisión Tecnica FGP,Augas Tranquilas,520,M CAD K1 12000,Final,Final,1084,,511,6,00:48:12,,
2015-12-19,2,Galicia,310,CONTROL AMISTOSO 12000 METROS-Comisión Tecnica FGP,Augas Tranquilas,520,M CAD K1 12000,Final,Final,2772,,514,7,00:48:12,,
2015-12-19,2,Galicia,310,CONTROL AMISTOSO 12000 METROS-Comisión Tecnica FGP,Augas Tranquilas,520,M CAD K1 12000,Final,Final,1668,,529,8,00:48:30,,
2015-12-19,2,Galicia,310,CONTROL AMISTOSO 12000 METROS-Comisión Tecnica FGP,Augas Tranquilas,520,M CAD K1 12000,Final,Final,2773,,513,9,00:49:39,,
2015-12-19,2,Galicia,310,CONTROL AMISTOSO 12000 METROS-Comisión Tecnica FGP,Augas Tranquilas,520,M CAD K1 12000,Final,Final,1079,,504,10,00:49:51,,
2015-12-19,2,Galicia,310,CONTROL AMISTOSO 12000 METROS-Comisión Tecnica FGP,Augas Tranquilas,520,M CAD K1 12000,Final,Final,2771,,507,11,00:50:33,,
2015-12-19,2,Galicia,310,CONTROL AMISTOSO 12000 METROS-Comisión Tecnica FGP,Augas Tranquilas,520,M CAD K1 12000,Final,Final,1685,,524,12,00:50:36,,
2015-12-19,2,Galicia,310,CONTROL AMISTOSO 12000 METROS-Comisión Tecnica FGP,Augas Tranquilas,520,M CAD K1 12000,Final,Final,1077,,533,13,00:51:01,,
2015-12-19,2,Galicia,310,CONTROL AMISTOSO 12000 METROS-Comisión Tecnica FGP,Augas Tranquilas,520,M CAD K1 12000,Final,Final,815,,532,14,00:51:26,,
2015-12-19,2,Galicia,310,CONTROL AMISTOSO 12000 METROS-Comisión Tecnica FGP,Augas Tranquilas,520,M CAD K1 12000,Final,Final,1106,,502,15,00:51:52,,
2015-12-19,2,Galicia,310,CONTROL AMISTOSO 12000 METROS-Comisión Tecnica FGP,Augas Tranquilas,520,M CAD K1 12000,Final,Final,1082,,516,16,00:51:53,,
2015-12-19,2,Galicia,310,CONTROL AMISTOSO 12000 METROS-Comisión Tecnica FGP,Augas Tranquilas,520,M CAD K1 12000,Final,Final,1958,,526,17,00:51:58,,
2015-12-19,2,Galicia,310,CONTROL AMISTOSO 12000 METROS-Comisión Tecnica FGP,Augas Tranquilas,520,M CAD K1 12000,Final,Final,2801,,515,18,00:54:04,,
2015-12-19,2,Galicia,310,CONTROL AMISTOSO 12000 METROS-Comisión Tecnica FGP,Augas Tranquilas,520,M CAD K1 12000,Final,Final,1959,,528,19,00:54:56,,
2015-12-19,2,Galicia,310,CONTROL AMISTOSO 12000 METROS-Comisión Tecnica FGP,Augas Tranquilas,520,M CAD K1 12000,Final,Final,1378,,521,20,00:56:20,,
2015-12-19,2,Galicia,310,CONTROL AMISTOSO 12000 METROS-Comisión Tecnica FGP,Augas Tranquilas,520,M CAD K1 12000,Final,Final,5433,,531,21,00:56:39,,
2015-12-19,2,Galicia,310,CONTROL AMISTOSO 12000 METROS-Comisión Tecnica FGP,Augas Tranquilas,520,M CAD K1 12000,Final,Final,1111,,508,22,01:01:20,,
2015-12-19,2,Galicia,310,CONTROL AMISTOSO 12000 METROS-Comisión Tecnica FGP,Augas Tranquilas,520,M CAD K1 12000,Final,Final,2452,,520,23,01:02:43,,
2015-12-19,2,Galicia,310,CONTROL AMISTOSO 12000 METROS-Comisión Tecnica FGP,Augas Tranquilas,520,M CAD K1 12000,Final,Final,2803,,530,24,01:03:07,,
2015-12-19,2,Galicia,310,CONTROL AMISTOSO 12000 METROS-Comisión Tecnica FGP,Augas Tranquilas,520,M CAD K1 12000,Final,Final,2804,,534,25,01:04:49,,
2015-12-19,2,Galicia,310,CONTROL AMISTOSO 12000 METROS-Comisión Tecnica FGP,Augas Tranquilas,521,H CAD C1 12000,Final,Final,1052,,809,1,00:42:53,,
2015-12-19,2,Galicia,310,CONTROL AMISTOSO 12000 METROS-Comisión Tecnica FGP,Augas Tranquilas,521,H CAD C1 12000,Final,Final,17272,,808,2,00:44:22,,
2015-12-19,2,Galicia,310,CONTROL AMISTOSO 12000 METROS-Comisión Tecnica FGP,Augas Tranquilas,521,H CAD C1 12000,Final,Final,2008,,817,3,00:44:59,,
2015-12-19,2,Galicia,310,CONTROL AMISTOSO 12000 METROS-Comisión Tecnica FGP,Augas Tranquilas,521,H CAD C1 12000,Final,Final,1062,,814,4,00:45:48,,
2015-12-19,2,Galicia,310,CONTROL AMISTOSO 12000 METROS-Comisión Tecnica FGP,Augas Tranquilas,521,H CAD C1 12000,Final,Final,1064,,811,5,00:45:50,,
2015-12-19,2,Galicia,310,CONTROL AMISTOSO 12000 METROS-Comisión Tecnica FGP,Augas Tranquilas,521,H CAD C1 12000,Final,Final,1065,,815,6,00:47:09,,
2015-12-19,2,Galicia,310,CONTROL AMISTOSO 12000 METROS-Comisión Tecnica FGP,Augas Tranquilas,521,H CAD C1 12000,Final,Final,1069,,816,7,00:47:20,,
2015-12-19,2,Galicia,310,CONTROL AMISTOSO 12000 METROS-Comisión Tecnica FGP,Augas Tranquilas,521,H CAD C1 12000,Final,Final,1059,,801,8,00:47:29,,
2015-12-19,2,Galicia,310,CONTROL AMISTOSO 12000 METROS-Comisión Tecnica FGP,Augas Tranquilas,521,H CAD C1 12000,Final,Final,1883,,820,9,00:48:46,,
2015-12-19,2,Galicia,310,CONTROL AMISTOSO 12000 METROS-Comisión Tecnica FGP,Augas Tranquilas,521,H CAD C1 12000,Final,Final,2012,,800,10,00:49:13,,
2015-12-19,2,Galicia,310,CONTROL AMISTOSO 12000 METROS-Comisión Tecnica FGP,Augas Tranquilas,521,H CAD C1 12000,Final,Final,1055,,813,11,00:49:56,,
2015-12-19,2,Galicia,310,CONTROL AMISTOSO 12000 METROS-Comisión Tecnica FGP,Augas Tranquilas,521,H CAD C1 12000,Final,Final,2766,,804,12,00:50:59,,
2015-12-19,2,Galicia,310,CONTROL AMISTOSO 12000 METROS-Comisión Tecnica FGP,Augas Tranquilas,521,H CAD C1 12000,Final,Final,2466,,812,13,00:51:39,,
2015-12-19,2,Galicia,310,CONTROL AMISTOSO 12000 METROS-Comisión Tecnica FGP,Augas Tranquilas,521,H CAD C1 12000,Final,Final,2768,,805,14,00:53:09,,
2015-12-19,2,Galicia,310,CONTROL AMISTOSO 12000 METROS-Comisión Tecnica FGP,Augas Tranquilas,521,H CAD C1 12000,Final,Final,2009,,818,15,00:53:29,,
2015-12-19,2,Galicia,310,CONTROL AMISTOSO 12000 METROS-Comisión Tecnica FGP,Augas Tranquilas,521,H CAD C1 12000,Final,Final,2767,,802,16,00:57:03,,
2015-12-19,2,Galicia,310,CONTROL AMISTOSO 12000 METROS-Comisión Tecnica FGP,Augas Tranquilas,522,H SEN K1 12000,Final,Final,2805,,63,1,00:51:13.38,,
2015-12-19,2,Galicia,310,CONTROL AMISTOSO 12000 METROS-Comisión Tecnica FGP,Augas Tranquilas,522,H SEN K1 12000,Final,Final,1715,,12,2,00:51:42.24,,
2015-12-19,2,Galicia,310,CONTROL AMISTOSO 12000 METROS-Comisión Tecnica FGP,Augas Tranquilas,522,H SEN K1 12000,Final,Final,2528,,15,3,00:51:46.68,,
2015-12-19,2,Galicia,310,CONTROL AMISTOSO 12000 METROS-Comisión Tecnica FGP,Augas Tranquilas,522,H SEN K1 12000,Final,Final,1596,,10,4,00:51:47.14,,
2015-12-19,2,Galicia,310,CONTROL AMISTOSO 12000 METROS-Comisión Tecnica FGP,Augas Tranquilas,522,H SEN K1 12000,Final,Final,1595,,13,5,00:52:02.23,,
2015-12-19,2,Galicia,310,CONTROL AMISTOSO 12000 METROS-Comisión Tecnica FGP,Augas Tranquilas,522,H SEN K1 12000,Final,Final,2779,,33,6,00:53:01.11,,
2015-12-19,2,Galicia,310,CONTROL AMISTOSO 12000 METROS-Comisión Tecnica FGP,Augas Tranquilas,522,H SEN K1 12000,Final,Final,3369,,38,7,00:53:08.54,,
2015-12-19,2,Galicia,310,CONTROL AMISTOSO 12000 METROS-Comisión Tecnica FGP,Augas Tranquilas,522,H SEN K1 12000,Final,Final,2527,,14,8,00:53:11.84,,
2015-12-19,2,Galicia,310,CONTROL AMISTOSO 12000 METROS-Comisión Tecnica FGP,Augas Tranquilas,522,H SEN K1 12000,Final,Final,980,,19,9,00:53:13.4,,
2015-12-19,2,Galicia,310,CONTROL AMISTOSO 12000 METROS-Comisión Tecnica FGP,Augas Tranquilas,522,H SEN K1 12000,Final,Final,917,,54,10,00:54:06.83,,
2015-12-19,2,Galicia,310,CONTROL AMISTOSO 12000 METROS-Comisión Tecnica FGP,Augas Tranquilas,522,H SEN K1 12000,Final,Final,2806,,16,11,00:54:39.7,,
2015-12-19,2,Galicia,310,CONTROL AMISTOSO 12000 METROS-Comisión Tecnica FGP,Augas Tranquilas,522,H SEN K1 12000,Final,Final,921,,50,12,00:56:44.63,,
2015-12-19,2,Galicia,310,CONTROL AMISTOSO 12000 METROS-Comisión Tecnica FGP,Augas Tranquilas,522,H SEN K1 12000,Final,Final,991,,48,13,00:56:45.71,,
2015-12-19,2,Galicia,310,CONTROL AMISTOSO 12000 METROS-Comisión Tecnica FGP,Augas Tranquilas,522,H SEN K1 12000,Final,Final,1714,,7,14,00:57:35.83,,
2015-12-19,2,Galicia,310,CONTROL AMISTOSO 12000 METROS-Comisión Tecnica FGP,Augas Tranquilas,522,H SEN K1 12000,Final,Final,1609,,60,15,00:57:43.84,,
2015-12-19,2,Galicia,310,CONTROL AMISTOSO 12000 METROS-Comisión Tecnica FGP,Augas Tranquilas,522,H SEN K1 12000,Final,Final,1721,,35,16,00:57:44.58,,
2015-12-19,2,Galicia,310,CONTROL AMISTOSO 12000 METROS-Comisión Tecnica FGP,Augas Tranquilas,522,H SEN K1 12000,Final,Final,1711,,51,17,00:57:55.57,,
2015-12-19,2,Galicia,310,CONTROL AMISTOSO 12000 METROS-Comisión Tecnica FGP,Augas Tranquilas,522,H SEN K1 12000,Final,Final,1598,,37,18,00:58:10.11,,
2015-12-19,2,Galicia,310,CONTROL AMISTOSO 12000 METROS-Comisión Tecnica FGP,Augas Tranquilas,522,H SEN K1 12000,Final,Final,2807,,64,19,00:58:24.62,,
2015-12-19,2,Galicia,310,CONTROL AMISTOSO 12000 METROS-Comisión Tecnica FGP,Augas Tranquilas,522,H SEN K1 12000,Final,Final,860,,4,20,00:58:26.68,,
2015-12-19,2,Galicia,310,CONTROL AMISTOSO 12000 METROS-Comisión Tecnica FGP,Augas Tranquilas,522,H SEN K1 12000,Final,Final,2780,,58,21,00:59:16.45,,
2015-12-19,2,Galicia,310,CONTROL AMISTOSO 12000 METROS-Comisión Tecnica FGP,Augas Tranquilas,522,H SEN K1 12000,Final,Final,1795,,8,22,00:59:59,,
2015-12-19,2,Galicia,310,CONTROL AMISTOSO 12000 METROS-Comisión Tecnica FGP,Augas Tranquilas,522,H SEN K1 12000,Final,Final,2808,,1,23,01:00:19.86,,
2015-12-19,2,Galicia,310,CONTROL AMISTOSO 12000 METROS-Comisión Tecnica FGP,Augas Tranquilas,522,H SEN K1 12000,Final,Final,2471,,61,24,01:00:26.01,,
2015-12-19,2,Galicia,310,CONTROL AMISTOSO 12000 METROS-Comisión Tecnica FGP,Augas Tranquilas,522,H SEN K1 12000,Final,Final,1612,,3,25,01:00:58.61,,
2015-12-19,2,Galicia,310,CONTROL AMISTOSO 12000 METROS-Comisión Tecnica FGP,Augas Tranquilas,522,H SEN K1 12000,Final,Final,1608,,20,26,01:00:59.02,,
2015-12-19,2,Galicia,310,CONTROL AMISTOSO 12000 METROS-Comisión Tecnica FGP,Augas Tranquilas,522,H SEN K1 12000,Final,Final,2809,,52,27,01:01:01.32,,
2015-12-19,2,Galicia,310,CONTROL AMISTOSO 12000 METROS-Comisión Tecnica FGP,Augas Tranquilas,522,H SEN K1 12000,Final,Final,1622,,59,28,01:01:19.35,,
2015-12-19,2,Galicia,310,CONTROL AMISTOSO 12000 METROS-Comisión Tecnica FGP,Augas Tranquilas,522,H SEN K1 12000,Final,Final,1719,,18,29,01:01:40.35,,
2015-12-19,2,Galicia,310,CONTROL AMISTOSO 12000 METROS-Comisión Tecnica FGP,Augas Tranquilas,522,H SEN K1 12000,Final,Final,1720,,42,30,01:02:17.18,,
2015-12-19,2,Galicia,310,CONTROL AMISTOSO 12000 METROS-Comisión Tecnica FGP,Augas Tranquilas,522,H SEN K1 12000,Final,Final,2810,,41,31,01:02:28.08,,
2015-12-19,2,Galicia,310,CONTROL AMISTOSO 12000 METROS-Comisión Tecnica FGP,Augas Tranquilas,522,H SEN K1 12000,Final,Final,1616,,25,32,01:03:21.59,,
2015-12-19,2,Galicia,310,CONTROL AMISTOSO 12000 METROS-Comisión Tecnica FGP,Augas Tranquilas,522,H SEN K1 12000,Final,Final,999,,22,33,01:04:19.12,,
2015-12-19,2,Galicia,310,CONTROL AMISTOSO 12000 METROS-Comisión Tecnica FGP,Augas Tranquilas,522,H SEN K1 12000,Final,Final,1797,,43,34,01:04:21.11,,
2015-12-19,2,Galicia,310,CONTROL AMISTOSO 12000 METROS-Comisión Tecnica FGP,Augas Tranquilas,522,H SEN K1 12000,Final,Final,2444,,6,35,01:04:30.23,,
2015-12-19,2,Galicia,310,CONTROL AMISTOSO 12000 METROS-Comisión Tecnica FGP,Augas Tranquilas,522,H SEN K1 12000,Final,Final,1716,,1800,36,01:05:16.8,,
2015-12-19,2,Galicia,310,CONTROL AMISTOSO 12000 METROS-Comisión Tecnica FGP,Augas Tranquilas,522,H SEN K1 12000,Final,Final,2706,,23,37,01:05:41.17,,
2015-12-19,2,Galicia,310,CONTROL AMISTOSO 12000 METROS-Comisión Tecnica FGP,Augas Tranquilas,522,H SEN K1 12000,Final,Final,1574,,26,38,01:05:58.5,,
2015-12-19,2,Galicia,310,CONTROL AMISTOSO 12000 METROS-Comisión Tecnica FGP,Augas Tranquilas,522,H SEN K1 12000,Final,Final,988,,24,39,01:07:12.48,,
2015-12-19,2,Galicia,310,CONTROL AMISTOSO 12000 METROS-Comisión Tecnica FGP,Augas Tranquilas,522,H SEN K1 12000,Final,Final,2786,,57,40,01:08:48.54,,
2015-12-19,2,Galicia,310,CONTROL AMISTOSO 12000 METROS-Comisión Tecnica FGP,Augas Tranquilas,522,H SEN K1 12000,Final,Final,2811,,40,41,01:09:22.32,,
2015-12-19,2,Galicia,310,CONTROL AMISTOSO 12000 METROS-Comisión Tecnica FGP,Augas Tranquilas,522,H SEN K1 12000,Final,Final,1631,,31,42,01:09:22.7,,
2015-12-19,2,Galicia,310,CONTROL AMISTOSO 12000 METROS-Comisión Tecnica FGP,Augas Tranquilas,522,H SEN K1 12000,Final,Final,1783,,36,43,01:09:23.33,,
2015-12-19,2,Galicia,310,CONTROL AMISTOSO 12000 METROS-Comisión Tecnica FGP,Augas Tranquilas,522,H SEN K1 12000,Final,Final,2422,,30,44,01:09:36.84,,
2015-12-19,2,Galicia,310,CONTROL AMISTOSO 12000 METROS-Comisión Tecnica FGP,Augas Tranquilas,522,H SEN K1 12000,Final,Final,1003,,49,45,01:13:32.03,,
2015-12-19,2,Galicia,310,CONTROL AMISTOSO 12000 METROS-Comisión Tecnica FGP,Augas Tranquilas,523,H VET K1 12000,Final,Final,985,,902,1,00:54:40.93,,
2015-12-19,2,Galicia,310,CONTROL AMISTOSO 12000 METROS-Comisión Tecnica FGP,Augas Tranquilas,523,H VET K1 12000,Final,Final,1712,,904,2,00:56:40.29,,
2015-12-19,2,Galicia,310,CONTROL AMISTOSO 12000 METROS-Comisión Tecnica FGP,Augas Tranquilas,523,H VET K1 12000,Final,Final,1933,,901,3,00:57:51.18,,
2015-12-19,2,Galicia,310,CONTROL AMISTOSO 12000 METROS-Comisión Tecnica FGP,Augas Tranquilas,523,H VET K1 12000,Final,Final,2775,,910,4,00:59:14.39,,
2015-12-19,2,Galicia,310,CONTROL AMISTOSO 12000 METROS-Comisión Tecnica FGP,Augas Tranquilas,523,H VET K1 12000,Final,Final,2774,,909,5,01:00:22.24,,
2015-12-19,2,Galicia,310,CONTROL AMISTOSO 12000 METROS-Comisión Tecnica FGP,Augas Tranquilas,523,H VET K1 12000,Final,Final,1916,,918,6,01:02:00.17,,
2015-12-19,2,Galicia,310,CONTROL AMISTOSO 12000 METROS-Comisión Tecnica FGP,Augas Tranquilas,523,H VET K1 12000,Final,Final,950,,914,7,01:03:07.63,,
2015-12-19,2,Galicia,310,CONTROL AMISTOSO 12000 METROS-Comisión Tecnica FGP,Augas Tranquilas,523,H VET K1 12000,Final,Final,1893,,907,8,01:03:16.55,,
2015-12-19,2,Galicia,310,CONTROL AMISTOSO 12000 METROS-Comisión Tecnica FGP,Augas Tranquilas,523,H VET K1 12000,Final,Final,1922,,906,9,01:04:43.18,,
2015-12-19,2,Galicia,310,CONTROL AMISTOSO 12000 METROS-Comisión Tecnica FGP,Augas Tranquilas,523,H VET K1 12000,Final,Final,1887,,912,10,01:05:46.69,,
2015-12-19,2,Galicia,310,CONTROL AMISTOSO 12000 METROS-Comisión Tecnica FGP,Augas Tranquilas,523,H VET K1 12000,Final,Final,2812,,922,11,01:06:37.43,,
2015-12-19,2,Galicia,310,CONTROL AMISTOSO 12000 METROS-Comisión Tecnica FGP,Augas Tranquilas,523,H VET K1 12000,Final,Final,2813,,926,12,01:06:51.56,,
2015-12-19,2,Galicia,310,CONTROL AMISTOSO 12000 METROS-Comisión Tecnica FGP,Augas Tranquilas,523,H VET K1 12000,Final,Final,5751,,921,13,01:08:24.36,,
2015-12-19,2,Galicia,310,CONTROL AMISTOSO 12000 METROS-Comisión Tecnica FGP,Augas Tranquilas,523,H VET K1 12000,Final,Final,1016,,900,14,01:11:28.6,,
2015-12-19,2,Galicia,310,CONTROL AMISTOSO 12000 METROS-Comisión Tecnica FGP,Augas Tranquilas,523,H VET K1 12000,Final,Final,2778,,908,15,01:12:05.29,,
2015-12-19,2,Galicia,310,CONTROL AMISTOSO 12000 METROS-Comisión Tecnica FGP,Augas Tranquilas,523,H VET K1 12000,Final,Final,2815,,917,16,01:19:16.17,,
2015-12-19,2,Galicia,310,CONTROL AMISTOSO 12000 METROS-Comisión Tecnica FGP,Augas Tranquilas,524,H JUN K1 12000,Final,Final,834,,130,1,00:59:18,,
2015-12-19,2,Galicia,310,CONTROL AMISTOSO 12000 METROS-Comisión Tecnica FGP,Augas Tranquilas,524,H JUN K1 12000,Final,Final,4811,,137,2,00:59:20,,
2015-12-19,2,Galicia,310,CONTROL AMISTOSO 12000 METROS-Comisión Tecnica FGP,Augas Tranquilas,524,H JUN K1 12000,Final,Final,1789,,116,3,00:59:29,,
2015-12-19,2,Galicia,310,CONTROL AMISTOSO 12000 METROS-Comisión Tecnica FGP,Augas Tranquilas,524,H JUN K1 12000,Final,Final,1787,,124,4,00:59:31,,
2015-12-19,2,Galicia,310,CONTROL AMISTOSO 12000 METROS-Comisión Tecnica FGP,Augas Tranquilas,524,H JUN K1 12000,Final,Final,958,,112,5,01:01:28,,
2015-12-19,2,Galicia,310,CONTROL AMISTOSO 12000 METROS-Comisión Tecnica FGP,Augas Tranquilas,524,H JUN K1 12000,Final,Final,964,,139,6,01:01:31,,
2015-12-19,2,Galicia,310,CONTROL AMISTOSO 12000 METROS-Comisión Tecnica FGP,Augas Tranquilas,524,H JUN K1 12000,Final,Final,2477,,113,7,01:01:37,,
2015-12-19,2,Galicia,310,CONTROL AMISTOSO 12000 METROS-Comisión Tecnica FGP,Augas Tranquilas,524,H JUN K1 12000,Final,Final,835,,131,8,01:02:48,,
2015-12-19,2,Galicia,310,CONTROL AMISTOSO 12000 METROS-Comisión Tecnica FGP,Augas Tranquilas,524,H JUN K1 12000,Final,Final,966,,102,9,01:02:54,,
2015-12-19,2,Galicia,310,CONTROL AMISTOSO 12000 METROS-Comisión Tecnica FGP,Augas Tranquilas,524,H JUN K1 12000,Final,Final,961,,138,10,01:03:05,,
2015-12-19,2,Galicia,310,CONTROL AMISTOSO 12000 METROS-Comisión Tecnica FGP,Augas Tranquilas,524,H JUN K1 12000,Final,Final,3365,,128,11,01:03:35,,
2015-12-19,2,Galicia,310,CONTROL AMISTOSO 12000 METROS-Comisión Tecnica FGP,Augas Tranquilas,524,H JUN K1 12000,Final,Final,1165,,142,12,01:04:35,,
2015-12-19,2,Galicia,310,CONTROL AMISTOSO 12000 METROS-Comisión Tecnica FGP,Augas Tranquilas,524,H JUN K1 12000,Final,Final,1831,,111,13,01:04:52,,
2015-12-19,2,Galicia,310,CONTROL AMISTOSO 12000 METROS-Comisión Tecnica FGP,Augas Tranquilas,524,H JUN K1 12000,Final,Final,838,,109,14,01:06:27,,
2015-12-19,2,Galicia,310,CONTROL AMISTOSO 12000 METROS-Comisión Tecnica FGP,Augas Tranquilas,524,H JUN K1 12000,Final,Final,1009,,104,15,01:07:07,,
2015-12-19,2,Galicia,310,CONTROL AMISTOSO 12000 METROS-Comisión Tecnica FGP,Augas Tranquilas,524,H JUN K1 12000,Final,Final,1148,,141,16,01:07:33,,
2015-12-19,2,Galicia,310,CONTROL AMISTOSO 12000 METROS-Comisión Tecnica FGP,Augas Tranquilas,524,H JUN K1 12000,Final,Final,1796,,110,17,01:09:20,,
2015-12-19,2,Galicia,310,CONTROL AMISTOSO 12000 METROS-Comisión Tecnica FGP,Augas Tranquilas,524,H JUN K1 12000,Final,Final,2816,,126,18,01:09:28,,
2015-12-19,2,Galicia,310,CONTROL AMISTOSO 12000 METROS-Comisión Tecnica FGP,Augas Tranquilas,524,H JUN K1 12000,Final,Final,2817,,121,19,01:10:01,,
2015-12-19,2,Galicia,310,CONTROL AMISTOSO 12000 METROS-Comisión Tecnica FGP,Augas Tranquilas,524,H JUN K1 12000,Final,Final,1856,,144,20,01:10:55,,
2015-12-19,2,Galicia,310,CONTROL AMISTOSO 12000 METROS-Comisión Tecnica FGP,Augas Tranquilas,524,H JUN K1 12000,Final,Final,2818,,100,21,01:11:32,,
2015-12-19,2,Galicia,310,CONTROL AMISTOSO 12000 METROS-Comisión Tecnica FGP,Augas Tranquilas,524,H JUN K1 12000,Final,Final,1175,,143,22,01:11:49,,
2015-12-19,2,Galicia,310,CONTROL AMISTOSO 12000 METROS-Comisión Tecnica FGP,Augas Tranquilas,524,H JUN K1 12000,Final,Final,1861,,123,23,01:11:51,,
2015-12-19,2,Galicia,310,CONTROL AMISTOSO 12000 METROS-Comisión Tecnica FGP,Augas Tranquilas,524,H JUN K1 12000,Final,Final,2789,,145,24,01:13:08,,
2015-12-19,2,Galicia,310,CONTROL AMISTOSO 12000 METROS-Comisión Tecnica FGP,Augas Tranquilas,524,H JUN K1 12000,Final,Final,1155,,120,25,01:13:27,,
2015-12-19,2,Galicia,310,CONTROL AMISTOSO 12000 METROS-Comisión Tecnica FGP,Augas Tranquilas,524,H JUN K1 12000,Final,Final,2819,,129,26,01:14:44,,
2015-12-19,2,Galicia,310,CONTROL AMISTOSO 12000 METROS-Comisión Tecnica FGP,Augas Tranquilas,524,H JUN K1 12000,Final,Final,1162,,117,27,01:15:00,,
2015-12-19,2,Galicia,310,CONTROL AMISTOSO 12000 METROS-Comisión Tecnica FGP,Augas Tranquilas,524,H JUN K1 12000,Final,Final,2787,,133,28,01:17:57,,
2015-12-19,2,Galicia,310,CONTROL AMISTOSO 12000 METROS-Comisión Tecnica FGP,Augas Tranquilas,524,H JUN K1 12000,Final,Final,3366,,127,29,01:18:38,,
2015-12-19,2,Galicia,310,CONTROL AMISTOSO 12000 METROS-Comisión Tecnica FGP,Augas Tranquilas,524,H JUN K1 12000,Final,Final,1860,,122,30,01:18:52,,
2015-12-19,2,Galicia,310,CONTROL AMISTOSO 12000 METROS-Comisión Tecnica FGP,Augas Tranquilas,524,H JUN K1 12000,Final,Final,2442,,119,31,01:21:31,,
2015-12-19,2,Galicia,310,CONTROL AMISTOSO 12000 METROS-Comisión Tecnica FGP,Augas Tranquilas,524,H JUN K1 12000,Final,Final,2821,,114,32,01:41:00,,
2015-12-19,2,Galicia,310,CONTROL AMISTOSO 12000 METROS-Comisión Tecnica FGP,Augas Tranquilas,525,H VET C1 12000,Final,Final,1703,,994,1,01:12:05.75,,
2015-12-19,2,Galicia,310,CONTROL AMISTOSO 12000 METROS-Comisión Tecnica FGP,Augas Tranquilas,525,H VET C1 12000,Final,Final,2822,,991,2,01:15:16.07,,
2015-12-19,2,Galicia,310,CONTROL AMISTOSO 12000 METROS-Comisión Tecnica FGP,Augas Tranquilas,525,H VET C1 12000,Final,Final,1708,,993,3,01:18:29.28,,
2015-12-19,2,Galicia,310,CONTROL AMISTOSO 12000 METROS-Comisión Tecnica FGP,Augas Tranquilas,526,H JUN C1 12000,Final,Final,1872,,702,1,01:05:35.95,,
2015-12-19,2,Galicia,310,CONTROL AMISTOSO 12000 METROS-Comisión Tecnica FGP,Augas Tranquilas,526,H JUN C1 12000,Final,Final,2464,,1801,2,01:05:48.96,,
2015-12-19,2,Galicia,310,CONTROL AMISTOSO 12000 METROS-Comisión Tecnica FGP,Augas Tranquilas,526,H JUN C1 12000,Final,Final,22505,,703,3,01:08:41.43,,
2015-12-19,2,Galicia,310,CONTROL AMISTOSO 12000 METROS-Comisión Tecnica FGP,Augas Tranquilas,526,H JUN C1 12000,Final,Final,1045,,705,4,01:12:04.51,,
2015-12-19,2,Galicia,310,CONTROL AMISTOSO 12000 METROS-Comisión Tecnica FGP,Augas Tranquilas,526,H JUN C1 12000,Final,Final,3633,,708,5,01:13:10.91,,
2015-12-19,2,Galicia,310,CONTROL AMISTOSO 12000 METROS-Comisión Tecnica FGP,Augas Tranquilas,526,H JUN C1 12000,Final,Final,1047,,706,6,01:17:59,,
2015-12-19,2,Galicia,310,CONTROL AMISTOSO 12000 METROS-Comisión Tecnica FGP,Augas Tranquilas,526,H JUN C1 12000,Final,Final,1058,,704,7,01:21:53.67,,
2015-12-19,2,Galicia,310,CONTROL AMISTOSO 12000 METROS-Comisión Tecnica FGP,Augas Tranquilas,526,H JUN C1 12000,Final,Final,1046,,700,8,01:23:27.19,,
2015-12-19,2,Galicia,310,CONTROL AMISTOSO 12000 METROS-Comisión Tecnica FGP,Augas Tranquilas,527,H SEN C1 12000,Final,Final,2457,,605,1,00:59:22.19,,
2015-12-19,2,Galicia,310,CONTROL AMISTOSO 12000 METROS-Comisión Tecnica FGP,Augas Tranquilas,527,H SEN C1 12000,Final,Final,2456,,601,2,01:00:24.69,,
2015-12-19,2,Galicia,310,CONTROL AMISTOSO 12000 METROS-Comisión Tecnica FGP,Augas Tranquilas,527,H SEN C1 12000,Final,Final,2823,,614,3,01:00:27.71,,
2015-12-19,2,Galicia,310,CONTROL AMISTOSO 12000 METROS-Comisión Tecnica FGP,Augas Tranquilas,527,H SEN C1 12000,Final,Final,1762,,611,4,01:01:26.88,,
2015-12-19,2,Galicia,310,CONTROL AMISTOSO 12000 METROS-Comisión Tecnica FGP,Augas Tranquilas,527,H SEN C1 12000,Final,Final,1025,,603,5,01:01:28.58,,
2015-12-19,2,Galicia,310,CONTROL AMISTOSO 12000 METROS-Comisión Tecnica FGP,Augas Tranquilas,527,H SEN C1 12000,Final,Final,2460,,617,6,01:02:24.45,,
2015-12-19,2,Galicia,310,CONTROL AMISTOSO 12000 METROS-Comisión Tecnica FGP,Augas Tranquilas,527,H SEN C1 12000,Final,Final,1761,,612,7,01:02:26.25,,
2015-12-19,2,Galicia,310,CONTROL AMISTOSO 12000 METROS-Comisión Tecnica FGP,Augas Tranquilas,527,H SEN C1 12000,Final,Final,2458,,619,8,01:04:13.99,,
2015-12-19,2,Galicia,310,CONTROL AMISTOSO 12000 METROS-Comisión Tecnica FGP,Augas Tranquilas,527,H SEN C1 12000,Final,Final,1816,,618,9,01:04:32.21,,
2015-12-19,2,Galicia,310,CONTROL AMISTOSO 12000 METROS-Comisión Tecnica FGP,Augas Tranquilas,527,H SEN C1 12000,Final,Final,1823,,610,10,01:05:05.99,,
2015-12-19,2,Galicia,310,CONTROL AMISTOSO 12000 METROS-Comisión Tecnica FGP,Augas Tranquilas,527,H SEN C1 12000,Final,Final,2455,,606,11,01:05:21.94,,
2015-12-19,2,Galicia,310,CONTROL AMISTOSO 12000 METROS-Comisión Tecnica FGP,Augas Tranquilas,527,H SEN C1 12000,Final,Final,1028,,609,12,01:07:32.39,,
2015-12-19,2,Galicia,310,CONTROL AMISTOSO 12000 METROS-Comisión Tecnica FGP,Augas Tranquilas,527,H SEN C1 12000,Final,Final,1824,,615,13,01:07:54.75,,
2015-12-19,2,Galicia,310,CONTROL AMISTOSO 12000 METROS-Comisión Tecnica FGP,Augas Tranquilas,527,H SEN C1 12000,Final,Final,2824,,624,14,01:09:12.34,,
2015-12-19,2,Galicia,310,CONTROL AMISTOSO 12000 METROS-Comisión Tecnica FGP,Augas Tranquilas,527,H SEN C1 12000,Final,Final,1749,,621,15,01:10:14.74,,
2015-12-19,2,Galicia,310,CONTROL AMISTOSO 12000 METROS-Comisión Tecnica FGP,Augas Tranquilas,527,H SEN C1 12000,Final,Final,1765,,608,16,01:10:32.75,,
2015-12-19,2,Galicia,310,CONTROL AMISTOSO 12000 METROS-Comisión Tecnica FGP,Augas Tranquilas,527,H SEN C1 12000,Final,Final,1027,,607,17,01:16:06.1,,
2015-12-19,2,Galicia,310,CONTROL AMISTOSO 12000 METROS-Comisión Tecnica FGP,Augas Tranquilas,527,H SEN C1 12000,Final,Final,2825,,622,18,01:16:46.05,,
2015-12-19,2,Galicia,310,CONTROL AMISTOSO 12000 METROS-Comisión Tecnica FGP,Augas Tranquilas,528,M SEN K1 12000,Final,Final,2826,,304,1,01:00:51,,
2015-12-19,2,Galicia,310,CONTROL AMISTOSO 12000 METROS-Comisión Tecnica FGP,Augas Tranquilas,528,M SEN K1 12000,Final,Final,1135,,302,2,01:01:46,,
2015-12-19,2,Galicia,310,CONTROL AMISTOSO 12000 METROS-Comisión Tecnica FGP,Augas Tranquilas,528,M SEN K1 12000,Final,Final,2469,,301,3,01:02:53,,
2015-12-19,2,Galicia,310,CONTROL AMISTOSO 12000 METROS-Comisión Tecnica FGP,Augas Tranquilas,528,M SEN K1 12000,Final,Final,2827,,315,4,01:02:54,,
2015-12-19,2,Galicia,310,CONTROL AMISTOSO 12000 METROS-Comisión Tecnica FGP,Augas Tranquilas,528,M SEN K1 12000,Final,Final,2828,,314,5,01:04:02,,
2015-12-19,2,Galicia,310,CONTROL AMISTOSO 12000 METROS-Comisión Tecnica FGP,Augas Tranquilas,528,M SEN K1 12000,Final,Final,1632,,308,6,01:04:41,,
2015-12-19,2,Galicia,310,CONTROL AMISTOSO 12000 METROS-Comisión Tecnica FGP,Augas Tranquilas,528,M SEN K1 12000,Final,Final,1137,,318,7,01:06:36,,
2015-12-19,2,Galicia,310,CONTROL AMISTOSO 12000 METROS-Comisión Tecnica FGP,Augas Tranquilas,528,M SEN K1 12000,Final,Final,1633,,310,8,01:07:30,,
2015-12-19,2,Galicia,310,CONTROL AMISTOSO 12000 METROS-Comisión Tecnica FGP,Augas Tranquilas,528,M SEN K1 12000,Final,Final,2769,,300,9,01:08:25,,
2015-12-19,2,Galicia,310,CONTROL AMISTOSO 12000 METROS-Comisión Tecnica FGP,Augas Tranquilas,528,M SEN K1 12000,Final,Final,1652,,309,10,01:10:39,,
2015-12-19,2,Galicia,310,CONTROL AMISTOSO 12000 METROS-Comisión Tecnica FGP,Augas Tranquilas,528,M SEN K1 12000,Final,Final,825,,313,11,01:13:31,,
2015-12-19,2,Galicia,310,CONTROL AMISTOSO 12000 METROS-Comisión Tecnica FGP,Augas Tranquilas,528,M SEN K1 12000,Final,Final,826,,312,12,01:21:02,,
2015-12-19,2,Galicia,310,CONTROL AMISTOSO 12000 METROS-Comisión Tecnica FGP,Augas Tranquilas,529,M JUN K1 12000,Final,Final,1117,,414,1,01:04:36,,
2015-12-19,2,Galicia,310,CONTROL AMISTOSO 12000 METROS-Comisión Tecnica FGP,Augas Tranquilas,529,M JUN K1 12000,Final,Final,1649,,401,2,01:06:14,,
2015-12-19,2,Galicia,310,CONTROL AMISTOSO 12000 METROS-Comisión Tecnica FGP,Augas Tranquilas,529,M JUN K1 12000,Final,Final,1096,,400,3,01:06:20,,
2015-12-19,2,Galicia,310,CONTROL AMISTOSO 12000 METROS-Comisión Tecnica FGP,Augas Tranquilas,529,M JUN K1 12000,Final,Final,855,,413,4,01:08:54,,
2015-12-19,2,Galicia,310,CONTROL AMISTOSO 12000 METROS-Comisión Tecnica FGP,Augas Tranquilas,529,M JUN K1 12000,Final,Final,1095,,416,5,01:09:27,,
2015-12-19,2,Galicia,310,CONTROL AMISTOSO 12000 METROS-Comisión Tecnica FGP,Augas Tranquilas,529,M JUN K1 12000,Final,Final,2770,,506,6,01:10:13,,
2015-12-19,2,Galicia,310,CONTROL AMISTOSO 12000 METROS-Comisión Tecnica FGP,Augas Tranquilas,529,M JUN K1 12000,Final,Final,1085,,403,7,01:10:14,,
2015-12-19,2,Galicia,310,CONTROL AMISTOSO 12000 METROS-Comisión Tecnica FGP,Augas Tranquilas,529,M JUN K1 12000,Final,Final,1119,,415,8,01:11:34,,
2015-12-19,2,Galicia,310,CONTROL AMISTOSO 12000 METROS-Comisión Tecnica FGP,Augas Tranquilas,529,M JUN K1 12000,Final,Final,1094,,402,9,01:15:41,,
2015-12-19,2,Galicia,310,CONTROL AMISTOSO 12000 METROS-Comisión Tecnica FGP,Augas Tranquilas,529,M JUN K1 12000,Final,Final,1103,,407,10,01:16:23,,
2015-12-19,2,Galicia,310,CONTROL AMISTOSO 12000 METROS-Comisión Tecnica FGP,Augas Tranquilas,529,M JUN K1 12000,Final,Final,1688,,410,11,01:22:24,,
2015-12-19,2,Galicia,310,CONTROL AMISTOSO 12000 METROS-Comisión Tecnica FGP,Augas Tranquilas,529,M JUN K1 12000,Final,Final,858,,412,12,01:23:00,,
2015-12-19,2,Galicia,310,CONTROL AMISTOSO 12000 METROS-Comisión Tecnica FGP,Augas Tranquilas,529,M JUN K1 12000,Final,Final,1089,,409,13,01:27:45,,
2015-12-19,2,Galicia,310,CONTROL AMISTOSO 12000 METROS-Comisión Tecnica FGP,Augas Tranquilas,530,M VET K1 12000,Final,Final,3018,,1900,1,01:12:47,,
2015-12-19,2,Galicia,310,CONTROL AMISTOSO 12000 METROS-Comisión Tecnica FGP,Augas Tranquilas,530,M VET K1 12000,Final,Final,1696,,1904,2,01:13:51,,
2015-12-19,2,Galicia,310,CONTROL AMISTOSO 12000 METROS-Comisión Tecnica FGP,Augas Tranquilas,530,M VET K1 12000,Final,Final,1191,,1902,3,01:15:55,,
2015-12-19,2,Galicia,310,CONTROL AMISTOSO 12000 METROS-Comisión Tecnica FGP,Augas Tranquilas,531,M SEN C1 12000,Final,Final,1072,,390,1,00:24:45,,
2015-12-19,2,Galicia,310,CONTROL AMISTOSO 12000 METROS-Comisión Tecnica FGP,Augas Tranquilas,531,M SEN C1 12000,Final,Final,1073,,391,2,00:25:06,,
2015-12-19,2,Galicia,310,CONTROL AMISTOSO 12000 METROS-Comisión Tecnica FGP,Augas Tranquilas,532,M JUN C1 12000,Final,Final,2829,,490,1,00:27:43,,
2015-12-19,2,Galicia,310,CONTROL AMISTOSO 12000 METROS-Comisión Tecnica FGP,Augas Tranquilas,532,M JUN C1 12000,Final,Final,1655,,491,2,00:31:31,,
2015-12-19,2,Galicia,310,CONTROL AMISTOSO 12000 METROS-Comisión Tecnica FGP,Augas Tranquilas,533,M CAD C1 12000,Final,Final,4806,,592,1,00:27:04,,
2015-12-19,2,Galicia,310,CONTROL AMISTOSO 12000 METROS-Comisión Tecnica FGP,Augas Tranquilas,533,M CAD C1 12000,Final,Final,1691,,591,2,00:28:00,,
2015-12-19,2,Galicia,310,CONTROL AMISTOSO 12000 METROS-Comisión Tecnica FGP,Augas Tranquilas,533,M CAD C1 12000,Final,Final,1692,,590,3,00:29:40,,
2015-12-19,2,Galicia,310,CONTROL AMISTOSO 12000 METROS-Comisión Tecnica FGP,Augas Tranquilas,533,M CAD C1 12000,Final,Final,2831,,593,4,00:34:29,,
2015-12-27,2,Galicia,311,Piragua Cross para Infantiles- Comisión Técnica,Augas Tranquilas,534,H INF-A K1 6000,Final,Final,1969,,30,1,00:30:59.63,,
2015-12-27,2,Galicia,311,Piragua Cross para Infantiles- Comisión Técnica,Augas Tranquilas,534,H INF-A K1 6000,Final,Final,1968,,31,2,00:31:16.73,,
2015-12-27,2,Galicia,311,Piragua Cross para Infantiles- Comisión Técnica,Augas Tranquilas,534,H INF-A K1 6000,Final,Final,2034,,35,3,00:31:44.71,,
2015-12-27,2,Galicia,311,Piragua Cross para Infantiles- Comisión Técnica,Augas Tranquilas,534,H INF-A K1 6000,Final,Final,3547,,32,4,00:32:29.46,,
2015-12-27,2,Galicia,311,Piragua Cross para Infantiles- Comisión Técnica,Augas Tranquilas,534,H INF-A K1 6000,Final,Final,2832,,1,5,00:33:07.72,,
2015-12-27,2,Galicia,311,Piragua Cross para Infantiles- Comisión Técnica,Augas Tranquilas,534,H INF-A K1 6000,Final,Final,805,,9,6,00:33:10.27,,
2015-12-27,2,Galicia,311,Piragua Cross para Infantiles- Comisión Técnica,Augas Tranquilas,534,H INF-A K1 6000,Final,Final,2833,,2,7,00:34:15.79,,
2015-12-27,2,Galicia,311,Piragua Cross para Infantiles- Comisión Técnica,Augas Tranquilas,534,H INF-A K1 6000,Final,Final,2834,,12,8,00:34:32.27,,
2015-12-27,2,Galicia,311,Piragua Cross para Infantiles- Comisión Técnica,Augas Tranquilas,534,H INF-A K1 6000,Final,Final,1994,,13,9,00:34:42.26,,
2015-12-27,2,Galicia,311,Piragua Cross para Infantiles- Comisión Técnica,Augas Tranquilas,534,H INF-A K1 6000,Final,Final,1439,,21,10,00:35:02.58,,
2015-12-27,2,Galicia,311,Piragua Cross para Infantiles- Comisión Técnica,Augas Tranquilas,534,H INF-A K1 6000,Final,Final,2835,,17,11,00:35:50.72,,
2015-12-27,2,Galicia,311,Piragua Cross para Infantiles- Comisión Técnica,Augas Tranquilas,534,H INF-A K1 6000,Final,Final,2836,,20,12,00:36:55.2,,
2015-12-27,2,Galicia,311,Piragua Cross para Infantiles- Comisión Técnica,Augas Tranquilas,534,H INF-A K1 6000,Final,Final,2837,,6,13,00:36:59.2,,
2015-12-27,2,Galicia,311,Piragua Cross para Infantiles- Comisión Técnica,Augas Tranquilas,534,H INF-A K1 6000,Final,Final,2838,,3,14,00:37:24.18,,
2015-12-27,2,Galicia,311,Piragua Cross para Infantiles- Comisión Técnica,Augas Tranquilas,534,H INF-A K1 6000,Final,Final,1970,,33,15,00:37:42.04,,
2015-12-27,2,Galicia,311,Piragua Cross para Infantiles- Comisión Técnica,Augas Tranquilas,534,H INF-A K1 6000,Final,Final,2839,,10,16,00:37:46.68,,
2015-12-27,2,Galicia,311,Piragua Cross para Infantiles- Comisión Técnica,Augas Tranquilas,534,H INF-A K1 6000,Final,Final,2840,,11,17,00:37:51.69,,
2015-12-27,2,Galicia,311,Piragua Cross para Infantiles- Comisión Técnica,Augas Tranquilas,534,H INF-A K1 6000,Final,Final,1973,,36,18,00:37:54.9,,
2015-12-27,2,Galicia,311,Piragua Cross para Infantiles- Comisión Técnica,Augas Tranquilas,534,H INF-A K1 6000,Final,Final,2841,,29,19,00:38:34.03,,
2015-12-27,2,Galicia,311,Piragua Cross para Infantiles- Comisión Técnica,Augas Tranquilas,534,H INF-A K1 6000,Final,Final,1978,,15,20,00:39:30.66,,
2015-12-27,2,Galicia,311,Piragua Cross para Infantiles- Comisión Técnica,Augas Tranquilas,534,H INF-A K1 6000,Final,Final,2842,,24,21,00:40:03.08,,
2015-12-27,2,Galicia,311,Piragua Cross para Infantiles- Comisión Técnica,Augas Tranquilas,534,H INF-A K1 6000,Final,Final,1975,,39,22,00:40:24.21,,
2015-12-27,2,Galicia,311,Piragua Cross para Infantiles- Comisión Técnica,Augas Tranquilas,534,H INF-A K1 6000,Final,Final,1972,,37,23,00:41:05.09,,
2015-12-27,2,Galicia,311,Piragua Cross para Infantiles- Comisión Técnica,Augas Tranquilas,534,H INF-A K1 6000,Final,Final,2843,,34,24,00:42:06.32,,
2015-12-27,2,Galicia,311,Piragua Cross para Infantiles- Comisión Técnica,Augas Tranquilas,534,H INF-A K1 6000,Final,Final,1533,,22,25,00:42:53.65,,
2015-12-27,2,Galicia,311,Piragua Cross para Infantiles- Comisión Técnica,Augas Tranquilas,534,H INF-A K1 6000,Final,Final,1974,,38,26,00:44:01.07,,
2015-12-27,2,Galicia,311,Piragua Cross para Infantiles- Comisión Técnica,Augas Tranquilas,534,H INF-A K1 6000,Final,Final,2844,,25,27,00:44:04.48,,
2015-12-27,2,Galicia,311,Piragua Cross para Infantiles- Comisión Técnica,Augas Tranquilas,534,H INF-A K1 6000,Final,Final,2845,,40,28,00:45:03.65,,
2015-12-27,2,Galicia,311,Piragua Cross para Infantiles- Comisión Técnica,Augas Tranquilas,534,H INF-A K1 6000,Final,Final,2846,,23,29,00:45:23.81,,
2015-12-27,2,Galicia,311,Piragua Cross para Infantiles- Comisión Técnica,Augas Tranquilas,534,H INF-A K1 6000,Final,Final,2847,,27,30,00:47:45.63,,
2015-12-27,2,Galicia,311,Piragua Cross para Infantiles- Comisión Técnica,Augas Tranquilas,534,H INF-A K1 6000,Final,Final,2848,,26,31,00:47:53.23,,
2015-12-27,2,Galicia,311,Piragua Cross para Infantiles- Comisión Técnica,Augas Tranquilas,534,H INF-A K1 6000,Final,Final,2849,,19,32,00:51:58.11,,
2015-12-27,2,Galicia,311,Piragua Cross para Infantiles- Comisión Técnica,Augas Tranquilas,535,H INF-A C1 6000,Final,Final,2850,,611,1,00:34:23.11,,
2015-12-27,2,Galicia,311,Piragua Cross para Infantiles- Comisión Técnica,Augas Tranquilas,535,H INF-A C1 6000,Final,Final,4815,,605,2,00:34:39.86,,
2015-12-27,2,Galicia,311,Piragua Cross para Infantiles- Comisión Técnica,Augas Tranquilas,535,H INF-A C1 6000,Final,Final,2001,,614,3,00:34:55.85,,
2015-12-27,2,Galicia,311,Piragua Cross para Infantiles- Comisión Técnica,Augas Tranquilas,535,H INF-A C1 6000,Final,Final,2852,,610,4,00:35:59.82,,
2015-12-27,2,Galicia,311,Piragua Cross para Infantiles- Comisión Técnica,Augas Tranquilas,535,H INF-A C1 6000,Final,Final,2853,,612,5,00:36:23.92,,
2015-12-27,2,Galicia,311,Piragua Cross para Infantiles- Comisión Técnica,Augas Tranquilas,535,H INF-A C1 6000,Final,Final,2854,,608,6,00:36:49.52,,
2015-12-27,2,Galicia,311,Piragua Cross para Infantiles- Comisión Técnica,Augas Tranquilas,535,H INF-A C1 6000,Final,Final,2855,,615,7,00:36:58.72,,
2015-12-27,2,Galicia,311,Piragua Cross para Infantiles- Comisión Técnica,Augas Tranquilas,535,H INF-A C1 6000,Final,Final,2000,,613,8,00:36:59.13,,
2015-12-27,2,Galicia,311,Piragua Cross para Infantiles- Comisión Técnica,Augas Tranquilas,535,H INF-A C1 6000,Final,Final,2015,,607,9,00:38:04.48,,
2015-12-27,2,Galicia,311,Piragua Cross para Infantiles- Comisión Técnica,Augas Tranquilas,535,H INF-A C1 6000,Final,Final,2856,,616,10,00:38:49.76,,
2015-12-27,2,Galicia,311,Piragua Cross para Infantiles- Comisión Técnica,Augas Tranquilas,535,H INF-A C1 6000,Final,Final,2857,,609,11,00:39:47.66,,
2015-12-27,2,Galicia,311,Piragua Cross para Infantiles- Comisión Técnica,Augas Tranquilas,535,H INF-A C1 6000,Final,Final,2005,,600,12,00:40:17.13,,
2015-12-27,2,Galicia,311,Piragua Cross para Infantiles- Comisión Técnica,Augas Tranquilas,535,H INF-A C1 6000,Final,Final,2858,,617,13,00:40:36.52,,
2015-12-27,2,Galicia,311,Piragua Cross para Infantiles- Comisión Técnica,Augas Tranquilas,535,H INF-A C1 6000,Final,Final,1983,,602,14,00:43:28.73,,
2015-12-27,2,Galicia,311,Piragua Cross para Infantiles- Comisión Técnica,Augas Tranquilas,535,H INF-A C1 6000,Final,Final,2859,,603,15,00:44:45.63,,
2015-12-27,2,Galicia,311,Piragua Cross para Infantiles- Comisión Técnica,Augas Tranquilas,535,H INF-A C1 6000,Final,Final,2860,,604,16,00:48:23.84,,
2015-12-27,2,Galicia,311,Piragua Cross para Infantiles- Comisión Técnica,Augas Tranquilas,536,M INF-A K1 6000,Final,Final,1943,,302,1,00:35:48.02,,
2015-12-27,2,Galicia,311,Piragua Cross para Infantiles- Comisión Técnica,Augas Tranquilas,536,M INF-A K1 6000,Final,Final,2861,,319,2,00:36:26.91,,
2015-12-27,2,Galicia,311,Piragua Cross para Infantiles- Comisión Técnica,Augas Tranquilas,536,M INF-A K1 6000,Final,Final,1357,,308,3,00:36:40,,
2015-12-27,2,Galicia,311,Piragua Cross para Infantiles- Comisión Técnica,Augas Tranquilas,536,M INF-A K1 6000,Final,Final,1944,,324,4,00:36:54.8,,
2015-12-27,2,Galicia,311,Piragua Cross para Infantiles- Comisión Técnica,Augas Tranquilas,536,M INF-A K1 6000,Final,Final,2862,,311,5,00:37:38.24,,
2015-12-27,2,Galicia,311,Piragua Cross para Infantiles- Comisión Técnica,Augas Tranquilas,536,M INF-A K1 6000,Final,Final,1531,,316,6,00:37:39.2,,
2015-12-27,2,Galicia,311,Piragua Cross para Infantiles- Comisión Técnica,Augas Tranquilas,536,M INF-A K1 6000,Final,Final,1362,,314,7,00:37:59.44,,
2015-12-27,2,Galicia,311,Piragua Cross para Infantiles- Comisión Técnica,Augas Tranquilas,536,M INF-A K1 6000,Final,Final,2863,,304,8,00:38:01.98,,
2015-12-27,2,Galicia,311,Piragua Cross para Infantiles- Comisión Técnica,Augas Tranquilas,536,M INF-A K1 6000,Final,Final,1946,,326,9,00:39:29.99,,
2015-12-27,2,Galicia,311,Piragua Cross para Infantiles- Comisión Técnica,Augas Tranquilas,536,M INF-A K1 6000,Final,Final,1945,,325,10,00:39:32.74,,
2015-12-27,2,Galicia,311,Piragua Cross para Infantiles- Comisión Técnica,Augas Tranquilas,536,M INF-A K1 6000,Final,Final,1950,,328,11,00:39:54.49,,
2015-12-27,2,Galicia,311,Piragua Cross para Infantiles- Comisión Técnica,Augas Tranquilas,536,M INF-A K1 6000,Final,Final,802,,310,12,00:40:10.09,,
2015-12-27,2,Galicia,311,Piragua Cross para Infantiles- Comisión Técnica,Augas Tranquilas,536,M INF-A K1 6000,Final,Final,2864,,318,13,00:40:13,,
2015-12-27,2,Galicia,311,Piragua Cross para Infantiles- Comisión Técnica,Augas Tranquilas,536,M INF-A K1 6000,Final,Final,1354,,315,14,00:40:30.39,,
2015-12-27,2,Galicia,311,Piragua Cross para Infantiles- Comisión Técnica,Augas Tranquilas,536,M INF-A K1 6000,Final,Final,1356,,317,15,00:40:33.57,,
2015-12-27,2,Galicia,311,Piragua Cross para Infantiles- Comisión Técnica,Augas Tranquilas,536,M INF-A K1 6000,Final,Final,2016,,323,16,00:41:19.71,,
2015-12-27,2,Galicia,311,Piragua Cross para Infantiles- Comisión Técnica,Augas Tranquilas,536,M INF-A K1 6000,Final,Final,2865,,307,17,00:43:50.48,,
2015-12-27,2,Galicia,311,Piragua Cross para Infantiles- Comisión Técnica,Augas Tranquilas,536,M INF-A K1 6000,Final,Final,2866,,312,18,00:44:12.21,,
2015-12-27,2,Galicia,311,Piragua Cross para Infantiles- Comisión Técnica,Augas Tranquilas,536,M INF-A K1 6000,Final,Final,2867,,327,19,00:45:37.13,,
2015-12-27,2,Galicia,311,Piragua Cross para Infantiles- Comisión Técnica,Augas Tranquilas,536,M INF-A K1 6000,Final,Final,1364,,305,20,00:46:47.38,,
2015-12-27,2,Galicia,311,Piragua Cross para Infantiles- Comisión Técnica,Augas Tranquilas,537,H INF-B K1 6000,Final,Final,2868,,119,1,00:32:20.61,,
2015-12-27,2,Galicia,311,Piragua Cross para Infantiles- Comisión Técnica,Augas Tranquilas,537,H INF-B K1 6000,Final,Final,2869,,114,2,00:33:13.06,,
2015-12-27,2,Galicia,311,Piragua Cross para Infantiles- Comisión Técnica,Augas Tranquilas,537,H INF-B K1 6000,Final,Final,2870,,131,3,00:35:11.58,,
2015-12-27,2,Galicia,311,Piragua Cross para Infantiles- Comisión Técnica,Augas Tranquilas,537,H INF-B K1 6000,Final,Final,2871,,115,4,00:36:59.51,,
2015-12-27,2,Galicia,311,Piragua Cross para Infantiles- Comisión Técnica,Augas Tranquilas,537,H INF-B K1 6000,Final,Final,2872,,117,5,00:37:01.24,,
2015-12-27,2,Galicia,311,Piragua Cross para Infantiles- Comisión Técnica,Augas Tranquilas,537,H INF-B K1 6000,Final,Final,2873,,128,6,00:37:02.89,,
2015-12-27,2,Galicia,311,Piragua Cross para Infantiles- Comisión Técnica,Augas Tranquilas,537,H INF-B K1 6000,Final,Final,2874,,112,7,00:37:14.16,,
2015-12-27,2,Galicia,311,Piragua Cross para Infantiles- Comisión Técnica,Augas Tranquilas,537,H INF-B K1 6000,Final,Final,2875,,133,8,00:37:16.05,,
2015-12-27,2,Galicia,311,Piragua Cross para Infantiles- Comisión Técnica,Augas Tranquilas,537,H INF-B K1 6000,Final,Final,2876,,130,9,00:38:35.23,,
2015-12-27,2,Galicia,311,Piragua Cross para Infantiles- Comisión Técnica,Augas Tranquilas,537,H INF-B K1 6000,Final,Final,2877,,107,10,00:39:35.48,,
2015-12-27,2,Galicia,311,Piragua Cross para Infantiles- Comisión Técnica,Augas Tranquilas,537,H INF-B K1 6000,Final,Final,2643,,111,11,00:40:46.89,,
2015-12-27,2,Galicia,311,Piragua Cross para Infantiles- Comisión Técnica,Augas Tranquilas,537,H INF-B K1 6000,Final,Final,2878,,121,12,00:41:13.98,,
2015-12-27,2,Galicia,311,Piragua Cross para Infantiles- Comisión Técnica,Augas Tranquilas,537,H INF-B K1 6000,Final,Final,2879,,123,13,00:41:32.93,,
2015-12-27,2,Galicia,311,Piragua Cross para Infantiles- Comisión Técnica,Augas Tranquilas,537,H INF-B K1 6000,Final,Final,2880,,126,14,00:41:44.83,,
2015-12-27,2,Galicia,311,Piragua Cross para Infantiles- Comisión Técnica,Augas Tranquilas,537,H INF-B K1 6000,Final,Final,2881,,108,15,00:42:20.75,,
2015-12-27,2,Galicia,311,Piragua Cross para Infantiles- Comisión Técnica,Augas Tranquilas,537,H INF-B K1 6000,Final,Final,2882,,127,16,00:42:39.72,,
2015-12-27,2,Galicia,311,Piragua Cross para Infantiles- Comisión Técnica,Augas Tranquilas,537,H INF-B K1 6000,Final,Final,2883,,101,17,00:42:57.36,,
2015-12-27,2,Galicia,311,Piragua Cross para Infantiles- Comisión Técnica,Augas Tranquilas,537,H INF-B K1 6000,Final,Final,2884,,129,18,00:43:01.39,,
2015-12-27,2,Galicia,311,Piragua Cross para Infantiles- Comisión Técnica,Augas Tranquilas,537,H INF-B K1 6000,Final,Final,2885,,110,19,00:43:29.9,,
2015-12-27,2,Galicia,311,Piragua Cross para Infantiles- Comisión Técnica,Augas Tranquilas,537,H INF-B K1 6000,Final,Final,2886,,125,20,00:45:29.52,,
2015-12-27,2,Galicia,311,Piragua Cross para Infantiles- Comisión Técnica,Augas Tranquilas,537,H INF-B K1 6000,Final,Final,2887,,105,21,00:46:44.8,,
2015-12-27,2,Galicia,311,Piragua Cross para Infantiles- Comisión Técnica,Augas Tranquilas,537,H INF-B K1 6000,Final,Final,2888,,113,22,00:47:41.92,,
2015-12-27,2,Galicia,311,Piragua Cross para Infantiles- Comisión Técnica,Augas Tranquilas,537,H INF-B K1 6000,Final,Final,2411,,134,23,00:48:45.07,,
2015-12-27,2,Galicia,311,Piragua Cross para Infantiles- Comisión Técnica,Augas Tranquilas,537,H INF-B K1 6000,Final,Final,2889,,109,24,00:49:34.86,,
2015-12-27,2,Galicia,311,Piragua Cross para Infantiles- Comisión Técnica,Augas Tranquilas,538,H INF-B C1 6000,Final,Final,2656,,500,1,00:40:58.44,,
2015-12-27,2,Galicia,311,Piragua Cross para Infantiles- Comisión Técnica,Augas Tranquilas,538,H INF-B C1 6000,Final,Final,2890,,503,2,00:47:13.49,,
2015-12-27,2,Galicia,311,Piragua Cross para Infantiles- Comisión Técnica,Augas Tranquilas,538,H INF-B C1 6000,Final,Final,2891,,429,3,00:48:03.15,,
2015-12-27,2,Galicia,311,Piragua Cross para Infantiles- Comisión Técnica,Augas Tranquilas,538,H INF-B C1 6000,Final,Final,2409,,501,4,00:50:35.02,,
2015-12-27,2,Galicia,311,Piragua Cross para Infantiles- Comisión Técnica,Augas Tranquilas,539,M INF-B K1 6000,Final,Final,2892,,414,1,00:36:19.78,,
2015-12-27,2,Galicia,311,Piragua Cross para Infantiles- Comisión Técnica,Augas Tranquilas,539,M INF-B K1 6000,Final,Final,2893,,411,2,00:37:08.94,,
2015-12-27,2,Galicia,311,Piragua Cross para Infantiles- Comisión Técnica,Augas Tranquilas,539,M INF-B K1 6000,Final,Final,2894,,424,3,00:37:30.3,,
2015-12-27,2,Galicia,311,Piragua Cross para Infantiles- Comisión Técnica,Augas Tranquilas,539,M INF-B K1 6000,Final,Final,2895,,400,4,00:38:46.06,,
2015-12-27,2,Galicia,311,Piragua Cross para Infantiles- Comisión Técnica,Augas Tranquilas,539,M INF-B K1 6000,Final,Final,2896,,824,5,00:39:10.1,,
2015-12-27,2,Galicia,311,Piragua Cross para Infantiles- Comisión Técnica,Augas Tranquilas,539,M INF-B K1 6000,Final,Final,2897,,403,6,00:40:53.31,,
2015-12-27,2,Galicia,311,Piragua Cross para Infantiles- Comisión Técnica,Augas Tranquilas,539,M INF-B K1 6000,Final,Final,2898,,418,7,00:41:14.62,,
2015-12-27,2,Galicia,311,Piragua Cross para Infantiles- Comisión Técnica,Augas Tranquilas,539,M INF-B K1 6000,Final,Final,2899,,413,8,00:43:05.45,,
2015-12-27,2,Galicia,311,Piragua Cross para Infantiles- Comisión Técnica,Augas Tranquilas,539,M INF-B K1 6000,Final,Final,2900,,415,9,00:43:11.32,,
2015-12-27,2,Galicia,311,Piragua Cross para Infantiles- Comisión Técnica,Augas Tranquilas,539,M INF-B K1 6000,Final,Final,2901,,421,10,00:43:35.1,,
2015-12-27,2,Galicia,311,Piragua Cross para Infantiles- Comisión Técnica,Augas Tranquilas,539,M INF-B K1 6000,Final,Final,2373,,423,11,00:46:09.55,,
2015-12-27,2,Galicia,311,Piragua Cross para Infantiles- Comisión Técnica,Augas Tranquilas,539,M INF-B K1 6000,Final,Final,2627,,416,12,00:46:39.41,,
2015-12-27,2,Galicia,311,Piragua Cross para Infantiles- Comisión Técnica,Augas Tranquilas,539,M INF-B K1 6000,Final,Final,2902,,408,13,00:47:37.31,,
2015-12-27,2,Galicia,311,Piragua Cross para Infantiles- Comisión Técnica,Augas Tranquilas,539,M INF-B K1 6000,Final,Final,2903,,422,14,00:47:51.78,,
2015-12-27,2,Galicia,311,Piragua Cross para Infantiles- Comisión Técnica,Augas Tranquilas,539,M INF-B K1 6000,Final,Final,2904,,420,15,00:50:50.3,,
2015-12-27,2,Galicia,311,Piragua Cross para Infantiles- Comisión Técnica,Augas Tranquilas,540,M INF-A C1 6000,Final,Final,2905,,392,1,00:44:51.23,,
2015-12-27,2,Galicia,311,Piragua Cross para Infantiles- Comisión Técnica,Augas Tranquilas,540,M INF-A C1 6000,Final,Final,2906,,825,2,00:49:07.49,,
2015-12-27,2,Galicia,311,Piragua Cross para Infantiles- Comisión Técnica,Augas Tranquilas,540,M INF-A C1 6000,Final,Final,1947,,393,3,00:51:05.1,,
2015-12-27,2,Galicia,311,Piragua Cross para Infantiles- Comisión Técnica,Augas Tranquilas,540,M INF-A C1 6000,Final,Final,2907,,391,4,00:53:08.94,,
2015-12-27,2,Galicia,311,Piragua Cross para Infantiles- Comisión Técnica,Augas Tranquilas,540,M INF-A C1 6000,Final,Final,2908,,390,5,01:06:07.46,,
2015-12-27,2,Galicia,311,Piragua Cross para Infantiles- Comisión Técnica,Augas Tranquilas,541,M INF-B C1 6000,Final,Final,2909,,493,1,00:48:23.2,,
2015-12-27,2,Galicia,311,Piragua Cross para Infantiles- Comisión Técnica,Augas Tranquilas,541,M INF-B C1 6000,Final,Final,2910,,492,2,01:05:50.29,,
